movie_id,wikipedia_title,wikipedia_url,imdb_id,wikidata_id,match_method
105,Back to the Future,https://en.wikipedia.org/wiki/Back_to_the_Future,tt0088763,Q91540,tmdb
62,2001: A Space Odyssey,https://en.wikipedia.org/wiki/2001:_A_Space_Odyssey,tt0062622,Q103474,tmdb
33,Unforgiven,https://en.wikipedia.org/wiki/Unforgiven,tt0105695,Q104137,tmdb
11,Star Wars (film),https://en.wikipedia.org/wiki/Star_Wars_(film),tt0076759,Q17738,tmdb
15,Citizen Kane,https://en.wikipedia.org/wiki/Citizen_Kane,tt0033467,Q24815,tmdb
68,Brazil (1985 film),https://en.wikipedia.org/wiki/Brazil_(1985_film),tt0088846,Q25057,tmdb
251,Ghost (1990 film),https://en.wikipedia.org/wiki/Ghost_(1990_film),tt0099653,Q49003,tmdb
207,Dead Poets Society,https://en.wikipedia.org/wiki/Dead_Poets_Society,tt0097165,Q106316,tmdb
116,Match Point,https://en.wikipedia.org/wiki/Match_Point,tt0416320,Q733677,tmdb
285,Pirates of the Caribbean: At World's End,https://en.wikipedia.org/wiki/Pirates_of_the_Caribbean:_At_World%27s_End,tt0449088,Q54274,tmdb
289,Casablanca (film),https://en.wikipedia.org/wiki/Casablanca_(film),tt0034583,Q132689,tmdb
12,Finding Nemo,https://en.wikipedia.org/wiki/Finding_Nemo,tt0266543,Q132863,tmdb
241,Natural Born Killers,https://en.wikipedia.org/wiki/Natural_Born_Killers,tt0110632,Q748986,tmdb
150,48 Hrs.,https://en.wikipedia.org/wiki/48_Hrs.,tt0083511,Q844887,tmdb
18,The Fifth Element,https://en.wikipedia.org/wiki/The_Fifth_Element,tt0119116,Q106506,tmdb
153,Lost in Translation,https://en.wikipedia.org/wiki/Lost_in_Translation,tt0335266,Q107270,tmdb
152,Star Trek: The Motion Picture,https://en.wikipedia.org/wiki/Star_Trek:_The_Motion_Picture,tt0079945,Q107940,tmdb
117,The Untouchables (film),https://en.wikipedia.org/wiki/The_Untouchables_(film),tt0094226,Q108525,tmdb
165,Back to the Future Part II,https://en.wikipedia.org/wiki/Back_to_the_Future_Part_II,tt0096874,Q109331,tmdb
14,American Beauty (1999 film),https://en.wikipedia.org/wiki/American_Beauty_(1999_film),tt0169547,Q25139,tmdb
274,The Silence of the Lambs (film),https://en.wikipedia.org/wiki/The_Silence_of_the_Lambs_(film),tt0102926,Q133654,tmdb
13,Forrest Gump,https://en.wikipedia.org/wiki/Forrest_Gump,tt0109830,Q134773,tmdb
19,Metropolis (1927 film),https://en.wikipedia.org/wiki/Metropolis_(1927_film),tt0017136,Q151599,tmdb
232,Rumble Fish,https://en.wikipedia.org/wiki/Rumble_Fish,tt0086216,Q845102,tmdb
25,Jarhead (film),https://en.wikipedia.org/wiki/Jarhead_(film),tt0418763,Q848785,tmdb
229,Bride of Frankenstein,https://en.wikipedia.org/wiki/Bride_of_Frankenstein,tt0026138,Q875904,tmdb
108,Three Colours: Blue,https://en.wikipedia.org/wiki/Three_Colours:_Blue,tt0108394,Q932814,tmdb
109,Three Colours: White,https://en.wikipedia.org/wiki/Three_Colours:_White,tt0111507,Q933437,tmdb
70,Million Dollar Baby,https://en.wikipedia.org/wiki/Million_Dollar_Baby,tt0405159,Q184255,tmdb
240,The Godfather Part II,https://en.wikipedia.org/wiki/The_Godfather_Part_II,tt0071562,Q184768,tmdb
78,Blade Runner,https://en.wikipedia.org/wiki/Blade_Runner,tt0083658,Q184843,tmdb
89,Indiana Jones and the Last Crusade,https://en.wikipedia.org/wiki/Indiana_Jones_and_the_Last_Crusade,tt0097576,Q185658,tmdb
268,Batman (1989 film),https://en.wikipedia.org/wiki/Batman_(1989_film),tt0096895,Q116852,tmdb
120,The Lord of the Rings: The Fellowship of the Ring,https://en.wikipedia.org/wiki/The_Lord_of_the_Rings:_The_Fellowship_of_the_Ring,tt0120737,Q127367,tmdb
98,Gladiator (2000 film),https://en.wikipedia.org/wiki/Gladiator_(2000_film),tt0172495,Q128518,tmdb
122,The Lord of the Rings: The Return of the King,https://en.wikipedia.org/wiki/The_Lord_of_the_Rings:_The_Return_of_the_King,tt0167260,Q131074,tmdb
253,Live and Let Die (film),https://en.wikipedia.org/wiki/Live_and_Let_Die_(film),tt0070328,Q27204,tmdb
22,Pirates of the Caribbean: The Curse of the Black Pearl,https://en.wikipedia.org/wiki/Pirates_of_the_Caribbean:_The_Curse_of_the_Black_Pearl,tt0325980,Q46717,tmdb
111,Scarface (1983 film),https://en.wikipedia.org/wiki/Scarface_(1983_film),tt0086250,Q47075,tmdb
103,Taxi Driver,https://en.wikipedia.org/wiki/Taxi_Driver,tt0075314,Q47221,tmdb
238,The Godfather,https://en.wikipedia.org/wiki/The_Godfather,tt0068646,Q47703,tmdb
115,The Big Lebowski,https://en.wikipedia.org/wiki/The_Big_Lebowski,tt0118715,Q337078,tmdb
69,Walk the Line,https://en.wikipedia.org/wiki/Walk_the_Line,tt0358273,Q154077,tmdb
129,Spirited Away,https://en.wikipedia.org/wiki/Spirited_Away,tt0245429,Q155653,tmdb
254,King Kong (2005 film),https://en.wikipedia.org/wiki/King_Kong_(2005_film),tt0360717,Q160215,tmdb
142,Brokeback Mountain,https://en.wikipedia.org/wiki/Brokeback_Mountain,tt0388795,Q160618,tmdb
58,Pirates of the Caribbean: Dead Man's Chest,https://en.wikipedia.org/wiki/Pirates_of_the_Caribbean:_Dead_Man%27s_Chest,tt0383574,Q161087,tmdb
218,The Terminator,https://en.wikipedia.org/wiki/The_Terminator,tt0088247,Q162255,tmdb
197,Braveheart,https://en.wikipedia.org/wiki/Braveheart,tt0112573,Q162729,tmdb
155,The Dark Knight,https://en.wikipedia.org/wiki/The_Dark_Knight,tt0468569,Q163872,tmdb
252,Willy Wonka & the Chocolate Factory,https://en.wikipedia.org/wiki/Willy_Wonka_%26_the_Chocolate_Factory,tt0067992,Q936327,tmdb
227,The Outsiders (film),https://en.wikipedia.org/wiki/The_Outsiders_(film),tt0086066,Q1055332,tmdb
243,High Fidelity (film),https://en.wikipedia.org/wiki/High_Fidelity_(film),tt0146882,Q1473804,tmdb
189,Sin City: A Dame to Kill For,https://en.wikipedia.org/wiki/Sin_City:_A_Dame_to_Kill_For,tt0458481,Q1653396,tmdb
149,Akira (1988 film),https://en.wikipedia.org/wiki/Akira_(1988_film),tt0094625,Q1905968,tmdb
28,Apocalypse Now,https://en.wikipedia.org/wiki/Apocalypse_Now,tt0078788,Q182692,tmdb
81,Nausicaä of the Valley of the Wind (film),https://en.wikipedia.org/wiki/Nausica%C3%A4_of_the_Valley_of_the_Wind_(film),tt0087544,Q8885676,tmdb
277,Underworld (2003 film),https://en.wikipedia.org/wiki/Underworld_(2003_film),tt0320691,Q164804,tmdb
121,The Lord of the Rings: The Two Towers,https://en.wikipedia.org/wiki/The_Lord_of_the_Rings:_The_Two_Towers,tt0167261,Q164963,tmdb
24,Kill Bill: Volume 1,https://en.wikipedia.org/wiki/Kill_Bill:_Volume_1,tt0266697,Q165325,tmdb
272,Batman Begins,https://en.wikipedia.org/wiki/Batman_Begins,tt0372784,Q166262,tmdb
280,Terminator 2: Judgment Day,https://en.wikipedia.org/wiki/Terminator_2:_Judgment_Day,tt0103064,Q170564,tmdb
278,The Shawshank Redemption,https://en.wikipedia.org/wiki/The_Shawshank_Redemption,tt0111161,Q172241,tmdb
85,Raiders of the Lost Ark,https://en.wikipedia.org/wiki/Raiders_of_the_Lost_Ark,tt0082971,Q174284,tmdb
63,12 Monkeys,https://en.wikipedia.org/wiki/12_Monkeys,tt0114746,Q175038,tmdb
87,Indiana Jones and the Temple of Doom,https://en.wikipedia.org/wiki/Indiana_Jones_and_the_Temple_of_Doom,tt0087469,Q179215,tmdb
185,A Clockwork Orange (film),https://en.wikipedia.org/wiki/A_Clockwork_Orange_(film),tt0066921,Q181086,tmdb
35,The Simpsons Movie,https://en.wikipedia.org/wiki/The_Simpsons_Movie,tt0462538,Q182254,tmdb
217,Indiana Jones and the Kingdom of the Crystal Skull,https://en.wikipedia.org/wiki/Indiana_Jones_and_the_Kingdom_of_the_Crystal_Skull,tt0367882,Q182373,tmdb
170,28 Days Later,https://en.wikipedia.org/wiki/28_Days_Later,tt0289043,Q221075,tmdb
199,Star Trek: First Contact,https://en.wikipedia.org/wiki/Star_Trek:_First_Contact,tt0117731,Q221236,tmdb
275,Fargo (1996 film),https://en.wikipedia.org/wiki/Fargo_(1996_film),tt0116282,Q222720,tmdb
213,North by Northwest,https://en.wikipedia.org/wiki/North_by_Northwest,tt0053125,Q223139,tmdb
196,Back to the Future Part III,https://en.wikipedia.org/wiki/Back_to_the_Future_Part_III,tt0099088,Q230552,tmdb
180,Minority Report,https://en.wikipedia.org/wiki/Minority_Report,tt0181689,Q244604,tmdb
288,High Noon,https://en.wikipedia.org/wiki/High_Noon,tt0044706,Q245208,tmdb
88,Dirty Dancing,https://en.wikipedia.org/wiki/Dirty_Dancing,tt0092890,Q253978,tmdb
79,Hero (2002 film),https://en.wikipedia.org/wiki/Hero_(2002_film),tt0299977,Q260379,tmdb
215,Saw II,https://en.wikipedia.org/wiki/Saw_II,tt0432348,Q270410,tmdb
284,The Apartment,https://en.wikipedia.org/wiki/The_Apartment,tt0053604,Q270510,tmdb
75,Mars Attacks!,https://en.wikipedia.org/wiki/Mars_Attacks!,tt0116996,Q271690,tmdb
146,"Crouching Tiger, Hidden Dragon","https://en.wikipedia.org/wiki/Crouching_Tiger,_Hidden_Dragon",tt0190332,Q273978,tmdb
214,Saw III,https://en.wikipedia.org/wiki/Saw_III,tt0489270,Q276392,tmdb
138,Dracula (1931 English-language film),https://en.wikipedia.org/wiki/Dracula_(1931_English-language_film),tt0021814,Q279378,tmdb
244,King Kong (1933 film),https://en.wikipedia.org/wiki/King_Kong_(1933_film),tt0024216,Q309048,tmdb
67,Paradise Now,https://en.wikipedia.org/wiki/Paradise_Now,tt0445620,Q309459,tmdb
167,K-PAX,https://en.wikipedia.org/wiki/K-PAX,tt0272152,Q315664,tmdb
107,Snatch (film),https://en.wikipedia.org/wiki/Snatch_(film),tt0208092,Q335160,tmdb
128,Princess Mononoke,https://en.wikipedia.org/wiki/Princess_Mononoke,tt0119698,Q186572,tmdb
239,Some Like It Hot,https://en.wikipedia.org/wiki/Some_Like_It_Hot,tt0053291,Q190086,tmdb
77,Memento (film),https://en.wikipedia.org/wiki/Memento_(film),tt0209144,Q190525,tmdb
279,Amadeus (film),https://en.wikipedia.org/wiki/Amadeus_(film),tt0086879,Q190956,tmdb
187,Sin City (film),https://en.wikipedia.org/wiki/Sin_City_(film),tt0401792,Q192115,tmdb
164,Breakfast at Tiffany's (film),https://en.wikipedia.org/wiki/Breakfast_at_Tiffany%27s_(film),tt0054698,Q193066,tmdb
65,8 Mile (film),https://en.wikipedia.org/wiki/8_Mile_(film),tt0298203,Q196665,tmdb
106,Predator (film),https://en.wikipedia.org/wiki/Predator_(film),tt0093773,Q200804,tmdb
74,War of the Worlds (2005 film),https://en.wikipedia.org/wiki/War_of_the_Worlds_(2005_film),tt0407304,Q202028,tmdb
161,Ocean's Eleven,https://en.wikipedia.org/wiki/Ocean%27s_Eleven,tt0240772,Q205447,tmdb
114,Pretty Woman,https://en.wikipedia.org/wiki/Pretty_Woman,tt0100405,Q207954,tmdb
38,Eternal Sunshine of the Spotless Mind,https://en.wikipedia.org/wiki/Eternal_Sunshine_of_the_Spotless_Mind,tt0338013,Q208269,tmdb
95,Armageddon (1998 film),https://en.wikipedia.org/wiki/Armageddon_(1998_film),tt0120591,Q208344,tmdb
73,American History X,https://en.wikipedia.org/wiki/American_History_X,tt0120586,Q208572,tmdb
162,Edward Scissorhands,https://en.wikipedia.org/wiki/Edward_Scissorhands,tt0099487,Q217182,tmdb
118,Charlie and the Chocolate Factory (film),https://en.wikipedia.org/wiki/Charlie_and_the_Chocolate_Factory_(film),tt0367594,Q218235,tmdb
2,Ariel (1988 film),https://en.wikipedia.org/wiki/Ariel_(1988_film),tt0094675,Q658627,tmdb
76,Before Sunrise,https://en.wikipedia.org/wiki/Before_Sunrise,tt0112471,Q659609,tmdb
186,Lucky Number Slevin,https://en.wikipedia.org/wiki/Lucky_Number_Slevin,tt0425210,Q684470,tmdb
231,Syriana,https://en.wikipedia.org/wiki/Syriana,tt0365737,Q687040,tmdb
169,Predator 2,https://en.wikipedia.org/wiki/Predator_2,tt0100403,Q720357,tmdb
90,Beverly Hills Cop,https://en.wikipedia.org/wiki/Beverly_Hills_Cop,tt0086960,Q722267,tmdb
141,Donnie Darko,https://en.wikipedia.org/wiki/Donnie_Darko,tt0246578,Q426828,tmdb
184,Jackie Brown,https://en.wikipedia.org/wiki/Jackie_Brown,tt0119396,Q431252,tmdb
154,Star Trek II: The Wrath of Khan,https://en.wikipedia.org/wiki/Star_Trek_II:_The_Wrath_of_Khan,tt0084726,Q465478,tmdb
168,Star Trek IV: The Voyage Home,https://en.wikipedia.org/wiki/Star_Trek_IV:_The_Voyage_Home,tt0092007,Q471842,tmdb
55,Amores perros,https://en.wikipedia.org/wiki/Amores_perros,tt0245712,Q474098,tmdb
194,Amélie,https://en.wikipedia.org/wiki/Am%C3%A9lie,tt0211915,Q484048,tmdb
101,Léon: The Professional,https://en.wikipedia.org/wiki/L%C3%A9on:_The_Professional,tt0110413,Q484675,tmdb
176,Saw (film),https://en.wikipedia.org/wiki/Saw_(film),tt0387564,Q486239,tmdb
93,Anatomy of a Murder,https://en.wikipedia.org/wiki/Anatomy_of_a_Murder,tt0052561,Q488376,tmdb
137,Groundhog Day (film),https://en.wikipedia.org/wiki/Groundhog_Day_(film),tt0107048,Q488655,tmdb
235,Stand by Me (film),https://en.wikipedia.org/wiki/Stand_by_Me_(film),tt0092005,Q494722,tmdb
134,"O Brother, Where Art Thou?","https://en.wikipedia.org/wiki/O_Brother,_Where_Art_Thou%3F",tt0190590,Q501874,tmdb
163,Ocean's Twelve,https://en.wikipedia.org/wiki/Ocean%27s_Twelve,tt0349903,Q504053,tmdb
96,Beverly Hills Cop II,https://en.wikipedia.org/wiki/Beverly_Hills_Cop_II,tt0092644,Q525860,tmdb
97,Tron,https://en.wikipedia.org/wiki/Tron,tt0084827,Q626483,tmdb
389,12 Angry Men,https://en.wikipedia.org/wiki/12_Angry_Men,tt0050083,Q2345,tmdb
601,E.T. the Extra-Terrestrial,https://en.wikipedia.org/wiki/E.T._the_Extra-Terrestrial,tt0083866,Q11621,tmdb
500,Reservoir Dogs,https://en.wikipedia.org/wiki/Reservoir_Dogs,tt0105236,Q72962,tmdb
391,A Fistful of Dollars,https://en.wikipedia.org/wiki/A_Fistful_of_Dollars,tt0058461,Q76479,tmdb
348,Alien (film),https://en.wikipedia.org/wiki/Alien_(film),tt0078748,Q103569,tmdb
602,Independence Day (1996 film),https://en.wikipedia.org/wiki/Independence_Day_(1996_film),tt0116629,Q105387,tmdb
388,Inside Man,https://en.wikipedia.org/wiki/Inside_Man,tt0454848,Q81224,tmdb
603,The Matrix,https://en.wikipedia.org/wiki/The_Matrix,tt0133093,Q83495,tmdb
408,Snow White and the Seven Dwarfs (film),https://en.wikipedia.org/wiki/Snow_White_and_the_Seven_Dwarfs_(film),tt0029583,Q134430,tmdb
395,Alien vs. Predator (film),https://en.wikipedia.org/wiki/Alien_vs._Predator_(film),tt0370263,Q155163,tmdb
608,Men in Black II,https://en.wikipedia.org/wiki/Men_in_Black_II,tt0120912,Q156597,tmdb
591,The Da Vinci Code (film),https://en.wikipedia.org/wiki/The_Da_Vinci_Code_(film),tt0382625,Q160560,tmdb
393,Kill Bill: Volume 2,https://en.wikipedia.org/wiki/Kill_Bill:_Volume_2,tt0378194,Q928019,tmdb
301,Rio Bravo (film),https://en.wikipedia.org/wiki/Rio_Bravo_(film),tt0053221,Q1008351,tmdb
319,True Romance,https://en.wikipedia.org/wiki/True_Romance,tt0108399,Q1127709,tmdb
617,Wild Things (film),https://en.wikipedia.org/wiki/Wild_Things_(film),tt0120890,Q1133610,tmdb
321,Mambo Italiano (film),https://en.wikipedia.org/wiki/Mambo_Italiano_(film),tt0330602,Q1231314,tmdb
476,Drugstore Cowboy,https://en.wikipedia.org/wiki/Drugstore_Cowboy,tt0097240,Q1261193,tmdb
539,Psycho (1960 film),https://en.wikipedia.org/wiki/Psycho_(1960_film),tt0054215,Q163038,tmdb
453,A Beautiful Mind,https://en.wikipedia.org/wiki/A_Beautiful_Mind,tt0268978,Q164103,tmdb
329,Jurassic Park,https://en.wikipedia.org/wiki/Jurassic_Park,tt0107290,Q167726,tmdb
335,Once Upon a Time in the West,https://en.wikipedia.org/wiki/Once_Upon_a_Time_in_the_West,tt0064116,Q168154,tmdb
510,One Flew Over the Cuckoo's Nest (film),https://en.wikipedia.org/wiki/One_Flew_Over_the_Cuckoo%27s_Nest_(film),tt0073486,Q171669,tmdb
302,Swimming Pool (2003 film),https://en.wikipedia.org/wiki/Swimming_Pool_(2003_film),tt0324133,Q1500112,tmdb
296,Terminator 3: Rise of the Machines,https://en.wikipedia.org/wiki/Terminator_3:_Rise_of_the_Machines,tt0181852,Q29054009,tmdb
402,Basic Instinct,https://en.wikipedia.org/wiki/Basic_Instinct,tt0103772,Q146673,tmdb
423,The Pianist (2002 film),https://en.wikipedia.org/wiki/The_Pianist_(2002_film),tt0253474,Q150804,tmdb
612,Munich (2005 film),https://en.wikipedia.org/wiki/Munich_(2005_film),tt0408306,Q152456,tmdb
613,Downfall (2004 film),https://en.wikipedia.org/wiki/Downfall_(2004_film),tt0363163,Q152857,tmdb
582,The Lives of Others,https://en.wikipedia.org/wiki/The_Lives_of_Others,tt0405094,Q153882,tmdb
540,D.E.B.S. (2004 film),https://en.wikipedia.org/wiki/D.E.B.S._(2004_film),tt0367631,Q758734,tmdb
503,Poseidon (film),https://en.wikipedia.org/wiki/Poseidon_(film),tt0409182,Q906633,tmdb
479,Shaft (2000 film),https://en.wikipedia.org/wiki/Shaft_(2000_film),tt0162650,Q917312,tmdb
597,Titanic (1997 film),https://en.wikipedia.org/wiki/Titanic_(1997_film),tt0120338,Q44578,tmdb
607,Men in Black (1997 film),https://en.wikipedia.org/wiki/Men_in_Black_(1997_film),tt0119654,Q51416,tmdb
615,The Passion of the Christ,https://en.wikipedia.org/wiki/The_Passion_of_the_Christ,tt0335345,Q51668,tmdb
409,The English Patient (film),https://en.wikipedia.org/wiki/The_English_Patient_(film),tt0116209,Q63026,tmdb
562,Die Hard,https://en.wikipedia.org/wiki/Die_Hard,tt0095016,Q105598,tmdb
568,Apollo 13 (film),https://en.wikipedia.org/wiki/Apollo_13_(film),tt0112384,Q106428,tmdb
620,Ghostbusters,https://en.wikipedia.org/wiki/Ghostbusters,tt0087332,Q108745,tmdb
627,Trainspotting (film),https://en.wikipedia.org/wiki/Trainspotting_(film),tt0117951,Q109135,tmdb
525,The Blues Brothers (film),https://en.wikipedia.org/wiki/The_Blues_Brothers_(film),tt0080455,Q109767,tmdb
571,The Birds (film),https://en.wikipedia.org/wiki/The_Birds_(film),tt0056869,Q110043,tmdb
629,The Usual Suspects,https://en.wikipedia.org/wiki/The_Usual_Suspects,tt0114814,Q132351,tmdb
435,The Day After Tomorrow,https://en.wikipedia.org/wiki/The_Day_After_Tomorrow,tt0319262,Q14320,tmdb
439,La Dolce Vita,https://en.wikipedia.org/wiki/La_Dolce_Vita,tt0053779,Q18407,tmdb
637,Life Is Beautiful,https://en.wikipedia.org/wiki/Life_Is_Beautiful,tt0118799,Q19355,tmdb
622,The Ninth Gate,https://en.wikipedia.org/wiki/The_Ninth_Gate,tt0142688,Q19405,tmdb
581,Dances With Wolves,https://en.wikipedia.org/wiki/Dances_With_Wolves,tt0099348,Q20456,tmdb
583,Monty Python's Life of Brian,https://en.wikipedia.org/wiki/Monty_Python%27s_Life_of_Brian,tt0079470,Q24953,tmdb
567,Rear Window,https://en.wikipedia.org/wiki/Rear_Window,tt0047396,Q34414,tmdb
429,"The Good, the Bad and the Ugly","https://en.wikipedia.org/wiki/The_Good,_the_Bad_and_the_Ugly",tt0060196,Q41483,tmdb
440,Aliens vs. Predator: Requiem,https://en.wikipedia.org/wiki/Aliens_vs._Predator:_Requiem,tt0758730,Q650076,tmdb
306,Beverly Hills Cop III,https://en.wikipedia.org/wiki/Beverly_Hills_Cop_III,tt0109254,Q654736,tmdb
378,Raising Arizona,https://en.wikipedia.org/wiki/Raising_Arizona,tt0093822,Q670439,tmdb
297,Meet Joe Black,https://en.wikipedia.org/wiki/Meet_Joe_Black,tt0119643,Q676513,tmdb
512,Scoop (2006 film),https://en.wikipedia.org/wiki/Scoop_(2006_film),tt0457513,Q682002,tmdb
465,36 Fillette,https://en.wikipedia.org/wiki/36_Fillette,tt0094596,Q176660,tmdb
544,There's Something About Mary,https://en.wikipedia.org/wiki/There%27s_Something_About_Mary,tt0129387,Q177374,tmdb
595,To Kill a Mockingbird (film),https://en.wikipedia.org/wiki/To_Kill_a_Mockingbird_(film),tt0056592,Q177922,tmdb
559,Spider-Man 3,https://en.wikipedia.org/wiki/Spider-Man_3,tt0413300,Q182212,tmdb
585,"Monsters, Inc.","https://en.wikipedia.org/wiki/Monsters,_Inc.",tt0198781,Q187726,tmdb
380,Rain Man,https://en.wikipedia.org/wiki/Rain_Man,tt0095953,Q188845,tmdb
364,Batman Returns,https://en.wikipedia.org/wiki/Batman_Returns,tt0103776,Q189054,tmdb
578,Jaws (film),https://en.wikipedia.org/wiki/Jaws_(film),tt0073195,Q189505,tmdb
346,Seven Samurai,https://en.wikipedia.org/wiki/Seven_Samurai,tt0047478,Q189540,tmdb
550,Fight Club,https://en.wikipedia.org/wiki/Fight_Club,tt0137523,Q190050,tmdb
558,Spider-Man 2,https://en.wikipedia.org/wiki/Spider-Man_2,tt0316654,Q190145,tmdb
508,Love Actually,https://en.wikipedia.org/wiki/Love_Actually,tt0314331,Q190588,tmdb
534,Terminator Salvation,https://en.wikipedia.org/wiki/Terminator_Salvation,tt0438488,Q191543,tmdb
599,Sunset Boulevard (film),https://en.wikipedia.org/wiki/Sunset_Boulevard_(film),tt0043014,Q193570,tmdb
630,The Wizard of Oz,https://en.wikipedia.org/wiki/The_Wizard_of_Oz,tt0032138,Q193695,tmdb
509,Notting Hill (film),https://en.wikipedia.org/wiki/Notting_Hill_(film),tt0125439,Q200672,tmdb
457,Sissi (film),https://en.wikipedia.org/wiki/Sissi_(film),tt0048624,Q697501,tmdb
523,Requiem (2006 film),https://en.wikipedia.org/wiki/Requiem_(2006_film),tt0454931,Q699500,tmdb
342,Summer Storm (2004 film),https://en.wikipedia.org/wiki/Summer_Storm_(2004_film),tt0420206,Q702374,tmdb
619,The Bodyguard (1992 film),https://en.wikipedia.org/wiki/The_Bodyguard_(1992_film),tt0103855,Q725946,tmdb
483,Wild at Heart (film),https://en.wikipedia.org/wiki/Wild_at_Heart_(film),tt0100935,Q751382,tmdb
634,Bridget Jones's Diary,https://en.wikipedia.org/wiki/Bridget_Jones%27s_Diary,tt0243155,Q752313,tmdb
414,Batman Forever,https://en.wikipedia.org/wiki/Batman_Forever,tt0112462,Q221345,tmdb
322,Mystic River (film),https://en.wikipedia.org/wiki/Mystic_River_(film),tt0327056,Q221586,tmdb
350,The Devil Wears Prada (film),https://en.wikipedia.org/wiki/The_Devil_Wears_Prada_(film),tt0458352,Q223316,tmdb
600,Full Metal Jacket,https://en.wikipedia.org/wiki/Full_Metal_Jacket,tt0093058,Q243439,tmdb
621,Grease (film),https://en.wikipedia.org/wiki/Grease_(film),tt0077631,Q267721,tmdb
415,Batman & Robin (film),https://en.wikipedia.org/wiki/Batman_%26_Robin_(film),tt0118688,Q276523,tmdb
587,Big Fish,https://en.wikipedia.org/wiki/Big_Fish,tt0319061,Q278997,tmdb
425,Ice Age (2002 film),https://en.wikipedia.org/wiki/Ice_Age_(2002_film),tt0268380,Q305250,tmdb
533,Wallace & Gromit: The Curse of the Were-Rabbit,https://en.wikipedia.org/wiki/Wallace_%26_Gromit:_The_Curse_of_the_Were-Rabbit,tt0312004,Q318428,tmdb
594,The Terminal,https://en.wikipedia.org/wiki/The_Terminal,tt0362227,Q318766,tmdb
564,The Mummy (1999 film),https://en.wikipedia.org/wiki/The_Mummy_(1999_film),tt0120616,Q202508,tmdb
426,Vertigo (film),https://en.wikipedia.org/wiki/Vertigo_(film),tt0052357,Q202548,tmdb
311,Once Upon a Time in America,https://en.wikipedia.org/wiki/Once_Upon_a_Time_in_America,tt0087843,Q206388,tmdb
616,The Last Samurai,https://en.wikipedia.org/wiki/The_Last_Samurai,tt0325710,Q207130,tmdb
605,The Matrix Revolutions,https://en.wikipedia.org/wiki/The_Matrix_Revolutions,tt0242653,Q207536,tmdb
310,Bruce Almighty,https://en.wikipedia.org/wiki/Bruce_Almighty,tt0315327,Q207816,tmdb
497,The Green Mile (film),https://en.wikipedia.org/wiki/The_Green_Mile_(film),tt0120689,Q208263,tmdb
433,Mary Poppins (film),https://en.wikipedia.org/wiki/Mary_Poppins_(film),tt0058331,Q209170,tmdb
345,Eyes Wide Shut,https://en.wikipedia.org/wiki/Eyes_Wide_Shut,tt0120663,Q209481,tmdb
565,The Ring (2002 film),https://en.wikipedia.org/wiki/The_Ring_(2002_film),tt0298130,Q212804,tmdb
490,The Seventh Seal,https://en.wikipedia.org/wiki/The_Seventh_Seal,tt0050976,Q217189,tmdb
561,Constantine (film),https://en.wikipedia.org/wiki/Constantine_(film),tt0360486,Q219150,tmdb
392,Chocolat (2000 film),https://en.wikipedia.org/wiki/Chocolat_(2000_film),tt0241303,Q220423,tmdb
598,City of God (2002 film),https://en.wikipedia.org/wiki/City_of_God_(2002_film),tt0317248,Q220741,tmdb
524,Casino (1995 film),https://en.wikipedia.org/wiki/Casino_(1995_film),tt0112641,Q220910,tmdb
462,Erin Brockovich (film),https://en.wikipedia.org/wiki/Erin_Brockovich_(film),tt0195685,Q220955,tmdb
628,Interview with the Vampire (film),https://en.wikipedia.org/wiki/Interview_with_the_Vampire_(film),tt0110148,Q318910,tmdb
377,A Nightmare on Elm Street,https://en.wikipedia.org/wiki/A_Nightmare_on_Elm_Street,tt0087800,Q329434,tmdb
381,To Catch a Thief,https://en.wikipedia.org/wiki/To_Catch_a_Thief,tt0048728,Q331017,tmdb
320,Insomnia (2002 film),https://en.wikipedia.org/wiki/Insomnia_(2002_film),tt0278504,Q429969,tmdb
454,Romeo + Juliet,https://en.wikipedia.org/wiki/Romeo_%2B_Juliet,tt0117509,Q463313,tmdb
299,Ocean's 11,https://en.wikipedia.org/wiki/Ocean%27s_11,tt0054135,Q464933,tmdb
406,La Haine,https://en.wikipedia.org/wiki/La_Haine,tt0113247,Q466101,tmdb
431,Cube (1997 film),https://en.wikipedia.org/wiki/Cube_(1997_film),tt0123755,Q467840,tmdb
434,Tough Enough (2006 film),https://en.wikipedia.org/wiki/Tough_Enough_(2006_film),tt0475317,Q467876,tmdb
563,Starship Troopers (film),https://en.wikipedia.org/wiki/Starship_Troopers_(film),tt0120201,Q478626,tmdb
424,Schindler's List,https://en.wikipedia.org/wiki/Schindler%27s_List,tt0108052,Q483941,tmdb
557,Spider-Man (2002 film),https://en.wikipedia.org/wiki/Spider-Man_(2002_film),tt0145487,Q484442,tmdb
411,"The Chronicles of Narnia: The Lion, the Witch and the Wardrobe","https://en.wikipedia.org/wiki/The_Chronicles_of_Narnia:_The_Lion,_the_Witch_and_the_Wardrobe",tt0363771,Q485803,tmdb
635,Angel Heart,https://en.wikipedia.org/wiki/Angel_Heart,tt0092563,Q493807,tmdb
609,Poltergeist (1982 film),https://en.wikipedia.org/wiki/Poltergeist_(1982_film),tt0084516,Q497622,tmdb
624,Easy Rider,https://en.wikipedia.org/wiki/Easy_Rider,tt0064276,Q503638,tmdb
334,Magnolia (film),https://en.wikipedia.org/wiki/Magnolia_(film),tt0175880,Q588420,tmdb
298,Ocean's Thirteen,https://en.wikipedia.org/wiki/Ocean%27s_Thirteen,tt0496806,Q635632,tmdb
588,Silent Hill (film),https://en.wikipedia.org/wiki/Silent_Hill_(film),tt0384537,Q637842,tmdb
492,Being John Malkovich,https://en.wikipedia.org/wiki/Being_John_Malkovich,tt0120601,Q649165,tmdb
752,V for Vendetta (film),https://en.wikipedia.org/wiki/V_for_Vendetta_(film),tt0434409,Q5890,tmdb
710,GoldenEye,https://en.wikipedia.org/wiki/GoldenEye,tt0113189,Q19089,tmdb
770,Gone with the Wind (film),https://en.wikipedia.org/wiki/Gone_with_the_Wind_(film),tt0031381,Q2875,tmdb
671,Harry Potter and the Philosopher's Stone (film),https://en.wikipedia.org/wiki/Harry_Potter_and_the_Philosopher%27s_Stone_(film),tt0241527,Q102438,tmdb
675,Harry Potter and the Order of the Phoenix (film),https://en.wikipedia.org/wiki/Harry_Potter_and_the_Order_of_the_Phoenix_(film),tt0373889,Q102235,tmdb
672,Harry Potter and the Chamber of Secrets (film),https://en.wikipedia.org/wiki/Harry_Potter_and_the_Chamber_of_Secrets_(film),tt0295297,Q102244,tmdb
674,Harry Potter and the Goblet of Fire (film),https://en.wikipedia.org/wiki/Harry_Potter_and_the_Goblet_of_Fire_(film),tt0330373,Q102225,tmdb
653,Nosferatu,https://en.wikipedia.org/wiki/Nosferatu,tt0013442,Q151895,tmdb
655,"Paris, Texas (film)","https://en.wikipedia.org/wiki/Paris,_Texas_(film)",tt0087884,Q160946,tmdb
660,Thunderball (film),https://en.wikipedia.org/wiki/Thunderball_(film),tt0059800,Q107724,tmdb
667,You Only Live Twice (film),https://en.wikipedia.org/wiki/You_Only_Live_Twice_(film),tt0062512,Q107761,tmdb
668,On Her Majesty's Secret Service (film),https://en.wikipedia.org/wiki/On_Her_Majesty%27s_Secret_Service_(film),tt0064757,Q107894,tmdb
681,Diamonds Are Forever (film),https://en.wikipedia.org/wiki/Diamonds_Are_Forever_(film),tt0066995,Q107914,tmdb
820,JFK (film),https://en.wikipedia.org/wiki/JFK_(film),tt0102138,Q741823,tmdb
924,Dawn of the Dead (2004 film),https://en.wikipedia.org/wiki/Dawn_of_the_Dead_(2004_film),tt0363547,Q749011,tmdb
767,Harry Potter and the Half-Blood Prince (film),https://en.wikipedia.org/wiki/Harry_Potter_and_the_Half-Blood_Prince_(film),tt0417741,Q161687,tmdb
756,Fantasia (1940 film),https://en.wikipedia.org/wiki/Fantasia_(1940_film),tt0032455,Q943192,tmdb
843,In the Mood for Love,https://en.wikipedia.org/wiki/In_the_Mood_for_Love,tt0118694,Q1056853,tmdb
865,The Running Man (1987 film),https://en.wikipedia.org/wiki/The_Running_Man_(1987_film),tt0093894,Q1058512,tmdb
692,Pink Flamingos,https://en.wikipedia.org/wiki/Pink_Flamingos,tt0069089,Q1140590,tmdb
914,The Great Dictator,https://en.wikipedia.org/wiki/The_Great_Dictator,tt0032553,Q109116,tmdb
841,Dune (1984 film),https://en.wikipedia.org/wiki/Dune_(1984_film),tt0087182,Q114819,tmdb
713,The Piano,https://en.wikipedia.org/wiki/The_Piano,tt0107822,Q117315,tmdb
765,Evil Dead II,https://en.wikipedia.org/wiki/Evil_Dead_II,tt0092991,Q750028,tmdb
851,Brief Encounter,https://en.wikipedia.org/wiki/Brief_Encounter,tt0037558,Q814296,tmdb
884,Crash (1996 film),https://en.wikipedia.org/wiki/Crash_(1996_film),tt0115964,Q839133,tmdb
747,Shaun of the Dead,https://en.wikipedia.org/wiki/Shaun_of_the_Dead,tt0365748,Q858724,tmdb
650,Boyz n the Hood,https://en.wikipedia.org/wiki/Boyz_n_the_Hood,tt0101507,Q896103,tmdb
763,Braindead (film),https://en.wikipedia.org/wiki/Braindead_(film),tt0103873,Q897429,tmdb
712,Four Weddings and a Funeral,https://en.wikipedia.org/wiki/Four_Weddings_and_a_Funeral,tt0109831,Q901213,tmdb
673,Harry Potter and the Prisoner of Azkaban (film),https://en.wikipedia.org/wiki/Harry_Potter_and_the_Prisoner_of_Azkaban_(film),tt0304141,Q102448,tmdb
646,Dr. No (film),https://en.wikipedia.org/wiki/Dr._No_(film),tt0055928,Q102754,tmdb
680,Pulp Fiction,https://en.wikipedia.org/wiki/Pulp_Fiction,tt0110912,Q104123,tmdb
679,Aliens (film),https://en.wikipedia.org/wiki/Aliens_(film),tt0090605,Q104814,tmdb
658,Goldfinger (film),https://en.wikipedia.org/wiki/Goldfinger_(film),tt0058150,Q106440,tmdb
657,From Russia with Love (film),https://en.wikipedia.org/wiki/From_Russia_with_Love_(film),tt0057076,Q106571,tmdb
858,Sleepless in Seattle,https://en.wikipedia.org/wiki/Sleepless_in_Seattle,tt0108160,Q107167,tmdb
786,Almost Famous,https://en.wikipedia.org/wiki/Almost_Famous,tt0181875,Q726294,tmdb
693,Meet the Fockers,https://en.wikipedia.org/wiki/Meet_the_Fockers,tt0290002,Q740489,tmdb
929,Godzilla (1998 film),https://en.wikipedia.org/wiki/Godzilla_(1998_film),tt0120685,Q24075,tmdb
762,Monty Python and the Holy Grail,https://en.wikipedia.org/wiki/Monty_Python_and_the_Holy_Grail,tt0071853,Q25043,tmdb
769,Goodfellas,https://en.wikipedia.org/wiki/Goodfellas,tt0099685,Q42047,tmdb
871,Planet of the Apes (1968 film),https://en.wikipedia.org/wiki/Planet_of_the_Apes_(1968_film),tt0063442,Q59534,tmdb
796,Cruel Intentions,https://en.wikipedia.org/wiki/Cruel_Intentions,tt0139134,Q64151,tmdb
857,Saving Private Ryan,https://en.wikipedia.org/wiki/Saving_Private_Ryan,tt0120815,Q165817,tmdb
862,Toy Story,https://en.wikipedia.org/wiki/Toy_Story,tt0114709,Q171048,tmdb
665,Ben-Hur (1959 film),https://en.wikipedia.org/wiki/Ben-Hur_(1959_film),tt0052618,Q180098,tmdb
920,Cars (film),https://en.wikipedia.org/wiki/Cars_(film),tt0317219,Q182153,tmdb
745,The Sixth Sense,https://en.wikipedia.org/wiki/The_Sixth_Sense,tt0167404,Q183063,tmdb
694,The Shining (film),https://en.wikipedia.org/wiki/The_Shining_(film),tt0081505,Q186341,tmdb
652,Troy (film),https://en.wikipedia.org/wiki/Troy_(film),tt0332452,Q186587,tmdb
863,Toy Story 2,https://en.wikipedia.org/wiki/Toy_Story_2,tt0120363,Q187266,tmdb
826,The Bridge on the River Kwai,https://en.wikipedia.org/wiki/The_Bridge_on_the_River_Kwai,tt0050212,Q188718,tmdb
792,Platoon (film),https://en.wikipedia.org/wiki/Platoon_(film),tt0091763,Q190643,tmdb
807,Seven (1995 film),https://en.wikipedia.org/wiki/Seven_(1995_film),tt0114369,Q190908,tmdb
819,Sleepers (film),https://en.wikipedia.org/wiki/Sleepers_(film),tt0117665,Q1145732,tmdb
913,The Thomas Crown Affair (1999 film),https://en.wikipedia.org/wiki/The_Thomas_Crown_Affair_(1999_film),tt0155267,Q1216770,tmdb
787,Mr. & Mrs. Smith (2005 film),https://en.wikipedia.org/wiki/Mr._%26_Mrs._Smith_(2005_film),tt0356910,Q191040,tmdb
773,Little Miss Sunshine,https://en.wikipedia.org/wiki/Little_Miss_Sunshine,tt0449059,Q192073,tmdb
824,Moulin Rouge!,https://en.wikipedia.org/wiki/Moulin_Rouge!,tt0203009,Q193573,tmdb
676,Pearl Harbor (film),https://en.wikipedia.org/wiki/Pearl_Harbor_(film),tt0213149,Q194413,tmdb
849,Krull (film),https://en.wikipedia.org/wiki/Krull_(film),tt0085811,Q195710,tmdb
755,From Dusk till Dawn,https://en.wikipedia.org/wiki/From_Dusk_till_Dawn,tt0116367,Q196004,tmdb
804,Roman Holiday,https://en.wikipedia.org/wiki/Roman_Holiday,tt0046250,Q201293,tmdb
783,Gandhi (film),https://en.wikipedia.org/wiki/Gandhi_(film),tt0083987,Q202211,tmdb
700,Octopussy,https://en.wikipedia.org/wiki/Octopussy,tt0086034,Q204398,tmdb
714,Tomorrow Never Dies,https://en.wikipedia.org/wiki/Tomorrow_Never_Dies,tt0120347,Q207916,tmdb
640,Catch Me If You Can,https://en.wikipedia.org/wiki/Catch_Me_If_You_Can,tt0264464,Q208108,tmdb
746,The Last Emperor,https://en.wikipedia.org/wiki/The_Last_Emperor,tt0093389,Q212775,tmdb
812,Aladdin (1992 Disney film),https://en.wikipedia.org/wiki/Aladdin_(1992_Disney_film),tt0103639,Q215518,tmdb
923,Dawn of the Dead (1978 film),https://en.wikipedia.org/wiki/Dawn_of_the_Dead_(1978_film),tt0077402,Q219155,tmdb
644,A.I. Artificial Intelligence,https://en.wikipedia.org/wiki/A.I._Artificial_Intelligence,tt0212720,Q221113,tmdb
772,Home Alone 2: Lost in New York,https://en.wikipedia.org/wiki/Home_Alone_2:_Lost_in_New_York,tt0104431,Q221202,tmdb
855,Black Hawk Down (film),https://en.wikipedia.org/wiki/Black_Hawk_Down_(film),tt0265086,Q221384,tmdb
861,Total Recall (1990 film),https://en.wikipedia.org/wiki/Total_Recall_(1990_film),tt0100802,Q222018,tmdb
873,The Color Purple (1985 film),https://en.wikipedia.org/wiki/The_Color_Purple_(1985_film),tt0088939,Q223299,tmdb
754,Off,https://en.wikipedia.org/wiki/Face/Off,tt0119094,Q223887,tmdb
642,Butch Cassidy and the Sundance Kid,https://en.wikipedia.org/wiki/Butch_Cassidy_and_the_Sundance_Kid,tt0064115,Q232000,tmdb
927,Gremlins,https://en.wikipedia.org/wiki/Gremlins,tt0087363,Q241958,tmdb
686,Contact (1997 American film),https://en.wikipedia.org/wiki/Contact_(1997_American_film),tt0118884,Q270215,tmdb
853,Enemy at the Gates,https://en.wikipedia.org/wiki/Enemy_at_the_Gates,tt0215750,Q271006,tmdb
708,The Living Daylights,https://en.wikipedia.org/wiki/The_Living_Daylights,tt0093428,Q272064,tmdb
864,Cool Runnings,https://en.wikipedia.org/wiki/Cool_Runnings,tt0106611,Q282748,tmdb
638,Lost Highway (film),https://en.wikipedia.org/wiki/Lost_Highway_(film),tt0116922,Q289204,tmdb
709,Licence to Kill,https://en.wikipedia.org/wiki/Licence_to_Kill,tt0097742,Q309086,tmdb
872,Singin' in the Rain,https://en.wikipedia.org/wiki/Singin%27_in_the_Rain,tt0045152,Q309153,tmdb
682,The Man with the Golden Gun (film),https://en.wikipedia.org/wiki/The_Man_with_the_Golden_Gun_(film),tt0071807,Q309289,tmdb
659,The Tin Drum (film),https://en.wikipedia.org/wiki/The_Tin_Drum_(film),tt0078875,Q313764,tmdb
691,The Spy Who Loved Me (film),https://en.wikipedia.org/wiki/The_Spy_Who_Loved_Me_(film),tt0076752,Q320423,tmdb
840,Close Encounters of the Third Kind,https://en.wikipedia.org/wiki/Close_Encounters_of_the_Third_Kind,tt0075860,Q320588,tmdb
663,Saw IV,https://en.wikipedia.org/wiki/Saw_IV,tt0890870,Q326319,tmdb
764,The Evil Dead,https://en.wikipedia.org/wiki/The_Evil_Dead,tt0083907,Q327604,tmdb
699,For Your Eyes Only (film),https://en.wikipedia.org/wiki/For_Your_Eyes_Only_(film),tt0082398,Q332330,tmdb
707,A View to a Kill,https://en.wikipedia.org/wiki/A_View_to_a_Kill,tt0090264,Q332368,tmdb
698,Moonraker (film),https://en.wikipedia.org/wiki/Moonraker_(film),tt0079574,Q334780,tmdb
856,Who Framed Roger Rabbit,https://en.wikipedia.org/wiki/Who_Framed_Roger_Rabbit,tt0096438,Q379873,tmdb
688,The Bridges of Madison County (film),https://en.wikipedia.org/wiki/The_Bridges_of_Madison_County_(film),tt0112579,Q399823,tmdb
891,All the President's Men (film),https://en.wikipedia.org/wiki/All_the_President%27s_Men_(film),tt0074119,Q466781,tmdb
869,Planet of the Apes (2001 film),https://en.wikipedia.org/wiki/Planet_of_the_Apes_(2001_film),tt0133152,Q469624,tmdb
639,When Harry Met Sally...,https://en.wikipedia.org/wiki/When_Harry_Met_Sally...,tt0098635,Q471169,tmdb
766,Army of Darkness,https://en.wikipedia.org/wiki/Army_of_Darkness,tt0106308,Q471992,tmdb
670,Oldboy (2003 film),https://en.wikipedia.org/wiki/Oldboy_(2003_film),tt0364569,Q475693,tmdb
808,Shrek,https://en.wikipedia.org/wiki/Shrek,tt0126029,Q483815,tmdb
788,Mrs. Doubtfire,https://en.wikipedia.org/wiki/Mrs._Doubtfire,tt0107614,Q483852,tmdb
809,Shrek 2,https://en.wikipedia.org/wiki/Shrek_2,tt0298148,Q485983,tmdb
810,Shrek the Third,https://en.wikipedia.org/wiki/Shrek_the_Third,tt0413267,Q486588,tmdb
782,Gattaca,https://en.wikipedia.org/wiki/Gattaca,tt0119177,Q491800,tmdb
651,M*A*S*H (film),https://en.wikipedia.org/wiki/M*A*S*H_(film),tt0066026,Q494085,tmdb
813,Airplane!,https://en.wikipedia.org/wiki/Airplane!,tt0080339,Q497256,tmdb
818,Austin Powers in Goldmember,https://en.wikipedia.org/wiki/Austin_Powers_in_Goldmember,tt0295178,Q498910,tmdb
816,Austin Powers: International Man of Mystery,https://en.wikipedia.org/wiki/Austin_Powers:_International_Man_of_Mystery,tt0118655,Q501703,tmdb
926,Galaxy Quest,https://en.wikipedia.org/wiki/Galaxy_Quest,tt0177789,Q502067,tmdb
860,WarGames,https://en.wikipedia.org/wiki/WarGames,tt0086567,Q504697,tmdb
928,Gremlins 2: The New Batch,https://en.wikipedia.org/wiki/Gremlins_2:_The_New_Batch,tt0099700,Q505712,tmdb
802,Lolita (1962 film),https://en.wikipedia.org/wiki/Lolita_(1962_film),tt0056193,Q536560,tmdb
867,Sliver (film),https://en.wikipedia.org/wiki/Sliver_(film),tt0108162,Q581642,tmdb
839,Duel (1971 film),https://en.wikipedia.org/wiki/Duel_(1971_film),tt0067023,Q583407,tmdb
888,The Flintstones (film),https://en.wikipedia.org/wiki/The_Flintstones_(film),tt0109813,Q602094,tmdb
805,Rosemary's Baby (film),https://en.wikipedia.org/wiki/Rosemary%27s_Baby_(film),tt0063522,Q607179,tmdb
829,Chinatown (1974 film),https://en.wikipedia.org/wiki/Chinatown_(1974_film),tt0071315,Q644987,tmdb
879,Hook (film),https://en.wikipedia.org/wiki/Hook_(film),tt0102057,Q646389,tmdb
793,Blue Velvet (film),https://en.wikipedia.org/wiki/Blue_Velvet_(film),tt0090756,Q660950,tmdb
690,Pickpocket (film),https://en.wikipedia.org/wiki/Pickpocket_(film),tt0053168,Q664726,tmdb
664,Twister (1996 film),https://en.wikipedia.org/wiki/Twister_(1996_film),tt0117998,Q683663,tmdb
797,Persona (1966 film),https://en.wikipedia.org/wiki/Persona_(1966_film),tt0060827,Q695255,tmdb
985,Eraserhead,https://en.wikipedia.org/wiki/Eraserhead,tt0074486,Q11618,tmdb
966,The Magnificent Seven,https://en.wikipedia.org/wiki/The_Magnificent_Seven,tt0054047,Q19069,tmdb
1372,Blood Diamond,https://en.wikipedia.org/wiki/Blood_Diamond,tt0450259,Q74958,tmdb
1375,Rocky V,https://en.wikipedia.org/wiki/Rocky_V,tt0100507,Q82949,tmdb
1637,Speed (1994 film),https://en.wikipedia.org/wiki/Speed_(1994_film),tt0111257,Q108006,tmdb
1573,Die Hard 2,https://en.wikipedia.org/wiki/Die_Hard_2,tt0099423,Q105993,tmdb
1572,Die Hard with a Vengeance,https://en.wikipedia.org/wiki/Die_Hard_with_a_Vengeance,tt0112864,Q106871,tmdb
1428,Once Upon a Time in Mexico,https://en.wikipedia.org/wiki/Once_Upon_a_Time_in_Mexico,tt0285823,Q93853,tmdb
935,Dr. Strangelove,https://en.wikipedia.org/wiki/Dr._Strangelove,tt0057012,Q105702,tmdb
1366,Rocky,https://en.wikipedia.org/wiki/Rocky,tt0075148,Q188652,tmdb
1412,"Sex, Lies, and Videotape","https://en.wikipedia.org/wiki/Sex,_Lies,_and_Videotape",tt0098724,Q1367548,tmdb
1359,American Psycho (film),https://en.wikipedia.org/wiki/American_Psycho_(film),tt0144084,Q1405126,tmdb
1443,The Virgin Suicides (film),https://en.wikipedia.org/wiki/The_Virgin_Suicides_(film),tt0159097,Q1423971,tmdb
1413,M. Butterfly (film),https://en.wikipedia.org/wiki/M._Butterfly_(film),tt0107468,Q1513195,tmdb
954,Mission: Impossible (film),https://en.wikipedia.org/wiki/Mission:_Impossible_(film),tt0117060,Q1741232,tmdb
1574,Chicago (2002 film),https://en.wikipedia.org/wiki/Chicago_(2002_film),tt0299658,Q189889,tmdb
950,Ice Age: The Meltdown,https://en.wikipedia.org/wiki/Ice_Age:_The_Meltdown,tt0438097,Q190910,tmdb
1164,Babel (2006 film),https://en.wikipedia.org/wiki/Babel_(2006_film),tt0449467,Q191074,tmdb
1726,Iron Man (2008 film),https://en.wikipedia.org/wiki/Iron_Man_(2008_film),tt0371746,Q192724,tmdb
1585,It's a Wonderful Life,https://en.wikipedia.org/wiki/It%27s_a_Wonderful_Life,tt0038650,Q204191,tmdb
1415,Party Monster (film),https://en.wikipedia.org/wiki/Party_Monster_(film),tt0320244,Q1780723,tmdb
1495,Kingdom of Heaven (film),https://en.wikipedia.org/wiki/Kingdom_of_Heaven_(film),tt0320661,Q207698,tmdb
1091,The Thing (1982 film),https://en.wikipedia.org/wiki/The_Thing_(1982_film),tt0084787,Q210756,tmdb
1417,Pan's Labyrinth,https://en.wikipedia.org/wiki/Pan%27s_Labyrinth,tt0457430,Q216006,tmdb
1429,25th Hour,https://en.wikipedia.org/wiki/25th_Hour,tt0307901,Q218458,tmdb
1402,The Pursuit of Happyness,https://en.wikipedia.org/wiki/The_Pursuit_of_Happyness,tt0454921,Q220515,tmdb
1578,Raging Bull,https://en.wikipedia.org/wiki/Raging_Bull,tt0081398,Q220780,tmdb
1562,28 Weeks Later,https://en.wikipedia.org/wiki/28_Weeks_Later,tt0463854,Q221102,tmdb
948,Halloween (1978 film),https://en.wikipedia.org/wiki/Halloween_(1978_film),tt0077651,Q221103,tmdb
1267,Meet the Robinsons,https://en.wikipedia.org/wiki/Meet_the_Robinsons,tt0396555,Q221679,tmdb
941,Lethal Weapon,https://en.wikipedia.org/wiki/Lethal_Weapon,tt0093409,Q462447,tmdb
1636,Bedazzled (2000 film),https://en.wikipedia.org/wiki/Bedazzled_(2000_film),tt0230030,Q464252,tmdb
1724,The Incredible Hulk (film),https://en.wikipedia.org/wiki/The_Incredible_Hulk_(film),tt0800080,Q466611,tmdb
1685,Beneath the Planet of the Apes,https://en.wikipedia.org/wiki/Beneath_the_Planet_of_the_Apes,tt0065462,Q469620,tmdb
1422,The Departed,https://en.wikipedia.org/wiki/The_Departed,tt0407887,Q172975,tmdb
953,Madagascar (2005 film),https://en.wikipedia.org/wiki/Madagascar_(2005_film),tt0351283,Q174555,tmdb
1729,The Forbidden Kingdom,https://en.wikipedia.org/wiki/The_Forbidden_Kingdom,tt0865556,Q176568,tmdb
1640,Crash (2004 film),https://en.wikipedia.org/wiki/Crash_(2004_film),tt0375679,Q188000,tmdb
1579,Apocalypto,https://en.wikipedia.org/wiki/Apocalypto,tt0472043,Q188035,tmdb
1656,The Legend of Zorro,https://en.wikipedia.org/wiki/The_Legend_of_Zorro,tt0386140,Q947737,tmdb
1424,November (2004 film),https://en.wikipedia.org/wiki/November_(2004_film),tt0368089,Q979675,tmdb
1542,Office Space,https://en.wikipedia.org/wiki/Office_Space,tt0151804,Q1044523,tmdb
1559,Sweet Movie,https://en.wikipedia.org/wiki/Sweet_Movie,tt0072235,Q1050548,tmdb
990,The Hustler,https://en.wikipedia.org/wiki/The_Hustler,tt0054997,Q1130084,tmdb
1607,A Bronx Tale,https://en.wikipedia.org/wiki/A_Bronx_Tale,tt0106489,Q1130705,tmdb
936,The Pink Panther (1963 film),https://en.wikipedia.org/wiki/The_Pink_Panther_(1963_film),tt0057413,Q1131556,tmdb
1249,Hollywoodland,https://en.wikipedia.org/wiki/Hollywoodland,tt0427969,Q1138011,tmdb
1089,Point Break,https://en.wikipedia.org/wiki/Point_Break,tt0102685,Q1146552,tmdb
1246,Rocky Balboa (film),https://en.wikipedia.org/wiki/Rocky_Balboa_(film),tt0479143,Q724455,tmdb
1700,Misery (film),https://en.wikipedia.org/wiki/Misery_(film),tt0100157,Q725552,tmdb
942,Lethal Weapon 2,https://en.wikipedia.org/wiki/Lethal_Weapon_2,tt0097733,Q751767,tmdb
943,Lethal Weapon 3,https://en.wikipedia.org/wiki/Lethal_Weapon_3,tt0104714,Q751769,tmdb
1281,Bean (film),https://en.wikipedia.org/wiki/Bean_(film),tt0118689,Q752103,tmdb
979,Irréversible,https://en.wikipedia.org/wiki/Irr%C3%A9versible,tt0290673,Q754745,tmdb
1266,Street Kings,https://en.wikipedia.org/wiki/Street_Kings,tt0421073,Q785712,tmdb
1648,Bill & Ted's Excellent Adventure,https://en.wikipedia.org/wiki/Bill_%26_Ted%27s_Excellent_Adventure,tt0096928,Q795042,tmdb
1677,Ray (film),https://en.wikipedia.org/wiki/Ray_(film),tt0350258,Q797242,tmdb
1623,Brubaker,https://en.wikipedia.org/wiki/Brubaker,tt0080474,Q798239,tmdb
1584,School of Rock,https://en.wikipedia.org/wiki/School_of_Rock,tt0332379,Q820753,tmdb
1592,Primal Fear (film),https://en.wikipedia.org/wiki/Primal_Fear_(film),tt0117381,Q822057,tmdb
1278,The Dreamers (2003 film),https://en.wikipedia.org/wiki/The_Dreamers_(2003_film),tt0309987,Q822946,tmdb
1115,Ghosts (2005 film),https://en.wikipedia.org/wiki/Ghosts_(2005_film),tt0419773,Q878544,tmdb
1049,Sommersby,https://en.wikipedia.org/wiki/Sommersby,tt0108185,Q918901,tmdb
967,Spartacus (film),https://en.wikipedia.org/wiki/Spartacus_(film),tt0054331,Q108297,tmdb
1580,Rope (film),https://en.wikipedia.org/wiki/Rope_(film),tt0040746,Q109564,tmdb
1538,Collateral (film),https://en.wikipedia.org/wiki/Collateral_(film),tt0369339,Q110203,tmdb
984,Dirty Harry,https://en.wikipedia.org/wiki/Dirty_Harry,tt0066999,Q110206,tmdb
1391,Y tu mamá también,https://en.wikipedia.org/wiki/Y_tu_mam%C3%A1_tambi%C3%A9n,tt0245574,Q128848,tmdb
1271,300 (film),https://en.wikipedia.org/wiki/300_(film),tt0416449,Q131390,tmdb
1262,Stranger than Fiction (2006 film),https://en.wikipedia.org/wiki/Stranger_than_Fiction_(2006_film),tt0420223,Q151898,tmdb
1576,Resident Evil (2002 film),https://en.wikipedia.org/wiki/Resident_Evil_(2002_film),tt0120804,Q153484,tmdb
938,For a Few Dollars More,https://en.wikipedia.org/wiki/For_a_Few_Dollars_More,tt0059578,Q153677,tmdb
1577,Resident Evil: Apocalypse,https://en.wikipedia.org/wiki/Resident_Evil:_Apocalypse,tt0318627,Q161400,tmdb
1427,Perfume: The Story of a Murderer (film),https://en.wikipedia.org/wiki/Perfume:_The_Story_of_a_Murderer_(film),tt0396171,Q164813,tmdb
1088,Whale Rider,https://en.wikipedia.org/wiki/Whale_Rider,tt0298228,Q19393,tmdb
1360,Frida (2002 film),https://en.wikipedia.org/wiki/Frida_(2002_film),tt0120679,Q35738,tmdb
1250,Ghost Rider (2007 film),https://en.wikipedia.org/wiki/Ghost_Rider_(2007_film),tt0259324,Q41754,tmdb
949,Heat (1995 film),https://en.wikipedia.org/wiki/Heat_(1995_film),tt0113277,Q42198,tmdb
1124,The Prestige,https://en.wikipedia.org/wiki/The_Prestige,tt0482571,Q46551,tmdb
1624,Liar Liar,https://en.wikipedia.org/wiki/Liar_Liar,tt0119528,Q48980,tmdb
1571,Live Free or Die Hard,https://en.wikipedia.org/wiki/Live_Free_or_Die_Hard,tt0337978,Q50861,tmdb
1498,Teenage Mutant Ninja Turtles (1990 film),https://en.wikipedia.org/wiki/Teenage_Mutant_Ninja_Turtles_(1990_film),tt0100758,Q58439,tmdb
1635,The Island (2005 film),https://en.wikipedia.org/wiki/The_Island_(2005_film),tt0399201,Q224069,tmdb
947,Lawrence of Arabia (film),https://en.wikipedia.org/wiki/Lawrence_of_Arabia_(film),tt0056172,Q228186,tmdb
1371,Rocky III,https://en.wikipedia.org/wiki/Rocky_III,tt0084602,Q241504,tmdb
1368,First Blood,https://en.wikipedia.org/wiki/First_Blood,tt0083944,Q244963,tmdb
1018,Mulholland Drive (film),https://en.wikipedia.org/wiki/Mulholland_Drive_(film),tt0166924,Q272608,tmdb
1265,Bridge to Terabithia (2007 film),https://en.wikipedia.org/wiki/Bridge_to_Terabithia_(2007_film),tt0398808,Q279274,tmdb
956,Mission: Impossible III,https://en.wikipedia.org/wiki/Mission:_Impossible_III,tt0317919,Q288173,tmdb
1369,Rambo: First Blood Part II,https://en.wikipedia.org/wiki/Rambo:_First_Blood_Part_II,tt0089880,Q319783,tmdb
1452,Superman Returns,https://en.wikipedia.org/wiki/Superman_Returns,tt0348150,Q328695,tmdb
1125,Dreamgirls (film),https://en.wikipedia.org/wiki/Dreamgirls_(film),tt0443489,Q329056,tmdb
1483,Begotten (film),https://en.wikipedia.org/wiki/Begotten_(film),tt0101420,Q374207,tmdb
1593,Night at the Museum,https://en.wikipedia.org/wiki/Night_at_the_Museum,tt0477347,Q387601,tmdb
1374,Rocky IV,https://en.wikipedia.org/wiki/Rocky_IV,tt0089927,Q387638,tmdb
1213,The Talented Mr. Ripley (film),https://en.wikipedia.org/wiki/The_Talented_Mr._Ripley_(film),tt0134119,Q390052,tmdb
1370,Rambo III,https://en.wikipedia.org/wiki/Rambo_III,tt0095956,Q392355,tmdb
1103,Escape from New York,https://en.wikipedia.org/wiki/Escape_from_New_York,tt0082340,Q403033,tmdb
944,Lethal Weapon 4,https://en.wikipedia.org/wiki/Lethal_Weapon_4,tt0122151,Q429397,tmdb
968,Dog Day Afternoon,https://en.wikipedia.org/wiki/Dog_Day_Afternoon,tt0072890,Q458656,tmdb
1487,Hellboy (2004 film),https://en.wikipedia.org/wiki/Hellboy_(2004_film),tt0167190,Q461540,tmdb
1705,Battle for the Planet of the Apes,https://en.wikipedia.org/wiki/Battle_for_the_Planet_of_the_Apes,tt0069768,Q469654,tmdb
1586,Secret Window,https://en.wikipedia.org/wiki/Secret_Window,tt0363988,Q472165,tmdb
1272,Sunshine (2007 film),https://en.wikipedia.org/wiki/Sunshine_(2007_film),tt0448134,Q478212,tmdb
1367,Rocky II,https://en.wikipedia.org/wiki/Rocky_II,tt0079817,Q478366,tmdb
1581,The Holiday,https://en.wikipedia.org/wiki/The_Holiday,tt0457939,Q478748,tmdb
1255,The Host (2006 film),https://en.wikipedia.org/wiki/The_Host_(2006_film),tt0468492,Q488222,tmdb
1698,Anatomy (film),https://en.wikipedia.org/wiki/Anatomy_(film),tt0187696,Q488316,tmdb
1645,A Time to Kill (1996 film),https://en.wikipedia.org/wiki/A_Time_to_Kill_(1996_film),tt0117913,Q498867,tmdb
1598,Cape Fear (1991 film),https://en.wikipedia.org/wiki/Cape_Fear_(1991_film),tt0101540,Q501995,tmdb
1621,Trading Places,https://en.wikipedia.org/wiki/Trading_Places,tt0086465,Q504151,tmdb
955,Mission: Impossible 2,https://en.wikipedia.org/wiki/Mission:_Impossible_2,tt0120755,Q505790,tmdb
1547,The Lost Boys,https://en.wikipedia.org/wiki/The_Lost_Boys,tt0093437,Q506403,tmdb
1669,The Hunt for Red October (film),https://en.wikipedia.org/wiki/The_Hunt_for_Red_October_(film),tt0099810,Q507994,tmdb
1444,Junebug (film),https://en.wikipedia.org/wiki/Junebug_(film),tt0418773,Q565009,tmdb
1701,Con Air,https://en.wikipedia.org/wiki/Con_Air,tt0118880,Q607910,tmdb
1597,Meet the Parents,https://en.wikipedia.org/wiki/Meet_the_Parents,tt0212338,Q623724,tmdb
1491,The Illusionist (2006 film),https://en.wikipedia.org/wiki/The_Illusionist_(2006_film),tt0443543,Q645735,tmdb
1715,The Cider House Rules,https://en.wikipedia.org/wiki/The_Cider_House_Rules,tt0124315,Q648977,tmdb
1541,Thelma & Louise,https://en.wikipedia.org/wiki/Thelma_%26_Louise,tt0103074,Q658041,tmdb
1587,What's Eating Gilbert Grape,https://en.wikipedia.org/wiki/What%27s_Eating_Gilbert_Grape,tt0108550,Q660894,tmdb
1712,Giant (1956 film),https://en.wikipedia.org/wiki/Giant_(1956_film),tt0049261,Q669592,tmdb
1405,Greed (1924 film),https://en.wikipedia.org/wiki/Greed_(1924_film),tt0015881,Q690583,tmdb
1620,Hitman (2007 film),https://en.wikipedia.org/wiki/Hitman_(2007_film),tt0465494,Q691916,tmdb
1599,I Heart Huckabees,https://en.wikipedia.org/wiki/I_Heart_Huckabees,tt0356721,Q695389,tmdb
1832,Dogma (film),https://en.wikipedia.org/wiki/Dogma_(film),tt0120655,Q40187,tmdb
1895,Star Wars: Episode III – Revenge of the Sith,https://en.wikipedia.org/wiki/Star_Wars:_Episode_III_%E2%80%93_Revenge_of_the_Sith,tt0121766,Q42051,tmdb
2501,The Bourne Identity (2002 film),https://en.wikipedia.org/wiki/The_Bourne_Identity_(2002_film),tt0258463,Q105624,tmdb
2164,Stargate (film),https://en.wikipedia.org/wiki/Stargate_(film),tt0111282,Q105801,tmdb
1883,Malcolm X (1992 film),https://en.wikipedia.org/wiki/Malcolm_X_(1992_film),tt0104797,Q923925,tmdb
1904,Memoirs of a Geisha (film),https://en.wikipedia.org/wiki/Memoirs_of_a_Geisha_(film),tt0397535,Q45839,tmdb
2503,The Bourne Ultimatum (film),https://en.wikipedia.org/wiki/The_Bourne_Ultimatum_(film),tt0440963,Q107226,tmdb
1903,Vanilla Sky,https://en.wikipedia.org/wiki/Vanilla_Sky,tt0259711,Q110278,tmdb
2675,Signs (film),https://en.wikipedia.org/wiki/Signs_(film),tt0286106,Q22432,tmdb
1878,Fear and Loathing in Las Vegas (film),https://en.wikipedia.org/wiki/Fear_and_Loathing_in_Las_Vegas_(film),tt0120669,Q23395,tmdb
2048,"I, Robot (film)","https://en.wikipedia.org/wiki/I,_Robot_(film)",tt0343818,Q200572,tmdb
2567,The Aviator (2004 film),https://en.wikipedia.org/wiki/The_Aviator_(2004_film),tt0338751,Q201924,tmdb
1865,Pirates of the Caribbean: On Stranger Tides,https://en.wikipedia.org/wiki/Pirates_of_the_Caribbean:_On_Stranger_Tides,tt1298650,Q183555,tmdb
2440,Joint Security Area (film),https://en.wikipedia.org/wiki/Joint_Security_Area_(film),tt0260991,Q202681,tmdb
2300,Space Jam,https://en.wikipedia.org/wiki/Space_Jam,tt0117705,Q207659,tmdb
2118,L.A. Confidential (film),https://en.wikipedia.org/wiki/L.A._Confidential_(film),tt0119488,Q339876,tmdb
2359,Sicko,https://en.wikipedia.org/wiki/Sicko,tt0386032,Q382882,tmdb
1979,Fantastic Four: Rise of the Silver Surfer,https://en.wikipedia.org/wiki/Fantastic_Four:_Rise_of_the_Silver_Surfer,tt0486576,Q390063,tmdb
1894,Star Wars: Episode II – Attack of the Clones,https://en.wikipedia.org/wiki/Star_Wars:_Episode_II_%E2%80%93_Attack_of_the_Clones,tt0121765,Q181069,tmdb
1891,The Empire Strikes Back,https://en.wikipedia.org/wiki/The_Empire_Strikes_Back,tt0080684,Q181795,tmdb
1892,Return of the Jedi,https://en.wikipedia.org/wiki/Return_of_the_Jedi,tt0086190,Q181803,tmdb
1934,Shakespeare in Love,https://en.wikipedia.org/wiki/Shakespeare_in_Love,tt0138097,Q182944,tmdb
2112,Payback (1999 film),https://en.wikipedia.org/wiki/Payback_(1999_film),tt0120784,Q279057,tmdb
1965,A Perfect Murder,https://en.wikipedia.org/wiki/A_Perfect_Murder,tt0120787,Q282069,tmdb
1830,Lord of War,https://en.wikipedia.org/wiki/Lord_of_War,tt0399295,Q308681,tmdb
2034,Training Day,https://en.wikipedia.org/wiki/Training_Day,tt0139654,Q308929,tmdb
2059,National Treasure (film),https://en.wikipedia.org/wiki/National_Treasure_(film),tt0368891,Q309366,tmdb
2309,Inkheart (film),https://en.wikipedia.org/wiki/Inkheart_(film),tt0494238,Q310734,tmdb
1734,The Mummy Returns,https://en.wikipedia.org/wiki/The_Mummy_Returns,tt0209163,Q320461,tmdb
1921,Sweet November (2001 film),https://en.wikipedia.org/wiki/Sweet_November_(2001_film),tt0230838,Q325575,tmdb
1933,The Others (2001 film),https://en.wikipedia.org/wiki/The_Others_(2001_film),tt0230600,Q332515,tmdb
2668,Sleepy Hollow (film),https://en.wikipedia.org/wiki/Sleepy_Hollow_(film),tt0162661,Q208592,tmdb
2288,Closer (film),https://en.wikipedia.org/wiki/Closer_(film),tt0376541,Q212098,tmdb
1924,Superman (1978 film),https://en.wikipedia.org/wiki/Superman_(1978_film),tt0078346,Q213053,tmdb
1949,Zodiac (film),https://en.wikipedia.org/wiki/Zodiac_(film),tt0443706,Q218172,tmdb
2105,American Pie (film),https://en.wikipedia.org/wiki/American_Pie_(film),tt0163651,Q220713,tmdb
1954,The Butterfly Effect,https://en.wikipedia.org/wiki/The_Butterfly_Effect,tt0289879,Q221109,tmdb
2454,The Chronicles of Narnia: Prince Caspian,https://en.wikipedia.org/wiki/The_Chronicles_of_Narnia:_Prince_Caspian,tt0499448,Q222023,tmdb
2370,Topaz (1969 film),https://en.wikipedia.org/wiki/Topaz_(1969_film),tt0065112,Q224004,tmdb
1813,The Devil's Advocate (1997 film),https://en.wikipedia.org/wiki/The_Devil%27s_Advocate_(1997_film),tt0118971,Q224647,tmdb
1930,The Amazing Spider-Man (film),https://en.wikipedia.org/wiki/The_Amazing_Spider-Man_(film),tt0948470,Q229808,tmdb
2486,Eragon (film),https://en.wikipedia.org/wiki/Eragon_(film),tt0449010,Q239296,tmdb
1735,The Mummy: Tomb of the Dragon Emperor,https://en.wikipedia.org/wiki/The_Mummy:_Tomb_of_the_Dragon_Emperor,tt0859163,Q240713,tmdb
1824,50 First Dates,https://en.wikipedia.org/wiki/50_First_Dates,tt0343660,Q241482,tmdb
2270,Stardust (2007 film),https://en.wikipedia.org/wiki/Stardust_(2007_film),tt0486655,Q244398,tmdb
2109,Rush Hour (1998 film),https://en.wikipedia.org/wiki/Rush_Hour_(1998_film),tt0120812,Q255342,tmdb
1955,The Elephant Man (1980 film),https://en.wikipedia.org/wiki/The_Elephant_Man_(1980_film),tt0080678,Q272860,tmdb
2395,Asterix at the Olympic Games (film),https://en.wikipedia.org/wiki/Asterix_at_the_Olympic_Games_(film),tt0463872,Q273676,tmdb
1771,Captain America: The First Avenger,https://en.wikipedia.org/wiki/Captain_America:_The_First_Avenger,tt0458339,Q275120,tmdb
1993,Golden Door (film),https://en.wikipedia.org/wiki/Golden_Door_(film),tt0465188,Q113549,tmdb
1900,Traffic (2000 film),https://en.wikipedia.org/wiki/Traffic_(2000_film),tt0181865,Q142292,tmdb
2502,The Bourne Supremacy (film),https://en.wikipedia.org/wiki/The_Bourne_Supremacy_(film),tt0372183,Q156608,tmdb
2253,Valkyrie (film),https://en.wikipedia.org/wiki/Valkyrie_(film),tt0985699,Q159054,tmdb
1966,Alexander (2004 film),https://en.wikipedia.org/wiki/Alexander_(2004_film),tt0346491,Q162277,tmdb
1893,Star Wars: Episode I – The Phantom Menace,https://en.wikipedia.org/wiki/Star_Wars:_Episode_I_%E2%80%93_The_Phantom_Menace,tt0120915,Q165713,tmdb
2207,16 Blocks,https://en.wikipedia.org/wiki/16_Blocks,tt0450232,Q169000,tmdb
2062,Ratatouille (film),https://en.wikipedia.org/wiki/Ratatouille_(film),tt0382932,Q170035,tmdb
2277,Bicentennial Man (film),https://en.wikipedia.org/wiki/Bicentennial_Man_(film),tt0182789,Q170250,tmdb
2251,Unfaithful (2002 film),https://en.wikipedia.org/wiki/Unfaithful_(2002_film),tt0250797,Q970089,tmdb
2023,Hidalgo (film),https://en.wikipedia.org/wiki/Hidalgo_(film),tt0317648,Q977750,tmdb
2646,Aces Go Places 3,https://en.wikipedia.org/wiki/Aces_Go_Places_3,tt0088457,Q1015901,tmdb
1946,Existenz,https://en.wikipedia.org/wiki/Existenz,tt0120907,Q1050838,tmdb
2124,Color of Night,https://en.wikipedia.org/wiki/Color_of_Night,tt0109456,Q1111228,tmdb
2313,Prime (film),https://en.wikipedia.org/wiki/Prime_(film),tt0387514,Q1123917,tmdb
2666,Dark City (1998 film),https://en.wikipedia.org/wiki/Dark_City_(1998_film),tt0118929,Q1127281,tmdb
1991,Death Proof,https://en.wikipedia.org/wiki/Death_Proof,tt1028528,Q1137310,tmdb
1923,Twin Peaks: Fire Walk with Me,https://en.wikipedia.org/wiki/Twin_Peaks:_Fire_Walk_with_Me,tt0105665,Q1140578,tmdb
1951,Manderlay,https://en.wikipedia.org/wiki/Manderlay,tt0342735,Q1141731,tmdb
1992,Planet Terror,https://en.wikipedia.org/wiki/Planet_Terror,tt1077258,Q1165050,tmdb
1779,Roger & Me,https://en.wikipedia.org/wiki/Roger_%26_Me,tt0098213,Q1569662,tmdb
2470,Belle Époque (film),https://en.wikipedia.org/wiki/Belle_%C3%89poque_(film),tt0103791,Q1675466,tmdb
2460,Earth (1996 film),https://en.wikipedia.org/wiki/Earth_(1996_film),tt0117909,Q1784355,tmdb
2610,Shopgirl,https://en.wikipedia.org/wiki/Shopgirl,tt0338427,Q2005056,tmdb
2096,Tycus,https://en.wikipedia.org/wiki/Tycus,tt0156146,Q2462564,tmdb
2625,Mr. Jones (1993 film),https://en.wikipedia.org/wiki/Mr._Jones_(1993_film),tt0107611,Q2525108,tmdb
1863,Sunflower (1970 film),https://en.wikipedia.org/wiki/Sunflower_(1970_film),tt0065782,Q2712854,tmdb
2021,Jack and Sarah,https://en.wikipedia.org/wiki/Jack_and_Sarah,tt0113448,Q3805533,tmdb
2636,The Specialist,https://en.wikipedia.org/wiki/The_Specialist,tt0111255,Q471423,tmdb
2291,Jacob's Ladder (1990 film),https://en.wikipedia.org/wiki/Jacob%27s_Ladder_(1990_film),tt0099871,Q482626,tmdb
2044,The Lake House (film),https://en.wikipedia.org/wiki/The_Lake_House_(film),tt0410297,Q487138,tmdb
2071,Shattered (1991 film),https://en.wikipedia.org/wiki/Shattered_(1991_film),tt0102900,Q492558,tmdb
2322,Sneakers (1992 film),https://en.wikipedia.org/wiki/Sneakers_(1992_film),tt0105435,Q497082,tmdb
2108,The Breakfast Club,https://en.wikipedia.org/wiki/The_Breakfast_Club,tt0088847,Q499152,tmdb
2135,The Time Machine (2002 film),https://en.wikipedia.org/wiki/The_Time_Machine_(2002_film),tt0268695,Q499633,tmdb
2157,Lost in Space (film),https://en.wikipedia.org/wiki/Lost_in_Space_(film),tt0120738,Q502908,tmdb
2362,Westworld (film),https://en.wikipedia.org/wiki/Westworld_(film),tt0070909,Q503343,tmdb
2614,Innerspace,https://en.wikipedia.org/wiki/Innerspace,tt0093260,Q506390,tmdb
2493,The Princess Bride,https://en.wikipedia.org/wiki/The_Princess_Bride,tt0093779,Q506418,tmdb
2133,The Perfect Storm (film),https://en.wikipedia.org/wiki/The_Perfect_Storm_(film),tt0177971,Q508349,tmdb
2671,Ring (film),https://en.wikipedia.org/wiki/Ring_(film),tt0178868,Q531328,tmdb
2241,Sonnenallee,https://en.wikipedia.org/wiki/Sonnenallee,tt0177242,Q540191,tmdb
2639,Deconstructing Harry,https://en.wikipedia.org/wiki/Deconstructing_Harry,tt0118954,Q551762,tmdb
2142,Cop Land,https://en.wikipedia.org/wiki/Cop_Land,tt0118887,Q558102,tmdb
2655,What Lies Beneath,https://en.wikipedia.org/wiki/What_Lies_Beneath,tt0161081,Q570481,tmdb
2265,Momo (1986 film),https://en.wikipedia.org/wiki/Momo_(1986_film),tt0091537,Q570967,tmdb
2019,Hard Target,https://en.wikipedia.org/wiki/Hard_Target,tt0107076,Q574993,tmdb
1844,Entrapment (film),https://en.wikipedia.org/wiki/Entrapment_(film),tt0137494,Q578873,tmdb
1913,The Sea Inside,https://en.wikipedia.org/wiki/The_Sea_Inside,tt0369702,Q593615,tmdb
2119,Days of Thunder,https://en.wikipedia.org/wiki/Days_of_Thunder,tt0099371,Q603696,tmdb
2616,Uncle Buck,https://en.wikipedia.org/wiki/Uncle_Buck,tt0098554,Q609091,tmdb
1945,Nell (film),https://en.wikipedia.org/wiki/Nell_(film),tt0110638,Q612323,tmdb
2331,Jesus (1999 film),https://en.wikipedia.org/wiki/Jesus_(1999_film),tt0199232,Q614950,tmdb
1811,Nowhere (1997 film),https://en.wikipedia.org/wiki/Nowhere_(1997_film),tt0119809,Q629570,tmdb
2268,The Golden Compass (film),https://en.wikipedia.org/wiki/The_Golden_Compass_(film),tt0385752,Q637021,tmdb
2141,James Dean (2001 film),https://en.wikipedia.org/wiki/James_Dean_(2001_film),tt0240628,Q639449,tmdb
2667,The Blair Witch Project,https://en.wikipedia.org/wiki/The_Blair_Witch_Project,tt0185937,Q644554,tmdb
2024,The Patriot (2000 film),https://en.wikipedia.org/wiki/The_Patriot_(2000_film),tt0187393,Q646633,tmdb
2057,Original Sin (2001 film),https://en.wikipedia.org/wiki/Original_Sin_(2001_film),tt0218922,Q684538,tmdb
1922,Irina Palm,https://en.wikipedia.org/wiki/Irina_Palm,tt0762110,Q689318,tmdb
1927,Hulk (film),https://en.wikipedia.org/wiki/Hulk_(film),tt0286716,Q696042,tmdb
2649,The Game (1997 film),https://en.wikipedia.org/wiki/The_Game_(1997_film),tt0119174,Q723187,tmdb
2330,Taxi (1998 film),https://en.wikipedia.org/wiki/Taxi_(1998_film),tt0152930,Q726215,tmdb
2609,"Planes, Trains and Automobiles","https://en.wikipedia.org/wiki/Planes,_Trains_and_Automobiles",tt0093748,Q736788,tmdb
2292,Clerks (film),https://en.wikipedia.org/wiki/Clerks_(film),tt0109445,Q747877,tmdb
1911,The 13th Warrior,https://en.wikipedia.org/wiki/The_13th_Warrior,tt0120657,Q748030,tmdb
2252,Eastern Promises,https://en.wikipedia.org/wiki/Eastern_Promises,tt0765443,Q752017,tmdb
1812,Trick (1999 film),https://en.wikipedia.org/wiki/Trick_(1999_film),tt0162710,Q763446,tmdb
2005,Sister Act,https://en.wikipedia.org/wiki/Sister_Act,tt0105417,Q776302,tmdb
2302,Avalon (1990 film),https://en.wikipedia.org/wiki/Avalon_(1990_film),tt0099073,Q790090,tmdb
1887,Marie Antoinette (2006 film),https://en.wikipedia.org/wiki/Marie_Antoinette_(2006_film),tt0422720,Q829695,tmdb
2123,"Me, Myself & Irene","https://en.wikipedia.org/wiki/Me,_Myself_%26_Irene",tt0183505,Q844506,tmdb
1885,The Karate Kid,https://en.wikipedia.org/wiki/The_Karate_Kid,tt0087538,Q846679,tmdb
2280,Big (film),https://en.wikipedia.org/wiki/Big_(film),tt0094737,Q858467,tmdb
2110,Wasabi (film),https://en.wikipedia.org/wiki/Wasabi_(film),tt0281364,Q906639,tmdb
2082,Halloween (2007 film),https://en.wikipedia.org/wiki/Halloween_(2007_film),tt0373883,Q909063,tmdb
4931,Madigan,https://en.wikipedia.org/wiki/Madigan,tt0063256,Q45304,tmdb
3082,Modern Times (film),https://en.wikipedia.org/wiki/Modern_Times_(film),tt0027977,Q45602,tmdb
4232,Scream (1996 film),https://en.wikipedia.org/wiki/Scream_(1996_film),tt0117571,Q27411,tmdb
4935,Howl's Moving Castle (film),https://en.wikipedia.org/wiki/Howl%27s_Moving_Castle_(film),tt0347149,Q29011,tmdb
3131,Gangs of New York,https://en.wikipedia.org/wiki/Gangs_of_New_York,tt0217505,Q154581,tmdb
5503,The Fugitive (1993 film),https://en.wikipedia.org/wiki/The_Fugitive_(1993_film),tt0106977,Q156309,tmdb
5689,The Blue Lagoon (1980 film),https://en.wikipedia.org/wiki/The_Blue_Lagoon_(1980_film),tt0080453,Q83767,tmdb
4627,Krabat (film),https://en.wikipedia.org/wiki/Krabat_(film),tt0772181,Q122652,tmdb
3782,Ikiru,https://en.wikipedia.org/wiki/Ikiru,tt0044741,Q152105,tmdb
3170,Bambi,https://en.wikipedia.org/wiki/Bambi,tt0034492,Q43051,tmdb
3597,I Know What You Did Last Summer,https://en.wikipedia.org/wiki/I_Know_What_You_Did_Last_Summer,tt0119345,Q302174,tmdb
4011,Beetlejuice,https://en.wikipedia.org/wiki/Beetlejuice,tt0094721,Q320384,tmdb
2898,As Good as It Gets,https://en.wikipedia.org/wiki/As_Good_as_It_Gets,tt0119822,Q221594,tmdb
2976,Hairspray (2007 film),https://en.wikipedia.org/wiki/Hairspray_(2007_film),tt0427327,Q222041,tmdb
4558,Orpheus (film),https://en.wikipedia.org/wiki/Orpheus_(film),tt0041719,Q2162087,tmdb
5677,Trancers,https://en.wikipedia.org/wiki/Trancers,tt0090192,Q2448717,tmdb
4073,The Holes,https://en.wikipedia.org/wiki/The_Holes,tt0070090,Q3232939,tmdb
4365,Munchies (film),https://en.wikipedia.org/wiki/Munchies_(film),tt0093582,Q3867094,tmdb
4290,Supergator,https://en.wikipedia.org/wiki/Supergator,tt0827735,Q7643390,tmdb
5492,Gunner (film),https://en.wikipedia.org/wiki/Gunner_(film),tt12598606,Q117743008,tmdb
4613,Scorched (2003 film),https://en.wikipedia.org/wiki/Scorched_(2003_film),tt0286947,Q320431,tmdb
2770,American Pie 2,https://en.wikipedia.org/wiki/American_Pie_2,tt0252866,Q329127,tmdb
2756,The Abyss,https://en.wikipedia.org/wiki/The_Abyss,tt0096754,Q336517,tmdb
3049,Ace Ventura: Pet Detective,https://en.wikipedia.org/wiki/Ace_Ventura:_Pet_Detective,tt0109040,Q340138,tmdb
2757,Adaptation (film),https://en.wikipedia.org/wiki/Adaptation_(film),tt0268126,Q352431,tmdb
4964,Knocked Up,https://en.wikipedia.org/wiki/Knocked_Up,tt0478311,Q222800,tmdb
4513,30 Days of Night (film),https://en.wikipedia.org/wiki/30_Days_of_Night_(film),tt0389722,Q224117,tmdb
4327,Charlie's Angels (2000 film),https://en.wikipedia.org/wiki/Charlie%27s_Angels_(2000_film),tt0160127,Q229599,tmdb
2759,"The Adventures of Priscilla, Queen of the Desert","https://en.wikipedia.org/wiki/The_Adventures_of_Priscilla,_Queen_of_the_Desert",tt0109045,Q255328,tmdb
4722,Body Snatchers (1993 film),https://en.wikipedia.org/wiki/Body_Snatchers_(1993_film),tt0106452,Q257514,tmdb
4982,American Gangster (film),https://en.wikipedia.org/wiki/American_Gangster_(film),tt0765429,Q270351,tmdb
4348,Pride & Prejudice (2005 film),https://en.wikipedia.org/wiki/Pride_%26_Prejudice_(2005_film),tt0414387,Q270385,tmdb
4233,Scream 2,https://en.wikipedia.org/wiki/Scream_2,tt0120082,Q270599,tmdb
3489,88 Minutes,https://en.wikipedia.org/wiki/88_Minutes,tt0411061,Q274400,tmdb
5559,Bee Movie,https://en.wikipedia.org/wiki/Bee_Movie,tt0389790,Q275167,tmdb
3580,Changeling (film),https://en.wikipedia.org/wiki/Changeling_(film),tt0824747,Q275553,tmdb
4244,Disney's The Kid,https://en.wikipedia.org/wiki/Disney%27s_The_Kid,tt0219854,Q280186,tmdb
4441,Candy (2006 film),https://en.wikipedia.org/wiki/Candy_(2006_film),tt0424880,Q280928,tmdb
4995,Boogie Nights,https://en.wikipedia.org/wiki/Boogie_Nights,tt0118749,Q291170,tmdb
4942,Leatherheads,https://en.wikipedia.org/wiki/Leatherheads,tt0379865,Q653974,tmdb
5336,"Salò, or the 120 Days of Sodom","https://en.wikipedia.org/wiki/Sal%C3%B2,_or_the_120_Days_of_Sodom",tt0073650,Q657977,tmdb
4538,The Darjeeling Limited,https://en.wikipedia.org/wiki/The_Darjeeling_Limited,tt0838221,Q658944,tmdb
3050,Dr. Dolittle (1998 film),https://en.wikipedia.org/wiki/Dr._Dolittle_(1998_film),tt0118998,Q663014,tmdb
5123,August Rush,https://en.wikipedia.org/wiki/August_Rush,tt0426931,Q695297,tmdb
4588,"Lust, Caution","https://en.wikipedia.org/wiki/Lust,_Caution",tt0808357,Q718524,tmdb
5528,The Chorus (2004 film),https://en.wikipedia.org/wiki/The_Chorus_(2004_film),tt0372824,Q721158,tmdb
4517,Elizabeth: The Golden Age,https://en.wikipedia.org/wiki/Elizabeth:_The_Golden_Age,tt0414055,Q727846,tmdb
4638,Hot Fuzz,https://en.wikipedia.org/wiki/Hot_Fuzz,tt0425112,Q729788,tmdb
4485,Diva (1981 film),https://en.wikipedia.org/wiki/Diva_(1981_film),tt0082269,Q735383,tmdb
2899,Asterix & Obelix: Mission Cleopatra,https://en.wikipedia.org/wiki/Asterix_%26_Obelix:_Mission_Cleopatra,tt0250223,Q737904,tmdb
4547,Panic Room,https://en.wikipedia.org/wiki/Panic_Room,tt0258000,Q741042,tmdb
5176,3:10 to Yuma (2007 film),https://en.wikipedia.org/wiki/3:10_to_Yuma_(2007_film),tt0381849,Q746029,tmdb
3581,Death Line,https://en.wikipedia.org/wiki/Death_Line,tt0068458,Q753151,tmdb
3133,Badlands (film),https://en.wikipedia.org/wiki/Badlands_(film),tt0069762,Q799202,tmdb
3134,Baise-moi,https://en.wikipedia.org/wiki/Baise-moi,tt0249380,Q803974,tmdb
3902,I'm Not There,https://en.wikipedia.org/wiki/I%27m_Not_There,tt0368794,Q816772,tmdb
4108,The Transporter,https://en.wikipedia.org/wiki/The_Transporter,tt0293662,Q819972,tmdb
5175,Rush Hour 2,https://en.wikipedia.org/wiki/Rush_Hour_2,tt0266915,Q830208,tmdb
3563,I Now Pronounce You Chuck & Larry,https://en.wikipedia.org/wiki/I_Now_Pronounce_You_Chuck_%26_Larry,tt0762107,Q832456,tmdb
4032,My Girl (film),https://en.wikipedia.org/wiki/My_Girl_(film),tt0102492,Q833299,tmdb
4553,The Machinist,https://en.wikipedia.org/wiki/The_Machinist,tt0361862,Q845252,tmdb
5255,The Polar Express (film),https://en.wikipedia.org/wiki/The_Polar_Express_(film),tt0338348,Q862197,tmdb
3176,Battle Royale (film),https://en.wikipedia.org/wiki/Battle_Royale_(film),tt0266308,Q864592,tmdb
4258,Scary Movie 5,https://en.wikipedia.org/wiki/Scary_Movie_5,tt0795461,Q867294,tmdb
5072,Severance (film),https://en.wikipedia.org/wiki/Severance_(film),tt0464196,Q870666,tmdb
3989,Team America: World Police,https://en.wikipedia.org/wiki/Team_America:_World_Police,tt0372588,Q907640,tmdb
4476,Legends of the Fall,https://en.wikipedia.org/wiki/Legends_of_the_Fall,tt0110322,Q913324,tmdb
2925,The First Wives Club,https://en.wikipedia.org/wiki/The_First_Wives_Club,tt0116313,Q913620,tmdb
4105,Black Rain (1989 American film),https://en.wikipedia.org/wiki/Black_Rain_(1989_American_film),tt0096933,Q1048085,tmdb
4614,The Sum of All Fears (film),https://en.wikipedia.org/wiki/The_Sum_of_All_Fears_(film),tt0164184,Q1048846,tmdb
4257,Scary Movie 4,https://en.wikipedia.org/wiki/Scary_Movie_4,tt0362120,Q1055299,tmdb
5289,Chaos (2005 action film),https://en.wikipedia.org/wiki/Chaos_(2005_action_film),tt0402910,Q1062533,tmdb
2731,Indochine (film),https://en.wikipedia.org/wiki/Indochine_(film),tt0104507,Q1130644,tmdb
3084,Wuthering Heights (1939 film),https://en.wikipedia.org/wiki/Wuthering_Heights_(1939_film),tt0032145,Q1140611,tmdb
2990,Pacific Heights (film),https://en.wikipedia.org/wiki/Pacific_Heights_(film),tt0100318,Q1148079,tmdb
3981,What Women Want,https://en.wikipedia.org/wiki/What_Women_Want,tt0207201,Q156394,tmdb
3933,Corpse Bride,https://en.wikipedia.org/wiki/Corpse_Bride,tt0121164,Q164417,tmdb
5279,Gosford Park,https://en.wikipedia.org/wiki/Gosford_Park,tt0280707,Q165392,tmdb
4824,The Jackal (1997 film),https://en.wikipedia.org/wiki/The_Jackal_(1997_film),tt0119395,Q167437,tmdb
4951,10 Things I Hate About You,https://en.wikipedia.org/wiki/10_Things_I_Hate_About_You,tt0147800,Q169082,tmdb
4464,Seabiscuit (film),https://en.wikipedia.org/wiki/Seabiscuit_(film),tt0329575,Q179018,tmdb
2749,15 Minutes,https://en.wikipedia.org/wiki/15_Minutes,tt0179626,Q180395,tmdb
4922,The Curious Case of Benjamin Button (film),https://en.wikipedia.org/wiki/The_Curious_Case_of_Benjamin_Button_(film),tt0421715,Q183239,tmdb
4283,Primeval (film),https://en.wikipedia.org/wiki/Primeval_(film),tt0772193,Q188019,tmdb
2698,Evan Almighty,https://en.wikipedia.org/wiki/Evan_Almighty,tt0413099,Q195949,tmdb
3021,1408 (film),https://en.wikipedia.org/wiki/1408_(film),tt0450385,Q203560,tmdb
2758,Addams Family Values,https://en.wikipedia.org/wiki/Addams_Family_Values,tt0106220,Q204725,tmdb
4247,Scary Movie,https://en.wikipedia.org/wiki/Scary_Movie,tt0175142,Q219424,tmdb
2907,The Addams Family (1991 film),https://en.wikipedia.org/wiki/The_Addams_Family_(1991_film),tt0101272,Q1210947,tmdb
4031,Going Places (1974 film),https://en.wikipedia.org/wiki/Going_Places_(1974_film),tt0072353,Q1211174,tmdb
4289,Dinocroc,https://en.wikipedia.org/wiki/Dinocroc,tt0365653,Q1226604,tmdb
4488,Friday the 13th (1980 film),https://en.wikipedia.org/wiki/Friday_the_13th_(1980_film),tt0080761,Q1243029,tmdb
5651,Up! (1976 film),https://en.wikipedia.org/wiki/Up!_(1976_film),tt0075376,Q1261757,tmdb
5680,Elvira: Mistress of the Dark (film),https://en.wikipedia.org/wiki/Elvira:_Mistress_of_the_Dark_(film),tt0095088,Q1334314,tmdb
4587,Mermaids (1990 film),https://en.wikipedia.org/wiki/Mermaids_(1990_film),tt0100140,Q1361375,tmdb
5203,Wild Orchid (film),https://en.wikipedia.org/wiki/Wild_Orchid_(film),tt0100934,Q1371008,tmdb
4961,Mimic (film),https://en.wikipedia.org/wiki/Mimic_(film),tt0119675,Q1423555,tmdb
5236,Kiss Kiss Bang Bang,https://en.wikipedia.org/wiki/Kiss_Kiss_Bang_Bang,tt0373469,Q1423695,tmdb
3121,Nashville (film),https://en.wikipedia.org/wiki/Nashville_(film),tt0073440,Q1424258,tmdb
4347,Atonement (2007 film),https://en.wikipedia.org/wiki/Atonement_(2007_film),tt0783233,Q1626186,tmdb
4556,Nightwatching,https://en.wikipedia.org/wiki/Nightwatching,tt0446750,Q1989818,tmdb
4241,Visitor Q,https://en.wikipedia.org/wiki/Visitor_Q,tt0290329,Q2031745,tmdb
5548,RoboCop,https://en.wikipedia.org/wiki/RoboCop,tt0093870,Q372514,tmdb
4944,Burn After Reading,https://en.wikipedia.org/wiki/Burn_After_Reading,tt0887883,Q381731,tmdb
4564,Sex and the City (film),https://en.wikipedia.org/wiki/Sex_and_the_City_(film),tt1000774,Q381751,tmdb
3767,Gilda (film),https://en.wikipedia.org/wiki/Gilda_(film),tt0038559,Q382307,tmdb
4512,The Assassination of Jesse James by the Coward Robert Ford,https://en.wikipedia.org/wiki/The_Assassination_of_Jesse_James_by_the_Coward_Robert_Ford,tt0443680,Q388950,tmdb
3558,"Girl, Interrupted (film)","https://en.wikipedia.org/wiki/Girl,_Interrupted_(film)",tt0172493,Q463101,tmdb
4147,Road to Perdition,https://en.wikipedia.org/wiki/Road_to_Perdition,tt0257044,Q468033,tmdb
3175,Barry Lyndon,https://en.wikipedia.org/wiki/Barry_Lyndon,tt0072684,Q471716,tmdb
4523,Enchanted (film),https://en.wikipedia.org/wiki/Enchanted_(film),tt0461770,Q490464,tmdb
2978,Ghostbusters II,https://en.wikipedia.org/wiki/Ghostbusters_II,tt0097428,Q492214,tmdb
5174,Rush Hour 3,https://en.wikipedia.org/wiki/Rush_Hour_3,tt0293564,Q498109,tmdb
5125,Rendition (film),https://en.wikipedia.org/wiki/Rendition_(film),tt0804522,Q498797,tmdb
3035,Frankenstein (1931 film),https://en.wikipedia.org/wiki/Frankenstein_(1931_film),tt0021884,Q546829,tmdb
3432,Mr. Brooks,https://en.wikipedia.org/wiki/Mr._Brooks,tt0780571,Q548906,tmdb
4977,Paprika (2006 film),https://en.wikipedia.org/wiki/Paprika_(2006_film),tt0851578,Q578595,tmdb
4478,Indecent Proposal,https://en.wikipedia.org/wiki/Indecent_Proposal,tt0107211,Q603448,tmdb
5653,Luther (2003 film),https://en.wikipedia.org/wiki/Luther_(2003_film),tt0309820,Q611404,tmdb
4133,Blow (film),https://en.wikipedia.org/wiki/Blow_(film),tt0221027,Q631515,tmdb
4256,Scary Movie 3,https://en.wikipedia.org/wiki/Scary_Movie_3,tt0306047,Q635937,tmdb
4248,Scary Movie 2,https://en.wikipedia.org/wiki/Scary_Movie_2,tt0257106,Q642501,tmdb
4584,Sense and Sensibility (1995 film),https://en.wikipedia.org/wiki/Sense_and_Sensibility_(1995_film),tt0114388,Q643263,tmdb
3591,One Million Years B.C.,https://en.wikipedia.org/wiki/One_Million_Years_B.C.,tt0060782,Q644149,tmdb
3034,Young Frankenstein,https://en.wikipedia.org/wiki/Young_Frankenstein,tt0072431,Q651923,tmdb
6309,Flood (2007 film),https://en.wikipedia.org/wiki/Flood_(2007_film),tt0790665,Q1212516,tmdb
8617,Prom Night (2008 film),https://en.wikipedia.org/wiki/Prom_Night_(2008_film),tt0926129,Q1301177,tmdb
8005,Robin Hood: Men in Tights,https://en.wikipedia.org/wiki/Robin_Hood:_Men_in_Tights,tt0107977,Q1334948,tmdb
8619,Master and Commander: The Far Side of the World,https://en.wikipedia.org/wiki/Master_and_Commander:_The_Far_Side_of_the_World,tt0311113,Q1125384,tmdb
6957,The 40-Year-Old Virgin,https://en.wikipedia.org/wiki/The_40-Year-Old_Virgin,tt0405422,Q1139794,tmdb
6279,Sister Act 2: Back in the Habit,https://en.wikipedia.org/wiki/Sister_Act_2:_Back_in_the_Habit,tt0108147,Q1140762,tmdb
8470,John Q.,https://en.wikipedia.org/wiki/John_Q.,tt0251160,Q1141457,tmdb
6439,Racing Stripes,https://en.wikipedia.org/wiki/Racing_Stripes,tt0376105,Q1165633,tmdb
8592,Dick Tracy (1990 film),https://en.wikipedia.org/wiki/Dick_Tracy_(1990_film),tt0099422,Q1209853,tmdb
7270,Matchstick Men,https://en.wikipedia.org/wiki/Matchstick_Men,tt0325805,Q4536,tmdb
8392,My Neighbor Totoro,https://en.wikipedia.org/wiki/My_Neighbor_Totoro,tt0096283,Q39571,tmdb
7512,Idiocracy,https://en.wikipedia.org/wiki/Idiocracy,tt0387808,Q1347609,tmdb
8292,Four Brothers (film),https://en.wikipedia.org/wiki/Four_Brothers_(film),tt0430105,Q1411345,tmdb
7942,Run Fatboy Run,https://en.wikipedia.org/wiki/Run_Fatboy_Run,tt0425413,Q1417929,tmdb
6977,No Country for Old Men,https://en.wikipedia.org/wiki/No_Country_for_Old_Men,tt0477348,Q183081,tmdb
7233,Rebound (2005 film),https://en.wikipedia.org/wiki/Rebound_(2005_film),tt0376108,Q188335,tmdb
7978,The Wolfman (film),https://en.wikipedia.org/wiki/The_Wolfman_(film),tt0780653,Q205532,tmdb
7555,Rambo (2008 film),https://en.wikipedia.org/wiki/Rambo_(2008_film),tt0462499,Q159870,tmdb
7340,Carrie (1976 film),https://en.wikipedia.org/wiki/Carrie_(1976_film),tt0074285,Q162672,tmdb
7840,"10,000 BC (film)","https://en.wikipedia.org/wiki/10,000_BC_(film)",tt0443649,Q163899,tmdb
8456,Never Back Down,https://en.wikipedia.org/wiki/Never_Back_Down,tt1023111,Q165268,tmdb
8355,Ice Age: Dawn of the Dinosaurs,https://en.wikipedia.org/wiki/Ice_Age:_Dawn_of_the_Dinosaurs,tt1080016,Q179503,tmdb
6145,Fracture (2007 film),https://en.wikipedia.org/wiki/Fracture_(2007_film),tt0488120,Q180405,tmdb
6068,"Six Days, Seven Nights","https://en.wikipedia.org/wiki/Six_Days,_Seven_Nights",tt0120828,Q1124980,tmdb
8224,8mm (film),https://en.wikipedia.org/wiki/8mm_(film),tt0134273,Q274973,tmdb
6972,Australia (2008 film),https://en.wikipedia.org/wiki/Australia_(2008_film),tt0455824,Q275180,tmdb
7451,XXX (2002 film),https://en.wikipedia.org/wiki/XXX_(2002_film),tt0295701,Q283799,tmdb
7553,Waiting... (film),https://en.wikipedia.org/wiki/Waiting..._(film),tt0348333,Q303862,tmdb
7485,Shooter (2007 film),https://en.wikipedia.org/wiki/Shooter_(2007_film),tt0822854,Q309014,tmdb
7305,Alive (1993 film),https://en.wikipedia.org/wiki/Alive_(1993_film),tt0106246,Q332798,tmdb
7446,Tropic Thunder,https://en.wikipedia.org/wiki/Tropic_Thunder,tt0942385,Q380981,tmdb
6477,Alvin and the Chipmunks (film),https://en.wikipedia.org/wiki/Alvin_and_the_Chipmunks_(film),tt0952640,Q387348,tmdb
7131,Van Helsing (film),https://en.wikipedia.org/wiki/Van_Helsing_(film),tt0338526,Q211009,tmdb
6479,I Am Legend (film),https://en.wikipedia.org/wiki/I_Am_Legend_(film),tt0480249,Q212689,tmdb
7484,Open Season (2006 film),https://en.wikipedia.org/wiki/Open_Season_(2006_film),tt0400717,Q213012,tmdb
8358,Cast Away,https://en.wikipedia.org/wiki/Cast_Away,tt0162222,Q213411,tmdb
8065,21 (2008 film),https://en.wikipedia.org/wiki/21_(2008_film),tt0478087,Q213999,tmdb
6557,27 Dresses,https://en.wikipedia.org/wiki/27_Dresses,tt0988595,Q220154,tmdb
6916,"Watch Out, We're Mad!","https://en.wikipedia.org/wiki/Watch_Out,_We%27re_Mad!",tt0069697,Q232261,tmdb
7345,There Will Be Blood,https://en.wikipedia.org/wiki/There_Will_Be_Blood,tt0469494,Q244315,tmdb
8321,In Bruges,https://en.wikipedia.org/wiki/In_Bruges,tt0780536,Q244931,tmdb
7518,Over the Hedge,https://en.wikipedia.org/wiki/Over_the_Hedge,tt0327084,Q245366,tmdb
7551,Déjà Vu (2006 film),https://en.wikipedia.org/wiki/D%C3%A9j%C3%A0_Vu_(2006_film),tt0453467,Q252409,tmdb
8536,Superman II,https://en.wikipedia.org/wiki/Superman_II,tt0081573,Q267672,tmdb
5915,Into the Wild (film),https://en.wikipedia.org/wiki/Into_the_Wild_(film),tt0758758,Q269912,tmdb
8337,They Live,https://en.wikipedia.org/wiki/They_Live,tt0096256,Q72909,tmdb
7326,Juno (film),https://en.wikipedia.org/wiki/Juno_(film),tt0467406,Q79503,tmdb
8328,Step Up 2: The Streets,https://en.wikipedia.org/wiki/Step_Up_2:_The_Streets,tt1023481,Q81487,tmdb
6114,Bram Stoker's Dracula (1992 film),https://en.wikipedia.org/wiki/Bram_Stoker%27s_Dracula_(1992_film),tt0103874,Q107325,tmdb
8077,Alien 3,https://en.wikipedia.org/wiki/Alien_3,tt0103644,Q108543,tmdb
5925,The Great Escape (film),https://en.wikipedia.org/wiki/The_Great_Escape_(film),tt0057115,Q110354,tmdb
7191,Cloverfield,https://en.wikipedia.org/wiki/Cloverfield,tt1060277,Q123742,tmdb
7288,Duplex (film),https://en.wikipedia.org/wiki/Duplex_(film),tt0266489,Q128934,tmdb
7552,Fun with Dick and Jane (2005 film),https://en.wikipedia.org/wiki/Fun_with_Dick_and_Jane_(2005_film),tt0369441,Q132266,tmdb
5723,Once (film),https://en.wikipedia.org/wiki/Once_(film),tt0907657,Q137754,tmdb
6795,Zathura: A Space Adventure,https://en.wikipedia.org/wiki/Zathura:_A_Space_Adventure,tt0406375,Q148326,tmdb
6620,Sabrina (1954 film),https://en.wikipedia.org/wiki/Sabrina_(1954_film),tt0047437,Q152493,tmdb
7443,Chicken Run,https://en.wikipedia.org/wiki/Chicken_Run,tt0120630,Q156401,tmdb
8009,Highlander (film),https://en.wikipedia.org/wiki/Highlander_(film),tt0091203,Q156539,tmdb
8055,The Reader (2008 film),https://en.wikipedia.org/wiki/The_Reader_(2008_film),tt0976051,Q159063,tmdb
5825,National Lampoon's Christmas Vacation,https://en.wikipedia.org/wiki/National_Lampoon%27s_Christmas_Vacation,tt0097958,Q1421476,tmdb
7095,Jack (1996 film),https://en.wikipedia.org/wiki/Jack_(1996_film),tt0116669,Q1471358,tmdb
7093,Vatel (film),https://en.wikipedia.org/wiki/Vatel_(film),tt0190861,Q1516553,tmdb
8325,Tiptoes,https://en.wikipedia.org/wiki/Tiptoes,tt0316768,Q1640008,tmdb
7091,Vampire's Kiss,https://en.wikipedia.org/wiki/Vampire%27s_Kiss,tt0098577,Q1646783,tmdb
7861,Outsourced (film),https://en.wikipedia.org/wiki/Outsourced_(film),tt0425326,Q2006346,tmdb
8440,Carandiru (film),https://en.wikipedia.org/wiki/Carandiru_(film),tt0293007,Q2280159,tmdb
5899,The Northerners,https://en.wikipedia.org/wiki/The_Northerners,tt0105019,Q2615833,tmdb
8202,Æon Flux (film),https://en.wikipedia.org/wiki/%C3%86on_Flux_(film),tt0402022,Q2919862,tmdb
5721,Vixen!,https://en.wikipedia.org/wiki/Vixen!,tt0063787,Q3561683,tmdb
6637,National Treasure: Book of Secrets,https://en.wikipedia.org/wiki/National_Treasure:_Book_of_Secrets,tt0465234,Q388360,tmdb
5994,The Family Man,https://en.wikipedia.org/wiki/The_Family_Man,tt0218967,Q428551,tmdb
8078,Alien Resurrection,https://en.wikipedia.org/wiki/Alien_Resurrection,tt0118583,Q458314,tmdb
8204,The Spiderwick Chronicles (film),https://en.wikipedia.org/wiki/The_Spiderwick_Chronicles_(film),tt0416236,Q461768,tmdb
8467,Dumb and Dumber,https://en.wikipedia.org/wiki/Dumb_and_Dumber,tt0109686,Q462418,tmdb
8068,Desperado (film),https://en.wikipedia.org/wiki/Desperado_(film),tt0112851,Q465009,tmdb
6947,The Village (2004 film),https://en.wikipedia.org/wiki/The_Village_(2004_film),tt0368447,Q465227,tmdb
8277,American Pie Presents: Beta House,https://en.wikipedia.org/wiki/American_Pie_Presents:_Beta_House,tt0974959,Q466329,tmdb
8275,American Pie Presents: The Naked Mile,https://en.wikipedia.org/wiki/American_Pie_Presents:_The_Naked_Mile,tt0808146,Q466383,tmdb
8273,American Wedding,https://en.wikipedia.org/wiki/American_Wedding,tt0328828,Q466423,tmdb
5902,A Bridge Too Far (film),https://en.wikipedia.org/wiki/A_Bridge_Too_Far_(film),tt0075784,Q467053,tmdb
8367,Robin Hood: Prince of Thieves,https://en.wikipedia.org/wiki/Robin_Hood:_Prince_of_Thieves,tt0102798,Q486822,tmdb
7299,Equilibrium (film),https://en.wikipedia.org/wiki/Equilibrium_(film),tt0238380,Q507461,tmdb
8374,The Boondock Saints,https://en.wikipedia.org/wiki/The_Boondock_Saints,tt0144117,Q509799,tmdb
5879,In the Realm of the Senses,https://en.wikipedia.org/wiki/In_the_Realm_of_the_Senses,tt0074102,Q510181,tmdb
8247,Jumper (2008 film),https://en.wikipedia.org/wiki/Jumper_(2008_film),tt0489099,Q541079,tmdb
7736,Katzelmacher,https://en.wikipedia.org/wiki/Katzelmacher,tt0064536,Q567519,tmdb
6964,Something's Gotta Give (film),https://en.wikipedia.org/wiki/Something%27s_Gotta_Give_(film),tt0337741,Q584766,tmdb
8271,Disturbia (film),https://en.wikipedia.org/wiki/Disturbia_(film),tt0486822,Q592445,tmdb
7516,Smokin' Aces,https://en.wikipedia.org/wiki/Smokin%27_Aces,tt0475394,Q605453,tmdb
8452,The 6th Day,https://en.wikipedia.org/wiki/The_6th_Day,tt0216216,Q633133,tmdb
7548,The Libertine (2005 film),https://en.wikipedia.org/wiki/The_Libertine_(2005_film),tt0375920,Q633307,tmdb
7549,Fearless (2006 film),https://en.wikipedia.org/wiki/Fearless_(2006_film),tt0446059,Q633571,tmdb
7014,Themroc,https://en.wikipedia.org/wiki/Themroc,tt0069369,Q646933,tmdb
8393,The Gods Must Be Crazy,https://en.wikipedia.org/wiki/The_Gods_Must_Be_Crazy,tt0080801,Q647665,tmdb
8363,Superbad,https://en.wikipedia.org/wiki/Superbad,tt0829482,Q679611,tmdb
6282,Coyote Ugly,https://en.wikipedia.org/wiki/Coyote_Ugly,tt0200550,Q683734,tmdb
6076,Rabbit Without Ears,https://en.wikipedia.org/wiki/Rabbit_Without_Ears,tt0960790,Q689605,tmdb
5876,The Mist (film),https://en.wikipedia.org/wiki/The_Mist_(film),tt0884328,Q695209,tmdb
8487,Wild Wild West,https://en.wikipedia.org/wiki/Wild_Wild_West,tt0120891,Q740528,tmdb
6844,The Ten Commandments (1956 film),https://en.wikipedia.org/wiki/The_Ten_Commandments_(1956_film),tt0049833,Q746733,tmdb
7229,Ruby & Quentin,https://en.wikipedia.org/wiki/Ruby_%26_Quentin,tt0310203,Q749169,tmdb
8195,Ronin (film),https://en.wikipedia.org/wiki/Ronin_(film),tt0122690,Q751401,tmdb
8329,Rec (film),https://en.wikipedia.org/wiki/Rec_(film),tt1038988,Q754474,tmdb
6498,Nightwatch (1994 film),https://en.wikipedia.org/wiki/Nightwatch_(1994_film),tt0110631,Q764783,tmdb
8427,I Spy (2002 film),https://en.wikipedia.org/wiki/I_Spy_(2002_film),tt0297181,Q772451,tmdb
7249,Futurama: Bender's Big Score,https://en.wikipedia.org/wiki/Futurama:_Bender%27s_Big_Score,tt0471711,Q792734,tmdb
7453,The Hitchhiker's Guide to the Galaxy (film),https://en.wikipedia.org/wiki/The_Hitchhiker%27s_Guide_to_the_Galaxy_(film),tt0371724,Q836821,tmdb
8338,Blindness (2008 film),https://en.wikipedia.org/wiki/Blindness_(2008_film),tt0861689,Q838405,tmdb
7980,The Lovely Bones (film),https://en.wikipedia.org/wiki/The_Lovely_Bones_(film),tt0380510,Q839123,tmdb
8413,Event Horizon (film),https://en.wikipedia.org/wiki/Event_Horizon_(film),tt0119081,Q849162,tmdb
8584,Shanghai Noon,https://en.wikipedia.org/wiki/Shanghai_Noon,tt0184894,Q849475,tmdb
6978,Big Trouble in Little China,https://en.wikipedia.org/wiki/Big_Trouble_in_Little_China,tt0090728,Q859494,tmdb
7220,The Punisher (2004 film),https://en.wikipedia.org/wiki/The_Punisher_(2004_film),tt0330793,Q909802,tmdb
6075,Carlito's Way,https://en.wikipedia.org/wiki/Carlito%27s_Way,tt0106519,Q939176,tmdb
8488,Hitch (film),https://en.wikipedia.org/wiki/Hitch_(film),tt0386588,Q943338,tmdb
7445,Brothers (2009 film),https://en.wikipedia.org/wiki/Brothers_(2009_film),tt0765010,Q948635,tmdb
8461,Funny Games (2007 film),https://en.wikipedia.org/wiki/Funny_Games_(2007_film),tt0808279,Q951002,tmdb
8469,Animal House,https://en.wikipedia.org/wiki/Animal_House,tt0077975,Q960125,tmdb
6466,Freddy vs. Jason,https://en.wikipedia.org/wiki/Freddy_vs._Jason,tt0329101,Q965859,tmdb
7508,Taare Zameen Par,https://en.wikipedia.org/wiki/Taare_Zameen_Par,tt0986264,Q1043614,tmdb
7985,Penelope (2006 film),https://en.wikipedia.org/wiki/Penelope_(2006_film),tt0472160,Q1074032,tmdb
5851,Showtime (film),https://en.wikipedia.org/wiki/Showtime_(film),tt0284490,Q1091168,tmdb
7214,Coach Carter,https://en.wikipedia.org/wiki/Coach_Carter,tt0393162,Q1104158,tmdb
9476,A Knight's Tale,https://en.wikipedia.org/wiki/A_Knight%27s_Tale,tt0183790,Q114076,tmdb
9391,Enduring Love (film),https://en.wikipedia.org/wiki/Enduring_Love_(film),tt0375735,Q129813,tmdb
8871,How the Grinch Stole Christmas (2000 film),https://en.wikipedia.org/wiki/How_the_Grinch_Stole_Christmas_(2000_film),tt0170016,Q131864,tmdb
9030,The Eye (2008 film),https://en.wikipedia.org/wiki/The_Eye_(2008_film),tt0406759,Q1139236,tmdb
8963,Crimson Tide (film),https://en.wikipedia.org/wiki/Crimson_Tide_(film),tt0112740,Q1140085,tmdb
8872,Wayne's World (film),https://en.wikipedia.org/wiki/Wayne%27s_World_(film),tt0105793,Q1146194,tmdb
9291,The Longest Yard (2005 film),https://en.wikipedia.org/wiki/The_Longest_Yard_(2005_film),tt0398165,Q1131669,tmdb
9277,The Sting,https://en.wikipedia.org/wiki/The_Sting,tt0070735,Q62665,tmdb
8909,Wanted (2008 film),https://en.wikipedia.org/wiki/Wanted_(2008_film),tt0493464,Q4444,tmdb
8656,Deep Impact (film),https://en.wikipedia.org/wiki/Deep_Impact_(film),tt0120647,Q49498,tmdb
9437,Kiss the Girls (1997 film),https://en.wikipedia.org/wiki/Kiss_the_Girls_(1997_film),tt0119468,Q60016,tmdb
9361,The Last of the Mohicans (1992 film),https://en.wikipedia.org/wiki/The_Last_of_the_Mohicans_(1992_film),tt0104691,Q144483,tmdb
8966,Twilight (2008 film),https://en.wikipedia.org/wiki/Twilight_(2008_film),tt1099212,Q160071,tmdb
9360,Anaconda (1997 film),https://en.wikipedia.org/wiki/Anaconda_(1997_film),tt0118615,Q464042,tmdb
8699,Anchorman: The Legend of Ron Burgundy,https://en.wikipedia.org/wiki/Anchorman:_The_Legend_of_Ron_Burgundy,tt0357413,Q467076,tmdb
9289,The Longest Day (film),https://en.wikipedia.org/wiki/The_Longest_Day_(film),tt0056197,Q468484,tmdb
9355,Mad Max Beyond Thunderdome,https://en.wikipedia.org/wiki/Mad_Max_Beyond_Thunderdome,tt0089530,Q426663,tmdb
9386,In the Line of Fire,https://en.wikipedia.org/wiki/In_the_Line_of_Fire,tt0107206,Q427386,tmdb
9256,Kopps,https://en.wikipedia.org/wiki/Kopps,tt0339230,Q431948,tmdb
9334,The Scorpion King,https://en.wikipedia.org/wiki/The_Scorpion_King,tt0277296,Q461682,tmdb
9462,The Way of the Dragon,https://en.wikipedia.org/wiki/The_Way_of_the_Dragon,tt0068935,Q462409,tmdb
9426,The Fly (1986 film),https://en.wikipedia.org/wiki/The_Fly_(1986_film),tt0091064,Q468700,tmdb
9470,Kung Fu Hustle,https://en.wikipedia.org/wiki/Kung_Fu_Hustle,tt0373074,Q470759,tmdb
8938,Tokyo!,https://en.wikipedia.org/wiki/Tokyo!,tt0976060,Q485759,tmdb
9444,Anastasia (1997 film),https://en.wikipedia.org/wiki/Anastasia_(1997_film),tt0118617,Q486609,tmdb
9339,Click (2006 film),https://en.wikipedia.org/wiki/Click_(2006_film),tt0389860,Q496654,tmdb
9377,Ferris Bueller's Day Off,https://en.wikipedia.org/wiki/Ferris_Bueller%27s_Day_Off,tt0091042,Q498906,tmdb
8835,Legally Blonde,https://en.wikipedia.org/wiki/Legally_Blonde,tt0250494,Q500093,tmdb
9326,Romancing the Stone,https://en.wikipedia.org/wiki/Romancing_the_Stone,tt0088011,Q502629,tmdb
9032,Big Daddy (1999 film),https://en.wikipedia.org/wiki/Big_Daddy_(1999_film),tt0142342,Q509025,tmdb
9053,DOA: Dead or Alive,https://en.wikipedia.org/wiki/DOA:_Dead_or_Alive,tt0398913,Q516222,tmdb
9280,Femme Fatale (2002 film),https://en.wikipedia.org/wiki/Femme_Fatale_(2002_film),tt0280665,Q522185,tmdb
8961,Bad Boys II,https://en.wikipedia.org/wiki/Bad_Boys_II,tt0172156,Q539269,tmdb
8698,The League of Extraordinary Gentlemen (film),https://en.wikipedia.org/wiki/The_League_of_Extraordinary_Gentlemen_(film),tt0311429,Q567577,tmdb
8920,Garfield: The Movie,https://en.wikipedia.org/wiki/Garfield:_The_Movie,tt0356634,Q568928,tmdb
9452,Bulworth,https://en.wikipedia.org/wiki/Bulworth,tt0118798,Q576505,tmdb
9072,Little Man (2006 film),https://en.wikipedia.org/wiki/Little_Man_(2006_film),tt0430304,Q581736,tmdb
9399,Lionheart (1990 film),https://en.wikipedia.org/wiki/Lionheart_(1990_film),tt0100029,Q581960,tmdb
8914,Deep Blue Sea (1999 film),https://en.wikipedia.org/wiki/Deep_Blue_Sea_(1999_film),tt0149261,Q599095,tmdb
8916,Antz,https://en.wikipedia.org/wiki/Antz,tt0120587,Q610502,tmdb
9454,Ever After,https://en.wikipedia.org/wiki/Ever_After,tt0120631,Q619374,tmdb
9407,Red Corner,https://en.wikipedia.org/wiki/Red_Corner,tt0119994,Q286132,tmdb
9387,Conan the Barbarian (1982 film),https://en.wikipedia.org/wiki/Conan_the_Barbarian_(1982_film),tt0082198,Q309003,tmdb
9342,The Mask of Zorro,https://en.wikipedia.org/wiki/The_Mask_of_Zorro,tt0120746,Q309621,tmdb
9475,Scent of a Woman (1992 film),https://en.wikipedia.org/wiki/Scent_of_a_Woman_(1992_film),tt0105323,Q321561,tmdb
9479,The Nightmare Before Christmas,https://en.wikipedia.org/wiki/The_Nightmare_Before_Christmas,tt0107688,Q322328,tmdb
9390,Jerry Maguire,https://en.wikipedia.org/wiki/Jerry_Maguire,tt0116695,Q329131,tmdb
8840,Dragonheart,https://en.wikipedia.org/wiki/Dragonheart,tt0116136,Q330612,tmdb
9461,Enter the Dragon,https://en.wikipedia.org/wiki/Enter_the_Dragon,tt0070034,Q331617,tmdb
9477,King Arthur (2004 film),https://en.wikipedia.org/wiki/King_Arthur_(2004_film),tt0349683,Q337090,tmdb
9348,Species (film),https://en.wikipedia.org/wiki/Species_(film),tt0114508,Q337747,tmdb
9273,Ace Ventura: When Nature Calls,https://en.wikipedia.org/wiki/Ace_Ventura:_When_Nature_Calls,tt0112281,Q340127,tmdb
9268,Eraser (film),https://en.wikipedia.org/wiki/Eraser_(film),tt0116213,Q370326,tmdb
9016,Treasure Planet,https://en.wikipedia.org/wiki/Treasure_Planet,tt0133240,Q392530,tmdb
9373,The Texas Chainsaw Massacre (2003 film),https://en.wikipedia.org/wiki/The_Texas_Chainsaw_Massacre_(2003_film),tt0324216,Q392696,tmdb
9362,Tremors (1990 film),https://en.wikipedia.org/wiki/Tremors_(1990_film),tt0100814,Q835650,tmdb
9335,Transporter 2,https://en.wikipedia.org/wiki/Transporter_2,tt0388482,Q841114,tmdb
9259,Bibi Blocksberg (film),https://en.wikipedia.org/wiki/Bibi_Blocksberg_(film),tt0321436,Q856267,tmdb
8913,Pet Sematary (1989 film),https://en.wikipedia.org/wiki/Pet_Sematary_(1989_film),tt0098084,Q908213,tmdb
9472,Dodgeball: A True Underdog Story,https://en.wikipedia.org/wiki/Dodgeball:_A_True_Underdog_Story,tt0364725,Q908473,tmdb
9353,Nacho Libre,https://en.wikipedia.org/wiki/Nacho_Libre,tt0457510,Q909767,tmdb
9428,The Royal Tenenbaums,https://en.wikipedia.org/wiki/The_Royal_Tenenbaums,tt0265666,Q935105,tmdb
9100,The Craft (film),https://en.wikipedia.org/wiki/The_Craft_(film),tt0115963,Q937005,tmdb
8766,Hellraiser: Bloodline,https://en.wikipedia.org/wiki/Hellraiser:_Bloodline,tt0116514,Q1031262,tmdb
8839,Casper (film),https://en.wikipedia.org/wiki/Casper_(film),tt0112642,Q1048166,tmdb
9341,The Core,https://en.wikipedia.org/wiki/The_Core,tt0298814,Q1051469,tmdb
9279,Jingle All the Way,https://en.wikipedia.org/wiki/Jingle_All_the_Way,tt0116705,Q1064530,tmdb
9323,Ghost in the Shell (1995 film),https://en.wikipedia.org/wiki/Ghost_in_the_Shell_(1995_film),tt0113568,Q1066948,tmdb
9383,Hollow Man,https://en.wikipedia.org/wiki/Hollow_Man,tt0164052,Q1098140,tmdb
9313,The Man in the Iron Mask (1998 film),https://en.wikipedia.org/wiki/The_Man_in_the_Iron_Mask_(1998_film),tt0120744,Q1123463,tmdb
8810,Mad Max 2,https://en.wikipedia.org/wiki/Mad_Max_2,tt0082694,Q1125262,tmdb
9411,Fallen (1998 film),https://en.wikipedia.org/wiki/Fallen_(1998_film),tt0119099,Q162225,tmdb
9378,Thirteen Ghosts,https://en.wikipedia.org/wiki/Thirteen_Ghosts,tt0245674,Q186864,tmdb
9325,The Jungle Book (1967 film),https://en.wikipedia.org/wiki/The_Jungle_Book_(1967_film),tt0061852,Q199839,tmdb
9078,The Sword in the Stone (1963 film),https://en.wikipedia.org/wiki/The_Sword_in_the_Stone_(1963_film),tt0057546,Q204662,tmdb
9453,Caligula (film),https://en.wikipedia.org/wiki/Caligula_(film),tt0080491,Q217685,tmdb
9398,Zoolander,https://en.wikipedia.org/wiki/Zoolander,tt0196229,Q220192,tmdb
8960,Hancock (film),https://en.wikipedia.org/wiki/Hancock_(film),tt0448157,Q220376,tmdb
8741,The Thin Red Line (1998 film),https://en.wikipedia.org/wiki/The_Thin_Red_Line_(1998_film),tt0120863,Q221491,tmdb
9441,Stepmom (1998 film),https://en.wikipedia.org/wiki/Stepmom_(1998_film),tt0120686,Q267018,tmdb
8681,Taken (film),https://en.wikipedia.org/wiki/Taken_(film),tt0936501,Q277080,tmdb
9374,Death Becomes Her,https://en.wikipedia.org/wiki/Death_Becomes_Her,tt0104070,Q1160186,tmdb
9003,Hellraiser,https://en.wikipedia.org/wiki/Hellraiser,tt0093177,Q1162728,tmdb
9278,Freejack,https://en.wikipedia.org/wiki/Freejack,tt0104299,Q1188857,tmdb
9413,Picture Perfect (1997 film),https://en.wikipedia.org/wiki/Picture_Perfect_(1997_film),tt0119896,Q1198659,tmdb
9336,Police Academy (film),https://en.wikipedia.org/wiki/Police_Academy_(film),tt0087928,Q1248429,tmdb
8984,Disclosure (1994 film),https://en.wikipedia.org/wiki/Disclosure_(1994_film),tt0109635,Q1330619,tmdb
9331,Clear and Present Danger (film),https://en.wikipedia.org/wiki/Clear_and_Present_Danger_(film),tt0109444,Q1392442,tmdb
8856,The Karate Kid Part II,https://en.wikipedia.org/wiki/The_Karate_Kid_Part_II,tt0091326,Q1418251,tmdb
9354,"Honey, I Shrunk the Kids","https://en.wikipedia.org/wiki/Honey,_I_Shrunk_the_Kids",tt0097523,Q1426248,tmdb
9021,The Santa Clause 2,https://en.wikipedia.org/wiki/The_Santa_Clause_2,tt0304669,Q1469426,tmdb
9080,Spies Like Us,https://en.wikipedia.org/wiki/Spies_Like_Us,tt0090056,Q1474279,tmdb
8890,Geliebte Clara,https://en.wikipedia.org/wiki/Geliebte_Clara,tt0177636,Q1499682,tmdb
9389,Renaissance (2006 film),https://en.wikipedia.org/wiki/Renaissance_(2006_film),tt0386741,Q1514402,tmdb
9299,Thesis (1996 film),https://en.wikipedia.org/wiki/Thesis_(1996_film),tt0117883,Q1636502,tmdb
8854,Steel (1997 film),https://en.wikipedia.org/wiki/Steel_(1997_film),tt0120207,Q1790253,tmdb
8740,The Vanishing (1988 film),https://en.wikipedia.org/wiki/The_Vanishing_(1988_film),tt0096163,Q1895379,tmdb
9035,Slither (2006 film),https://en.wikipedia.org/wiki/Slither_(2006_film),tt0439815,Q2092936,tmdb
9408,Surf's Up (film),https://en.wikipedia.org/wiki/Surf%27s_Up_(film),tt0423294,Q633053,tmdb
9340,The Goonies,https://en.wikipedia.org/wiki/The_Goonies,tt0089218,Q636043,tmdb
9349,Universal Soldier (1992 film),https://en.wikipedia.org/wiki/Universal_Soldier_(1992_film),tt0105698,Q640547,tmdb
9023,Spirit: Stallion of the Cimarron,https://en.wikipedia.org/wiki/Spirit:_Stallion_of_the_Cimarron,tt0166813,Q641315,tmdb
9352,EuroTrip,https://en.wikipedia.org/wiki/EuroTrip,tt0356150,Q642559,tmdb
9344,Kids (film),https://en.wikipedia.org/wiki/Kids_(film),tt0113540,Q646426,tmdb
9104,Buffalo Soldiers (2001 film),https://en.wikipedia.org/wiki/Buffalo_Soldiers_(2001_film),tt0252299,Q653473,tmdb
9473,"South Park: Bigger, Longer & Uncut","https://en.wikipedia.org/wiki/South_Park:_Bigger,_Longer_%26_Uncut",tt0158983,Q656118,tmdb
8922,Jeepers Creepers (2001 film),https://en.wikipedia.org/wiki/Jeepers_Creepers_(2001_film),tt0263488,Q673902,tmdb
9029,What Happens in Vegas,https://en.wikipedia.org/wiki/What_Happens_in_Vegas,tt1033643,Q675472,tmdb
8645,The Happening (2008 film),https://en.wikipedia.org/wiki/The_Happening_(2008_film),tt0949731,Q681092,tmdb
8675,Orgazmo,https://en.wikipedia.org/wiki/Orgazmo,tt0124819,Q691785,tmdb
9343,Fitzcarraldo,https://en.wikipedia.org/wiki/Fitzcarraldo,tt0083946,Q698111,tmdb
9297,Monster House (film),https://en.wikipedia.org/wiki/Monster_House_(film),tt0385880,Q725842,tmdb
9480,Daredevil (film),https://en.wikipedia.org/wiki/Daredevil_(film),tt0287978,Q751805,tmdb
8769,Christine (1983 film),https://en.wikipedia.org/wiki/Christine_(1983_film),tt0085333,Q753449,tmdb
8814,Doom (film),https://en.wikipedia.org/wiki/Doom_(film),tt0419706,Q755523,tmdb
9304,Multiplicity (film),https://en.wikipedia.org/wiki/Multiplicity_(film),tt0117108,Q774732,tmdb
9319,The Last Boy Scout,https://en.wikipedia.org/wiki/The_Last_Boy_Scout,tt0102266,Q785719,tmdb
8848,The Bank Job,https://en.wikipedia.org/wiki/The_Bank_Job,tt0200465,Q790071,tmdb
9283,Beautiful Girls (film),https://en.wikipedia.org/wiki/Beautiful_Girls_(film),tt0115639,Q813451,tmdb
9312,Mortal Kombat (1995 film),https://en.wikipedia.org/wiki/Mortal_Kombat_(1995_film),tt0113855,Q819196,tmdb
9358,Final Destination 2,https://en.wikipedia.org/wiki/Final_Destination_2,tt0309593,Q820009,tmdb
9286,Final Destination 3,https://en.wikipedia.org/wiki/Final_Destination_3,tt0414982,Q820811,tmdb
9350,Cliffhanger (1993 film),https://en.wikipedia.org/wiki/Cliffhanger_(1993_film),tt0106582,Q824389,tmdb
9316,Ong-Bak,https://en.wikipedia.org/wiki/Ong-Bak,tt0368909,Q831437,tmdb
8689,Cannibal Holocaust,https://en.wikipedia.org/wiki/Cannibal_Holocaust,tt0078935,Q832093,tmdb
10064,Edison (film),https://en.wikipedia.org/wiki/Edison_(film),tt0389957,Q1284839,tmdb
9614,Happy Gilmore,https://en.wikipedia.org/wiki/Happy_Gilmore,tt0116483,Q1313063,tmdb
9574,Flubber (film),https://en.wikipedia.org/wiki/Flubber_(film),tt0119137,Q1325217,tmdb
9655,She's the Man,https://en.wikipedia.org/wiki/She%27s_the_Man,tt0454945,Q72925,tmdb
9830,Haven (film),https://en.wikipedia.org/wiki/Haven_(film),tt0386504,Q94284,tmdb
10052,Dragonfly (2002 film),https://en.wikipedia.org/wiki/Dragonfly_(2002_film),tt0259288,Q119341,tmdb
9836,Happy Feet,https://en.wikipedia.org/wiki/Happy_Feet,tt0366548,Q126800,tmdb
9541,Jersey Girl (2004 film),https://en.wikipedia.org/wiki/Jersey_Girl_(2004_film),tt0300051,Q127897,tmdb
9502,Kung Fu Panda (film),https://en.wikipedia.org/wiki/Kung_Fu_Panda_(film),tt0441773,Q129193,tmdb
9879,Striptease (film),https://en.wikipedia.org/wiki/Striptease_(film),tt0117765,Q1141460,tmdb
9792,The Hills Have Eyes (2006 film),https://en.wikipedia.org/wiki/The_Hills_Have_Eyes_(2006_film),tt0454841,Q1141519,tmdb
9812,Thursday (film),https://en.wikipedia.org/wiki/Thursday_(film),tt0124901,Q16516,tmdb
9571,Dazed and Confused (film),https://en.wikipedia.org/wiki/Dazed_and_Confused_(film),tt0106677,Q39975,tmdb
10014,A Nightmare on Elm Street 2: Freddy's Revenge,https://en.wikipedia.org/wiki/A_Nightmare_on_Elm_Street_2:_Freddy%27s_Revenge,tt0089686,Q1145824,tmdb
10022,The Pacifier,https://en.wikipedia.org/wiki/The_Pacifier,tt0395699,Q1192363,tmdb
9955,Blades of Glory,https://en.wikipedia.org/wiki/Blades_of_Glory,tt0445934,Q1212139,tmdb
9982,Chicken Little (2005 film),https://en.wikipedia.org/wiki/Chicken_Little_(2005_film),tt0371606,Q270940,tmdb
9714,Home Alone 3,https://en.wikipedia.org/wiki/Home_Alone_3,tt0119303,Q382320,tmdb
9902,Wrong Turn (2003 film),https://en.wikipedia.org/wiki/Wrong_Turn_(2003_film),tt0295700,Q388944,tmdb
9804,Waterworld,https://en.wikipedia.org/wiki/Waterworld,tt0114898,Q272595,tmdb
9552,The Exorcist,https://en.wikipedia.org/wiki/The_Exorcist,tt0070047,Q274167,tmdb
9833,The Phantom of the Opera (2004 film),https://en.wikipedia.org/wiki/The_Phantom_of_the_Opera_(2004_film),tt0293508,Q276407,tmdb
9702,Blood In Blood Out,https://en.wikipedia.org/wiki/Blood_In_Blood_Out,tt0106469,Q282199,tmdb
9489,You've Got Mail,https://en.wikipedia.org/wiki/You%27ve_Got_Mail,tt0128853,Q284229,tmdb
9600,Big Momma's House,https://en.wikipedia.org/wiki/Big_Momma%27s_House,tt0208003,Q316023,tmdb
9994,The Great Mouse Detective,https://en.wikipedia.org/wiki/The_Great_Mouse_Detective,tt0091149,Q334132,tmdb
10096,13 Going on 30,https://en.wikipedia.org/wiki/13_Going_on_30,tt0337563,Q224187,tmdb
10025,Just My Luck (2006 film),https://en.wikipedia.org/wiki/Just_My_Luck_(2006_film),tt0397078,Q228964,tmdb
9511,Rabbit Without Ears 2,https://en.wikipedia.org/wiki/Rabbit_Without_Ears_2,tt1343755,Q232993,tmdb
9522,Wedding Crashers,https://en.wikipedia.org/wiki/Wedding_Crashers,tt0396269,Q238866,tmdb
9543,Prince of Persia: The Sands of Time (film),https://en.wikipedia.org/wiki/Prince_of_Persia:_The_Sands_of_Time_(film),tt0473075,Q245172,tmdb
9837,The Prince of Egypt,https://en.wikipedia.org/wiki/The_Prince_of_Egypt,tt0120794,Q245227,tmdb
9659,Mad Max (film),https://en.wikipedia.org/wiki/Mad_Max_(film),tt0079501,Q248775,tmdb
9495,The Crow (1994 film),https://en.wikipedia.org/wiki/The_Crow_(1994_film),tt0109506,Q250912,tmdb
9509,Man on Fire (2004 film),https://en.wikipedia.org/wiki/Man_on_Fire_(2004_film),tt0328107,Q258009,tmdb
9973,Air Buddies,https://en.wikipedia.org/wiki/Air_Buddies,tt0470982,Q406919,tmdb
9772,Air Force One (film),https://en.wikipedia.org/wiki/Air_Force_One_(film),tt0118571,Q407184,tmdb
9547,Old Shatterhand (film),https://en.wikipedia.org/wiki/Old_Shatterhand_(film),tt0057380,Q453195,tmdb
9567,Tears of the Sun,https://en.wikipedia.org/wiki/Tears_of_the_Sun,tt0314353,Q459889,tmdb
9737,Bad Boys (1995 film),https://en.wikipedia.org/wiki/Bad_Boys_(1995_film),tt0112442,Q460379,tmdb
9739,Demolition Man (film),https://en.wikipedia.org/wiki/Demolition_Man_(film),tt0106697,Q470891,tmdb
9563,Any Given Sunday,https://en.wikipedia.org/wiki/Any_Given_Sunday,tt0146838,Q482662,tmdb
9602,Coming to America,https://en.wikipedia.org/wiki/Coming_to_America,tt0094898,Q493755,tmdb
9679,Gone in 60 Seconds (2000 film),https://en.wikipedia.org/wiki/Gone_in_60_Seconds_(2000_film),tt0187078,Q502384,tmdb
9604,Red Heat (1988 film),https://en.wikipedia.org/wiki/Red_Heat_(1988_film),tt0095963,Q514293,tmdb
10073,Date Movie,https://en.wikipedia.org/wiki/Date_Movie,tt0466342,Q517740,tmdb
9647,Scrooged,https://en.wikipedia.org/wiki/Scrooged,tt0096061,Q535395,tmdb
9607,Super Mario Bros. (film),https://en.wikipedia.org/wiki/Super_Mario_Bros._(film),tt0108255,Q535550,tmdb
9488,Spy Kids 2: The Island of Lost Dreams,https://en.wikipedia.org/wiki/Spy_Kids_2:_The_Island_of_Lost_Dreams,tt0287717,Q549908,tmdb
9992,Arthur and the Minimoys,https://en.wikipedia.org/wiki/Arthur_and_the_Minimoys,tt0344854,Q550232,tmdb
10054,Spy Kids (film),https://en.wikipedia.org/wiki/Spy_Kids_(film),tt0227538,Q550581,tmdb
9618,Tango & Cash,https://en.wikipedia.org/wiki/Tango_%26_Cash,tt0098439,Q571197,tmdb
9798,Enemy of the State (film),https://en.wikipedia.org/wiki/Enemy_of_the_State_(film),tt0120660,Q177930,tmdb
10020,Beauty and the Beast (1991 film),https://en.wikipedia.org/wiki/Beauty_and_the_Beast_(1991_film),tt0101414,Q179673,tmdb
9762,Step Up (film),https://en.wikipedia.org/wiki/Step_Up_(film),tt0462590,Q180125,tmdb
9732,The Lion King II: Simba's Pride,https://en.wikipedia.org/wiki/The_Lion_King_II:_Simba%27s_Pride,tt0120131,Q191803,tmdb
9800,Philadelphia (film),https://en.wikipedia.org/wiki/Philadelphia_(film),tt0107818,Q204057,tmdb
9806,The Incredibles,https://en.wikipedia.org/wiki/The_Incredibles,tt0317705,Q213326,tmdb
10009,Brother Bear,https://en.wikipedia.org/wiki/Brother_Bear,tt0328880,Q215365,tmdb
9487,A Bug's Life,https://en.wikipedia.org/wiki/A_Bug%27s_Life,tt0120623,Q216153,tmdb
9802,The Rock (film),https://en.wikipedia.org/wiki/The_Rock_(film),tt0117500,Q216720,tmdb
9693,Children of Men,https://en.wikipedia.org/wiki/Children_of_Men,tt0206634,Q221090,tmdb
9738,Fantastic Four (2005 film),https://en.wikipedia.org/wiki/Fantastic_Four_(2005_film),tt0120667,Q224130,tmdb
9645,Ghost Ship (2002 film),https://en.wikipedia.org/wiki/Ghost_Ship_(2002_film),tt0288477,Q1356265,tmdb
9631,The Negotiator,https://en.wikipedia.org/wiki/The_Negotiator,tt0120768,Q1428715,tmdb
10007,See No Evil (2006 film),https://en.wikipedia.org/wiki/See_No_Evil_(2006_film),tt0437179,Q1467545,tmdb
9616,The Order (2003 film),https://en.wikipedia.org/wiki/The_Order_(2003_film),tt0304711,Q1471255,tmdb
10074,Hot Rod (2007 film),https://en.wikipedia.org/wiki/Hot_Rod_(2007_film),tt0787475,Q1630741,tmdb
9885,Wolf Creek (film),https://en.wikipedia.org/wiki/Wolf_Creek_(film),tt0416315,Q1633106,tmdb
9828,Unknown (2006 film),https://en.wikipedia.org/wiki/Unknown_(2006_film),tt0450340,Q1808387,tmdb
9536,Bio-Dome,https://en.wikipedia.org/wiki/Bio-Dome,tt0115683,Q2067539,tmdb
10076,Severed (film),https://en.wikipedia.org/wiki/Severed_(film),tt0428390,Q2275218,tmdb
9783,Sublime (2007 film),https://en.wikipedia.org/wiki/Sublime_(2007_film),tt0822858,Q2361873,tmdb
9925,Funny Money (2006 film),https://en.wikipedia.org/wiki/Funny_Money_(2006_film),tt0244521,Q5509377,tmdb
9911,Outlaw (2007 film),https://en.wikipedia.org/wiki/Outlaw_(2007_film),tt0758771,Q7112108,tmdb
9532,Final Destination (film),https://en.wikipedia.org/wiki/Final_Destination_(film),tt0195714,Q7561043,tmdb
10085,Unrest (2006 film),https://en.wikipedia.org/wiki/Unrest_(2006_film),tt0453533,Q7897390,tmdb
10079,Joy Division (2006 film),https://en.wikipedia.org/wiki/Joy_Division_(2006_film),tt0462373,Q12125275,tmdb
9595,Hot Shots!,https://en.wikipedia.org/wiki/Hot_Shots!,tt0102059,Q832105,tmdb
9760,Epic Movie,https://en.wikipedia.org/wiki/Epic_Movie,tt0799949,Q841118,tmdb
9594,Double Impact,https://en.wikipedia.org/wiki/Double_Impact,tt0101764,Q847545,tmdb
9946,End of Days (film),https://en.wikipedia.org/wiki/End_of_Days_(film),tt0146675,Q849656,tmdb
9587,Little Women (1994 film),https://en.wikipedia.org/wiki/Little_Women_(1994_film),tt0110367,Q850522,tmdb
9869,Patriot Games (film),https://en.wikipedia.org/wiki/Patriot_Games_(film),tt0105112,Q855222,tmdb
9988,Beerfest,https://en.wikipedia.org/wiki/Beerfest,tt0486551,Q857861,tmdb
9593,Last Action Hero,https://en.wikipedia.org/wiki/Last_Action_Hero,tt0107362,Q858840,tmdb
9665,Glory (1989 film),https://en.wikipedia.org/wiki/Glory_(1989_film),tt0097441,Q862317,tmdb
9619,Dante's Peak,https://en.wikipedia.org/wiki/Dante%27s_Peak,tt0118928,Q914247,tmdb
9530,RV (film),https://en.wikipedia.org/wiki/RV_(film),tt0449089,Q923343,tmdb
9715,Hope Floats,https://en.wikipedia.org/wiki/Hope_Floats,tt0119313,Q924642,tmdb
9603,Clueless,https://en.wikipedia.org/wiki/Clueless,tt0112697,Q931165,tmdb
9637,Scooby-Doo (film),https://en.wikipedia.org/wiki/Scooby-Doo_(film),tt0267913,Q936302,tmdb
9681,Casanova (2005 film),https://en.wikipedia.org/wiki/Casanova_(2005_film),tt0402894,Q942958,tmdb
9746,Kundun,https://en.wikipedia.org/wiki/Kundun,tt0119485,Q944291,tmdb
9778,Serendipity (film),https://en.wikipedia.org/wiki/Serendipity_(film),tt0240890,Q971468,tmdb
9707,Bubba Ho-Tep,https://en.wikipedia.org/wiki/Bubba_Ho-Tep,tt0281686,Q997423,tmdb
9517,Bully (2001 film),https://en.wikipedia.org/wiki/Bully_(2001_film),tt0242193,Q1004657,tmdb
9529,Candyman (1992 film),https://en.wikipedia.org/wiki/Candyman_(1992_film),tt0103919,Q1033108,tmdb
9880,The Princess Diaries (film),https://en.wikipedia.org/wiki/The_Princess_Diaries_(film),tt0247638,Q1046295,tmdb
9907,Barnyard (film),https://en.wikipedia.org/wiki/Barnyard_(film),tt0414853,Q1129308,tmdb
9757,Norbit,https://en.wikipedia.org/wiki/Norbit,tt0477051,Q1129534,tmdb
9796,Turistas,https://en.wikipedia.org/wiki/Turistas,tt0454970,Q1139094,tmdb
9889,Shallow Hal,https://en.wikipedia.org/wiki/Shallow_Hal,tt0256380,Q1140935,tmdb
9572,,,tt0295375,Q877948,tmdb
9539,Martyrs (2008 film),https://en.wikipedia.org/wiki/Martyrs_(2008_film),tt1029234,Q577581,tmdb
9909,Dangerous Minds,https://en.wikipedia.org/wiki/Dangerous_Minds,tt0112792,Q579359,tmdb
9769,Lolita (1997 film),https://en.wikipedia.org/wiki/Lolita_(1997_film),tt0119558,Q593877,tmdb
10028,Honey (2003 film),https://en.wikipedia.org/wiki/Honey_(2003_film),tt0322589,Q597846,tmdb
9568,The Dentist,https://en.wikipedia.org/wiki/The_Dentist,tt0116075,Q601947,tmdb
9947,Elektra (2005 film),https://en.wikipedia.org/wiki/Elektra_(2005_film),tt0357277,Q610159,tmdb
9671,Crocodile Dundee,https://en.wikipedia.org/wiki/Crocodile_Dundee,tt0090555,Q615254,tmdb
9906,The Ant Bully (film),https://en.wikipedia.org/wiki/The_Ant_Bully_(film),tt0429589,Q622758,tmdb
9874,Cobra (1986 film),https://en.wikipedia.org/wiki/Cobra_(1986_film),tt0090859,Q637290,tmdb
9482,Judge Dredd (film),https://en.wikipedia.org/wiki/Judge_Dredd_(film),tt0113492,Q645597,tmdb
9654,The Italian Job (2003 film),https://en.wikipedia.org/wiki/The_Italian_Job_(2003_film),tt0317740,Q648312,tmdb
9741,Unbreakable (film),https://en.wikipedia.org/wiki/Unbreakable_(film),tt0217869,Q650613,tmdb
9544,FeardotCom,https://en.wikipedia.org/wiki/FeardotCom,tt0295254,Q652322,tmdb
9501,Crying Freeman (film),https://en.wikipedia.org/wiki/Crying_Freeman_(film),tt0112750,Q657981,tmdb
10066,House of Wax (2005 film),https://en.wikipedia.org/wiki/House_of_Wax_(2005_film),tt0397065,Q679679,tmdb
9753,Survival Island,https://en.wikipedia.org/wiki/Survival_Island,tt0377309,Q692592,tmdb
9598,Babe (film),https://en.wikipedia.org/wiki/Babe_(film),tt0112431,Q720724,tmdb
9959,Freedomland (film),https://en.wikipedia.org/wiki/Freedomland_(film),tt0349467,Q736239,tmdb
10061,Escape from L.A.,https://en.wikipedia.org/wiki/Escape_from_L.A.,tt0116225,Q741026,tmdb
9928,Robots (2005 film),https://en.wikipedia.org/wiki/Robots_(2005_film),tt0358082,Q756238,tmdb
9493,Twins (1988 film),https://en.wikipedia.org/wiki/Twins_(1988_film),tt0096320,Q785157,tmdb
10398,Double Jeopardy (1999 film),https://en.wikipedia.org/wiki/Double_Jeopardy_(1999_film),tt0150377,Q73651,tmdb
10681,WALL-E,https://en.wikipedia.org/wiki/WALL-E,tt0910970,Q104905,tmdb
10637,Remember the Titans,https://en.wikipedia.org/wiki/Remember_the_Titans,tt0210945,Q117696,tmdb
10330,Freaky Friday (2003 film),https://en.wikipedia.org/wiki/Freaky_Friday_(2003_film),tt0322330,Q118713,tmdb
10196,The Last Airbender (film),https://en.wikipedia.org/wiki/The_Last_Airbender_(film),tt0938283,Q11593,tmdb
10428,Hackers (film),https://en.wikipedia.org/wiki/Hackers_(film),tt0113243,Q13908,tmdb
10599,Pinocchio (2002 film),https://en.wikipedia.org/wiki/Pinocchio_(2002_film),tt0255477,Q19356,tmdb
10691,Beautiful,https://en.wikipedia.org/wiki/Crazy/Beautiful,tt0250224,Q1337306,tmdb
10388,The Limey,https://en.wikipedia.org/wiki/The_Limey,tt0165854,Q1382199,tmdb
10160,A Nightmare on Elm Street 5: The Dream Child,https://en.wikipedia.org/wiki/A_Nightmare_on_Elm_Street_5:_The_Dream_Child,tt0097981,Q1410735,tmdb
10339,Moby Dick (1956 film),https://en.wikipedia.org/wiki/Moby_Dick_(1956_film),tt0049513,Q1423235,tmdb
10208,Muppets from Space,https://en.wikipedia.org/wiki/Muppets_from_Space,tt0158811,Q1458649,tmdb
10336,Spawn (1997 film),https://en.wikipedia.org/wiki/Spawn_(1997_film),tt0120177,Q1474393,tmdb
10640,Futureworld,https://en.wikipedia.org/wiki/Futureworld,tt0074559,Q1475648,tmdb
10116,Shinobi: Heart Under Blade,https://en.wikipedia.org/wiki/Shinobi:_Heart_Under_Blade,tt0475723,Q1536550,tmdb
10780,Overboard (1987 film),https://en.wikipedia.org/wiki/Overboard_(1987_film),tt0093693,Q1539658,tmdb
10527,Madagascar: Escape 2 Africa,https://en.wikipedia.org/wiki/Madagascar:_Escape_2_Africa,tt0479952,Q188474,tmdb
10144,The Little Mermaid (1989 film),https://en.wikipedia.org/wiki/The_Little_Mermaid_(1989_film),tt0097757,Q190135,tmdb
10192,Shrek Forever After,https://en.wikipedia.org/wiki/Shrek_Forever_After,tt0892791,Q208131,tmdb
10545,The Hunchback of Notre Dame (1996 film),https://en.wikipedia.org/wiki/The_Hunchback_of_Notre_Dame_(1996_film),tt0116583,Q213787,tmdb
10193,Toy Story 3,https://en.wikipedia.org/wiki/Toy_Story_3,tt0435761,Q187278,tmdb
10528,Sherlock Holmes (2009 film),https://en.wikipedia.org/wiki/Sherlock_Holmes_(2009_film),tt0988045,Q200396,tmdb
10139,Milk (2008 American film),https://en.wikipedia.org/wiki/Milk_(2008_American_film),tt1013753,Q201687,tmdb
10138,Iron Man 2,https://en.wikipedia.org/wiki/Iron_Man_2,tt1228705,Q205028,tmdb
10734,Escape from Alcatraz (film),https://en.wikipedia.org/wiki/Escape_from_Alcatraz_(film),tt0079116,Q496316,tmdb
10515,Castle in the Sky,https://en.wikipedia.org/wiki/Castle_in_the_Sky,tt0092067,Q498577,tmdb
10591,The Girl Next Door (2004 film),https://en.wikipedia.org/wiki/The_Girl_Next_Door_(2004_film),tt0265208,Q740020,tmdb
10362,Two Lovers (2008 film),https://en.wikipedia.org/wiki/Two_Lovers_(2008_film),tt1103275,Q773998,tmdb
10134,Cyborg (film),https://en.wikipedia.org/wiki/Cyborg_(film),tt0097138,Q781870,tmdb
10423,Dragon: The Bruce Lee Story,https://en.wikipedia.org/wiki/Dragon:_The_Bruce_Lee_Story,tt0106770,Q462406,tmdb
10314,She's All That,https://en.wikipedia.org/wiki/She%27s_All_That,tt0160862,Q464584,tmdb
10315,Fantastic Mr. Fox (film),https://en.wikipedia.org/wiki/Fantastic_Mr._Fox_(film),tt0432283,Q465275,tmdb
10140,The Chronicles of Narnia: The Voyage of the Dawn Treader,https://en.wikipedia.org/wiki/The_Chronicles_of_Narnia:_The_Voyage_of_the_Dawn_Treader,tt0980970,Q474082,tmdb
10567,Dinosaur (2000 film),https://en.wikipedia.org/wiki/Dinosaur_(2000_film),tt0130623,Q476329,tmdb
10747,The Outlaw Josey Wales,https://en.wikipedia.org/wiki/The_Outlaw_Josey_Wales,tt0075029,Q477630,tmdb
10189,Pineapple Express (film),https://en.wikipedia.org/wiki/Pineapple_Express_(film),tt0910936,Q485610,tmdb
10195,Thor (film),https://en.wikipedia.org/wiki/Thor_(film),tt0800369,Q217020,tmdb
10530,Pocahontas (1995 film),https://en.wikipedia.org/wiki/Pocahontas_(1995_film),tt0114148,Q218894,tmdb
10229,A Walk to Remember,https://en.wikipedia.org/wiki/A_Walk_to_Remember,tt0281358,Q219442,tmdb
10731,The Client (1994 film),https://en.wikipedia.org/wiki/The_Client_(1994_film),tt0109446,Q255376,tmdb
10201,Yes Man (film),https://en.wikipedia.org/wiki/Yes_Man_(film),tt1068680,Q269887,tmdb
10693,Peter Pan (1953 film),https://en.wikipedia.org/wiki/Peter_Pan_(1953_film),tt0046183,Q270470,tmdb
10830,Matilda (1996 film),https://en.wikipedia.org/wiki/Matilda_(1996_film),tt0117008,Q280400,tmdb
10191,How to Train Your Dragon (2010 film),https://en.wikipedia.org/wiki/How_to_Train_Your_Dragon_(2010_film),tt0892769,Q373096,tmdb
10431,War (2007 film),https://en.wikipedia.org/wiki/War_(2007_film),tt0499556,Q375512,tmdb
10544,Ned Kelly (2003 film),https://en.wikipedia.org/wiki/Ned_Kelly_(2003_film),tt0277941,Q391542,tmdb
10535,Spy Hard,https://en.wikipedia.org/wiki/Spy_Hard,tt0117723,Q392662,tmdb
10439,Hocus Pocus (1993 film),https://en.wikipedia.org/wiki/Hocus_Pocus_(1993_film),tt0107120,Q431140,tmdb
10555,Shark Tale,https://en.wikipedia.org/wiki/Shark_Tale,tt0307453,Q120367,tmdb
10381,Plunkett & Macleane,https://en.wikipedia.org/wiki/Plunkett_%26_Macleane,tt0134033,Q137130,tmdb
10358,Zack and Miri Make a Porno,https://en.wikipedia.org/wiki/Zack_and_Miri_Make_a_Porno,tt1007028,Q139927,tmdb
10184,He's Just Not That into You (film),https://en.wikipedia.org/wiki/He%27s_Just_Not_That_into_You_(film),tt1001508,Q155559,tmdb
10198,The Princess and the Frog,https://en.wikipedia.org/wiki/The_Princess_and_the_Frog,tt0780521,Q171300,tmdb
10340,Lady and the Tramp,https://en.wikipedia.org/wiki/Lady_and_the_Tramp,tt0048280,Q172284,tmdb
10764,Quantum of Solace,https://en.wikipedia.org/wiki/Quantum_of_Solace,tt0830515,Q181540,tmdb
10112,The Aristocats,https://en.wikipedia.org/wiki/The_Aristocats,tt0065421,Q184701,tmdb
10200,The Day the Earth Stood Still (2008 film),https://en.wikipedia.org/wiki/The_Day_the_Earth_Stood_Still_(2008_film),tt0970416,Q187154,tmdb
10403,The Player (1992 film),https://en.wikipedia.org/wiki/The_Player_(1992_film),tt0105151,Q1551573,tmdb
10607,Don't Be a Menace to South Central While Drinking Your Juice in the Hood,https://en.wikipedia.org/wiki/Don%27t_Be_a_Menace_to_South_Central_While_Drinking_Your_Juice_in_the_Hood,tt0116126,Q1619928,tmdb
10695,The Golem (1915 film),https://en.wikipedia.org/wiki/The_Golem_(1915_film),tt0004026,Q1622001,tmdb
10190,Towelhead (film),https://en.wikipedia.org/wiki/Towelhead_(film),tt0787523,Q1628899,tmdb
10407,Housesitter,https://en.wikipedia.org/wiki/Housesitter,tt0104452,Q1631466,tmdb
10280,Thinner (film),https://en.wikipedia.org/wiki/Thinner_(film),tt0117894,Q1637939,tmdb
10657,Needful Things (film),https://en.wikipedia.org/wiki/Needful_Things_(film),tt0107665,Q1660749,tmdb
10442,So I Married an Axe Murderer,https://en.wikipedia.org/wiki/So_I_Married_an_Axe_Murderer,tt0108174,Q1753552,tmdb
10725,Wolfen (film),https://en.wikipedia.org/wiki/Wolfen_(film),tt0083336,Q1754829,tmdb
10263,Tamara (2005 film),https://en.wikipedia.org/wiki/Tamara_(2005_film),tt0401815,Q2001505,tmdb
10218,Swingers (1996 film),https://en.wikipedia.org/wiki/Swingers_(1996_film),tt0117802,Q2062140,tmdb
10252,Animal (2005 film),https://en.wikipedia.org/wiki/Animal_(2005_film),tt0437072,Q2712826,tmdb
10148,Krystal (film),https://en.wikipedia.org/wiki/Krystal_(film),tt0835802,Q6458426,tmdb
10803,Logan's Run (film),https://en.wikipedia.org/wiki/Logan%27s_Run_(film),tt0074812,Q503018,tmdb
10326,Forever Young (1992 film),https://en.wikipedia.org/wiki/Forever_Young_(1992_film),tt0104291,Q515218,tmdb
10802,Showgirls,https://en.wikipedia.org/wiki/Showgirls,tt0114436,Q532264,tmdb
10674,Mulan (1998 film),https://en.wikipedia.org/wiki/Mulan_(1998_film),tt0120762,Q537407,tmdb
10222,Kickboxer (1989 film),https://en.wikipedia.org/wiki/Kickboxer_(1989_film),tt0097659,Q544098,tmdb
10435,Chaplin (film),https://en.wikipedia.org/wiki/Chaplin_(film),tt0103939,Q556967,tmdb
10774,Network (1976 film),https://en.wikipedia.org/wiki/Network_(1976_film),tt0074958,Q572165,tmdb
10226,High Tension,https://en.wikipedia.org/wiki/High_Tension,tt0338095,Q587407,tmdb
10157,Police Academy 2: Their First Assignment,https://en.wikipedia.org/wiki/Police_Academy_2:_Their_First_Assignment,tt0089822,Q589896,tmdb
10329,Congo (film),https://en.wikipedia.org/wiki/Congo_(film),tt0112715,Q598860,tmdb
10590,We Were Soldiers,https://en.wikipedia.org/wiki/We_Were_Soldiers,tt0277434,Q623502,tmdb
10625,Mean Girls,https://en.wikipedia.org/wiki/Mean_Girls,tt0377092,Q631103,tmdb
10771,The Tuxedo,https://en.wikipedia.org/wiki/The_Tuxedo,tt0290095,Q634493,tmdb
10781,The Texas Chainsaw Massacre: The Beginning,https://en.wikipedia.org/wiki/The_Texas_Chainsaw_Massacre:_The_Beginning,tt0420294,Q642016,tmdb
10327,"Legally Blonde 2: Red, White & Blonde","https://en.wikipedia.org/wiki/Legally_Blonde_2:_Red,_White_%26_Blonde",tt0333780,Q644969,tmdb
10402,Deuce Bigalow: Male Gigolo,https://en.wikipedia.org/wiki/Deuce_Bigalow:_Male_Gigolo,tt0205000,Q655205,tmdb
10718,Torque (film),https://en.wikipedia.org/wiki/Torque_(film),tt0329691,Q670055,tmdb
10634,Friday (1995 film),https://en.wikipedia.org/wiki/Friday_(1995_film),tt0113118,Q673486,tmdb
10234,Funny Games (1997 film),https://en.wikipedia.org/wiki/Funny_Games_(1997_film),tt0119167,Q696928,tmdb
10575,Heaven (2002 film),https://en.wikipedia.org/wiki/Heaven_(2002_film),tt0246677,Q705887,tmdb
10775,Infernal Affairs,https://en.wikipedia.org/wiki/Infernal_Affairs,tt0338564,Q714057,tmdb
10437,The Muppet Christmas Carol,https://en.wikipedia.org/wiki/The_Muppet_Christmas_Carol,tt0104940,Q714721,tmdb
10796,The One (2001 film),https://en.wikipedia.org/wiki/The_One_(2001_film),tt0267804,Q785098,tmdb
10228,Pokémon: The First Movie,https://en.wikipedia.org/wiki/Pok%C3%A9mon:_The_First_Movie,tt0190641,Q834799,tmdb
10377,My Cousin Vinny,https://en.wikipedia.org/wiki/My_Cousin_Vinny,tt0104952,Q838154,tmdb
10858,Nixon (film),https://en.wikipedia.org/wiki/Nixon_(film),tt0113987,Q839042,tmdb
10521,Bride Wars,https://en.wikipedia.org/wiki/Bride_Wars,tt0901476,Q842086,tmdb
10704,Universal Soldier II: Brothers in Arms,https://en.wikipedia.org/wiki/Universal_Soldier_II:_Brothers_in_Arms,tt0186654,Q843003,tmdb
10843,After Hours (film),https://en.wikipedia.org/wiki/After_Hours_(film),tt0088680,Q846209,tmdb
10501,The Road to El Dorado,https://en.wikipedia.org/wiki/The_Road_to_El_Dorado,tt0138749,Q866358,tmdb
10386,The Iron Giant,https://en.wikipedia.org/wiki/The_Iron_Giant,tt0129167,Q867283,tmdb
10146,Men...,https://en.wikipedia.org/wiki/Men...,tt0089656,Q874078,tmdb
10585,Child's Play (1988 film),https://en.wikipedia.org/wiki/Child%27s_Play_(1988_film),tt0094862,Q935945,tmdb
10719,Elf (film),https://en.wikipedia.org/wiki/Elf_(film),tt0319343,Q949879,tmdb
10642,Loser (2000 film),https://en.wikipedia.org/wiki/Loser_(2000_film),tt0217630,Q954874,tmdb
10661,You Don't Mess with the Zohan,https://en.wikipedia.org/wiki/You_Don%27t_Mess_with_the_Zohan,tt0960144,Q958417,tmdb
10410,Hoffa (film),https://en.wikipedia.org/wiki/Hoffa_(film),tt0104427,Q978974,tmdb
10483,Death Race (2008 film),https://en.wikipedia.org/wiki/Death_Race_(2008_film),tt0452608,Q1033191,tmdb
10137,Stuart Little (film),https://en.wikipedia.org/wiki/Stuart_Little_(film),tt0164912,Q1048958,tmdb
10664,Rec 2,https://en.wikipedia.org/wiki/Rec_2,tt1245112,Q1050065,tmdb
10364,Catch-22 (film),https://en.wikipedia.org/wiki/Catch-22_(film),tt0065528,Q1050533,tmdb
10357,Volcano (1997 film),https://en.wikipedia.org/wiki/Volcano_(1997_film),tt0120461,Q1059532,tmdb
10543,Fear (1996 film),https://en.wikipedia.org/wiki/Fear_(1996_film),tt0116287,Q1070275,tmdb
10598,Dirty (2005 film),https://en.wikipedia.org/wiki/Dirty_(2005_film),tt0439544,Q1137811,tmdb
10629,Veronica Guerin (film),https://en.wikipedia.org/wiki/Veronica_Guerin_(film),tt0312549,Q1146246,tmdb
10393,The Replacements (film),https://en.wikipedia.org/wiki/The_Replacements_(film),tt0191397,Q1146296,tmdb
10658,Howard the Duck (film),https://en.wikipedia.org/wiki/Howard_the_Duck_(film),tt0091225,Q1146570,tmdb
10836,Dagon (film),https://en.wikipedia.org/wiki/Dagon_(film),tt0264508,Q1157372,tmdb
10776,Little Shop of Horrors (film),https://en.wikipedia.org/wiki/Little_Shop_of_Horrors_(film),tt0091419,Q1199259,tmdb
10494,Perfect Blue,https://en.wikipedia.org/wiki/Perfect_Blue,tt0156887,Q1205051,tmdb
10627,Taps (film),https://en.wikipedia.org/wiki/Taps_(film),tt0083169,Q1213746,tmdb
10665,The Strangers (2008 film),https://en.wikipedia.org/wiki/The_Strangers_(2008_film),tt0482606,Q1259466,tmdb
10246,Porky's,https://en.wikipedia.org/wiki/Porky%27s,tt0084522,Q1284961,tmdb
10588,The Cat in the Hat (2003 film),https://en.wikipedia.org/wiki/The_Cat_in_the_Hat_(2003_film),tt0312528,Q1286387,tmdb
10622,Mr. Nice Guy (1997 film),https://en.wikipedia.org/wiki/Mr._Nice_Guy_(1997_film),tt0117786,Q1314177,tmdb
11370,The Musketeer,https://en.wikipedia.org/wiki/The_Musketeer,tt0246544,Q194346,tmdb
10937,Barfly (film),https://en.wikipedia.org/wiki/Barfly_(film),tt0092618,Q195303,tmdb
11527,Excalibur (film),https://en.wikipedia.org/wiki/Excalibur_(film),tt0082348,Q206461,tmdb
11319,The Rescuers,https://en.wikipedia.org/wiki/The_Rescuers,tt0076618,Q39722,tmdb
11674,101 Dalmatians (1996 film),https://en.wikipedia.org/wiki/101_Dalmatians_(1996_film),tt0115433,Q8594,tmdb
11035,Roma (1972 film),https://en.wikipedia.org/wiki/Roma_(1972_film),tt0069191,Q18423,tmdb
11544,Lilo & Stitch,https://en.wikipedia.org/wiki/Lilo_%26_Stitch,tt0275847,Q36092,tmdb
11628,Solino,https://en.wikipedia.org/wiki/Solino,tt0292242,Q164951,tmdb
10890,Stripes (film),https://en.wikipedia.org/wiki/Stripes_(film),tt0083131,Q174153,tmdb
11631,Mamma Mia! (film),https://en.wikipedia.org/wiki/Mamma_Mia!_(film),tt0795421,Q188850,tmdb
11224,Cinderella (1950 film),https://en.wikipedia.org/wiki/Cinderella_(1950_film),tt0042332,Q191753,tmdb
11071,Them!,https://en.wikipedia.org/wiki/Them!,tt0047573,Q578809,tmdb
10995,The Lover (1992 film),https://en.wikipedia.org/wiki/The_Lover_(1992_film),tt0101316,Q602927,tmdb
11282,Harold & Kumar Go to White Castle,https://en.wikipedia.org/wiki/Harold_%26_Kumar_Go_to_White_Castle,tt0366551,Q607643,tmdb
11107,Eddie (film),https://en.wikipedia.org/wiki/Eddie_(film),tt0116168,Q502876,tmdb
11090,The Animal,https://en.wikipedia.org/wiki/The_Animal,tt0255798,Q547517,tmdb
11513,Cobra Verde,https://en.wikipedia.org/wiki/Cobra_Verde,tt0094888,Q563723,tmdb
11665,Get Smart (film),https://en.wikipedia.org/wiki/Get_Smart_(film),tt0425061,Q570652,tmdb
11305,Mystery Train (film),https://en.wikipedia.org/wiki/Mystery_Train_(film),tt0097940,Q614795,tmdb
11510,Repossessed (film),https://en.wikipedia.org/wiki/Repossessed_(film),tt0100475,Q634582,tmdb
11321,Seven Pounds,https://en.wikipedia.org/wiki/Seven_Pounds,tt0814314,Q635924,tmdb
11230,Drunken Master,https://en.wikipedia.org/wiki/Drunken_Master,tt0080179,Q838514,tmdb
11362,The Count of Monte Cristo (2002 film),https://en.wikipedia.org/wiki/The_Count_of_Monte_Cristo_(2002_film),tt0245844,Q839596,tmdb
11365,Wilde (film),https://en.wikipedia.org/wiki/Wilde_(film),tt0120514,Q839825,tmdb
11005,Awakenings,https://en.wikipedia.org/wiki/Awakenings,tt0099077,Q842073,tmdb
11281,Halloween II (1981 film),https://en.wikipedia.org/wiki/Halloween_II_(1981_film),tt0082495,Q850312,tmdb
11459,Sky High (2005 film),https://en.wikipedia.org/wiki/Sky_High_(2005_film),tt0405325,Q858508,tmdb
11046,Where Eagles Dare,https://en.wikipedia.org/wiki/Where_Eagles_Dare,tt0065207,Q392806,tmdb
11248,Fatherland (1994 film),https://en.wikipedia.org/wiki/Fatherland_(1994_film),tt0109779,Q457349,tmdb
11216,Cinema Paradiso,https://en.wikipedia.org/wiki/Cinema_Paradiso,tt0095765,Q464032,tmdb
11336,The Dead Zone (film),https://en.wikipedia.org/wiki/The_Dead_Zone_(film),tt0085407,Q466792,tmdb
11237,Anacondas: The Hunt for the Blood Orchid,https://en.wikipedia.org/wiki/Anacondas:_The_Hunt_for_the_Blood_Orchid,tt0366174,Q483591,tmdb
11423,Memories of Murder,https://en.wikipedia.org/wiki/Memories_of_Murder,tt0353969,Q488169,tmdb
11395,The Santa Clause,https://en.wikipedia.org/wiki/The_Santa_Clause,tt0111070,Q497850,tmdb
11621,Porco Rosso,https://en.wikipedia.org/wiki/Porco_Rosso,tt0104652,Q498375,tmdb
11054,Hairspray (1988 film),https://en.wikipedia.org/wiki/Hairspray_(1988_film),tt0095270,Q1528825,tmdb
11351,Jeepers Creepers 2,https://en.wikipedia.org/wiki/Jeepers_Creepers_2,tt0301470,Q1540379,tmdb
11012,Damage (1992 film),https://en.wikipedia.org/wiki/Damage_(1992_film),tt0104237,Q1542915,tmdb
11022,Narc (film),https://en.wikipedia.org/wiki/Narc_(film),tt0272207,Q1656994,tmdb
11483,Pirates (1986 film),https://en.wikipedia.org/wiki/Pirates_(1986_film),tt0091757,Q1673923,tmdb
11387,Lord Jim (1965 film),https://en.wikipedia.org/wiki/Lord_Jim_(1965_film),tt0059399,Q1691958,tmdb
11600,Redacted (film),https://en.wikipedia.org/wiki/Redacted_(film),tt0937237,Q1753795,tmdb
10874,Muppet Treasure Island,https://en.wikipedia.org/wiki/Muppet_Treasure_Island,tt0117110,Q1788520,tmdb
11597,Toys (film),https://en.wikipedia.org/wiki/Toys_(film),tt0105629,Q1849238,tmdb
10871,Switchback (film),https://en.wikipedia.org/wiki/Switchback_(film),tt0119210,Q2092528,tmdb
11388,Stay Cool,https://en.wikipedia.org/wiki/Stay_Cool,tt1235807,Q2297848,tmdb
10895,Pinocchio (1940 film),https://en.wikipedia.org/wiki/Pinocchio_(1940_film),tt0032910,Q4341553,tmdb
11031,This Is Spinal Tap,https://en.wikipedia.org/wiki/This_Is_Spinal_Tap,tt0088258,Q7810384,tmdb
11324,Shutter Island (film),https://en.wikipedia.org/wiki/Shutter_Island_(film),tt1130884,Q210364,tmdb
10882,Sleeping Beauty (1959 film),https://en.wikipedia.org/wiki/Sleeping_Beauty_(1959_film),tt0053285,Q215617,tmdb
11430,The Lion King 1½,https://en.wikipedia.org/wiki/The_Lion_King_1%C2%BD,tt0318403,Q223217,tmdb
11036,The Notebook,https://en.wikipedia.org/wiki/The_Notebook,tt0332280,Q223374,tmdb
11371,The Score (2001 film),https://en.wikipedia.org/wiki/The_Score_(2001_film),tt0227445,Q241941,tmdb
11638,Guess Who (film),https://en.wikipedia.org/wiki/Guess_Who_(film),tt0372237,Q255137,tmdb
11247,A Cinderella Story,https://en.wikipedia.org/wiki/A_Cinderella_Story,tt0356470,Q276415,tmdb
10870,Les Dalton (film),https://en.wikipedia.org/wiki/Les_Dalton_(film),tt0368668,Q286757,tmdb
10865,Atlantis: The Lost Empire,https://en.wikipedia.org/wiki/Atlantis:_The_Lost_Empire,tt0230011,Q318975,tmdb
11346,Kleinruppin Forever,https://en.wikipedia.org/wiki/Kleinruppin_Forever,tt0362804,Q324144,tmdb
11322,Public Enemies (2009 film),https://en.wikipedia.org/wiki/Public_Enemies_(2009_film),tt1152836,Q329448,tmdb
11462,Suspicion (1941 film),https://en.wikipedia.org/wiki/Suspicion_(1941_film),tt0034248,Q1509470,tmdb
11045,Taxi (2004 film),https://en.wikipedia.org/wiki/Taxi_(2004_film),tt0316732,Q1516852,tmdb
11176,The Muppet Movie,https://en.wikipedia.org/wiki/The_Muppet_Movie,tt0079588,Q1518589,tmdb
11037,Iron Eagle,https://en.wikipedia.org/wiki/Iron_Eagle,tt0091278,Q39956,tmdb
10948,The Fox and the Hound,https://en.wikipedia.org/wiki/The_Fox_and_the_Hound,tt0082406,Q40302,tmdb
11360,Dumbo,https://en.wikipedia.org/wiki/Dumbo,tt0033563,Q40895,tmdb
11009,Saturday Night Fever,https://en.wikipedia.org/wiki/Saturday_Night_Fever,tt0076666,Q47654,tmdb
10947,High School Musical,https://en.wikipedia.org/wiki/High_School_Musical,tt0475293,Q53110,tmdb
11596,Wes Craven's New Nightmare,https://en.wikipedia.org/wiki/Wes_Craven%27s_New_Nightmare,tt0111686,Q636166,tmdb
11212,Baby's Day Out,https://en.wikipedia.org/wiki/Baby%27s_Day_Out,tt0109190,Q637884,tmdb
10982,Hoodwinked!,https://en.wikipedia.org/wiki/Hoodwinked!,tt0443536,Q640979,tmdb
10897,The Little Rascals (film),https://en.wikipedia.org/wiki/The_Little_Rascals_(film),tt0110366,Q644634,tmdb
11253,Hellboy II: The Golden Army,https://en.wikipedia.org/wiki/Hellboy_II:_The_Golden_Army,tt0411477,Q651196,tmdb
11450,Quiz Show (film),https://en.wikipedia.org/wiki/Quiz_Show_(film),tt0110932,Q651722,tmdb
11622,Blast from the Past (film),https://en.wikipedia.org/wiki/Blast_from_the_Past_(film),tt0124298,Q678306,tmdb
11660,Following,https://en.wikipedia.org/wiki/Following,tt0154506,Q685817,tmdb
11130,The Princess Diaries 2: Royal Engagement,https://en.wikipedia.org/wiki/The_Princess_Diaries_2:_Royal_Engagement,tt0368933,Q696096,tmdb
11540,Arsène Lupin (2004 film),https://en.wikipedia.org/wiki/Ars%C3%A8ne_Lupin_(2004_film),tt0373690,Q705232,tmdb
11424,High Society (1956 film),https://en.wikipedia.org/wiki/High_Society_(1956_film),tt0049314,Q719471,tmdb
11013,Secretary (2002 film),https://en.wikipedia.org/wiki/Secretary_(2002_film),tt0274812,Q742195,tmdb
10999,Commando (1985 film),https://en.wikipedia.org/wiki/Commando_(1985_film),tt0088944,Q744551,tmdb
10867,Malèna (film),https://en.wikipedia.org/wiki/Mal%C3%A8na_(film),tt0213847,Q745973,tmdb
11332,8½ Women,https://en.wikipedia.org/wiki/8%C2%BD_Women,tt0154443,Q747685,tmdb
11284,Freddy's Dead: The Final Nightmare,https://en.wikipedia.org/wiki/Freddy%27s_Dead:_The_Final_Nightmare,tt0101917,Q748614,tmdb
11529,Sweet Home Alabama (film),https://en.wikipedia.org/wiki/Sweet_Home_Alabama_(film),tt0256415,Q749688,tmdb
11561,Sleeper (1973 film),https://en.wikipedia.org/wiki/Sleeper_(1973_film),tt0070707,Q750003,tmdb
11619,Flushed Away,https://en.wikipedia.org/wiki/Flushed_Away,tt0424095,Q752301,tmdb
10860,Steel Magnolias,https://en.wikipedia.org/wiki/Steel_Magnolias,tt0098384,Q762140,tmdb
11104,Chungking Express,https://en.wikipedia.org/wiki/Chungking_Express,tt0109424,Q766263,tmdb
11092,Presumed Innocent (film),https://en.wikipedia.org/wiki/Presumed_Innocent_(film),tt0100404,Q777629,tmdb
11635,Old School (2003 film),https://en.wikipedia.org/wiki/Old_School_(2003_film),tt0302886,Q782955,tmdb
11238,Aladdin and the King of Thieves,https://en.wikipedia.org/wiki/Aladdin_and_the_King_of_Thieves,tt0115491,Q817003,tmdb
11007,Cheaper by the Dozen (2003 film),https://en.wikipedia.org/wiki/Cheaper_by_the_Dozen_(2003_film),tt0349205,Q822930,tmdb
10970,Silent Movie,https://en.wikipedia.org/wiki/Silent_Movie,tt0075222,Q834385,tmdb
11636,New Police Story,https://en.wikipedia.org/wiki/New_Police_Story,tt0386005,Q863762,tmdb
11249,Seed of Chucky,https://en.wikipedia.org/wiki/Seed_of_Chucky,tt0387575,Q925421,tmdb
10896,Tin Men,https://en.wikipedia.org/wiki/Tin_Men,tt0094155,Q929144,tmdb
11177,Mask (1985 film),https://en.wikipedia.org/wiki/Mask_(1985_film),tt0089560,Q929647,tmdb
11335,Popeye (film),https://en.wikipedia.org/wiki/Popeye_(film),tt0081353,Q941944,tmdb
11072,Blazing Saddles,https://en.wikipedia.org/wiki/Blazing_Saddles,tt0071230,Q957323,tmdb
11357,Halloween 4: The Return of Michael Myers,https://en.wikipedia.org/wiki/Halloween_4:_The_Return_of_Michael_Myers,tt0095271,Q959853,tmdb
11088,Heist (2001 film),https://en.wikipedia.org/wiki/Heist_(2001_film),tt0252503,Q964779,tmdb
11252,Psycho (1998 film),https://en.wikipedia.org/wiki/Psycho_(1998_film),tt0155975,Q979196,tmdb
11646,Gallipoli (1981 film),https://en.wikipedia.org/wiki/Gallipoli_(1981_film),tt0082432,Q1077160,tmdb
11186,Child's Play 2,https://en.wikipedia.org/wiki/Child%27s_Play_2,tt0099253,Q1089281,tmdb
11474,The Warriors (film),https://en.wikipedia.org/wiki/The_Warriors_(film),tt0080120,Q1122971,tmdb
11411,Superman IV: The Quest for Peace,https://en.wikipedia.org/wiki/Superman_IV:_The_Quest_for_Peace,tt0094074,Q1123006,tmdb
11023,Thirteen (2003 film),https://en.wikipedia.org/wiki/Thirteen_(2003_film),tt0328538,Q1141912,tmdb
11397,Not Another Teen Movie,https://en.wikipedia.org/wiki/Not_Another_Teen_Movie,tt0277371,Q1145848,tmdb
11412,The Long Kiss Goodnight,https://en.wikipedia.org/wiki/The_Long_Kiss_Goodnight,tt0116908,Q1168399,tmdb
11015,The Relic,https://en.wikipedia.org/wiki/The_Relic,tt0120004,Q1170168,tmdb
11001,Blue Streak (film),https://en.wikipedia.org/wiki/Blue_Streak_(film),tt0181316,Q1192922,tmdb
11507,Body Double,https://en.wikipedia.org/wiki/Body_Double,tt0086984,Q1197501,tmdb
11034,The Great Gatsby (1974 film),https://en.wikipedia.org/wiki/The_Great_Gatsby_(1974_film),tt0071577,Q1198799,tmdb
11239,Shall We Dance? (1996 film),https://en.wikipedia.org/wiki/Shall_We_Dance%3F_(1996_film),tt0117615,Q1199128,tmdb
11453,Deuce Bigalow: European Gigolo,https://en.wikipedia.org/wiki/Deuce_Bigalow:_European_Gigolo,tt0367652,Q1201654,tmdb
11153,National Lampoon's Vacation,https://en.wikipedia.org/wiki/National_Lampoon%27s_Vacation,tt0085995,Q1219310,tmdb
11309,Hardware (film),https://en.wikipedia.org/wiki/Hardware_(film),tt0099740,Q1230682,tmdb
11287,A League of Their Own,https://en.wikipedia.org/wiki/A_League_of_Their_Own,tt0104694,Q1306472,tmdb
11671,Elegy (film),https://en.wikipedia.org/wiki/Elegy_(film),tt0974554,Q1326380,tmdb
11551,Small Soldiers,https://en.wikipedia.org/wiki/Small_Soldiers,tt0122718,Q1332263,tmdb
11220,Fallen Angels (1995 film),https://en.wikipedia.org/wiki/Fallen_Angels_(1995_film),tt0112913,Q1353408,tmdb
11306,Extreme Measures,https://en.wikipedia.org/wiki/Extreme_Measures,tt0116259,Q1385542,tmdb
11326,Tommy (1975 film),https://en.wikipedia.org/wiki/Tommy_(1975_film),tt0073812,Q1419797,tmdb
11171,Mysterious Skin,https://en.wikipedia.org/wiki/Mysterious_Skin,tt0370986,Q1421068,tmdb
11342,Warlock (1989 film),https://en.wikipedia.org/wiki/Warlock_(1989_film),tt0098622,Q1428099,tmdb
12079,Spun,https://en.wikipedia.org/wiki/Spun,tt0283003,Q1663240,tmdb
12572,"New York, I Love You","https://en.wikipedia.org/wiki/New_York,_I_Love_You",tt0808399,Q44935,tmdb
11887,High School Musical 3: Senior Year,https://en.wikipedia.org/wiki/High_School_Musical_3:_Senior_Year,tt0962726,Q53115,tmdb
11774,Lemony Snicket's A Series of Unfortunate Events,https://en.wikipedia.org/wiki/Lemony_Snicket%27s_A_Series_of_Unfortunate_Events,tt0339291,Q116905,tmdb
12405,Slumdog Millionaire,https://en.wikipedia.org/wiki/Slumdog_Millionaire,tt1010048,Q125076,tmdb
12117,Instinct (1999 film),https://en.wikipedia.org/wiki/Instinct_(1999_film),tt0128278,Q1664705,tmdb
11834,Jabberwocky (1977 film),https://en.wikipedia.org/wiki/Jabberwocky_(1977_film),tt0076221,Q1676842,tmdb
11974,The 'Burbs,https://en.wikipedia.org/wiki/The_%27Burbs,tt0096734,Q1740544,tmdb
13446,Withnail and I,https://en.wikipedia.org/wiki/Withnail_and_I,tt0094336,Q1756560,tmdb
13319,Frostbite (2006 film),https://en.wikipedia.org/wiki/Frostbite_(2006_film),tt0454457,Q1767142,tmdb
13223,Gran Torino,https://en.wikipedia.org/wiki/Gran_Torino,tt1205489,Q126699,tmdb
13320,Funny Face,https://en.wikipedia.org/wiki/Funny_Face,tt0050419,Q147068,tmdb
13197,10th & Wolf,https://en.wikipedia.org/wiki/10th_%26_Wolf,tt0360323,Q1785876,tmdb
12994,The Nines,https://en.wikipedia.org/wiki/The_Nines,tt0810988,Q1892083,tmdb
12277,Undercover Brother,https://en.wikipedia.org/wiki/Undercover_Brother,tt0279493,Q2093198,tmdb
11928,Tetro,https://en.wikipedia.org/wiki/Tetro,tt0964185,Q2309964,tmdb
13220,Splinter (2008 film),https://en.wikipedia.org/wiki/Splinter_(2008_film),tt1031280,Q2320121,tmdb
12517,Calvaire (film),https://en.wikipedia.org/wiki/Calvaire_(film),tt0407621,Q2333043,tmdb
13285,Barbie Fairytopia: Mermaidia,https://en.wikipedia.org/wiki/Barbie_Fairytopia:_Mermaidia,tt0775425,Q2545667,tmdb
11802,Space Chimps,https://en.wikipedia.org/wiki/Space_Chimps,tt0482603,Q2558033,tmdb
12411,Disgrace (2008 film),https://en.wikipedia.org/wiki/Disgrace_(2008_film),tt0445953,Q281830,tmdb
11679,XXX: State of the Union,https://en.wikipedia.org/wiki/XXX:_State_of_the_Union,tt0329774,Q283696,tmdb
11977,Caddyshack,https://en.wikipedia.org/wiki/Caddyshack,tt0080487,Q311638,tmdb
12761,Autumn Sonata,https://en.wikipedia.org/wiki/Autumn_Sonata,tt0077711,Q322572,tmdb
12101,Soylent Green,https://en.wikipedia.org/wiki/Soylent_Green,tt0070723,Q426196,tmdb
12429,Ponyo,https://en.wikipedia.org/wiki/Ponyo,tt0876563,Q236728,tmdb
12493,High and Low (1963 film),https://en.wikipedia.org/wiki/High_and_Low_(1963_film),tt0057565,Q244878,tmdb
12778,Greedy (film),https://en.wikipedia.org/wiki/Greedy_(film),tt0109936,Q253107,tmdb
11713,Fist of Fury,https://en.wikipedia.org/wiki/Fist_of_Fury,tt0068767,Q253565,tmdb
11970,Hercules (1997 film),https://en.wikipedia.org/wiki/Hercules_(1997_film),tt0119282,Q271189,tmdb
11963,Three Days of the Condor,https://en.wikipedia.org/wiki/Three_Days_of_the_Condor,tt0073802,Q458033,tmdb
12783,The Duchess (film),https://en.wikipedia.org/wiki/The_Duchess_(film),tt0864761,Q466514,tmdb
12184,The Other Boleyn Girl (2008 film),https://en.wikipedia.org/wiki/The_Other_Boleyn_Girl_(2008_film),tt0467200,Q470073,tmdb
12096,The Pink Panther (2006 film),https://en.wikipedia.org/wiki/The_Pink_Panther_(2006_film),tt0383216,Q844497,tmdb
11860,Sabrina (1995 film),https://en.wikipedia.org/wiki/Sabrina_(1995_film),tt0114319,Q900708,tmdb
11857,Orange County (film),https://en.wikipedia.org/wiki/Orange_County_(film),tt0273923,Q913965,tmdb
12225,Cashback (film),https://en.wikipedia.org/wiki/Cashback_(film),tt0460740,Q919135,tmdb
13027,Eagle Eye,https://en.wikipedia.org/wiki/Eagle_Eye,tt1059786,Q158474,tmdb
12444,Harry Potter and the Deathly Hallows – Part 1,https://en.wikipedia.org/wiki/Harry_Potter_and_the_Deathly_Hallows_%E2%80%93_Part_1,tt0926084,Q161678,tmdb
13183,Watchmen (2009 film),https://en.wikipedia.org/wiki/Watchmen_(2009_film),tt0409459,Q162182,tmdb
12230,One Hundred and One Dalmatians,https://en.wikipedia.org/wiki/One_Hundred_and_One_Dalmatians,tt0055254,Q165512,tmdb
12155,Alice in Wonderland (2010 film),https://en.wikipedia.org/wiki/Alice_in_Wonderland_(2010_film),tt1014759,Q174385,tmdb
12162,The Hurt Locker,https://en.wikipedia.org/wiki/The_Hurt_Locker,tt0887912,Q183066,tmdb
12092,Alice in Wonderland (1951 film),https://en.wikipedia.org/wiki/Alice_in_Wonderland_(1951_film),tt0043274,Q189875,tmdb
11778,The Deer Hunter,https://en.wikipedia.org/wiki/The_Deer_Hunter,tt0077416,Q201674,tmdb
13053,Bolt (2008 film),https://en.wikipedia.org/wiki/Bolt_(2008_film),tt0397892,Q212792,tmdb
13009,Zombie Strippers,https://en.wikipedia.org/wiki/Zombie_Strippers,tt0960890,Q219796,tmdb
11688,The Emperor's New Groove,https://en.wikipedia.org/wiki/The_Emperor%27s_New_Groove,tt0120917,Q223163,tmdb
12445,Harry Potter and the Deathly Hallows – Part 2,https://en.wikipedia.org/wiki/Harry_Potter_and_the_Deathly_Hallows_%E2%80%93_Part_2,tt1201607,Q232009,tmdb
12254,Emma (1996 TV film),https://en.wikipedia.org/wiki/Emma_(1996_TV_film),tt0118308,Q2565731,tmdb
12806,Nico and Dani,https://en.wikipedia.org/wiki/Nico_and_Dani,tt0250478,Q2569575,tmdb
12657,Soul Plane,https://en.wikipedia.org/wiki/Soul_Plane,tt0367085,Q2575316,tmdb
12912,Chaos Theory (film),https://en.wikipedia.org/wiki/Chaos_Theory_(film),tt0460745,Q2594298,tmdb
12410,Good (film),https://en.wikipedia.org/wiki/Good_(film),tt0436364,Q2601102,tmdb
13201,Deuces Wild,https://en.wikipedia.org/wiki/Deuces_Wild,tt0231448,Q3788447,tmdb
13064,Airborne (1993 film),https://en.wikipedia.org/wiki/Airborne_(1993_film),tt0106233,Q4242745,tmdb
12471,Milk (2008 Turkish film),https://en.wikipedia.org/wiki/Milk_(2008_Turkish_film),tt1284591,Q6570602,tmdb
11978,Men of Honor,https://en.wikipedia.org/wiki/Men_of_Honor,tt0203019,Q926671,tmdb
12614,Victoria,https://en.wikipedia.org/wiki/Victor/Victoria,tt0084865,Q936037,tmdb
12541,Le Guignolo,https://en.wikipedia.org/wiki/Le_Guignolo,tt0079252,Q937140,tmdb
12536,Home Alone 4,https://en.wikipedia.org/wiki/Home_Alone_4,tt0329200,Q946562,tmdb
13168,Smiley Face (film),https://en.wikipedia.org/wiki/Smiley_Face_(film),tt0780608,Q959483,tmdb
12610,Osmosis Jones,https://en.wikipedia.org/wiki/Osmosis_Jones,tt0181739,Q966690,tmdb
12085,Mad Money (film),https://en.wikipedia.org/wiki/Mad_Money_(film),tt0951216,Q969425,tmdb
12919,Can't Buy Me Love (film),https://en.wikipedia.org/wiki/Can%27t_Buy_Me_Love_(film),tt0092718,Q1034060,tmdb
11675,Halloween H20: 20 Years Later,https://en.wikipedia.org/wiki/Halloween_H20:_20_Years_Later,tt0120694,Q1050815,tmdb
11824,Teen Wolf,https://en.wikipedia.org/wiki/Teen_Wolf,tt0090142,Q1067125,tmdb
11932,Bride of Chucky,https://en.wikipedia.org/wiki/Bride_of_Chucky,tt0144120,Q1089303,tmdb
13252,Cleaner (2007 film),https://en.wikipedia.org/wiki/Cleaner_(2007_film),tt0896798,Q1099448,tmdb
11852,The Hot Chick,https://en.wikipedia.org/wiki/The_Hot_Chick,tt0302640,Q1131279,tmdb
12105,Yellow Submarine (film),https://en.wikipedia.org/wiki/Yellow_Submarine_(film),tt0063823,Q1131791,tmdb
13430,Always: Sunset on Third Street,https://en.wikipedia.org/wiki/Always:_Sunset_on_Third_Street,tt0488870,Q1138510,tmdb
13186,Wrong Turn 2: Dead End,https://en.wikipedia.org/wiki/Wrong_Turn_2:_Dead_End,tt0804555,Q1166161,tmdb
12448,The Hunchback of Notre Dame II,https://en.wikipedia.org/wiki/The_Hunchback_of_Notre_Dame_II,tt0257778,Q1193937,tmdb
12207,Drunken Master II,https://en.wikipedia.org/wiki/Drunken_Master_II,tt0111512,Q1261372,tmdb
12149,Frailty (2001 film),https://en.wikipedia.org/wiki/Frailty_(2001_film),tt0264616,Q1269703,tmdb
13342,Fast Times at Ridgemont High,https://en.wikipedia.org/wiki/Fast_Times_at_Ridgemont_High,tt0083929,Q1302846,tmdb
12133,Step Brothers (film),https://en.wikipedia.org/wiki/Step_Brothers_(film),tt0838283,Q1345077,tmdb
11889,Iris (2001 film),https://en.wikipedia.org/wiki/Iris_(2001_film),tt0280778,Q1364697,tmdb
12715,Firewalker (film),https://en.wikipedia.org/wiki/Firewalker_(film),tt0091055,Q1409792,tmdb
11969,Tombstone (film),https://en.wikipedia.org/wiki/Tombstone_(film),tt0108358,Q1420651,tmdb
12890,Smart People,https://en.wikipedia.org/wiki/Smart_People,tt0858479,Q1437261,tmdb
13207,Friday the 13th (2009 film),https://en.wikipedia.org/wiki/Friday_the_13th_(2009_film),tt0758746,Q1454815,tmdb
11954,Lifeforce (film),https://en.wikipedia.org/wiki/Lifeforce_(film),tt0089489,Q1455006,tmdb
12508,Rock Star (2001 film),https://en.wikipedia.org/wiki/Rock_Star_(2001_film),tt0202470,Q1470523,tmdb
13291,Traitor (film),https://en.wikipedia.org/wiki/Traitor_(film),tt0988047,Q1536329,tmdb
12120,My Stepmother Is an Alien,https://en.wikipedia.org/wiki/My_Stepmother_Is_an_Alien,tt0095687,Q1540328,tmdb
12519,Sirens (1994 film),https://en.wikipedia.org/wiki/Sirens_(1994_film),tt0111201,Q1542458,tmdb
12395,Thunderheart,https://en.wikipedia.org/wiki/Thunderheart,tt0105585,Q1570275,tmdb
13257,Mr. Woodcock,https://en.wikipedia.org/wiki/Mr._Woodcock,tt0419984,Q1632915,tmdb
12524,Titus (film),https://en.wikipedia.org/wiki/Titus_(film),tt0120866,Q1635819,tmdb
12137,,,tt0803100,Q477570,tmdb
13304,,,tt0307693,Q1170882,tmdb
12693,,,tt1891894,Q3441735,tmdb
12481,The Big Boss,https://en.wikipedia.org/wiki/The_Big_Boss,tt0067824,Q470374,tmdb
12646,Valhalla (1986 film),https://en.wikipedia.org/wiki/Valhalla_(1986_film),tt0094238,Q479035,tmdb
11777,I.Q. (film),https://en.wikipedia.org/wiki/I.Q._(film),tt0110099,Q499904,tmdb
13346,Lucas (1986 film),https://en.wikipedia.org/wiki/Lucas_(1986_film),tt0091445,Q507214,tmdb
11976,Legend (1985 film),https://en.wikipedia.org/wiki/Legend_(1985_film),tt0089469,Q509913,tmdb
11770,Shaolin Soccer,https://en.wikipedia.org/wiki/Shaolin_Soccer,tt0286112,Q536299,tmdb
11906,Suspiria,https://en.wikipedia.org/wiki/Suspiria,tt0076786,Q546900,tmdb
12279,Spy Kids 3-D: Game Over,https://en.wikipedia.org/wiki/Spy_Kids_3-D:_Game_Over,tt0338459,Q550196,tmdb
13179,Tinker Bell (film),https://en.wikipedia.org/wiki/Tinker_Bell_(film),tt0823671,Q550571,tmdb
12153,White Chicks,https://en.wikipedia.org/wiki/White_Chicks,tt0381707,Q575848,tmdb
11836,The SpongeBob SquarePants Movie,https://en.wikipedia.org/wiki/The_SpongeBob_SquarePants_Movie,tt0345950,Q579928,tmdb
12208,Casino Royale (1967 film),https://en.wikipedia.org/wiki/Casino_Royale_(1967_film),tt0061452,Q591272,tmdb
11850,Invasion of the Body Snatchers (1978 film),https://en.wikipedia.org/wiki/Invasion_of_the_Body_Snatchers_(1978_film),tt0077745,Q598818,tmdb
12088,Fortress (1992 film),https://en.wikipedia.org/wiki/Fortress_(1992_film),tt0106950,Q612373,tmdb
11910,Terry Pratchett's Hogfather,https://en.wikipedia.org/wiki/Terry_Pratchett%27s_Hogfather,tt0765458,Q617847,tmdb
12222,Horton Hears a Who! (film),https://en.wikipedia.org/wiki/Horton_Hears_a_Who!_(film),tt0451079,Q630032,tmdb
12636,Godzilla Against Mechagodzilla,https://en.wikipedia.org/wiki/Godzilla_Against_Mechagodzilla,tt0314111,Q660666,tmdb
12568,Brideshead Revisited (film),https://en.wikipedia.org/wiki/Brideshead_Revisited_(film),tt0412536,Q661141,tmdb
12576,Deathwatch (2002 film),https://en.wikipedia.org/wiki/Deathwatch_(2002_film),tt0286306,Q699278,tmdb
11690,Bloodsport (film),https://en.wikipedia.org/wiki/Bloodsport_(film),tt0092675,Q724960,tmdb
11838,Ju-On: The Grudge,https://en.wikipedia.org/wiki/Ju-On:_The_Grudge,tt0364385,Q730555,tmdb
11806,Beethoven (film),https://en.wikipedia.org/wiki/Beethoven_(film),tt0103786,Q754892,tmdb
12106,The Quick and the Dead (1995 film),https://en.wikipedia.org/wiki/The_Quick_and_the_Dead_(1995_film),tt0114214,Q756416,tmdb
12201,Edge of Darkness (2010 film),https://en.wikipedia.org/wiki/Edge_of_Darkness_(2010_film),tt1226273,Q760093,tmdb
12139,Dennis the Menace (film),https://en.wikipedia.org/wiki/Dennis_the_Menace_(film),tt0106701,Q783486,tmdb
12309,Bachelor Party (1984 film),https://en.wikipedia.org/wiki/Bachelor_Party_(1984_film),tt0086927,Q798133,tmdb
11853,Bad Girls (1994 film),https://en.wikipedia.org/wiki/Bad_Girls_(1994_film),tt0109198,Q798696,tmdb
13387,Transporter 3,https://en.wikipedia.org/wiki/Transporter_3,tt1129442,Q815550,tmdb
11700,Smiles of a Summer Night,https://en.wikipedia.org/wiki/Smiles_of_a_Summer_Night,tt0048641,Q837070,tmdb
12242,Mulan II,https://en.wikipedia.org/wiki/Mulan_II,tt0279967,Q837847,tmdb
12159,What Dreams May Come (film),https://en.wikipedia.org/wiki/What_Dreams_May_Come_(film),tt0120889,Q839434,tmdb
13650,Delirious (2006 film),https://en.wikipedia.org/wiki/Delirious_(2006_film),tt0412637,Q4471,tmdb
15370,The Cat Returns,https://en.wikipedia.org/wiki/The_Cat_Returns,tt0347618,Q51543,tmdb
15121,The Sound of Music (film),https://en.wikipedia.org/wiki/The_Sound_of_Music_(film),tt0059742,Q60072,tmdb
13683,Tarzan & Jane,https://en.wikipedia.org/wiki/Tarzan_%26_Jane,tt0313680,Q2031788,tmdb
13742,Sheitan (film),https://en.wikipedia.org/wiki/Sheitan_(film),tt0450843,Q2347282,tmdb
14817,Good Burger,https://en.wikipedia.org/wiki/Good_Burger,tt0119215,Q2355815,tmdb
13448,Angels & Demons (film),https://en.wikipedia.org/wiki/Angels_%26_Demons_(film),tt0808151,Q192934,tmdb
14160,Up (2009 film),https://en.wikipedia.org/wiki/Up_(2009_film),tt1049413,Q174811,tmdb
14161,2012 (film),https://en.wikipedia.org/wiki/2012_(film),tt1190080,Q184605,tmdb
13920,Radio (2003 film),https://en.wikipedia.org/wiki/Radio_(2003_film),tt0316465,Q82352,tmdb
14299,Cadillac Records,https://en.wikipedia.org/wiki/Cadillac_Records,tt1042877,Q149431,tmdb
14574,The Boy in the Striped Pyjamas (film),https://en.wikipedia.org/wiki/The_Boy_in_the_Striped_Pyjamas_(film),tt0914798,Q157556,tmdb
14805,Bait (2000 film),https://en.wikipedia.org/wiki/Bait_(2000_film),tt0211938,Q804002,tmdb
14687,Eichmann (film),https://en.wikipedia.org/wiki/Eichmann_(film),tt0901481,Q826413,tmdb
13785,Best in Show (film),https://en.wikipedia.org/wiki/Best_in_Show_(film),tt0218839,Q830324,tmdb
13528,Gaslight (1944 film),https://en.wikipedia.org/wiki/Gaslight_(1944_film),tt0036855,Q841781,tmdb
14128,Cinderella II: Dreams Come True,https://en.wikipedia.org/wiki/Cinderella_II:_Dreams_Come_True,tt0291082,Q852391,tmdb
14166,Pretty Persuasion,https://en.wikipedia.org/wiki/Pretty_Persuasion,tt0381505,Q638799,tmdb
14219,Skinwalkers (2006 film),https://en.wikipedia.org/wiki/Skinwalkers_(2006_film),tt0461703,Q649923,tmdb
13532,Fanboys (film),https://en.wikipedia.org/wiki/Fanboys_(film),tt0489049,Q650460,tmdb
14199,The Adventures of Sharkboy and Lavagirl,https://en.wikipedia.org/wiki/The_Adventures_of_Sharkboy_and_Lavagirl,tt0424774,Q656357,tmdb
14484,Body Shots (film),https://en.wikipedia.org/wiki/Body_Shots_(film),tt0172627,Q890074,tmdb
13809,RocknRolla,https://en.wikipedia.org/wiki/RocknRolla,tt1032755,Q898461,tmdb
15259,Breakin',https://en.wikipedia.org/wiki/Breakin%27,tt0086998,Q903895,tmdb
14248,Igor (film),https://en.wikipedia.org/wiki/Igor_(film),tt0465502,Q1766287,tmdb
13830,Shottas,https://en.wikipedia.org/wiki/Shottas,tt0281190,Q1859866,tmdb
14262,Desperate Living,https://en.wikipedia.org/wiki/Desperate_Living,tt0075936,Q2017468,tmdb
13698,Gung Ho (film),https://en.wikipedia.org/wiki/Gung_Ho_(film),tt0091159,Q669675,tmdb
14804,Vitus (film),https://en.wikipedia.org/wiki/Vitus_(film),tt0478829,Q676316,tmdb
15512,Monsters vs. Aliens,https://en.wikipedia.org/wiki/Monsters_vs._Aliens,tt0892782,Q681918,tmdb
13492,Frontier(s),https://en.wikipedia.org/wiki/Frontier(s),tt0814685,Q689005,tmdb
13572,Twisted (2004 film),https://en.wikipedia.org/wiki/Twisted_(2004_film),tt0315297,Q701896,tmdb
13614,Katyń (film),https://en.wikipedia.org/wiki/Katy%C5%84_(film),tt0879843,Q714713,tmdb
13483,Awake (2007 film),https://en.wikipedia.org/wiki/Awake_(2007_film),tt0211933,Q791596,tmdb
13633,Bad Boys (1983 film),https://en.wikipedia.org/wiki/Bad_Boys_(1983_film),tt0085210,Q798650,tmdb
13885,Sweeney Todd: The Demon Barber of Fleet Street (2007 film),https://en.wikipedia.org/wiki/Sweeney_Todd:_The_Demon_Barber_of_Fleet_Street_(2007_film),tt0408236,Q212041,tmdb
13475,Star Trek (2009 film),https://en.wikipedia.org/wiki/Star_Trek_(2009_film),tt0796366,Q213081,tmdb
14113,Zoom (2006 film),https://en.wikipedia.org/wiki/Zoom_(2006_film),tt0383060,Q220299,tmdb
13811,Knowing (film),https://en.wikipedia.org/wiki/Knowing_(film),tt0448011,Q244296,tmdb
14310,Infernal Affairs III,https://en.wikipedia.org/wiki/Infernal_Affairs_III,tt0374339,Q248354,tmdb
15472,The Girl with the Dragon Tattoo (2009 film),https://en.wikipedia.org/wiki/The_Girl_with_the_Dragon_Tattoo_(2009_film),tt1132620,Q276343,tmdb
13597,Labyrinth (1986 film),https://en.wikipedia.org/wiki/Labyrinth_(1986_film),tt0091369,Q278053,tmdb
13827,"Surfer, Dude","https://en.wikipedia.org/wiki/Surfer,_Dude",tt0976247,Q278774,tmdb
14869,G.I. Joe: The Rise of Cobra,https://en.wikipedia.org/wiki/G.I._Joe:_The_Rise_of_Cobra,tt1046173,Q288645,tmdb
15017,Blonde Ambition,https://en.wikipedia.org/wiki/Blonde_Ambition,tt0887719,Q428372,tmdb
15394,Owning Mahowny,https://en.wikipedia.org/wiki/Owning_Mahowny,tt0285861,Q472271,tmdb
14030,"Hello, Dolly! (film)","https://en.wikipedia.org/wiki/Hello,_Dolly!_(film)",tt0064418,Q475293,tmdb
14451,Dead Snow,https://en.wikipedia.org/wiki/Dead_Snow,tt1278340,Q477299,tmdb
13654,101 Dalmatians II: Patch's London Adventure,https://en.wikipedia.org/wiki/101_Dalmatians_II:_Patch%27s_London_Adventure,tt0324941,Q477365,tmdb
13815,Fresh (1994 film),https://en.wikipedia.org/wiki/Fresh_(1994_film),tt0109842,Q503199,tmdb
15028,Clockstoppers,https://en.wikipedia.org/wiki/Clockstoppers,tt0157472,Q533849,tmdb
13523,Sex Drive (film),https://en.wikipedia.org/wiki/Sex_Drive_(film),tt1135985,Q537762,tmdb
14001,Dead Silence,https://en.wikipedia.org/wiki/Dead_Silence,tt0455760,Q543403,tmdb
14784,The Fall (2006 film),https://en.wikipedia.org/wiki/The_Fall_(2006_film),tt0460791,Q547120,tmdb
14709,Varsity Blues (film),https://en.wikipedia.org/wiki/Varsity_Blues_(film),tt0139699,Q549889,tmdb
15196,Clue (film),https://en.wikipedia.org/wiki/Clue_(film),tt0088930,Q558795,tmdb
14670,Round Midnight (film),https://en.wikipedia.org/wiki/Round_Midnight_(film),tt0090557,Q576371,tmdb
13971,Wild Child (film),https://en.wikipedia.org/wiki/Wild_Child_(film),tt1024255,Q590352,tmdb
15371,The Castle of Cagliostro,https://en.wikipedia.org/wiki/The_Castle_of_Cagliostro,tt0079833,Q608079,tmdb
14191,Aquamarine (film),https://en.wikipedia.org/wiki/Aquamarine_(film),tt0429591,Q623072,tmdb
14942,Thoughtcrimes,https://en.wikipedia.org/wiki/Thoughtcrimes,tt0339785,Q625177,tmdb
14836,Coraline (film),https://en.wikipedia.org/wiki/Coraline_(film),tt0327597,Q632668,tmdb
15098,Manic (2001 film),https://en.wikipedia.org/wiki/Manic_(2001_film),tt0252684,Q2393892,tmdb
15582,Teen Wolf Too,https://en.wikipedia.org/wiki/Teen_Wolf_Too,tt0094118,Q2400146,tmdb
14963,The Groomsmen,https://en.wikipedia.org/wiki/The_Groomsmen,tt0455958,Q2541848,tmdb
14147,Devour (film),https://en.wikipedia.org/wiki/Devour_(film),tt0406706,Q2657579,tmdb
13991,College (2008 film),https://en.wikipedia.org/wiki/College_(2008_film),tt0844671,Q2706811,tmdb
14242,American Movie,https://en.wikipedia.org/wiki/American_Movie,tt0181288,Q2886086,tmdb
14137,Artie Lange's Beer League,https://en.wikipedia.org/wiki/Artie_Lange%27s_Beer_League,tt0453453,Q2893694,tmdb
15443,Blackball (film),https://en.wikipedia.org/wiki/Blackball_(film),tt0337879,Q2905517,tmdb
14534,Rudy (film),https://en.wikipedia.org/wiki/Rudy_(film),tt0108002,Q3107519,tmdb
15258,The Aristocrats (film),https://en.wikipedia.org/wiki/The_Aristocrats_(film),tt0436078,Q3281221,tmdb
14325,The Express: The Ernie Davis Story,https://en.wikipedia.org/wiki/The_Express:_The_Ernie_Davis_Story,tt0469903,Q3520805,tmdb
15542,Stiletto (2008 film),https://en.wikipedia.org/wiki/Stiletto_(2008_film),tt1027747,Q3973554,tmdb
14247,Sniper 3,https://en.wikipedia.org/wiki/Sniper_3,tt0408196,Q4425370,tmdb
14759,Bookies (film),https://en.wikipedia.org/wiki/Bookies_(film),tt0302361,Q4943231,tmdb
13892,Scarfies,https://en.wikipedia.org/wiki/Scarfies,tt0189981,Q7430392,tmdb
14937,Stone (1974 film),https://en.wikipedia.org/wiki/Stone_(1974_film),tt0072209,Q7618838,tmdb
13494,Red Sonja (2025 film),https://en.wikipedia.org/wiki/Red_Sonja_(2025_film),tt0800175,Q113638950,tmdb
14830,,,tt0910865,Q2320247,tmdb
15571,,,tt0780500,Q3704678,tmdb
13967,Miss Potter,https://en.wikipedia.org/wiki/Miss_Potter,tt0482546,Q908680,tmdb
13700,Home on the Range (2004 film),https://en.wikipedia.org/wiki/Home_on_the_Range_(2004_film),tt0299172,Q936194,tmdb
14125,Captivity (film),https://en.wikipedia.org/wiki/Captivity_(film),tt0374563,Q1035180,tmdb
14411,Sinbad: Legend of the Seven Seas,https://en.wikipedia.org/wiki/Sinbad:_Legend_of_the_Seven_Seas,tt0165982,Q1043425,tmdb
14524,Cass (2008 film),https://en.wikipedia.org/wiki/Cass_(2008_film),tt0954981,Q1048202,tmdb
15014,Sweet Body of Bianca,https://en.wikipedia.org/wiki/Sweet_Body_of_Bianca,tt0085240,Q1052344,tmdb
13468,Keane (film),https://en.wikipedia.org/wiki/Keane_(film),tt0420291,Q1070919,tmdb
15255,Undisputed II: Last Man Standing,https://en.wikipedia.org/wiki/Undisputed_II:_Last_Man_Standing,tt0443676,Q1078365,tmdb
13600,City of Ember,https://en.wikipedia.org/wiki/City_of_Ember,tt0970411,Q1094125,tmdb
13957,Closing the Ring,https://en.wikipedia.org/wiki/Closing_the_Ring,tt0488380,Q1102541,tmdb
14666,Cougar Club,https://en.wikipedia.org/wiki/Cougar_Club,tt0795361,Q1115248,tmdb
15092,Crank: High Voltage,https://en.wikipedia.org/wiki/Crank:_High_Voltage,tt1121931,Q1138916,tmdb
14943,Crows Zero,https://en.wikipedia.org/wiki/Crows_Zero,tt1016290,Q1141811,tmdb
13550,The Changeling (film),https://en.wikipedia.org/wiki/The_Changeling_(film),tt0080516,Q1168623,tmdb
14624,The Ultimate Gift,https://en.wikipedia.org/wiki/The_Ultimate_Gift,tt0482629,Q1171648,tmdb
13474,P2 (film),https://en.wikipedia.org/wiki/P2_(film),tt0804516,Q1190492,tmdb
14317,The Wild Thornberrys Movie,https://en.wikipedia.org/wiki/The_Wild_Thornberrys_Movie,tt0282120,Q1210797,tmdb
15573,The Cowboys,https://en.wikipedia.org/wiki/The_Cowboys,tt0068421,Q1211921,tmdb
14900,The Great Muppet Caper,https://en.wikipedia.org/wiki/The_Great_Muppet_Caper,tt0082474,Q1218526,tmdb
14117,Calamity Jane (1953 film),https://en.wikipedia.org/wiki/Calamity_Jane_(1953_film),tt0045591,Q1228404,tmdb
15070,Undisputed (film),https://en.wikipedia.org/wiki/Undisputed_(film),tt0281322,Q1269212,tmdb
13510,Eden Lake,https://en.wikipedia.org/wiki/Eden_Lake,tt1020530,Q1283552,tmdb
15128,Speechless (1994 film),https://en.wikipedia.org/wiki/Speechless_(1994_film),tt0111256,Q1322346,tmdb
15301,Twilight Zone: The Movie,https://en.wikipedia.org/wiki/Twilight_Zone:_The_Movie,tt0086491,Q1330737,tmdb
13525,Suburban Girl,https://en.wikipedia.org/wiki/Suburban_Girl,tt0428579,Q1385260,tmdb
15544,Extreme Movie,https://en.wikipedia.org/wiki/Extreme_Movie,tt0806147,Q1385487,tmdb
13495,Alatriste,https://en.wikipedia.org/wiki/Alatriste,tt0395119,Q1421902,tmdb
14269,Polyester (film),https://en.wikipedia.org/wiki/Polyester_(film),tt0082926,Q1425404,tmdb
15186,Full Frontal (film),https://en.wikipedia.org/wiki/Full_Frontal_(film),tt0290212,Q1432710,tmdb
14324,Virgin Territory,https://en.wikipedia.org/wiki/Virgin_Territory,tt0437954,Q1440814,tmdb
15592,Beaches (1988 film),https://en.wikipedia.org/wiki/Beaches_(1988_film),tt0094715,Q1455870,tmdb
14170,Funny Farm (film),https://en.wikipedia.org/wiki/Funny_Farm_(film),tt0095188,Q1474737,tmdb
15050,Brainstorm (1983 film),https://en.wikipedia.org/wiki/Brainstorm_(1983_film),tt0085271,Q1493657,tmdb
14623,Thunderbirds (2004 film),https://en.wikipedia.org/wiki/Thunderbirds_(2004_film),tt0167456,Q1506377,tmdb
13538,Straightheads,https://en.wikipedia.org/wiki/Straightheads,tt0480011,Q1510230,tmdb
14174,Lie with Me (2005 film),https://en.wikipedia.org/wiki/Lie_with_Me_(2005_film),tt0418832,Q1516615,tmdb
15058,Speak (2004 film),https://en.wikipedia.org/wiki/Speak_(2004_film),tt0378793,Q1538710,tmdb
14576,Shade (film),https://en.wikipedia.org/wiki/Shade_(film),tt0323939,Q1554324,tmdb
14597,Lassie (2005 film),https://en.wikipedia.org/wiki/Lassie_(2005_film),tt0431213,Q1567731,tmdb
14022,Slacker (film),https://en.wikipedia.org/wiki/Slacker_(film),tt0102943,Q1574019,tmdb
14922,Happy Endings (film),https://en.wikipedia.org/wiki/Happy_Endings_(film),tt0361693,Q1584284,tmdb
14537,Harakiri (1962 film),https://en.wikipedia.org/wiki/Harakiri_(1962_film),tt0056058,Q1584406,tmdb
13559,The Mangler (film),https://en.wikipedia.org/wiki/The_Mangler_(film),tt0113762,Q1660446,tmdb
15356,The Girl Next Door (2007 film),https://en.wikipedia.org/wiki/The_Girl_Next_Door_(2007_film),tt0830558,Q1677088,tmdb
18240,The Proposal (2009 film),https://en.wikipedia.org/wiki/The_Proposal_(2009_film),tt1041829,Q108586,tmdb
18239,The Twilight Saga: New Moon,https://en.wikipedia.org/wiki/The_Twilight_Saga:_New_Moon,tt1259571,Q116928,tmdb
16164,Killshot (film),https://en.wikipedia.org/wiki/Killshot_(film),tt0443559,Q2699480,tmdb
17796,Freaked,https://en.wikipedia.org/wiki/Freaked,tt0109838,Q2701543,tmdb
17582,Khamsa (film),https://en.wikipedia.org/wiki/Khamsa_(film),tt1280566,Q3196057,tmdb
17431,Moon (2009 film),https://en.wikipedia.org/wiki/Moon_(2009_film),tt1182345,Q26751,tmdb
16643,Life or Something Like It,https://en.wikipedia.org/wiki/Life_or_Something_Like_It,tt0282687,Q29871,tmdb
18823,Clash of the Titans (2010 film),https://en.wikipedia.org/wiki/Clash_of_the_Titans_(2010_film),tt0800320,Q192979,tmdb
16859,Kiki's Delivery Service,https://en.wikipedia.org/wiki/Kiki%27s_Delivery_Service,tt0097814,Q196602,tmdb
16996,17 Again (film),https://en.wikipedia.org/wiki/17_Again_(film),tt0974661,Q200096,tmdb
17654,District 9,https://en.wikipedia.org/wiki/District_9,tt1136608,Q201819,tmdb
16869,Inglourious Basterds,https://en.wikipedia.org/wiki/Inglourious_Basterds,tt0361748,Q153723,tmdb
17771,Sunshine (1999 film),https://en.wikipedia.org/wiki/Sunshine_(1999_film),tt0145503,Q173804,tmdb
17281,Gigi (1958 film),https://en.wikipedia.org/wiki/Gigi_(1958_film),tt0051658,Q577757,tmdb
18069,8 Seconds,https://en.wikipedia.org/wiki/8_Seconds,tt0109021,Q580917,tmdb
16351,Ararat (film),https://en.wikipedia.org/wiki/Ararat_(film),tt0273435,Q626304,tmdb
16871,Drag Me to Hell,https://en.wikipedia.org/wiki/Drag_Me_to_Hell,tt1127180,Q632737,tmdb
16564,Winter in Wartime (film),https://en.wikipedia.org/wiki/Winter_in_Wartime_(film),tt0795441,Q794431,tmdb
15969,The Return of Jafar,https://en.wikipedia.org/wiki/The_Return_of_Jafar,tt0107952,Q817261,tmdb
18300,Jet Lag (film),https://en.wikipedia.org/wiki/Jet_Lag_(film),tt0293116,Q842714,tmdb
19404,Dilwale Dulhania Le Jayenge,https://en.wikipedia.org/wiki/Dilwale_Dulhania_Le_Jayenge,tt0112870,Q849343,tmdb
19568,Airspeed (film),https://en.wikipedia.org/wiki/Airspeed_(film),tt0171049,Q409220,tmdb
15821,Ambulance (2005 film),https://en.wikipedia.org/wiki/Ambulance_(2005_film),tt0400156,Q459997,tmdb
18360,Night at the Museum: Battle of the Smithsonian,https://en.wikipedia.org/wiki/Night_at_the_Museum:_Battle_of_the_Smithsonian,tt1078912,Q476726,tmdb
18682,Girl Happy,https://en.wikipedia.org/wiki/Girl_Happy,tt0059224,Q498764,tmdb
16619,Ordinary People,https://en.wikipedia.org/wiki/Ordinary_People,tt0081283,Q503313,tmdb
16131,Undertow (2004 film),https://en.wikipedia.org/wiki/Undertow_(2004_film),tt0360130,Q571309,tmdb
17609,Antichrist (film),https://en.wikipedia.org/wiki/Antichrist_(film),tt0870984,Q574998,tmdb
17130,Crossroads (2002 film),https://en.wikipedia.org/wiki/Crossroads_(2002_film),tt0275022,Q641786,tmdb
19169,Nightmare Alley (1947 film),https://en.wikipedia.org/wiki/Nightmare_Alley_(1947_film),tt0039661,Q685234,tmdb
16320,Serenity (2005 film),https://en.wikipedia.org/wiki/Serenity_(2005_film),tt0379786,Q691611,tmdb
19265,Whatever Works,https://en.wikipedia.org/wiki/Whatever_Works,tt1178663,Q692208,tmdb
16907,Naruto the Movie: Ninja Clash in the Land of Snow,https://en.wikipedia.org/wiki/Naruto_the_Movie:_Ninja_Clash_in_the_Land_of_Snow,tt0476680,Q696351,tmdb
16910,Naruto the Movie: Legend of the Stone of Gelel,https://en.wikipedia.org/wiki/Naruto_the_Movie:_Legend_of_the_Stone_of_Gelel,tt0791188,Q696366,tmdb
18861,Naruto the Movie: Guardians of the Crescent Moon Kingdom,https://en.wikipedia.org/wiki/Naruto_the_Movie:_Guardians_of_the_Crescent_Moon_Kingdom,tt1071815,Q696646,tmdb
17581,Naruto Shippuden the Movie: Bonds,https://en.wikipedia.org/wiki/Naruto_Shippuden_the_Movie:_Bonds,tt1160524,Q703524,tmdb
16411,Initial D (film),https://en.wikipedia.org/wiki/Initial_D_(film),tt0439630,Q715374,tmdb
17845,Loft (2008 film),https://en.wikipedia.org/wiki/Loft_(2008_film),tt0926762,Q732498,tmdb
16517,Gympl,https://en.wikipedia.org/wiki/Gympl,tt0471725,Q768103,tmdb
16166,Sauna (2008 film),https://en.wikipedia.org/wiki/Sauna_(2008_film),tt1124394,Q772900,tmdb
19585,G-Force (film),https://en.wikipedia.org/wiki/G-Force_(film),tt0436339,Q784444,tmdb
18785,The Hangover,https://en.wikipedia.org/wiki/The_Hangover,tt1119646,Q219315,tmdb
18126,Hannah Montana: The Movie,https://en.wikipedia.org/wiki/Hannah_Montana:_The_Movie,tt1114677,Q220591,tmdb
17663,Anne of Green Gables (1985 film),https://en.wikipedia.org/wiki/Anne_of_Green_Gables_(1985_film),tt0088727,Q264901,tmdb
19371,Mr. Nanny,https://en.wikipedia.org/wiki/Mr._Nanny,tt0107612,Q283816,tmdb
16780,The Return of the Texas Chainsaw Massacre,https://en.wikipedia.org/wiki/The_Return_of_the_Texas_Chainsaw_Massacre,tt0110978,Q334179,tmdb
15691,Doctor Who (film),https://en.wikipedia.org/wiki/Doctor_Who_(film),tt0116118,Q336240,tmdb
18461,Feelings (2003 film),https://en.wikipedia.org/wiki/Feelings_(2003_film),tt0329584,Q3235423,tmdb
18193,Head (film),https://en.wikipedia.org/wiki/Head_(film),tt0063049,Q3280621,tmdb
18941,Marion Bridge (film),https://en.wikipedia.org/wiki/Marion_Bridge_(film),tt0329355,Q3293618,tmdb
16143,Nitro (film),https://en.wikipedia.org/wiki/Nitro_(film),tt0790602,Q3342211,tmdb
17212,Patrick (1978 film),https://en.wikipedia.org/wiki/Patrick_(1978_film),tt0078067,Q3369170,tmdb
16699,Smother (film),https://en.wikipedia.org/wiki/Smother_(film),tt0867591,Q3487063,tmdb
15978,Naina (2005 film),https://en.wikipedia.org/wiki/Naina_(2005_film),tt0443594,Q3869964,tmdb
18613,Fugitive Pieces (film),https://en.wikipedia.org/wiki/Fugitive_Pieces_(film),tt0765451,Q4337983,tmdb
18739,Faintheart,https://en.wikipedia.org/wiki/Faintheart,tt1080012,Q5429741,tmdb
15928,Fidibus,https://en.wikipedia.org/wiki/Fidibus,tt0481995,Q5446806,tmdb
19203,Graduation (2007 film),https://en.wikipedia.org/wiki/Graduation_(2007_film),tt0475286,Q5592084,tmdb
15654,Kabluey,https://en.wikipedia.org/wiki/Kabluey,tt0816545,Q6344285,tmdb
16383,Maharathi (2008 film),https://en.wikipedia.org/wiki/Maharathi_(2008_film),tt1334254,Q6733393,tmdb
19074,Minghags: The Movie,https://en.wikipedia.org/wiki/Minghags:_The_Movie,tt1022877,Q6864718,tmdb
16155,Safe Men,https://en.wikipedia.org/wiki/Safe_Men,tt0120813,Q7398493,tmdb
18495,Folks!,https://en.wikipedia.org/wiki/Folks!,tt0104283,Q8564228,tmdb
17806,Forever Lulu (2000 film),https://en.wikipedia.org/wiki/Forever_Lulu_(2000_film),tt0196723,Q12369120,tmdb
18837,Macross Plus: Movie Edition,https://en.wikipedia.org/wiki/Macross_Plus:_Movie_Edition,tt2330912,Q136434152,tmdb
19382,Biloxi Blues (film),https://en.wikipedia.org/wiki/Biloxi_Blues_(film),tt0094746,Q863335,tmdb
18487,The Taking of Pelham 123 (2009 film),https://en.wikipedia.org/wiki/The_Taking_of_Pelham_123_(2009_film),tt1111422,Q869719,tmdb
15789,A Goofy Movie,https://en.wikipedia.org/wiki/A_Goofy_Movie,tt0113198,Q869993,tmdb
17347,Bride Flight,https://en.wikipedia.org/wiki/Bride_Flight,tt1094241,Q913549,tmdb
17015,Persuasion (1995 film),https://en.wikipedia.org/wiki/Persuasion_(1995_film),tt0114117,Q919025,tmdb
18480,Brüno,https://en.wikipedia.org/wiki/Br%C3%BCno,tt0889583,Q926309,tmdb
18533,Bronson (film),https://en.wikipedia.org/wiki/Bronson_(film),tt1172570,Q927949,tmdb
18501,Gamer (2009 film),https://en.wikipedia.org/wiki/Gamer_(2009_film),tt1034032,Q947885,tmdb
15838,Sunshine Barry & the Disco Worms,https://en.wikipedia.org/wiki/Sunshine_Barry_%26_the_Disco_Worms,tt1087841,Q953164,tmdb
15867,Interiors,https://en.wikipedia.org/wiki/Interiors,tt0077742,Q961403,tmdb
17578,The Adventures of Tintin (film),https://en.wikipedia.org/wiki/The_Adventures_of_Tintin_(film),tt0983193,Q980041,tmdb
17336,Fighting (2009 film),https://en.wikipedia.org/wiki/Fighting_(2009_film),tt1082601,Q1027387,tmdb
16516,Clannad (film),https://en.wikipedia.org/wiki/Clannad_(film),tt0997274,Q1037699,tmdb
18256,Castle Freak,https://en.wikipedia.org/wiki/Castle_Freak,tt0112643,Q1049417,tmdb
18905,Caveman (film),https://en.wikipedia.org/wiki/Caveman_(film),tt0082146,Q1051862,tmdb
17899,"Sex, Party and Lies","https://en.wikipedia.org/wiki/Sex,_Party_and_Lies",tt0822833,Q1069469,tmdb
17086,Chromophobia (film),https://en.wikipedia.org/wiki/Chromophobia_(film),tt0419641,Q1087741,tmdb
18550,Fled,https://en.wikipedia.org/wiki/Fled,tt0116320,Q1109508,tmdb
17886,Mutants (2009 film),https://en.wikipedia.org/wiki/Mutants_(2009_film),tt1146320,Q1140565,tmdb
18491,The End of Evangelion,https://en.wikipedia.org/wiki/The_End_of_Evangelion,tt0169858,Q1151814,tmdb
16430,Dandelion (2004 film),https://en.wikipedia.org/wiki/Dandelion_(2004_film),tt0338133,Q1159402,tmdb
16558,Duplicity (2009 film),https://en.wikipedia.org/wiki/Duplicity_(2009_film),tt1135487,Q1165516,tmdb
17207,Houseguest,https://en.wikipedia.org/wiki/Houseguest,tt0110066,Q1194165,tmdb
19300,Carry On Behind,https://en.wikipedia.org/wiki/Carry_On_Behind,tt0072764,Q1199683,tmdb
18892,Jawbreaker (film),https://en.wikipedia.org/wiki/Jawbreaker_(film),tt0155776,Q1199877,tmdb
19058,Down (film),https://en.wikipedia.org/wiki/Down_(film),tt0247303,Q1253121,tmdb
17209,Madhouse (2004 film),https://en.wikipedia.org/wiki/Madhouse_(2004_film),tt0363276,Q1301240,tmdb
15659,Foul Play (1978 film),https://en.wikipedia.org/wiki/Foul_Play_(1978_film),tt0077578,Q1306758,tmdb
16095,Troubled Water,https://en.wikipedia.org/wiki/Troubled_Water,tt0948544,Q1433265,tmdb
18762,Blue Juice,https://en.wikipedia.org/wiki/Blue_Juice,tt0112537,Q1498223,tmdb
17455,Hellraiser: Deader,https://en.wikipedia.org/wiki/Hellraiser:_Deader,tt0337636,Q1603068,tmdb
15595,,,tt0834900,Q108412197,tmdb
17106,Numb (2007 film),https://en.wikipedia.org/wiki/Numb_(2007_film),tt0795439,Q1628377,tmdb
16094,House Party (1990 film),https://en.wikipedia.org/wiki/House_Party_(1990_film),tt0099800,Q1631381,tmdb
17379,Last Holiday (2006 film),https://en.wikipedia.org/wiki/Last_Holiday_(2006_film),tt0408985,Q1634476,tmdb
18633,Slipstream (2007 film),https://en.wikipedia.org/wiki/Slipstream_(2007_film),tt0499570,Q1636872,tmdb
16539,Zus & Zo,https://en.wikipedia.org/wiki/Zus_%26_Zo,tt0245157,Q1678744,tmdb
17422,Summer Palace (2006 film),https://en.wikipedia.org/wiki/Summer_Palace_(2006_film),tt0794374,Q1757025,tmdb
16127,Forbidden Zone,https://en.wikipedia.org/wiki/Forbidden_Zone,tt0080752,Q1757292,tmdb
16214,Hooper (film),https://en.wikipedia.org/wiki/Hooper_(film),tt0077696,Q1759361,tmdb
18279,Frozen Land,https://en.wikipedia.org/wiki/Frozen_Land,tt0388318,Q1767344,tmdb
18989,Moll Flanders (1996 film),https://en.wikipedia.org/wiki/Moll_Flanders_(1996_film),tt0117071,Q1943569,tmdb
15907,Duma (2005 film),https://en.wikipedia.org/wiki/Duma_(2005_film),tt0361715,Q1946639,tmdb
19087,Ladybugs (film),https://en.wikipedia.org/wiki/Ladybugs_(film),tt0104670,Q1961863,tmdb
15661,Noise (2007 American film),https://en.wikipedia.org/wiki/Noise_(2007_American_film),tt0425308,Q1995546,tmdb
17740,Powder Blue (film),https://en.wikipedia.org/wiki/Powder_Blue_(film),tt1032819,Q2066934,tmdb
15999,Vampire Hunter D: Bloodlust,https://en.wikipedia.org/wiki/Vampire_Hunter_D:_Bloodlust,tt0216651,Q2073279,tmdb
17100,Trucks (film),https://en.wikipedia.org/wiki/Trucks_(film),tt0120380,Q2082466,tmdb
17990,Impromptu (1991 film),https://en.wikipedia.org/wiki/Impromptu_(1991_film),tt0102103,Q2118505,tmdb
16308,Mobile Suit Gundam F91,https://en.wikipedia.org/wiki/Mobile_Suit_Gundam_F91,tt0159568,Q2340234,tmdb
16314,3 Ninjas (film),https://en.wikipedia.org/wiki/3_Ninjas_(film),tt0103596,Q2363062,tmdb
18191,Edmond (film),https://en.wikipedia.org/wiki/Edmond_(film),tt0443496,Q2436011,tmdb
17830,Tekken: The Motion Picture,https://en.wikipedia.org/wiki/Tekken:_The_Motion_Picture,tt0272880,Q2467977,tmdb
18040,Night Skies (2007 film),https://en.wikipedia.org/wiki/Night_Skies_(2007_film),tt0460883,Q2475415,tmdb
18198,Barbie: Mariposa,https://en.wikipedia.org/wiki/Barbie:_Mariposa,tt1201561,Q2545652,tmdb
16309,Monster (2008 film),https://en.wikipedia.org/wiki/Monster_(2008_film),tt1148277,Q2546062,tmdb
18939,Little Otik,https://en.wikipedia.org/wiki/Little_Otik,tt0228687,Q2631320,tmdb
16367,Kinky Boots (film),https://en.wikipedia.org/wiki/Kinky_Boots_(film),tt0434124,Q2667715,tmdb
17186,Supercross (film),https://en.wikipedia.org/wiki/Supercross_(film),tt0403016,Q2671985,tmdb
19995,Avatar (2009 film),https://en.wikipedia.org/wiki/Avatar_(2009_film),tt0499549,Q24871,tmdb
22947,Up in the Air (2009 film),https://en.wikipedia.org/wiki/Up_in_the_Air_(2009_film),tt1193138,Q211429,tmdb
19908,Zombieland,https://en.wikipedia.org/wiki/Zombieland,tt1156398,Q219810,tmdb
20352,Despicable Me (film),https://en.wikipedia.org/wiki/Despicable_Me_(film),tt1323594,Q4447,tmdb
20526,Tron: Legacy,https://en.wikipedia.org/wiki/Tron:_Legacy,tt1104001,Q18954,tmdb
19913,500 Days of Summer,https://en.wikipedia.org/wiki/500_Days_of_Summer,tt1022603,Q154935,tmdb
22881,The Blind Side (film),https://en.wikipedia.org/wiki/The_Blind_Side_(film),tt0878804,Q206497,tmdb
22787,Whiteout (2009 film),https://en.wikipedia.org/wiki/Whiteout_(2009_film),tt0365929,Q74636,tmdb
20982,Naruto Shippuden the Movie,https://en.wikipedia.org/wiki/Naruto_Shippuden_the_Movie,tt0988982,Q75690,tmdb
20914,My Friends (film),https://en.wikipedia.org/wiki/My_Friends_(film),tt0072637,Q80617,tmdb
23023,Tooth Fairy (2010 film),https://en.wikipedia.org/wiki/Tooth_Fairy_(2010_film),tt0808510,Q143605,tmdb
22832,Ninja Assassin,https://en.wikipedia.org/wiki/Ninja_Assassin,tt1186367,Q671631,tmdb
21605,Thunderpants,https://en.wikipedia.org/wiki/Thunderpants,tt0283054,Q708825,tmdb
20766,The Road (2009 film),https://en.wikipedia.org/wiki/The_Road_(2009_film),tt0898367,Q738052,tmdb
22617,Dinner Rush,https://en.wikipedia.org/wiki/Dinner_Rush,tt0229340,Q613403,tmdb
22105,Danika (film),https://en.wikipedia.org/wiki/Danika_(film),tt0469062,Q627464,tmdb
22794,Cloudy with a Chance of Meatballs (film),https://en.wikipedia.org/wiki/Cloudy_with_a_Chance_of_Meatballs_(film),tt0844471,Q637169,tmdb
20676,Deep Cover (1992 film),https://en.wikipedia.org/wiki/Deep_Cover_(1992_film),tt0104073,Q662779,tmdb
22244,Society (film),https://en.wikipedia.org/wiki/Society_(film),tt0098354,Q664773,tmdb
22538,Scott Pilgrim vs. the World,https://en.wikipedia.org/wiki/Scott_Pilgrim_vs._the_World,tt0446029,Q753899,tmdb
20637,Panic (2000 film),https://en.wikipedia.org/wiki/Panic_(2000_film),tt0194218,Q820116,tmdb
22871,Destination Tokyo,https://en.wikipedia.org/wiki/Destination_Tokyo,tt0035799,Q830585,tmdb
22804,Saw VI,https://en.wikipedia.org/wiki/Saw_VI,tt1233227,Q834327,tmdb
22897,It's Complicated (film),https://en.wikipedia.org/wiki/It%27s_Complicated_(film),tt1230414,Q843950,tmdb
21915,Booty Call (film),https://en.wikipedia.org/wiki/Booty_Call_(film),tt0118750,Q845157,tmdb
23047,Season of the Witch (2011 film),https://en.wikipedia.org/wiki/Season_of_the_Witch_(2011_film),tt0479997,Q848391,tmdb
19994,Jennifer's Body,https://en.wikipedia.org/wiki/Jennifer%27s_Body,tt1131734,Q861640,tmdb
21145,Louise Hires a Contract Killer,https://en.wikipedia.org/wiki/Louise_Hires_a_Contract_Killer,tt1132594,Q1125611,tmdb
19901,Daybreakers,https://en.wikipedia.org/wiki/Daybreakers,tt0433362,Q1128499,tmdb
21291,Dad (1989 film),https://en.wikipedia.org/wiki/Dad_(1989_film),tt0097142,Q1156922,tmdb
22084,Dadnapped,https://en.wikipedia.org/wiki/Dadnapped,tt1090750,Q1165290,tmdb
21259,Testament (1983 film),https://en.wikipedia.org/wiki/Testament_(1983_film),tt0086429,Q1171449,tmdb
22976,Biggles (film),https://en.wikipedia.org/wiki/Biggles_(film),tt0090729,Q1192536,tmdb
20620,Seconds (1966 film),https://en.wikipedia.org/wiki/Seconds_(1966_film),tt0060955,Q1195447,tmdb
21871,Tank (film),https://en.wikipedia.org/wiki/Tank_(film),tt0088224,Q1197321,tmdb
20009,Slackers (film),https://en.wikipedia.org/wiki/Slackers_(film),tt0240900,Q1331329,tmdb
19918,Spread (film),https://en.wikipedia.org/wiki/Spread_(film),tt1186370,Q1332469,tmdb
22371,Minutemen (film),https://en.wikipedia.org/wiki/Minutemen_(film),tt1072755,Q1342998,tmdb
22825,The Box (2009 film),https://en.wikipedia.org/wiki/The_Box_(2009_film),tt0362478,Q1346258,tmdb
22590,Sidekicks (1992 film),https://en.wikipedia.org/wiki/Sidekicks_(1992_film),tt0105402,Q1360398,tmdb
20348,Fandango (1985 film),https://en.wikipedia.org/wiki/Fandango_(1985_film),tt0089126,Q1395484,tmdb
22657,Algiers (1938 film),https://en.wikipedia.org/wiki/Algiers_(1938_film),tt0029855,Q1414527,tmdb
19899,Couples Retreat,https://en.wikipedia.org/wiki/Couples_Retreat,tt1078940,Q1462222,tmdb
21135,L'Eclisse,https://en.wikipedia.org/wiki/L%27Eclisse,tt0056736,Q1468980,tmdb
20122,Damnation (film),https://en.wikipedia.org/wiki/Damnation_(film),tt0095475,Q1475728,tmdb
22317,Lightning Jack,https://en.wikipedia.org/wiki/Lightning_Jack,tt0110353,Q1511623,tmdb
22230,Happy Accidents (film),https://en.wikipedia.org/wiki/Happy_Accidents_(film),tt0208196,Q1518153,tmdb
21610,Nighthawks (1981 film),https://en.wikipedia.org/wiki/Nighthawks_(1981_film),tt0082817,Q1535201,tmdb
22705,Trasgredire,https://en.wikipedia.org/wiki/Trasgredire,tt0200192,Q2273713,tmdb
21026,The Belgrade Phantom,https://en.wikipedia.org/wiki/The_Belgrade_Phantom,tt0810089,Q2315996,tmdb
22940,The Masquerader (1914 film),https://en.wikipedia.org/wiki/The_Masquerader_(1914_film),tt0004311,Q2345559,tmdb
22376,Treasure Island (1972 film),https://en.wikipedia.org/wiki/Treasure_Island_(1972_film),tt0069229,Q2464759,tmdb
21459,Chupke Chupke (film),https://en.wikipedia.org/wiki/Chupke_Chupke_(film),tt0072783,Q2491550,tmdb
20502,Whore (2004 film),https://en.wikipedia.org/wiki/Whore_(2004_film),tt0404552,Q2531546,tmdb
21332,Quicksilver (film),https://en.wikipedia.org/wiki/Quicksilver_(film),tt0091814,Q2569590,tmdb
21370,Bootmen,https://en.wikipedia.org/wiki/Bootmen,tt0210584,Q2634003,tmdb
21769,Armitage III: Dual-Matrix,https://en.wikipedia.org/wiki/Armitage_III:_Dual-Matrix,tt0303678,Q2654848,tmdb
20200,Narco (film),https://en.wikipedia.org/wiki/Narco_(film),tt0381442,Q2668305,tmdb
22167,Knightriders,https://en.wikipedia.org/wiki/Knightriders,tt0082622,Q2673630,tmdb
22021,Coffy,https://en.wikipedia.org/wiki/Coffy,tt0069897,Q2702180,tmdb
20210,Grind (2003 film),https://en.wikipedia.org/wiki/Grind_(2003_film),tt0338077,Q1546955,tmdb
21241,Cannonball (film),https://en.wikipedia.org/wiki/Cannonball_(film),tt0074279,Q1553848,tmdb
20482,The Naked City,https://en.wikipedia.org/wiki/The_Naked_City,tt0040636,Q1587353,tmdb
21765,Good Boy!,https://en.wikipedia.org/wiki/Good_Boy!,tt0326900,Q1660806,tmdb
21191,Sin nombre (film),https://en.wikipedia.org/wiki/Sin_nombre_(film),tt1127715,Q1667482,tmdb
22585,Ski Patrol (1990 film),https://en.wikipedia.org/wiki/Ski_Patrol_(1990_film),tt0100631,Q1702986,tmdb
21501,Christmas Story (film),https://en.wikipedia.org/wiki/Christmas_Story_(film),tt0772176,Q1756526,tmdb
21484,Possession (1981 film),https://en.wikipedia.org/wiki/Possession_(1981_film),tt0082933,Q1773078,tmdb
21882,Gator (film),https://en.wikipedia.org/wiki/Gator_(film),tt0074564,Q1917936,tmdb
21666,Yanks,https://en.wikipedia.org/wiki/Yanks,tt0080157,Q2004460,tmdb
20651,Parineeta (2005 film),https://en.wikipedia.org/wiki/Parineeta_(2005_film),tt0437407,Q2036518,tmdb
19721,The Revenge (film),https://en.wikipedia.org/wiki/The_Revenge_(film),tt0314942,Q2255005,tmdb
20678,Blankman,https://en.wikipedia.org/wiki/Blankman,tt0109288,Q881653,tmdb
22164,Blood and Bone,https://en.wikipedia.org/wiki/Blood_and_Bone,tt0346631,Q885161,tmdb
19819,Blue Chips,https://en.wikipedia.org/wiki/Blue_Chips,tt0109305,Q885659,tmdb
20943,The Ugly Truth,https://en.wikipedia.org/wiki/The_Ugly_Truth,tt1142988,Q922630,tmdb
21867,Lady Jane (1986 film),https://en.wikipedia.org/wiki/Lady_Jane_(1986_film),tt0091374,Q940321,tmdb
21786,Cold Prey,https://en.wikipedia.org/wiki/Cold_Prey,tt0808276,Q947347,tmdb
22073,Hoodlum (film),https://en.wikipedia.org/wiki/Hoodlum_(film),tt0119311,Q959531,tmdb
20481,Nightbreed,https://en.wikipedia.org/wiki/Nightbreed,tt0100260,Q1024694,tmdb
21776,Cash Truck,https://en.wikipedia.org/wiki/Cash_Truck,tt0347330,Q1047336,tmdb
22582,Tom and Jerry: The Movie,https://en.wikipedia.org/wiki/Tom_and_Jerry:_The_Movie,tt0105616,Q1090697,tmdb
22215,Chéri (2009 film),https://en.wikipedia.org/wiki/Ch%C3%A9ri_(2009_film),tt1179258,Q1090970,tmdb
21500,Class (film),https://en.wikipedia.org/wiki/Class_(film),tt0085346,Q1095987,tmdb
19599,Book of Blood,https://en.wikipedia.org/wiki/Book_of_Blood,tt1169809,Q1101856,tmdb
20760,Lilo & Stitch 2: Stitch Has a Glitch,https://en.wikipedia.org/wiki/Lilo_%26_Stitch_2:_Stitch_Has_a_Glitch,tt0457993,Q1122127,tmdb
22623,,,tt0351795,Q3433055,tmdb
22817,,,tt0424958,Q11856150,tmdb
22243,,,tt0116038,Q12307829,tmdb
19888,,,tt0264837,Q118188978,tmdb
20662,Robin Hood (2010 film),https://en.wikipedia.org/wiki/Robin_Hood_(2010_film),tt0955308,Q223559,tmdb
19724,Imagine That (film),https://en.wikipedia.org/wiki/Imagine_That_(film),tt0780567,Q228585,tmdb
20453,3 Idiots,https://en.wikipedia.org/wiki/3_Idiots,tt1187043,Q229633,tmdb
21481,Twitches (film),https://en.wikipedia.org/wiki/Twitches_(film),tt0467421,Q244511,tmdb
22160,Against All Odds (1984 film),https://en.wikipedia.org/wiki/Against_All_Odds_(1984_film),tt0086859,Q253566,tmdb
20504,The Book of Eli,https://en.wikipedia.org/wiki/The_Book_of_Eli,tt1037705,Q274529,tmdb
22894,Legion (2010 film),https://en.wikipedia.org/wiki/Legion_(2010_film),tt1038686,Q287960,tmdb
19898,Pandorum,https://en.wikipedia.org/wiki/Pandorum,tt1188729,Q314942,tmdb
19893,Flipper (1963 film),https://en.wikipedia.org/wiki/Flipper_(1963_film),tt0057063,Q378773,tmdb
21208,Orphan (2009 film),https://en.wikipedia.org/wiki/Orphan_(2009_film),tt1148204,Q387414,tmdb
20737,Air Bud,https://en.wikipedia.org/wiki/Air_Bud,tt0118570,Q406916,tmdb
20364,Hulchul (2004 film),https://en.wikipedia.org/wiki/Hulchul_(2004_film),tt0437238,Q446100,tmdb
20006,Pink Cadillac (film),https://en.wikipedia.org/wiki/Pink_Cadillac_(film),tt0098097,Q508759,tmdb
19959,Surrogates,https://en.wikipedia.org/wiki/Surrogates,tt0986263,Q577475,tmdb
20533,Jonah Hex (film),https://en.wikipedia.org/wiki/Jonah_Hex_(film),tt1075747,Q596085,tmdb
22152,Lymelife,https://en.wikipedia.org/wiki/Lymelife,tt0363780,Q609797,tmdb
21542,Love Don't Cost a Thing (film),https://en.wikipedia.org/wiki/Love_Don%27t_Cost_a_Thing_(film),tt0337592,Q612174,tmdb
22913,TwentyFourSeven (film),https://en.wikipedia.org/wiki/TwentyFourSeven_(film),tt0120391,Q2815271,tmdb
22161,April in Love,https://en.wikipedia.org/wiki/April_in_Love,tt0399497,Q2874528,tmdb
22741,Black Dragons,https://en.wikipedia.org/wiki/Black_Dragons,tt0034521,Q2905360,tmdb
21198,Saint Ange,https://en.wikipedia.org/wiki/Saint_Ange,tt0367000,Q3463653,tmdb
20028,Decoy (1946 film),https://en.wikipedia.org/wiki/Decoy_(1946_film),tt0038462,Q3798642,tmdb
21554,Sparkle (1976 film),https://en.wikipedia.org/wiki/Sparkle_(1976_film),tt0075249,Q3966013,tmdb
22800,Good Hair,https://en.wikipedia.org/wiki/Good_Hair,tt1213585,Q5582638,tmdb
21614,Hera Pheri (2000 film),https://en.wikipedia.org/wiki/Hera_Pheri_(2000_film),tt0242519,Q5732486,tmdb
21607,Kisaan,https://en.wikipedia.org/wiki/Kisaan,tt1372266,Q6416373,tmdb
21873,My Bodyguard,https://en.wikipedia.org/wiki/My_Bodyguard,tt0081207,Q6945055,tmdb
20375,Raid (2003 film),https://en.wikipedia.org/wiki/Raid_(2003_film),tt0330802,Q7283713,tmdb
22619,Snuff-Movie,https://en.wikipedia.org/wiki/Snuff-Movie,tt0403267,Q7548819,tmdb
20310,Time Share (2000 film),https://en.wikipedia.org/wiki/Time_Share_(2000_film),tt0207161,Q7805092,tmdb
20103,Tom White (film),https://en.wikipedia.org/wiki/Tom_White_(film),tt0360798,Q7818034,tmdb
20382,Visioneers,https://en.wikipedia.org/wiki/Visioneers,tt0833557,Q7936231,tmdb
22970,The Cabin in the Woods,https://en.wikipedia.org/wiki/The_Cabin_in_the_Woods,tt1259521,Q45394,tmdb
20653,Roadside Romeo,https://en.wikipedia.org/wiki/Roadside_Romeo,tt1050739,Q46918,tmdb
23587,Vigilante (1982 film),https://en.wikipedia.org/wiki/Vigilante_(1982_film),tt0084867,Q3558150,tmdb
24038,976-EVIL,https://en.wikipedia.org/wiki/976-EVIL,tt0094597,Q3600228,tmdb
26830,Gonin,https://en.wikipedia.org/wiki/Gonin,tt0113194,Q3773265,tmdb
25636,Jesus' Son (film),https://en.wikipedia.org/wiki/Jesus%27_Son_(film),tt0186253,Q3808166,tmdb
24276,Matewan (film),https://en.wikipedia.org/wiki/Matewan_(film),tt0093509,Q3851789,tmdb
25228,Darling (2007 Swedish film),https://en.wikipedia.org/wiki/Darling_(2007_Swedish_film),tt0875581,Q4353211,tmdb
23483,Kick-Ass (film),https://en.wikipedia.org/wiki/Kick-Ass_(film),tt1250777,Q2201,tmdb
25562,Soapdish,https://en.wikipedia.org/wiki/Soapdish,tt0102951,Q180695,tmdb
24428,The Avengers (2012 film),https://en.wikipedia.org/wiki/The_Avengers_(2012_film),tt0848228,Q182218,tmdb
25426,Coronado (2003 film),https://en.wikipedia.org/wiki/Coronado_(2003_film),tt0337945,Q71785,tmdb
23631,Machete (2010 film),https://en.wikipedia.org/wiki/Machete_(2010_film),tt0985694,Q128493,tmdb
26641,Boystown (film),https://en.wikipedia.org/wiki/Boystown_(film),tt0856776,Q129637,tmdb
25704,Post Grad,https://en.wikipedia.org/wiki/Post_Grad,tt1142433,Q158574,tmdb
23082,The Invention of Lying,https://en.wikipedia.org/wiki/The_Invention_of_Lying,tt1058017,Q178966,tmdb
24021,The Twilight Saga: Eclipse,https://en.wikipedia.org/wiki/The_Twilight_Saga:_Eclipse,tt1325004,Q217010,tmdb
25472,Merry Madagascar,https://en.wikipedia.org/wiki/Merry_Madagascar,tt1526300,Q247197,tmdb
23196,South Central (film),https://en.wikipedia.org/wiki/South_Central_(film),tt0105450,Q4381733,tmdb
25922,Before the Fall (2008 film),https://en.wikipedia.org/wiki/Before_the_Fall_(2008_film),tt0984155,Q4462836,tmdb
25799,Amu (film),https://en.wikipedia.org/wiki/Amu_(film),tt0414713,Q4748915,tmdb
24111,Bedlam (1946 film),https://en.wikipedia.org/wiki/Bedlam_(1946_film),tt0038343,Q4879282,tmdb
25234,Evil Ed,https://en.wikipedia.org/wiki/Evil_Ed,tt0116247,Q5418420,tmdb
26041,Frozen (2005 film),https://en.wikipedia.org/wiki/Frozen_(2005_film),tt0376606,Q5506268,tmdb
24415,Jack Said,https://en.wikipedia.org/wiki/Jack_Said,tt1331022,Q6114986,tmdb
25525,Lensman (1984 film),https://en.wikipedia.org/wiki/Lensman_(1984_film),tt0088028,Q6523257,tmdb
23122,Maniac (1934 film),https://en.wikipedia.org/wiki/Maniac_(1934_film),tt0025465,Q6749434,tmdb
25407,Riffraff (1947 film),https://en.wikipedia.org/wiki/Riffraff_(1947_film),tt0039772,Q7333245,tmdb
26541,The Tesseract (film),https://en.wikipedia.org/wiki/The_Tesseract_(film),tt0374273,Q7768543,tmdb
25990,RoboDoc,https://en.wikipedia.org/wiki/RoboDoc,tt0893367,Q9070014,tmdb
23269,Portraits of Women,https://en.wikipedia.org/wiki/Portraits_of_Women,tt0138645,Q16939844,tmdb
26168,Slingshot (2005 film),https://en.wikipedia.org/wiki/Slingshot_(2005_film),tt0410626,Q21161444,tmdb
25355,Irma Vep,https://en.wikipedia.org/wiki/Irma_Vep,tt0116650,Q526936,tmdb
24617,Atomic Twister,https://en.wikipedia.org/wiki/Atomic_Twister,tt0281617,Q575002,tmdb
25769,Carriers (film),https://en.wikipedia.org/wiki/Carriers_(film),tt0806203,Q587809,tmdb
25904,Marketa Lazarová,https://en.wikipedia.org/wiki/Marketa_Lazarov%C3%A1,tt0063278,Q614960,tmdb
23629,Sucker Punch (2011 film),https://en.wikipedia.org/wiki/Sucker_Punch_(2011_film),tt0978764,Q621587,tmdb
25376,The Secret in Their Eyes,https://en.wikipedia.org/wiki/The_Secret_in_Their_Eyes,tt1305806,Q748851,tmdb
24811,Delivering Milo,https://en.wikipedia.org/wiki/Delivering_Milo,tt0212910,Q755959,tmdb
23527,First Squad,https://en.wikipedia.org/wiki/First_Squad,tt1343712,Q768001,tmdb
26372,Shame (1968 film),https://en.wikipedia.org/wiki/Shame_(1968_film),tt0063611,Q784465,tmdb
25195,Leap Year (2010 film),https://en.wikipedia.org/wiki/Leap_Year_(2010_film),tt1216492,Q657204,tmdb
23613,G-Saviour,https://en.wikipedia.org/wiki/G-Saviour,tt0198123,Q665817,tmdb
26320,Taking Woodstock,https://en.wikipedia.org/wiki/Taking_Woodstock,tt1127896,Q696652,tmdb
23168,The Town (2010 film),https://en.wikipedia.org/wiki/The_Town_(2010_film),tt0840361,Q725539,tmdb
25239,I Spit on Your Grave,https://en.wikipedia.org/wiki/I_Spit_on_Your_Grave,tt0077713,Q1537077,tmdb
25508,Cat People (1942 film),https://en.wikipedia.org/wiki/Cat_People_(1942_film),tt0034587,Q1542184,tmdb
25095,Emily Brontë's Wuthering Heights,https://en.wikipedia.org/wiki/Emily_Bront%C3%AB%27s_Wuthering_Heights,tt0104181,Q1568884,tmdb
23823,Wrong Turn 3: Left for Dead,https://en.wikipedia.org/wiki/Wrong_Turn_3:_Left_for_Dead,tt1261978,Q1583771,tmdb
24420,The Time Traveler's Wife (film),https://en.wikipedia.org/wiki/The_Time_Traveler%27s_Wife_(film),tt0452694,Q785406,tmdb
26798,Switching Channels,https://en.wikipedia.org/wiki/Switching_Channels,tt0096203,Q788256,tmdb
23172,The Spy Next Door,https://en.wikipedia.org/wiki/The_Spy_Next_Door,tt1273678,Q847435,tmdb
26389,From Paris with Love (film),https://en.wikipedia.org/wiki/From_Paris_with_Love_(film),tt1179034,Q865346,tmdb
26715,Bitch Slap,https://en.wikipedia.org/wiki/Bitch_Slap,tt1212974,Q878774,tmdb
24775,Blast (2004 film),https://en.wikipedia.org/wiki/Blast_(2004_film),tt0361399,Q882028,tmdb
26390,Brooklyn's Finest,https://en.wikipedia.org/wiki/Brooklyn%27s_Finest,tt1210042,Q905385,tmdb
23048,Hot Tub Time Machine,https://en.wikipedia.org/wiki/Hot_Tub_Time_Machine,tt1231587,Q925072,tmdb
26603,Vice Versa (1988 film),https://en.wikipedia.org/wiki/Vice_Versa_(1988_film),tt0096380,Q1656221,tmdb
23202,Trick 'r Treat,https://en.wikipedia.org/wiki/Trick_%27r_Treat,tt0862856,Q1686936,tmdb
24951,Prancer (film),https://en.wikipedia.org/wiki/Prancer_(film),tt0098115,Q1688276,tmdb
24734,K2 (film),https://en.wikipedia.org/wiki/K2_(film),tt0102178,Q1718337,tmdb
24749,Iceman (1984 film),https://en.wikipedia.org/wiki/Iceman_(1984_film),tt0087452,Q1754652,tmdb
25241,Squirm,https://en.wikipedia.org/wiki/Squirm,tt0075261,Q1757036,tmdb
24230,Nemesis (1992 film),https://en.wikipedia.org/wiki/Nemesis_(1992_film),tt0107668,Q1783771,tmdb
26466,Triangle (2009 British film),https://en.wikipedia.org/wiki/Triangle_(2009_British_film),tt1187064,Q1783930,tmdb
24070,Mixed Nuts,https://en.wikipedia.org/wiki/Mixed_Nuts,tt0110538,Q1824522,tmdb
23330,The Ballad of Cable Hogue,https://en.wikipedia.org/wiki/The_Ballad_of_Cable_Hogue,tt0065446,Q1856846,tmdb
23990,Scarlet Diva,https://en.wikipedia.org/wiki/Scarlet_Diva,tt0218581,Q1861395,tmdb
26587,Dread (film),https://en.wikipedia.org/wiki/Dread_(film),tt1331307,Q252577,tmdb
24123,Cake (2005 film),https://en.wikipedia.org/wiki/Cake_(2005_film),tt0413879,Q258805,tmdb
26268,Harper (film),https://en.wikipedia.org/wiki/Harper_(film),tt0060490,Q262980,tmdb
25793,Precious (film),https://en.wikipedia.org/wiki/Precious_(film),tt0929632,Q269331,tmdb
23437,A Nightmare on Elm Street (2010 film),https://en.wikipedia.org/wiki/A_Nightmare_on_Elm_Street_(2010_film),tt1179056,Q300508,tmdb
26243,Fallen Angel (1945 film),https://en.wikipedia.org/wiki/Fallen_Angel_(1945_film),tt0037691,Q301132,tmdb
23764,Toyland (film),https://en.wikipedia.org/wiki/Toyland_(film),tt1280548,Q325120,tmdb
24481,Born Yesterday (1950 film),https://en.wikipedia.org/wiki/Born_Yesterday_(1950_film),tt0042276,Q375594,tmdb
23398,Alvin and the Chipmunks: The Squeakquel,https://en.wikipedia.org/wiki/Alvin_and_the_Chipmunks:_The_Squeakquel,tt1231580,Q378311,tmdb
23827,Paranormal Activity,https://en.wikipedia.org/wiki/Paranormal_Activity,tt1179904,Q381028,tmdb
26428,Agora (film),https://en.wikipedia.org/wiki/Agora_(film),tt1186830,Q395411,tmdb
24961,The Wiz (film),https://en.wikipedia.org/wiki/The_Wiz_(film),tt0078504,Q428158,tmdb
26371,Maurice (1987 film),https://en.wikipedia.org/wiki/Maurice_(1987_film),tt0093512,Q432088,tmdb
25633,Party Girl (1958 film),https://en.wikipedia.org/wiki/Party_Girl_(1958_film),tt0052050,Q525026,tmdb
26550,,,tt0077682,Q3902599,tmdb
24950,,,tt0372765,Q25416010,tmdb
25218,Live! (2007 film),https://en.wikipedia.org/wiki/Live!_(2007_film),tt0810945,Q1866256,tmdb
26286,Dragonwyck (film),https://en.wikipedia.org/wiki/Dragonwyck_(film),tt0038492,Q1950050,tmdb
25536,PTU (film),https://en.wikipedia.org/wiki/PTU_(film),tt0250638,Q2132216,tmdb
23245,Mr. Imperium,https://en.wikipedia.org/wiki/Mr._Imperium,tt0043822,Q2157567,tmdb
24664,Bamboozled,https://en.wikipedia.org/wiki/Bamboozled,tt0215545,Q2277762,tmdb
23173,Tormented (2009 British film),https://en.wikipedia.org/wiki/Tormented_(2009_British_film),tt1100053,Q2292225,tmdb
25014,Harrison's Flowers,https://en.wikipedia.org/wiki/Harrison%27s_Flowers,tt0216799,Q2298446,tmdb
25756,Clownhouse,https://en.wikipedia.org/wiki/Clownhouse,tt0094886,Q2364210,tmdb
26768,Baby Love (1969 film),https://en.wikipedia.org/wiki/Baby_Love_(1969_film),tt0062693,Q2473559,tmdb
23069,Benji (1974 film),https://en.wikipedia.org/wiki/Benji_(1974_film),tt0071206,Q2522722,tmdb
24202,Blind Date (2007 film),https://en.wikipedia.org/wiki/Blind_Date_(2007_film),tt0480268,Q2613359,tmdb
24068,Lucky Girl (2001 film),https://en.wikipedia.org/wiki/Lucky_Girl_(2001_film),tt0279204,Q2648963,tmdb
24524,Ad Fundum,https://en.wikipedia.org/wiki/Ad_Fundum,tt0106218,Q2652298,tmdb
25132,Shorts (2009 film),https://en.wikipedia.org/wiki/Shorts_(2009_film),tt1100119,Q2722782,tmdb
24832,Damage (2009 film),https://en.wikipedia.org/wiki/Damage_(2009_film),tt1314177,Q3012585,tmdb
23966,Deadgirl,https://en.wikipedia.org/wiki/Deadgirl,tt0896534,Q3020572,tmdb
25440,Widows' Peak,https://en.wikipedia.org/wiki/Widows%27_Peak,tt0111712,Q3365051,tmdb
26598,Cats (1998 film),https://en.wikipedia.org/wiki/Cats_(1998_film),tt0173714,Q3414593,tmdb
24499,Scar (film),https://en.wikipedia.org/wiki/Scar_(film),tt0847520,Q3475152,tmdb
25476,Scum (film),https://en.wikipedia.org/wiki/Scum_(film),tt0079871,Q3476538,tmdb
24194,TerrorVision,https://en.wikipedia.org/wiki/TerrorVision,tt0092074,Q3518851,tmdb
25435,Treed Murray,https://en.wikipedia.org/wiki/Treed_Murray,tt0293664,Q3538308,tmdb
26612,Treasure Island (1990 film),https://en.wikipedia.org/wiki/Treasure_Island_(1990_film),tt0100813,Q935421,tmdb
26185,McQ,https://en.wikipedia.org/wiki/McQ,tt0071824,Q963867,tmdb
23056,Pinocchio 3000,https://en.wikipedia.org/wiki/Pinocchio_3000,tt0332318,Q967661,tmdb
25797,Miss Minoes,https://en.wikipedia.org/wiki/Miss_Minoes,tt0279231,Q1049558,tmdb
26444,Death Hunt,https://en.wikipedia.org/wiki/Death_Hunt,tt0082247,Q1064553,tmdb
24238,Mary and Max,https://en.wikipedia.org/wiki/Mary_and_Max,tt0978762,Q1128756,tmdb
25237,Come and See,https://en.wikipedia.org/wiki/Come_and_See,tt0091251,Q1130395,tmdb
23449,Celtic Pride,https://en.wikipedia.org/wiki/Celtic_Pride,tt0115851,Q1171263,tmdb
23685,Monkeybone,https://en.wikipedia.org/wiki/Monkeybone,tt0166276,Q1191928,tmdb
26718,G Men,https://en.wikipedia.org/wiki/G_Men,tt0026393,Q1193221,tmdb
24229,The Killers (1964 film),https://en.wikipedia.org/wiki/The_Killers_(1964_film),tt0058262,Q1197463,tmdb
25212,Deterrence (film),https://en.wikipedia.org/wiki/Deterrence_(film),tt0158583,Q1201169,tmdb
24752,Dragon Ball Z: Cooler's Revenge,https://en.wikipedia.org/wiki/Dragon_Ball_Z:_Cooler%27s_Revenge,tt1125254,Q1255003,tmdb
25763,Damnation Alley (film),https://en.wikipedia.org/wiki/Damnation_Alley_(film),tt0075909,Q1289046,tmdb
24402,Emmanuelle (1974 film),https://en.wikipedia.org/wiki/Emmanuelle_(1974_film),tt0071464,Q1313289,tmdb
23759,Centurion (film),https://en.wikipedia.org/wiki/Centurion_(film),tt1020558,Q1322906,tmdb
26513,Punishment Park,https://en.wikipedia.org/wiki/Punishment_Park,tt0067633,Q1348016,tmdb
24649,Wishcraft,https://en.wikipedia.org/wiki/Wishcraft,tt0255702,Q1412321,tmdb
23397,Straight Time,https://en.wikipedia.org/wiki/Straight_Time,tt0078326,Q1523648,tmdb
27205,Inception,https://en.wikipedia.org/wiki/Inception,tt1375666,Q25188,tmdb
28229,Rumpelstiltskin (1995 film),https://en.wikipedia.org/wiki/Rumpelstiltskin_(1995_film),tt0114306,Q38970,tmdb
27578,The Expendables (2010 film),https://en.wikipedia.org/wiki/The_Expendables_(2010_film),tt1320253,Q206374,tmdb
28966,Wings (1927 film),https://en.wikipedia.org/wiki/Wings_(1927_film),tt0018578,Q272036,tmdb
29077,The Bride (1985 film),https://en.wikipedia.org/wiki/The_Bride_(1985_film),tt0088851,Q118985,tmdb
31058,Bitter Rice,https://en.wikipedia.org/wiki/Bitter_Rice,tt0040737,Q147921,tmdb
28297,Brute Force (1947 film),https://en.wikipedia.org/wiki/Brute_Force_(1947_film),tt0039224,Q187686,tmdb
29805,Juggernaut (1974 film),https://en.wikipedia.org/wiki/Juggernaut_(1974_film),tt0071706,Q204514,tmdb
27581,The Other Guys,https://en.wikipedia.org/wiki/The_Other_Guys,tt1386588,Q376807,tmdb
27582,The Mechanic (2011 film),https://en.wikipedia.org/wiki/The_Mechanic_(2011_film),tt0472399,Q388476,tmdb
26976,Wit (film),https://en.wikipedia.org/wiki/Wit_(film),tt0243664,Q400205,tmdb
27244,The Dungeonmaster,https://en.wikipedia.org/wiki/The_Dungeonmaster,tt0089060,Q429796,tmdb
31080,Netherbeast Incorporated,https://en.wikipedia.org/wiki/Netherbeast_Incorporated,tt0787495,Q6999005,tmdb
27896,Planet Raptor,https://en.wikipedia.org/wiki/Planet_Raptor,tt0460912,Q7201158,tmdb
27870,The Muppets Celebrate Jim Henson,https://en.wikipedia.org/wiki/The_Muppets_Celebrate_Jim_Henson,tt0251874,Q7752655,tmdb
27735,Wonderful World (2009 film),https://en.wikipedia.org/wiki/Wonderful_World_(2009_film),tt0857275,Q8031851,tmdb
27090,Zero Day (film),https://en.wikipedia.org/wiki/Zero_Day_(film),tt0365960,Q10724496,tmdb
28967,The Little Fox,https://en.wikipedia.org/wiki/The_Little_Fox,tt0131636,Q44817,tmdb
28178,Hachi: A Dog's Tale,https://en.wikipedia.org/wiki/Hachi:_A_Dog%27s_Tale,tt1028532,Q59249,tmdb
29918,Lassie (1994 film),https://en.wikipedia.org/wiki/Lassie_(1994_film),tt0110305,Q638550,tmdb
31010,Uprising (2001 film),https://en.wikipedia.org/wiki/Uprising_(2001_film),tt0250798,Q686165,tmdb
31011,Mr. Nobody (film),https://en.wikipedia.org/wiki/Mr._Nobody_(film),tt0485947,Q732022,tmdb
30566,Blacula,https://en.wikipedia.org/wiki/Blacula,tt0068284,Q881000,tmdb
30948,Bloodmoon (1997 film),https://en.wikipedia.org/wiki/Bloodmoon_(1997_film),tt0118745,Q885221,tmdb
30497,The Texas Chain Saw Massacre,https://en.wikipedia.org/wiki/The_Texas_Chain_Saw_Massacre,tt0072271,Q886597,tmdb
31015,Body Count (1998 film),https://en.wikipedia.org/wiki/Body_Count_(1998_film),tt0120186,Q890062,tmdb
27960,I Saw the Sun,https://en.wikipedia.org/wiki/I_Saw_the_Sun,tt1347521,Q942852,tmdb
28892,Etoile (film),https://en.wikipedia.org/wiki/Etoile_(film),tt0096522,Q961219,tmdb
28032,Thumbelina (1994 film),https://en.wikipedia.org/wiki/Thumbelina_(1994_film),tt0111419,Q965266,tmdb
29601,Buck Privates,https://en.wikipedia.org/wiki/Buck_Privates,tt0033436,Q999353,tmdb
29453,The Magician (1958 film),https://en.wikipedia.org/wiki/The_Magician_(1958_film),tt0051365,Q1078890,tmdb
30666,Stepfather II,https://en.wikipedia.org/wiki/Stepfather_II,tt0098385,Q1115572,tmdb
30924,Motel Hell,https://en.wikipedia.org/wiki/Motel_Hell,tt0081184,Q737187,tmdb
27573,The Bounty Hunter (2010 film),https://en.wikipedia.org/wiki/The_Bounty_Hunter_(2010_film),tt1038919,Q741737,tmdb
31067,Fail Safe (2000 film),https://en.wikipedia.org/wiki/Fail_Safe_(2000_film),tt0235376,Q750205,tmdb
27813,Basket Case (film),https://en.wikipedia.org/wiki/Basket_Case_(film),tt0083624,Q810280,tmdb
29004,The District!,https://en.wikipedia.org/wiki/The_District!,tt0398237,Q840183,tmdb
29455,Winter Light,https://en.wikipedia.org/wiki/Winter_Light,tt0057358,Q842067,tmdb
29710,Khartoum (1966 film),https://en.wikipedia.org/wiki/Khartoum_(1966_film),tt0060588,Q1740603,tmdb
27945,Hombre (film),https://en.wikipedia.org/wiki/Hombre_(film),tt0061770,Q1783741,tmdb
28448,Walker (film),https://en.wikipedia.org/wiki/Walker_(film),tt0096409,Q1786299,tmdb
28131,Pulp (1972 film),https://en.wikipedia.org/wiki/Pulp_(1972_film),tt0069134,Q1887799,tmdb
30239,Vincere,https://en.wikipedia.org/wiki/Vincere,tt1156173,Q1995296,tmdb
28914,Repeat Performance,https://en.wikipedia.org/wiki/Repeat_Performance,tt0039761,Q2160551,tmdb
30025,Sirocco (1951 film),https://en.wikipedia.org/wiki/Sirocco_(1951_film),tt0044040,Q2290141,tmdb
28891,Elsewhere (2009 film),https://en.wikipedia.org/wiki/Elsewhere_(2009_film),tt0874271,Q2294879,tmdb
28028,Sonny (2002 film),https://en.wikipedia.org/wiki/Sonny_(2002_film),tt0305973,Q2356692,tmdb
28059,SubUrbia (film),https://en.wikipedia.org/wiki/SubUrbia_(film),tt0120238,Q2361432,tmdb
28410,Tuff Turf,https://en.wikipedia.org/wiki/Tuff_Turf,tt0090213,Q2362823,tmdb
30231,Oxford Blues,https://en.wikipedia.org/wiki/Oxford_Blues,tt0087866,Q2410457,tmdb
29952,El perro,https://en.wikipedia.org/wiki/El_perro,tt0420548,Q2593280,tmdb
30675,Planet Hulk (film),https://en.wikipedia.org/wiki/Planet_Hulk_(film),tt1483025,Q2662947,tmdb
30618,Bunraku (film),https://en.wikipedia.org/wiki/Bunraku_(film),tt1181795,Q2702930,tmdb
30289,Megafault,https://en.wikipedia.org/wiki/Megafault,tt1436432,Q2705177,tmdb
28715,Madhouse (1974 film),https://en.wikipedia.org/wiki/Madhouse_(1974_film),tt0071790,Q3842359,tmdb
29150,Big Fan,https://en.wikipedia.org/wiki/Big_Fan,tt1228953,Q4905665,tmdb
29419,Carnival Magic (1983 film),https://en.wikipedia.org/wiki/Carnival_Magic_(1983_film),tt0207374,Q5044097,tmdb
30963,Class Act,https://en.wikipedia.org/wiki/Class_Act,tt0103978,Q5127965,tmdb
30112,Lost in Beijing,https://en.wikipedia.org/wiki/Lost_in_Beijing,tt0949489,Q5226961,tmdb
27258,Home Movie (2008 film),https://en.wikipedia.org/wiki/Home_Movie_(2008_film),tt1267319,Q5888543,tmdb
27322,Love Jones (film),https://en.wikipedia.org/wiki/Love_Jones_(film),tt0119572,Q6690892,tmdb
29512,Bruiser (2000 film),https://en.wikipedia.org/wiki/Bruiser_(2000_film),tt0212830,Q2723328,tmdb
27325,The Counterfeit Constable,https://en.wikipedia.org/wiki/The_Counterfeit_Constable,tt0057834,Q2837968,tmdb
28346,Blood Surf,https://en.wikipedia.org/wiki/Blood_Surf,tt0226919,Q2906961,tmdb
27420,Graduation Day (1981 film),https://en.wikipedia.org/wiki/Graduation_Day_(1981_film),tt0082467,Q2919324,tmdb
28223,Creepozoids,https://en.wikipedia.org/wiki/Creepozoids,tt0092795,Q3002430,tmdb
30665,Tap Roots,https://en.wikipedia.org/wiki/Tap_Roots,tt0040861,Q3226892,tmdb
29130,The Demoniacs,https://en.wikipedia.org/wiki/The_Demoniacs,tt0070013,Q3232228,tmdb
30863,Mutant Aliens,https://en.wikipedia.org/wiki/Mutant_Aliens,tt0277909,Q3234048,tmdb
27380,Megaforce,https://en.wikipedia.org/wiki/Megaforce,tt0084316,Q3304277,tmdb
30548,Zerophilia,https://en.wikipedia.org/wiki/Zerophilia,tt0421090,Q3349452,tmdb
27873,Battletruck,https://en.wikipedia.org/wiki/Battletruck,tt0084887,Q3415515,tmdb
29406,Trucker (film),https://en.wikipedia.org/wiki/Trucker_(film),tt1087527,Q3541085,tmdb
28560,Naked Alibi,https://en.wikipedia.org/wiki/Naked_Alibi,tt0047263,Q3615131,tmdb
30809,Geppetto (film),https://en.wikipedia.org/wiki/Geppetto_(film),tt0200656,Q3760834,tmdb
27066,The Voyeur (1994 film),https://en.wikipedia.org/wiki/The_Voyeur_(1994_film),tt0111573,Q3819977,tmdb
28355,Case 39,https://en.wikipedia.org/wiki/Case_39,tt0795351,Q1164919,tmdb
28118,The Gruffalo (film),https://en.wikipedia.org/wiki/The_Gruffalo_(film),tt1461418,Q1194060,tmdb
28100,Carousel (film),https://en.wikipedia.org/wiki/Carousel_(film),tt0049055,Q1265272,tmdb
30238,Earthlings (film),https://en.wikipedia.org/wiki/Earthlings_(film),tt0358456,Q1277684,tmdb
29828,Edi (film),https://en.wikipedia.org/wiki/Edi_(film),tt0338949,Q1284439,tmdb
27902,Love Wrecked,https://en.wikipedia.org/wiki/Love_Wrecked,tt0409011,Q1287979,tmdb
30124,Tru Loved,https://en.wikipedia.org/wiki/Tru_Loved,tt1056441,Q1387976,tmdb
28261,Mad Love (1935 film),https://en.wikipedia.org/wiki/Mad_Love_(1935_film),tt0026663,Q1426803,tmdb
30331,Tart (film),https://en.wikipedia.org/wiki/Tart_(film),tt0203975,Q1460522,tmdb
30785,Evil Toons,https://en.wikipedia.org/wiki/Evil_Toons,tt0099524,Q1622743,tmdb
29989,Skin (2008 film),https://en.wikipedia.org/wiki/Skin_(2008_film),tt0964586,Q1630067,tmdb
27595,Charlie & Boots,https://en.wikipedia.org/wiki/Charlie_%26_Boots,tt1276110,Q1648869,tmdb
27098,All Things Fair,https://en.wikipedia.org/wiki/All_Things_Fair,tt0113720,Q1675604,tmdb
28976,,,tt0418271,Q139731,tmdb
27696,,,tt0765481,Q3522997,tmdb
28412,,,tt0218380,Q4375174,tmdb
27710,,,tt0329334,Q4925880,tmdb
29556,,,tt0277986,Q5073407,tmdb
29315,,,tt0094998,Q5256333,tmdb
27485,,,tt4354312,Q20022638,tmdb
29944,,,tt0069744,Q102187928,tmdb
30567,,,tt0099657,Q104050802,tmdb
30883,,,tt0090642,Q130658686,tmdb
27726,Q (1982 film),https://en.wikipedia.org/wiki/Q_(1982_film),tt0084556,Q465732,tmdb
28468,The Key (1983 film),https://en.wikipedia.org/wiki/The_Key_(1983_film),tt0085328,Q467963,tmdb
27022,The Sorcerer's Apprentice (2010 film),https://en.wikipedia.org/wiki/The_Sorcerer%27s_Apprentice_(2010_film),tt0963966,Q477865,tmdb
31001,Sanctimony (film),https://en.wikipedia.org/wiki/Sanctimony_(film),tt0234652,Q509805,tmdb
30159,I Confess (film),https://en.wikipedia.org/wiki/I_Confess_(film),tt0045897,Q512247,tmdb
29244,3 Godfathers,https://en.wikipedia.org/wiki/3_Godfathers,tt0040064,Q528296,tmdb
27468,Zombiegeddon,https://en.wikipedia.org/wiki/Zombiegeddon,tt0316946,Q543963,tmdb
29095,Waxwork (film),https://en.wikipedia.org/wiki/Waxwork_(film),tt0096426,Q553632,tmdb
30970,Code Unknown,https://en.wikipedia.org/wiki/Code_Unknown,tt0216625,Q553879,tmdb
29291,Klimt (film),https://en.wikipedia.org/wiki/Klimt_(film),tt0417871,Q568465,tmdb
28971,Limelight (1952 film),https://en.wikipedia.org/wiki/Limelight_(1952_film),tt0044837,Q584509,tmdb
29471,Colonel Redl,https://en.wikipedia.org/wiki/Colonel_Redl,tt0089716,Q594649,tmdb
28047,Phoenix (1998 film),https://en.wikipedia.org/wiki/Phoenix_(1998_film),tt0119892,Q624772,tmdb
27576,Salt (2010 film),https://en.wikipedia.org/wiki/Salt_(2010_film),tt0944835,Q628139,tmdb
29046,Scorpius Gigantus,https://en.wikipedia.org/wiki/Scorpius_Gigantus,tt0443629,Q11298079,tmdb
29485,Freelance (1971 film),https://en.wikipedia.org/wiki/Freelance_(1971_film),tt0103998,Q12123027,tmdb
29484,Mysterious Mr. Moto,https://en.wikipedia.org/wiki/Mysterious_Mr._Moto,tt0030483,Q12126426,tmdb
28419,Hellbreeder,https://en.wikipedia.org/wiki/Hellbreeder,tt0359398,Q14954307,tmdb
29109,Blue Seduction,https://en.wikipedia.org/wiki/Blue_Seduction,tt1337040,Q17991765,tmdb
30882,Zenabel,https://en.wikipedia.org/wiki/Zenabel,tt0065240,Q24942403,tmdb
36557,Casino Royale (2006 film),https://en.wikipedia.org/wiki/Casino_Royale_(2006_film),tt0381061,Q151904,tmdb
36586,Blade II,https://en.wikipedia.org/wiki/Blade_II,tt0187738,Q159638,tmdb
32395,The Greatest (2009 film),https://en.wikipedia.org/wiki/The_Greatest_(2009_film),tt1226232,Q185061,tmdb
36643,The World Is Not Enough,https://en.wikipedia.org/wiki/The_World_Is_Not_Enough,tt0143145,Q212145,tmdb
36648,Blade: Trinity,https://en.wikipedia.org/wiki/Blade:_Trinity,tt0359013,Q217008,tmdb
31676,Desperate Hours,https://en.wikipedia.org/wiki/Desperate_Hours,tt0099409,Q217307,tmdb
32657,Percy Jackson & the Olympians: The Lightning Thief,https://en.wikipedia.org/wiki/Percy_Jackson_%26_the_Olympians:_The_Lightning_Thief,tt0814255,Q244333,tmdb
33909,Wall Street: Money Never Sleeps,https://en.wikipedia.org/wiki/Wall_Street:_Money_Never_Sleeps,tt1027718,Q326526,tmdb
32446,Parting Glances,https://en.wikipedia.org/wiki/Parting_Glances,tt0091725,Q331985,tmdb
34560,Halloweentown High,https://en.wikipedia.org/wiki/Halloweentown_High,tt0414078,Q369986,tmdb
33361,Monsieur (1964 film),https://en.wikipedia.org/wiki/Monsieur_(1964_film),tt0058369,Q371706,tmdb
31773,Libeled Lady,https://en.wikipedia.org/wiki/Libeled_Lady,tt0027884,Q375578,tmdb
32856,Valentine's Day (2010 film),https://en.wikipedia.org/wiki/Valentine%27s_Day_(2010_film),tt0817230,Q244975,tmdb
34584,The NeverEnding Story (film),https://en.wikipedia.org/wiki/The_NeverEnding_Story_(film),tt0088323,Q316555,tmdb
33217,Diary of a Wimpy Kid (2010 film),https://en.wikipedia.org/wiki/Diary_of_a_Wimpy_Kid_(2010_film),tt1196141,Q74671,tmdb
31947,King Kong Lives,https://en.wikipedia.org/wiki/King_Kong_Lives,tt0091344,Q127421,tmdb
34016,She's Out of My League,https://en.wikipedia.org/wiki/She%27s_Out_of_My_League,tt0815236,Q140009,tmdb
36630,Zandalee,https://en.wikipedia.org/wiki/Zandalee,tt0101004,Q146605,tmdb
36275,Killer Fish,https://en.wikipedia.org/wiki/Killer_Fish,tt0077800,Q1992355,tmdb
35064,Dhadkan (2000 film),https://en.wikipedia.org/wiki/Dhadkan_(2000_film),tt0255111,Q2059136,tmdb
31411,The Cameraman,https://en.wikipedia.org/wiki/The_Cameraman,tt0018742,Q2138984,tmdb
31299,Little Ashes,https://en.wikipedia.org/wiki/Little_Ashes,tt1104083,Q2249443,tmdb
31686,Balibo (film),https://en.wikipedia.org/wiki/Balibo_(film),tt1111876,Q2597292,tmdb
35402,Icarus (2010 film),https://en.wikipedia.org/wiki/Icarus_(2010_film),tt1261862,Q2627384,tmdb
34813,The Losers (2010 film),https://en.wikipedia.org/wiki/The_Losers_(2010_film),tt0480255,Q1760081,tmdb
34459,"Sheba, Baby","https://en.wikipedia.org/wiki/Sheba,_Baby",tt0073697,Q1766136,tmdb
32985,Solomon Kane (film),https://en.wikipedia.org/wiki/Solomon_Kane_(film),tt0970452,Q1781432,tmdb
31956,Love to Love (film),https://en.wikipedia.org/wiki/Love_to_Love_(film),tt0339300,Q1862869,tmdb
33454,Scaramouche (1952 film),https://en.wikipedia.org/wiki/Scaramouche_(1952_film),tt0045125,Q1897321,tmdb
31563,Critical Condition (film),https://en.wikipedia.org/wiki/Critical_Condition_(film),tt0092798,Q1962479,tmdb
36647,Blade (1998 film),https://en.wikipedia.org/wiki/Blade_(1998_film),tt0120611,Q3429263,tmdb
33801,Beyond the Door (1974 film),https://en.wikipedia.org/wiki/Beyond_the_Door_(1974_film),tt0071212,Q3667377,tmdb
32140,Snowball Express,https://en.wikipedia.org/wiki/Snowball_Express,tt0069291,Q3905783,tmdb
35371,Thrashin',https://en.wikipedia.org/wiki/Thrashin%27,tt0092085,Q3990842,tmdb
34760,"'night, Mother (film)","https://en.wikipedia.org/wiki/%27night,_Mother_(film)",tt0090556,Q4004245,tmdb
31610,Trixie (film),https://en.wikipedia.org/wiki/Trixie_(film),tt0162711,Q4117145,tmdb
36432,Art & Copy,https://en.wikipedia.org/wiki/Art_%26_Copy,tt1333631,Q4135309,tmdb
36337,Delusion (1991 film),https://en.wikipedia.org/wiki/Delusion_(1991_film),tt0101704,Q4295509,tmdb
36527,Phar Lap (film),https://en.wikipedia.org/wiki/Phar_Lap_(film),tt0086102,Q4481165,tmdb
31160,Alma (film),https://en.wikipedia.org/wiki/Alma_(film),tt1490530,Q4733514,tmdb
34697,Butterfly (1982 film),https://en.wikipedia.org/wiki/Butterfly_(1982_film),tt0082122,Q5002915,tmdb
33339,Camp (2003 film),https://en.wikipedia.org/wiki/Camp_(2003_film),tt0342167,Q5026942,tmdb
34989,Slovenian Girl,https://en.wikipedia.org/wiki/Slovenian_Girl,tt1224373,Q2799348,tmdb
31665,Barbarosa,https://en.wikipedia.org/wiki/Barbarosa,tt0083619,Q2884111,tmdb
35265,The Embalmer (2002 film),https://en.wikipedia.org/wiki/The_Embalmer_(2002_film),tt0322725,Q3205543,tmdb
35436,The Villain (2009 film),https://en.wikipedia.org/wiki/The_Villain_(2009_film),tt1194242,Q3228126,tmdb
31645,Orphans (1987 film),https://en.wikipedia.org/wiki/Orphans_(1987_film),tt0093683,Q3232338,tmdb
36373,M (1951 film),https://en.wikipedia.org/wiki/M_(1951_film),tt0043766,Q3273366,tmdb
33636,Nina (2004 film),https://en.wikipedia.org/wiki/Nina_(2004_film),tt0399412,Q3283017,tmdb
34935,Tenchi the Movie: Tenchi Muyo in Love,https://en.wikipedia.org/wiki/Tenchi_the_Movie:_Tenchi_Muyo_in_Love,tt0117876,Q3283135,tmdb
31294,Amália (film),https://en.wikipedia.org/wiki/Am%C3%A1lia_(film),tt1234918,Q3284941,tmdb
35275,Mame (film),https://en.wikipedia.org/wiki/Mame_(film),tt0071803,Q3284961,tmdb
36196,Party Girl (1995 film),https://en.wikipedia.org/wiki/Party_Girl_(1995_film),tt0114095,Q3367009,tmdb
35818,,,tt0182357,Q3234444,tmdb
33322,,,tt0109151,Q3623143,tmdb
36294,,,tt0167145,Q5416096,tmdb
36409,,,tt1320401,Q9386780,tmdb
34754,,,tt0243465,Q10470038,tmdb
36565,,,tt1293829,Q18335274,tmdb
33120,,,tt1188995,Q18693436,tmdb
32343,,,tt0445948,Q47456738,tmdb
36184,,,tt0315870,Q120653555,tmdb
34851,Predators (2010 film),https://en.wikipedia.org/wiki/Predators_(2010_film),tt1424381,Q380667,tmdb
36593,3: The Final Insult,https://en.wikipedia.org/wiki/Naked_Gun_33_1/3:_The_Final_Insult,tt0110622,Q385309,tmdb
36419,After.Life,https://en.wikipedia.org/wiki/After.Life,tt0838247,Q388873,tmdb
35217,Friendship!,https://en.wikipedia.org/wiki/Friendship!,tt1247657,Q401721,tmdb
36324,Pouic-Pouic,https://en.wikipedia.org/wiki/Pouic-Pouic,tt0057422,Q470344,tmdb
34544,The A-Team (film),https://en.wikipedia.org/wiki/The_A-Team_(film),tt0429493,Q471746,tmdb
32066,Anna Karenina (1948 film),https://en.wikipedia.org/wiki/Anna_Karenina_(1948_film),tt0040098,Q508219,tmdb
34433,Dragon Ball Z: Broly – The Legendary Super Saiyan,https://en.wikipedia.org/wiki/Dragon_Ball_Z:_Broly_%E2%80%93_The_Legendary_Super_Saiyan,tt0142242,Q543064,tmdb
34036,Imagining Argentina (film),https://en.wikipedia.org/wiki/Imagining_Argentina_(film),tt0314197,Q610191,tmdb
31598,Q & A (film),https://en.wikipedia.org/wiki/Q_%26_A_(film),tt0100442,Q618527,tmdb
32969,Pretty Poison (film),https://en.wikipedia.org/wiki/Pretty_Poison_(film),tt0063456,Q641941,tmdb
32700,Boyfriends (film),https://en.wikipedia.org/wiki/Boyfriends_(film),tt0115741,Q659694,tmdb
35545,Mata Hari (1931 film),https://en.wikipedia.org/wiki/Mata_Hari_(1931_film),tt0023196,Q666084,tmdb
36599,Prom Night (1980 film),https://en.wikipedia.org/wiki/Prom_Night_(1980_film),tt0081383,Q686249,tmdb
33997,Desert Flower (film),https://en.wikipedia.org/wiki/Desert_Flower_(film),tt1054580,Q689630,tmdb
34636,The NeverEnding Story II: The Next Chapter,https://en.wikipedia.org/wiki/The_NeverEnding_Story_II:_The_Next_Chapter,tt0100240,Q704732,tmdb
34314,Turbulence (1997 film),https://en.wikipedia.org/wiki/Turbulence_(1997_film),tt0120390,Q727775,tmdb
35074,Dinoshark,https://en.wikipedia.org/wiki/Dinoshark,tt1545986,Q732688,tmdb
33974,Mammoth (2009 film),https://en.wikipedia.org/wiki/Mammoth_(2009_film),tt1038043,Q759230,tmdb
31979,Played (film),https://en.wikipedia.org/wiki/Played_(film),tt0460902,Q764764,tmdb
35019,Nanny McPhee and the Big Bang,https://en.wikipedia.org/wiki/Nanny_McPhee_and_the_Big_Bang,tt1415283,Q785249,tmdb
36233,Posse (1993 film),https://en.wikipedia.org/wiki/Posse_(1993_film),tt0107863,Q823349,tmdb
32235,Northfork,https://en.wikipedia.org/wiki/Northfork,tt0322659,Q825968,tmdb
32823,Get Him to the Greek,https://en.wikipedia.org/wiki/Get_Him_to_the_Greek,tt1226229,Q940139,tmdb
35063,Just Married (2007 film),https://en.wikipedia.org/wiki/Just_Married_(2007_film),tt0785004,Q940400,tmdb
32387,Stick (film),https://en.wikipedia.org/wiki/Stick_(film),tt0090073,Q971636,tmdb
32924,Catchfire,https://en.wikipedia.org/wiki/Catchfire,tt0096875,Q1050541,tmdb
31555,Pushover (film),https://en.wikipedia.org/wiki/Pushover_(film),tt0047377,Q1060430,tmdb
31586,North (1994 film),https://en.wikipedia.org/wiki/North_(1994_film),tt0110687,Q1072666,tmdb
33555,Sherlock Holmes (2010 film),https://en.wikipedia.org/wiki/Sherlock_Holmes_(2010_film),tt1522835,Q1109146,tmdb
36068,Marquis (film),https://en.wikipedia.org/wiki/Marquis_(film),tt0097839,Q1137535,tmdb
35056,Date Night,https://en.wikipedia.org/wiki/Date_Night,tt1279935,Q1139801,tmdb
34667,Nightfall (1956 film),https://en.wikipedia.org/wiki/Nightfall_(1956_film),tt0049552,Q1159969,tmdb
36576,Curse of the Pink Panther,https://en.wikipedia.org/wiki/Curse_of_the_Pink_Panther,tt0085384,Q1193469,tmdb
31685,The Hunchback of Notre Dame (1939 film),https://en.wikipedia.org/wiki/The_Hunchback_of_Notre_Dame_(1939_film),tt0031455,Q1193924,tmdb
32318,The Navigator (1924 film),https://en.wikipedia.org/wiki/The_Navigator_(1924_film),tt0015163,Q1195998,tmdb
32726,Hellfighters (film),https://en.wikipedia.org/wiki/Hellfighters_(film),tt0063060,Q1217025,tmdb
32528,Spartacus (miniseries),https://en.wikipedia.org/wiki/Spartacus_(miniseries),tt0361240,Q1247476,tmdb
36055,Easy Virtue (1928 film),https://en.wikipedia.org/wiki/Easy_Virtue_(1928_film),tt0017843,Q1278385,tmdb
31277,Popstar (film),https://en.wikipedia.org/wiki/Popstar_(film),tt0426550,Q1406529,tmdb
35650,Maelström (film),https://en.wikipedia.org/wiki/Maelstr%C3%B6m_(film),tt0220627,Q1432853,tmdb
31867,Repo Men,https://en.wikipedia.org/wiki/Repo_Men,tt1053424,Q1460779,tmdb
33379,Greenfingers,https://en.wikipedia.org/wiki/Greenfingers,tt0203540,Q1507635,tmdb
33157,Waterloo (1970 film),https://en.wikipedia.org/wiki/Waterloo_(1970_film),tt0066549,Q1604818,tmdb
35826,Wicked Stepmother,https://en.wikipedia.org/wiki/Wicked_Stepmother,tt0098649,Q1750392,tmdb
34219,Chevolution,https://en.wikipedia.org/wiki/Chevolution,tt1202160,Q5094358,tmdb
34606,Cybermutt,https://en.wikipedia.org/wiki/Cybermutt,tt0306698,Q5197811,tmdb
35693,Deuda (film),https://en.wikipedia.org/wiki/Deuda_(film),tt0424041,Q5266114,tmdb
35908,Evil Angel (film),https://en.wikipedia.org/wiki/Evil_Angel_(film),tt0892051,Q5418399,tmdb
35044,Full Body Massage,https://en.wikipedia.org/wiki/Full_Body_Massage,tt0113131,Q5507992,tmdb
33569,White Night Wedding,https://en.wikipedia.org/wiki/White_Night_Wedding,tt1114712,Q6182892,tmdb
34737,Leeches!,https://en.wikipedia.org/wiki/Leeches!,tt0339288,Q6515771,tmdb
35721,Live Feed,https://en.wikipedia.org/wiki/Live_Feed,tt0481280,Q6655131,tmdb
34626,Merantau,https://en.wikipedia.org/wiki/Merantau,tt1368116,Q6817943,tmdb
36484,Rick (film),https://en.wikipedia.org/wiki/Rick_(film),tt0363029,Q7331180,tmdb
32367,She's Crushed,https://en.wikipedia.org/wiki/She%27s_Crushed,tt1192621,Q7491795,tmdb
32145,Tempting Fate (1998 film),https://en.wikipedia.org/wiki/Tempting_Fate_(1998_film),tt0137156,Q7699056,tmdb
33712,Trudell,https://en.wikipedia.org/wiki/Trudell,tt0395796,Q7847252,tmdb
31985,Lightspeed (film),https://en.wikipedia.org/wiki/Lightspeed_(film),tt0822827,Q12125732,tmdb
33308,Unspeakable (2002 film),https://en.wikipedia.org/wiki/Unspeakable_(2002_film),tt0277412,Q18511242,tmdb
31217,The Human Condition I: No Greater Love,https://en.wikipedia.org/wiki/The_Human_Condition_I:_No_Greater_Love,tt0053114,Q110818465,tmdb
31414,Sátántangó,https://en.wikipedia.org/wiki/S%C3%A1t%C3%A1ntang%C3%B3,tt0111341,Q53481,tmdb
37724,Skyfall,https://en.wikipedia.org/wiki/Skyfall,tt1074638,Q4941,tmdb
36669,Die Another Day,https://en.wikipedia.org/wiki/Die_Another_Day,tt0246460,Q30931,tmdb
36670,Never Say Never Again,https://en.wikipedia.org/wiki/Never_Say_Never_Again,tt0086006,Q180279,tmdb
37799,The Social Network,https://en.wikipedia.org/wiki/The_Social_Network,tt1285016,Q185888,tmdb
38012,Fanfan,https://en.wikipedia.org/wiki/Fanfan,tt0106866,Q3066368,tmdb
39110,Chuka (film),https://en.wikipedia.org/wiki/Chuka_(film),tt0061477,Q3282392,tmdb
38567,XxxHolic: A Midsummer Night's Dream,https://en.wikipedia.org/wiki/XxxHolic:_A_Midsummer_Night%27s_Dream,tt0466405,Q4021881,tmdb
38074,Zeder,https://en.wikipedia.org/wiki/Zeder,tt0086636,Q4024066,tmdb
38579,Marmaduke (2010 film),https://en.wikipedia.org/wiki/Marmaduke_(2010_film),tt1392197,Q48734,tmdb
38055,Megamind,https://en.wikipedia.org/wiki/Megamind,tt1001526,Q81205,tmdb
36955,True Lies,https://en.wikipedia.org/wiki/True_Lies,tt0111503,Q110397,tmdb
38365,Grown Ups (film),https://en.wikipedia.org/wiki/Grown_Ups_(film),tt1375670,Q121810,tmdb
38142,5 Centimeters per Second,https://en.wikipedia.org/wiki/5_Centimeters_per_Second,tt0983213,Q143513,tmdb
37308,100 Rifles,https://en.wikipedia.org/wiki/100_Rifles,tt0063970,Q165164,tmdb
36728,Naruto Shippuden the Movie: The Will of Fire,https://en.wikipedia.org/wiki/Naruto_Shippuden_the_Movie:_The_Will_of_Fire,tt1481363,Q703571,tmdb
39538,Contagion (2011 film),https://en.wikipedia.org/wiki/Contagion_(2011_film),tt1598778,Q730888,tmdb
38027,Mandingo (film),https://en.wikipedia.org/wiki/Mandingo_(film),tt0073349,Q745753,tmdb
39514,Red (2010 film),https://en.wikipedia.org/wiki/Red_(2010_film),tt1245526,Q858842,tmdb
38322,"Big Mommas: Like Father, Like Son","https://en.wikipedia.org/wiki/Big_Mommas:_Like_Father,_Like_Son",tt1464174,Q859045,tmdb
37632,The Order (2001 film),https://en.wikipedia.org/wiki/The_Order_(2001_film),tt0193364,Q891973,tmdb
36685,The Rocky Horror Picture Show,https://en.wikipedia.org/wiki/The_Rocky_Horror_Picture_Show,tt0073629,Q751921,tmdb
39243,Off Beat (1986 film),https://en.wikipedia.org/wiki/Off_Beat_(1986_film),tt0091668,Q760935,tmdb
38199,Unthinkable,https://en.wikipedia.org/wiki/Unthinkable,tt0914863,Q778001,tmdb
37735,Easy A,https://en.wikipedia.org/wiki/Easy_A,tt1282140,Q817266,tmdb
37233,The Firm (1993 film),https://en.wikipedia.org/wiki/The_Firm_(1993_film),tt0106918,Q821692,tmdb
37136,The Naked Gun: From the Files of Police Squad!,https://en.wikipedia.org/wiki/The_Naked_Gun:_From_the_Files_of_Police_Squad!,tt0095705,Q832047,tmdb
38621,Firelight,https://en.wikipedia.org/wiki/Firelight,tt0119125,Q841452,tmdb
37797,Whisper of the Heart,https://en.wikipedia.org/wiki/Whisper_of_the_Heart,tt0113824,Q842292,tmdb
37169,The Human Centipede (First Sequence),https://en.wikipedia.org/wiki/The_Human_Centipede_(First_Sequence),tt1467304,Q854419,tmdb
38357,Morning Glory (2010 film),https://en.wikipedia.org/wiki/Morning_Glory_(2010_film),tt1126618,Q856602,tmdb
38661,Tarzan Escapes,https://en.wikipedia.org/wiki/Tarzan_Escapes,tt0028345,Q1469134,tmdb
39083,Blackjack (1998 film),https://en.wikipedia.org/wiki/Blackjack_(1998_film),tt0126816,Q1477152,tmdb
37616,Palookaville (film),https://en.wikipedia.org/wiki/Palookaville_(film),tt0117284,Q1553755,tmdb
37931,MacGruber (film),https://en.wikipedia.org/wiki/MacGruber_(film),tt1470023,Q1579371,tmdb
39072,Happy Tears,https://en.wikipedia.org/wiki/Happy_Tears,tt1219828,Q1584307,tmdb
37636,High Art,https://en.wikipedia.org/wiki/High_Art,tt0139362,Q1617727,tmdb
39209,Shalako (film),https://en.wikipedia.org/wiki/Shalako_(film),tt0063592,Q1753894,tmdb
39472,Man Trouble,https://en.wikipedia.org/wiki/Man_Trouble,tt0104804,Q1888524,tmdb
37412,Warlock (1959 film),https://en.wikipedia.org/wiki/Warlock_(1959_film),tt0053434,Q1949548,tmdb
37420,Timescape (1992 film),https://en.wikipedia.org/wiki/Timescape_(1992_film),tt0104362,Q1961727,tmdb
38051,Normal (2007 film),https://en.wikipedia.org/wiki/Normal_(2007_film),tt0905357,Q2347145,tmdb
39412,Goodbye Emmanuelle,https://en.wikipedia.org/wiki/Goodbye_Emmanuelle,tt0077497,Q2364074,tmdb
36897,Pokémon: Mewtwo Returns,https://en.wikipedia.org/wiki/Pok%C3%A9mon:_Mewtwo_Returns,tt0304564,Q2477539,tmdb
36971,Whisky (film),https://en.wikipedia.org/wiki/Whisky_(film),tt0331370,Q2633011,tmdb
37265,All Ladies Do It,https://en.wikipedia.org/wiki/All_Ladies_Do_It,tt0104014,Q2642294,tmdb
38753,Passion Play (film),https://en.wikipedia.org/wiki/Passion_Play_(film),tt1396221,Q2699261,tmdb
37512,Satan's Brew,https://en.wikipedia.org/wiki/Satan%27s_Brew,tt0075165,Q2979315,tmdb
39053,Cyrus (2010 film),https://en.wikipedia.org/wiki/Cyrus_(2010_film),tt1336617,Q465739,tmdb
39486,Secretariat (film),https://en.wikipedia.org/wiki/Secretariat_(film),tt1028576,Q470665,tmdb
38317,Zookeeper (film),https://en.wikipedia.org/wiki/Zookeeper_(film),tt1222817,Q477070,tmdb
38921,Burglar (film),https://en.wikipedia.org/wiki/Burglar_(film),tt0092710,Q486597,tmdb
38050,The Adjustment Bureau,https://en.wikipedia.org/wiki/The_Adjustment_Bureau,tt1385826,Q492089,tmdb
39347,Hello Brother (1999 film),https://en.wikipedia.org/wiki/Hello_Brother_(1999_film),tt0233856,Q492502,tmdb
37137,The Naked Gun 2½: The Smell of Fear,https://en.wikipedia.org/wiki/The_Naked_Gun_2%C2%BD:_The_Smell_of_Fear,tt0102510,Q502979,tmdb
38985,Sorcerer (film),https://en.wikipedia.org/wiki/Sorcerer_(film),tt0076740,Q541707,tmdb
36834,Total Eclipse (film),https://en.wikipedia.org/wiki/Total_Eclipse_(film),tt0114702,Q543462,tmdb
37178,Virtuality (film),https://en.wikipedia.org/wiki/Virtuality_(film),tt1219836,Q568093,tmdb
37533,Noce Blanche,https://en.wikipedia.org/wiki/Noce_Blanche,tt0097995,Q621766,tmdb
37710,The Tourist (2010 film),https://en.wikipedia.org/wiki/The_Tourist_(2010_film),tt1243957,Q629975,tmdb
37345,Princess Caraboo (film),https://en.wikipedia.org/wiki/Princess_Caraboo_(film),tt0110892,Q644372,tmdb
39468,Godzilla vs. Megaguirus,https://en.wikipedia.org/wiki/Godzilla_vs._Megaguirus,tt0255198,Q664983,tmdb
37834,Knight and Day,https://en.wikipedia.org/wiki/Knight_and_Day,tt1013743,Q679918,tmdb
38183,,,tt0283875,Q460104,tmdb
37970,,,tt0827181,Q2220324,tmdb
36984,,,tt0350232,Q2451868,tmdb
39478,,,tt1426383,Q28498989,tmdb
39758,,,tt0337540,Q117814147,tmdb
39054,,,tt0882765,Q129676910,tmdb
39451,Little Fockers,https://en.wikipedia.org/wiki/Little_Fockers,tt0970866,Q921985,tmdb
39043,Countess Dracula,https://en.wikipedia.org/wiki/Countess_Dracula,tt0065580,Q932608,tmdb
38321,Priest (2011 film),https://en.wikipedia.org/wiki/Priest_(2011_film),tt0822847,Q967683,tmdb
37958,Immortals (2011 film),https://en.wikipedia.org/wiki/Immortals_(2011_film),tt1253864,Q1050528,tmdb
38765,Chisum,https://en.wikipedia.org/wiki/Chisum,tt0065547,Q1074868,tmdb
38810,Dogtooth (film),https://en.wikipedia.org/wiki/Dogtooth_(film),tt1379182,Q1075918,tmdb
38234,Undisputed III: Redemption,https://en.wikipedia.org/wiki/Undisputed_III:_Redemption,tt1156466,Q1092933,tmdb
37430,Conan the Barbarian (2011 film),https://en.wikipedia.org/wiki/Conan_the_Barbarian_(2011_film),tt0816462,Q1123629,tmdb
39108,Dragon Ball Z: Wrath of the Dragon,https://en.wikipedia.org/wiki/Dragon_Ball_Z:_Wrath_of_the_Dragon,tt0142243,Q1130576,tmdb
39504,Moolaadé,https://en.wikipedia.org/wiki/Moolaad%C3%A9,tt0416991,Q1131452,tmdb
38543,Ironclad (film),https://en.wikipedia.org/wiki/Ironclad_(film),tt1233301,Q1150930,tmdb
39513,Paul (2011 film),https://en.wikipedia.org/wiki/Paul_(2011_film),tt1092026,Q1164753,tmdb
38153,Shadow Conspiracy,https://en.wikipedia.org/wiki/Shadow_Conspiracy,tt0120107,Q1217242,tmdb
39324,Dragon Ball Z: The History of Trunks,https://en.wikipedia.org/wiki/Dragon_Ball_Z:_The_History_of_Trunks,tt0142247,Q1254956,tmdb
39107,Dragon Ball Z: Fusion Reborn,https://en.wikipedia.org/wiki/Dragon_Ball_Z:_Fusion_Reborn,tt0142236,Q1254966,tmdb
39103,Dragon Ball Z: The Return of Cooler,https://en.wikipedia.org/wiki/Dragon_Ball_Z:_The_Return_of_Cooler,tt0142237,Q1254983,tmdb
39105,Dragon Ball Z: Bojack Unbound,https://en.wikipedia.org/wiki/Dragon_Ball_Z:_Bojack_Unbound,tt0142238,Q1255010,tmdb
36979,Ice (1998 film),https://en.wikipedia.org/wiki/Ice_(1998_film),tt0160393,Q1257038,tmdb
39465,Godzilla vs. Mothra,https://en.wikipedia.org/wiki/Godzilla_vs._Mothra,tt0104352,Q1284313,tmdb
38745,Gulliver's Travels (2010 film),https://en.wikipedia.org/wiki/Gulliver%27s_Travels_(2010_film),tt1320261,Q1320997,tmdb
38046,Retrograde (2004 film),https://en.wikipedia.org/wiki/Retrograde_(2004_film),tt0385990,Q1323227,tmdb
36911,Shredder (film),https://en.wikipedia.org/wiki/Shredder_(film),tt0282163,Q1406874,tmdb
39195,Spontaneous Combustion (film),https://en.wikipedia.org/wiki/Spontaneous_Combustion_(film),tt0098375,Q1418807,tmdb
39282,Funny Lady,https://en.wikipedia.org/wiki/Funny_Lady,tt0073026,Q1419911,tmdb
36819,Time Bandits,https://en.wikipedia.org/wiki/Time_Bandits,tt0081633,Q1426318,tmdb
38757,Tangled,https://en.wikipedia.org/wiki/Tangled,tt0398286,Q188439,tmdb
37257,Witness for the Prosecution (1957 film),https://en.wikipedia.org/wiki/Witness_for_the_Prosecution_(1957_film),tt0051201,Q196977,tmdb
37135,Tarzan (1999 film),https://en.wikipedia.org/wiki/Tarzan_(1999_film),tt0120855,Q208696,tmdb
37165,The Truman Show,https://en.wikipedia.org/wiki/The_Truman_Show,tt0120382,Q214801,tmdb
37247,The Graduate,https://en.wikipedia.org/wiki/The_Graduate,tt0061722,Q217627,tmdb
39437,Beloved (1998 film),https://en.wikipedia.org/wiki/Beloved_(1998_film),tt0120603,Q250954,tmdb
39254,Real Steel,https://en.wikipedia.org/wiki/Real_Steel,tt0433035,Q261759,tmdb
37748,800 Bullets,https://en.wikipedia.org/wiki/800_Bullets,tt0292886,Q270988,tmdb
37094,Falling Down,https://en.wikipedia.org/wiki/Falling_Down,tt0106856,Q289598,tmdb
37936,Happy Birthday to Me (1981 film),https://en.wikipedia.org/wiki/Happy_Birthday_to_Me_(1981_film),tt0082498,Q303999,tmdb
38167,Eat Pray Love,https://en.wikipedia.org/wiki/Eat_Pray_Love,tt0879870,Q304030,tmdb
36922,Der Untertan (film),https://en.wikipedia.org/wiki/Der_Untertan_(film),tt0044170,Q316628,tmdb
38575,The Karate Kid (2010 film),https://en.wikipedia.org/wiki/The_Karate_Kid_(2010_film),tt1155076,Q327685,tmdb
39283,Carnosaur (film),https://en.wikipedia.org/wiki/Carnosaur_(film),tt0106521,Q338189,tmdb
37943,Eureka (1983 film),https://en.wikipedia.org/wiki/Eureka_(1983_film),tt0083906,Q373849,tmdb
37686,Super 8 (2011 film),https://en.wikipedia.org/wiki/Super_8_(2011_film),tt1650062,Q379877,tmdb
37056,Letters to Juliet,https://en.wikipedia.org/wiki/Letters_to_Juliet,tt0892318,Q402818,tmdb
36929,Big Bully (film),https://en.wikipedia.org/wiki/Big_Bully_(film),tt0115676,Q4905397,tmdb
37503,Bulletface,https://en.wikipedia.org/wiki/Bulletface,tt0878654,Q4996826,tmdb
39251,Fluppy Dogs,https://en.wikipedia.org/wiki/Fluppy_Dogs,tt0090432,Q5282386,tmdb
36797,RocketMan (1997 film),https://en.wikipedia.org/wiki/RocketMan_(1997_film),tt0120029,Q5550401,tmdb
38257,Kushti (film),https://en.wikipedia.org/wiki/Kushti_(film),tt1673411,Q6448096,tmdb
38087,Mystery Team,https://en.wikipedia.org/wiki/Mystery_Team,tt1237838,Q6948873,tmdb
38775,Night Tide,https://en.wikipedia.org/wiki/Night_Tide,tt0055230,Q7033493,tmdb
38642,Pimp (2010 film),https://en.wikipedia.org/wiki/Pimp_(2010_film),tt1460643,Q7194670,tmdb
37342,Maniac (1963 film),https://en.wikipedia.org/wiki/Maniac_(1963_film),tt0056219,Q7750194,tmdb
37306,Voodoo Moon,https://en.wikipedia.org/wiki/Voodoo_Moon,tt0462598,Q7941659,tmdb
38937,Adopted (film),https://en.wikipedia.org/wiki/Adopted_(film),tt1264103,Q12100409,tmdb
37015,Lookin' Italian,https://en.wikipedia.org/wiki/Lookin%27_Italian,tt0110383,Q17182643,tmdb
38035,Sweet Sugar (film),https://en.wikipedia.org/wiki/Sweet_Sugar_(film),tt0069336,Q17183660,tmdb
38700,Bad Boys for Life,https://en.wikipedia.org/wiki/Bad_Boys_for_Life,tt1502397,Q29021224,tmdb
39844,Deranged (1974 film),https://en.wikipedia.org/wiki/Deranged_(1974_film),tt0071408,Q280094,tmdb
41801,Female Perversions,https://en.wikipedia.org/wiki/Female_Perversions,tt0116293,Q321454,tmdb
41446,Scream 4,https://en.wikipedia.org/wiki/Scream_4,tt1262416,Q323392,tmdb
41154,Men in Black 3,https://en.wikipedia.org/wiki/Men_in_Black_3,tt1409024,Q327713,tmdb
42834,Eleni (film),https://en.wikipedia.org/wiki/Eleni_(film),tt0089079,Q131840,tmdb
39787,Jacknife,https://en.wikipedia.org/wiki/Jacknife,tt0097607,Q174601,tmdb
42424,Zeus and Roxanne,https://en.wikipedia.org/wiki/Zeus_and_Roxanne,tt0120550,Q197011,tmdb
40221,The Borrower,https://en.wikipedia.org/wiki/The_Borrower,tt0101502,Q240194,tmdb
41793,Scissors (film),https://en.wikipedia.org/wiki/Scissors_(film),tt0102860,Q258712,tmdb
41402,Let Me In (film),https://en.wikipedia.org/wiki/Let_Me_In_(film),tt1228987,Q264869,tmdb
42538,Sadie Thompson (film),https://en.wikipedia.org/wiki/Sadie_Thompson_(film),tt0019344,Q426472,tmdb
41513,The Smurfs (film),https://en.wikipedia.org/wiki/The_Smurfs_(film),tt0472181,Q454398,tmdb
40479,American Cuisine (film),https://en.wikipedia.org/wiki/American_Cuisine_(film),tt0129854,Q463823,tmdb
41630,No Strings Attached (film),https://en.wikipedia.org/wiki/No_Strings_Attached_(film),tt1411238,Q474087,tmdb
42093,Marlene (1984 film),https://en.wikipedia.org/wiki/Marlene_(1984_film),tt0085905,Q479455,tmdb
40423,Black Orpheus,https://en.wikipedia.org/wiki/Black_Orpheus,tt0053146,Q538266,tmdb
40053,Nice Girl?,https://en.wikipedia.org/wiki/Nice_Girl%3F,tt0033950,Q7024673,tmdb
42917,Outcast (2010 film),https://en.wikipedia.org/wiki/Outcast_(2010_film),tt1396219,Q7111893,tmdb
42310,Purple Hearts (1984 film),https://en.wikipedia.org/wiki/Purple_Hearts_(1984_film),tt0087956,Q7261423,tmdb
41128,Snapdragon (film),https://en.wikipedia.org/wiki/Snapdragon_(film),tt0108169,Q7547287,tmdb
41926,Starrbooty,https://en.wikipedia.org/wiki/Starrbooty,tt0837806,Q7602239,tmdb
42663,The Cry (2007 film),https://en.wikipedia.org/wiki/The_Cry_(2007_film),tt0808210,Q7728298,tmdb
40104,The Devil's Sword,https://en.wikipedia.org/wiki/The_Devil%27s_Sword,tt0087142,Q7729956,tmdb
41553,Time Table (film),https://en.wikipedia.org/wiki/Time_Table_(film),tt0049857,Q7805121,tmdb
41452,Wavelength (1983 film),https://en.wikipedia.org/wiki/Wavelength_(1983_film),tt0086571,Q7975365,tmdb
39796,Yellow (2006 feature film),https://en.wikipedia.org/wiki/Yellow_(2006_feature_film),tt0488349,Q8051658,tmdb
42318,Hardcore (2004 film),https://en.wikipedia.org/wiki/Hardcore_(2004_film),tt0396630,Q10518037,tmdb
41225,Spirits of the Dead,https://en.wikipedia.org/wiki/Spirits_of_the_Dead,tt0063715,Q18415,tmdb
42590,The Clowns,https://en.wikipedia.org/wiki/The_Clowns,tt0066922,Q18421,tmdb
41171,Noel (film),https://en.wikipedia.org/wiki/Noel_(film),tt0383534,Q1277366,tmdb
42612,Medium Cool,https://en.wikipedia.org/wiki/Medium_Cool,tt0064652,Q1284125,tmdb
41141,The Border (2007 film),https://en.wikipedia.org/wiki/The_Border_(2007_film),tt0847759,Q1339069,tmdb
43017,Back Street (1961 film),https://en.wikipedia.org/wiki/Back_Street_(1961_film),tt0054653,Q1340984,tmdb
42040,King David (film),https://en.wikipedia.org/wiki/King_David_(film),tt0089420,Q1420374,tmdb
40247,Please Give,https://en.wikipedia.org/wiki/Please_Give,tt0878835,Q1569216,tmdb
42489,Sounder (film),https://en.wikipedia.org/wiki/Sounder_(film),tt0069303,Q1622751,tmdb
42536,Napoléon (1927 film),https://en.wikipedia.org/wiki/Napol%C3%A9on_(1927_film),tt0018192,Q1632158,tmdb
39850,Eros (film),https://en.wikipedia.org/wiki/Eros_(film),tt0343663,Q1742092,tmdb
42114,Nightmares (1983 film),https://en.wikipedia.org/wiki/Nightmares_(1983_film),tt0086014,Q1757905,tmdb
41730,Desert Blue,https://en.wikipedia.org/wiki/Desert_Blue,tt0126261,Q1759482,tmdb
42624,Mirush,https://en.wikipedia.org/wiki/Mirush,tt0899216,Q1765437,tmdb
39939,Super Troopers,https://en.wikipedia.org/wiki/Super_Troopers,tt0247745,Q1779139,tmdb
43006,My Geisha,https://en.wikipedia.org/wiki/My_Geisha,tt0056267,Q1788982,tmdb
39770,Brief Crossing,https://en.wikipedia.org/wiki/Brief_Crossing,tt0299594,Q1794408,tmdb
40060,The Manitou,https://en.wikipedia.org/wiki/The_Manitou,tt0077904,Q1961817,tmdb
43275,Roswell (film),https://en.wikipedia.org/wiki/Roswell_(film),tt0111021,Q2007379,tmdb
41362,Princess (2008 film),https://en.wikipedia.org/wiki/Princess_(2008_film),tt1052352,Q2060589,tmdb
42002,Anguish (1987 film),https://en.wikipedia.org/wiki/Anguish_(1987_film),tt0090644,Q2260885,tmdb
42634,Petulia,https://en.wikipedia.org/wiki/Petulia,tt0063426,Q2276242,tmdb
41288,Rocky Marciano (film),https://en.wikipedia.org/wiki/Rocky_Marciano_(film),tt0183718,Q2327135,tmdb
41795,Stepping Out (1991 film),https://en.wikipedia.org/wiki/Stepping_Out_(1991_film),tt0102979,Q2345355,tmdb
42134,Moonlighting (film),https://en.wikipedia.org/wiki/Moonlighting_(film),tt0084354,Q2364520,tmdb
41034,Serial (1980 film),https://en.wikipedia.org/wiki/Serial_(1980_film),tt0081485,Q2365523,tmdb
41625,Head Office,https://en.wikipedia.org/wiki/Head_Office,tt0091183,Q2365600,tmdb
40955,Blue Sunshine (film),https://en.wikipedia.org/wiki/Blue_Sunshine_(film),tt0074226,Q2368683,tmdb
40662,Batman: Under the Red Hood,https://en.wikipedia.org/wiki/Batman:_Under_the_Red_Hood,tt1569923,Q2384094,tmdb
40850,Cherrybomb (film),https://en.wikipedia.org/wiki/Cherrybomb_(film),tt1248971,Q2604101,tmdb
41971,The Moderns,https://en.wikipedia.org/wiki/The_Moderns,tt0095649,Q2625628,tmdb
41115,Olympic Garage,https://en.wikipedia.org/wiki/Olympic_Garage,tt0201631,Q2633310,tmdb
42172,Hardcore (1979 film),https://en.wikipedia.org/wiki/Hardcore_(1979_film),tt0079271,Q2715149,tmdb
43151,Rosalie (1937 film),https://en.wikipedia.org/wiki/Rosalie_(1937_film),tt0029499,Q2748793,tmdb
42337,Beau Pere,https://en.wikipedia.org/wiki/Beau_Pere,tt0082054,Q2893048,tmdb
41425,The Sea (2000 film),https://en.wikipedia.org/wiki/The_Sea_(2000_film),tt0220631,Q2984637,tmdb
40631,Dracula (2006 film),https://en.wikipedia.org/wiki/Dracula_(2006_film),tt0847161,Q3038549,tmdb
42495,King Lear (1971 British film),https://en.wikipedia.org/wiki/King_Lear_(1971_British_film),tt0067306,Q3197020,tmdb
42109,Gabriela (1983 film),https://en.wikipedia.org/wiki/Gabriela_(1983_film),tt0085575,Q3284453,tmdb
42264,Smile (1975 film),https://en.wikipedia.org/wiki/Smile_(1975_film),tt0073722,Q3486978,tmdb
42484,Lennon Naked,https://en.wikipedia.org/wiki/Lennon_Naked,tt1560164,Q3830195,tmdb
40562,Committed (2000 film),https://en.wikipedia.org/wiki/Committed_(2000_film),tt0144142,Q3839228,tmdb
40880,Pandaemonium (film),https://en.wikipedia.org/wiki/Pandaemonium_(film),tt0210217,Q3893121,tmdb
40574,Girl Shy,https://en.wikipedia.org/wiki/Girl_Shy,tt0014945,Q4000773,tmdb
41932,Easy Wheels,https://en.wikipedia.org/wiki/Easy_Wheels,tt0097260,Q4273036,tmdb
41653,The Slingshot (film),https://en.wikipedia.org/wiki/The_Slingshot_(film),tt0107349,Q4395391,tmdb
40078,Breeders (1986 film),https://en.wikipedia.org/wiki/Breeders_(1986_film),tt0090771,Q4960267,tmdb
41950,Call Me (film),https://en.wikipedia.org/wiki/Call_Me_(film),tt0094827,Q5021541,tmdb
40922,Coffee Date,https://en.wikipedia.org/wiki/Coffee_Date,tt0473174,Q5140913,tmdb
41875,Gotham (film),https://en.wikipedia.org/wiki/Gotham_(film),tt0095246,Q5587792,tmdb
41604,Grayeagle,https://en.wikipedia.org/wiki/Grayeagle,tt0077630,Q5598305,tmdb
40472,,,tt0034753,Q2067241,tmdb
41150,,,tt1410209,Q3345002,tmdb
40900,,,tt1492820,Q10271782,tmdb
42747,,,tt1391142,Q10725907,tmdb
41289,,,tt0140859,Q11331873,tmdb
41567,,,tt0397537,Q20077062,tmdb
41170,,,tt0212233,Q74512817,tmdb
40732,The Emigrants (1971 film),https://en.wikipedia.org/wiki/The_Emigrants_(1971_film),tt0067919,Q564802,tmdb
41733,Due Date,https://en.wikipedia.org/wiki/Due_Date,tt1231583,Q569941,tmdb
41515,Yogi Bear (film),https://en.wikipedia.org/wiki/Yogi_Bear_(film),tt1302067,Q570271,tmdb
41283,Faster (2010 film),https://en.wikipedia.org/wiki/Faster_(2010_film),tt1433108,Q576242,tmdb
42641,Morocco (film),https://en.wikipedia.org/wiki/Morocco_(film),tt0021156,Q577754,tmdb
43267,29th Street (film),https://en.wikipedia.org/wiki/29th_Street_(film),tt0101252,Q578700,tmdb
41463,My Favorite Wife,https://en.wikipedia.org/wiki/My_Favorite_Wife,tt0029284,Q589729,tmdb
42473,Tom Sawyer (1973 film),https://en.wikipedia.org/wiki/Tom_Sawyer_(1973_film),tt0070814,Q635380,tmdb
41662,3 Women,https://en.wikipedia.org/wiki/3_Women,tt0075612,Q669622,tmdb
41439,Saw 3D,https://en.wikipedia.org/wiki/Saw_3D,tt1477076,Q676284,tmdb
42390,Boys Town (film),https://en.wikipedia.org/wiki/Boys_Town_(film),tt0029942,Q727016,tmdb
40805,The Green Hornet (2011 film),https://en.wikipedia.org/wiki/The_Green_Hornet_(2011_film),tt0990407,Q738152,tmdb
40264,Vampires Suck,https://en.wikipedia.org/wiki/Vampires_Suck,tt1666186,Q764472,tmdb
40156,Priest (1994 film),https://en.wikipedia.org/wiki/Priest_(1994_film),tt0110889,Q781835,tmdb
41857,Bandolero!,https://en.wikipedia.org/wiki/Bandolero!,tt0062708,Q806357,tmdb
42194,Tekken (2009 film),https://en.wikipedia.org/wiki/Tekken_(2009_film),tt0411951,Q868706,tmdb
41012,Dollybirds,https://en.wikipedia.org/wiki/Dollybirds,tt0118906,Q873600,tmdb
39833,Love Me Tender (1956 film),https://en.wikipedia.org/wiki/Love_Me_Tender_(1956_film),tt0049452,Q929151,tmdb
40072,Spetters,https://en.wikipedia.org/wiki/Spetters,tt0081547,Q937734,tmdb
43194,Ulysses (1954 film),https://en.wikipedia.org/wiki/Ulysses_(1954_film),tt0047630,Q958327,tmdb
41817,Heart Condition (film),https://en.wikipedia.org/wiki/Heart_Condition_(film),tt0099750,Q1027640,tmdb
42691,Oedipus Rex (1967 film),https://en.wikipedia.org/wiki/Oedipus_Rex_(1967_film),tt0061613,Q1086921,tmdb
42973,Queen to Play,https://en.wikipedia.org/wiki/Queen_to_Play,tt1082009,Q1127763,tmdb
42603,Valentino (1977 film),https://en.wikipedia.org/wiki/Valentino_(1977_film),tt0076868,Q1132963,tmdb
41243,Creator (film),https://en.wikipedia.org/wiki/Creator_(film),tt0088960,Q1139373,tmdb
41177,Always: Sunset on Third Street 2,https://en.wikipedia.org/wiki/Always:_Sunset_on_Third_Street_2,tt0953981,Q1150919,tmdb
41478,Panther (film),https://en.wikipedia.org/wiki/Panther_(film),tt0114084,Q1172444,tmdb
40619,Day & Night (2010 film),https://en.wikipedia.org/wiki/Day_%26_Night_(2010_film),tt1620446,Q1179049,tmdb
40411,Hold-Up (1985 film),https://en.wikipedia.org/wiki/Hold-Up_(1985_film),tt0089284,Q1192633,tmdb
41592,StreetDance 3D,https://en.wikipedia.org/wiki/StreetDance_3D,tt1447972,Q1199960,tmdb
41779,Used People,https://en.wikipedia.org/wiki/Used_People,tt0105706,Q1213378,tmdb
41807,Grey Owl (film),https://en.wikipedia.org/wiki/Grey_Owl_(film),tt0128239,Q1240641,tmdb
39857,The Untold Story,https://en.wikipedia.org/wiki/The_Untold_Story,tt0103743,Q1254221,tmdb
41228,The Proud Princess,https://en.wikipedia.org/wiki/The_Proud_Princess,tt0191383,Q10801961,tmdb
42706,Frank and Jesse,https://en.wikipedia.org/wiki/Frank_and_Jesse,tt0109835,Q12122755,tmdb
41885,Headrush (film),https://en.wikipedia.org/wiki/Headrush_(film),tt0339111,Q12124725,tmdb
42549,Night Angel,https://en.wikipedia.org/wiki/Night_Angel,tt0100247,Q15104244,tmdb
42341,Suspect X,https://en.wikipedia.org/wiki/Suspect_X,tt1160629,Q16952006,tmdb
43074,Ghostbusters (2016 film),https://en.wikipedia.org/wiki/Ghostbusters_(2016_film),tt1289401,Q20120108,tmdb
45549,Shopping (1994 film),https://en.wikipedia.org/wiki/Shopping_(1994_film),tt0111173,Q250995,tmdb
43539,The Next Three Days,https://en.wikipedia.org/wiki/The_Next_Three_Days,tt1458175,Q263930,tmdb
45612,Source Code,https://en.wikipedia.org/wiki/Source_Code,tt0945513,Q266209,tmdb
44214,Black Swan (film),https://en.wikipedia.org/wiki/Black_Swan_(film),tt0947798,Q180214,tmdb
44826,Hugo (film),https://en.wikipedia.org/wiki/Hugo_(film),tt0970179,Q206576,tmdb
44896,Rango (2011 film),https://en.wikipedia.org/wiki/Rango_(2011_film),tt1192628,Q275432,tmdb
45317,The Fighter,https://en.wikipedia.org/wiki/The_Fighter,tt0964517,Q323472,tmdb
45132,Super (2010 American film),https://en.wikipedia.org/wiki/Super_(2010_American_film),tt1512235,Q122113,tmdb
45269,The King's Speech,https://en.wikipedia.org/wiki/The_King%27s_Speech,tt1504320,Q160060,tmdb
46429,Gallowwalkers,https://en.wikipedia.org/wiki/Gallowwalkers,tt0829176,Q5245636,tmdb
43813,GasHole,https://en.wikipedia.org/wiki/GasHole,tt1333998,Q5526451,tmdb
46407,Mixed Doubles (2006 film),https://en.wikipedia.org/wiki/Mixed_Doubles_(2006_film),tt0458017,Q6883901,tmdb
46883,Quiet City (film),https://en.wikipedia.org/wiki/Quiet_City_(film),tt0914382,Q7271855,tmdb
45554,Rebellion: The Killing Isle,https://en.wikipedia.org/wiki/Rebellion:_The_Killing_Isle,tt1037133,Q7302091,tmdb
46742,Red Hot (film),https://en.wikipedia.org/wiki/Red_Hot_(film),tt0114244,Q7304332,tmdb
46422,Rockford (film),https://en.wikipedia.org/wiki/Rockford_(film),tt0261243,Q7355232,tmdb
46858,Rosy Dreams,https://en.wikipedia.org/wiki/Rosy_Dreams,tt0167382,Q7370144,tmdb
45824,Smile (2005 film),https://en.wikipedia.org/wiki/Smile_(2005_film),tt0397103,Q7544584,tmdb
43755,Spivs (film),https://en.wikipedia.org/wiki/Spivs_(film),tt0352864,Q7578338,tmdb
46788,Trash Humpers,https://en.wikipedia.org/wiki/Trash_Humpers,tt1488163,Q7835723,tmdb
44046,Wicked (1998 film),https://en.wikipedia.org/wiki/Wicked_(1998_film),tt0120088,Q7998262,tmdb
43749,Wolf Girl (film),https://en.wikipedia.org/wiki/Wolf_Girl_(film),tt0265752,Q8029839,tmdb
45740,Bait (1954 film),https://en.wikipedia.org/wiki/Bait_(1954_film),tt0046743,Q17514604,tmdb
45959,Dark Relic,https://en.wikipedia.org/wiki/Dark_Relic,tt1471156,Q44491855,tmdb
43307,Mr. Skeffington,https://en.wikipedia.org/wiki/Mr._Skeffington,tt0037094,Q1169497,tmdb
47206,Raven's End,https://en.wikipedia.org/wiki/Raven%27s_End,tt0057237,Q1170128,tmdb
44098,Undercurrent (1946 film),https://en.wikipedia.org/wiki/Undercurrent_(1946_film),tt0039066,Q1199711,tmdb
43619,Leaving (2009 film),https://en.wikipedia.org/wiki/Leaving_(2009_film),tt1315962,Q1210944,tmdb
46738,Incendies,https://en.wikipedia.org/wiki/Incendies,tt1255953,Q1212650,tmdb
43947,I Spit on Your Grave (2010 film),https://en.wikipedia.org/wiki/I_Spit_on_Your_Grave_(2010_film),tt1242432,Q1655288,tmdb
45005,I mostri,https://en.wikipedia.org/wiki/I_mostri,tt0057323,Q1655330,tmdb
46837,Kaboom (film),https://en.wikipedia.org/wiki/Kaboom_(film),tt1523483,Q1720855,tmdb
44835,Hesher (film),https://en.wikipedia.org/wiki/Hesher_(film),tt1403177,Q1753824,tmdb
46838,Tucker & Dale vs. Evil,https://en.wikipedia.org/wiki/Tucker_%26_Dale_vs._Evil,tt1465522,Q1782738,tmdb
45756,Sint,https://en.wikipedia.org/wiki/Sint,tt1167675,Q1249561,tmdb
47327,Drive Angry,https://en.wikipedia.org/wiki/Drive_Angry,tt1502404,Q1259409,tmdb
43322,A Generation,https://en.wikipedia.org/wiki/A_Generation,tt0048500,Q1306396,tmdb
43949,Flipped (2010 film),https://en.wikipedia.org/wiki/Flipped_(2010_film),tt0817177,Q1343478,tmdb
43436,Little Women (1949 film),https://en.wikipedia.org/wiki/Little_Women_(1949_film),tt0041594,Q1466426,tmdb
44683,Tinker Bell and the Great Fairy Rescue,https://en.wikipedia.org/wiki/Tinker_Bell_and_the_Great_Fairy_Rescue,tt1216515,Q1507306,tmdb
44113,Stone (2010 film),https://en.wikipedia.org/wiki/Stone_(2010_film),tt1423995,Q1508501,tmdb
44588,Hellphone,https://en.wikipedia.org/wiki/Hellphone,tt0775480,Q1516428,tmdb
43510,Guadalcanal Diary (film),https://en.wikipedia.org/wiki/Guadalcanal_Diary_(film),tt0035957,Q1552582,tmdb
43939,I'm Still Here (2010 film),https://en.wikipedia.org/wiki/I%27m_Still_Here_(2010_film),tt1356864,Q1552765,tmdb
43889,Bonnie Scotland (film),https://en.wikipedia.org/wiki/Bonnie_Scotland_(film),tt0026126,Q1848876,tmdb
46025,Maléfique,https://en.wikipedia.org/wiki/Mal%C3%A9fique,tt0309832,Q1888074,tmdb
44419,The Over-the-Hill Band,https://en.wikipedia.org/wiki/The_Over-the-Hill_Band,tt1359586,Q1955514,tmdb
47070,Brenda Starr (1989 film),https://en.wikipedia.org/wiki/Brenda_Starr_(1989_film),tt0096978,Q1962858,tmdb
43887,Annie Oakley (1935 film),https://en.wikipedia.org/wiki/Annie_Oakley_(1935_film),tt0026073,Q1972788,tmdb
43397,Caught (1949 film),https://en.wikipedia.org/wiki/Caught_(1949_film),tt0040221,Q2162940,tmdb
45649,Rubber (2010 film),https://en.wikipedia.org/wiki/Rubber_(2010_film),tt1612774,Q2171533,tmdb
46667,Superdad,https://en.wikipedia.org/wiki/Superdad,tt0070716,Q2367448,tmdb
43833,Q Planes,https://en.wikipedia.org/wiki/Q_Planes,tt0031831,Q2406465,tmdb
44808,Sweepers (film),https://en.wikipedia.org/wiki/Sweepers_(film),tt0120851,Q2414513,tmdb
43390,Summer Stock,https://en.wikipedia.org/wiki/Summer_Stock,tt0043012,Q2471484,tmdb
44741,Malicious (1973 film),https://en.wikipedia.org/wiki/Malicious_(1973_film),tt0070358,Q2528167,tmdb
43625,Heidi (2005 live-action film),https://en.wikipedia.org/wiki/Heidi_(2005_live-action_film),tt0439197,Q2618588,tmdb
43605,Treasure Island (1934 film),https://en.wikipedia.org/wiki/Treasure_Island_(1934_film),tt0025907,Q2634066,tmdb
46342,Evilenko,https://en.wikipedia.org/wiki/Evilenko,tt0406754,Q2659421,tmdb
43546,Bathing Beauty,https://en.wikipedia.org/wiki/Bathing_Beauty,tt0036628,Q2698019,tmdb
43950,Amer (film),https://en.wikipedia.org/wiki/Amer_(film),tt1426352,Q2842784,tmdb
46865,Beeper (film),https://en.wikipedia.org/wiki/Beeper_(film),tt0252266,Q2893689,tmdb
46207,White Material,https://en.wikipedia.org/wiki/White_Material,tt1135952,Q3007676,tmdb
44381,Napoleon (1995 film),https://en.wikipedia.org/wiki/Napoleon_(1995_film),tt0113932,Q3018979,tmdb
44946,Knucklehead (2010 film),https://en.wikipedia.org/wiki/Knucklehead_(2010_film),tt1524131,Q3199977,tmdb
46580,Time Limit (film),https://en.wikipedia.org/wiki/Time_Limit_(film),tt0051083,Q3207385,tmdb
43351,Pony Express (film),https://en.wikipedia.org/wiki/Pony_Express_(film),tt0046198,Q3283680,tmdb
44961,Mumu (2010 film),https://en.wikipedia.org/wiki/Mumu_(2010_film),tt1587811,Q3327780,tmdb
43320,Napoléon (1955 film),https://en.wikipedia.org/wiki/Napol%C3%A9on_(1955_film),tt0048413,Q3335922,tmdb
47189,Capricious Summer,https://en.wikipedia.org/wiki/Capricious_Summer,tt0063527,Q3491788,tmdb
47302,Stardom,https://en.wikipedia.org/wiki/Stardom,tt0192949,Q3497106,tmdb
44414,Liebestraum (film),https://en.wikipedia.org/wiki/Liebestraum_(film),tt0102299,Q3538109,tmdb
45044,Vendredi soir,https://en.wikipedia.org/wiki/Vendredi_soir,tt0295743,Q3555451,tmdb
44549,Peepli Live,https://en.wikipedia.org/wiki/Peepli_Live,tt1447508,Q3627503,tmdb
45113,Bereft (film),https://en.wikipedia.org/wiki/Bereft_(film),tt0380215,Q3638486,tmdb
46930,Magnus (2007 film),https://en.wikipedia.org/wiki/Magnus_(2007_film),tt0979917,Q4274135,tmdb
45739,Tube Tales,https://en.wikipedia.org/wiki/Tube_Tales,tt0176250,Q4388171,tmdb
44136,Sahara (1995 film),https://en.wikipedia.org/wiki/Sahara_(1995_film),tt0114324,Q4409438,tmdb
46270,Blue Ice (film),https://en.wikipedia.org/wiki/Blue_Ice_(film),tt0103848,Q4420282,tmdb
43777,Azúcar Amarga,https://en.wikipedia.org/wiki/Az%C3%BAcar_Amarga,tt0115600,Q4833208,tmdb
45983,The Apple War,https://en.wikipedia.org/wiki/The_Apple_War,tt0068025,Q4993673,tmdb
44881,,,tt0285156,Q2411784,tmdb
46848,,,tt0228149,Q3682832,tmdb
46651,,,tt0884177,Q10364206,tmdb
45613,,,tt0061884,Q12031499,tmdb
47116,,,tt0176311,Q12779022,tmdb
46899,,,tt0486628,Q15270755,tmdb
46835,,,tt0126651,Q19516271,tmdb
45288,,,tt3354378,Q116163656,tmdb
44264,True Grit (2010 film),https://en.wikipedia.org/wiki/True_Grit_(2010_film),tt1403865,Q326114,tmdb
47215,Journey to the Sun,https://en.wikipedia.org/wiki/Journey_to_the_Sun,tt0188653,Q327852,tmdb
46636,Nanga Parbat (film),https://en.wikipedia.org/wiki/Nanga_Parbat_(film),tt1361349,Q329340,tmdb
44028,Suck (film),https://en.wikipedia.org/wiki/Suck_(film),tt1323605,Q447154,tmdb
44833,Battleship (film),https://en.wikipedia.org/wiki/Battleship_(film),tt1440129,Q474033,tmdb
45202,The Housemaid (2010 film),https://en.wikipedia.org/wiki/The_Housemaid_(2010_film),tt1314652,Q485782,tmdb
44326,Extremities (film),https://en.wikipedia.org/wiki/Extremities_(film),tt0091024,Q505525,tmdb
44655,Susana (film),https://en.wikipedia.org/wiki/Susana_(film),tt0043018,Q520650,tmdb
45595,Miral,https://en.wikipedia.org/wiki/Miral,tt1366409,Q540186,tmdb
46853,Maladolescenza,https://en.wikipedia.org/wiki/Maladolescenza,tt0076749,Q566406,tmdb
43469,Shoeshine (film),https://en.wikipedia.org/wiki/Shoeshine_(film),tt0038913,Q586310,tmdb
46146,Trollhunter,https://en.wikipedia.org/wiki/Trollhunter,tt1740707,Q633131,tmdb
44048,Unstoppable (2010 film),https://en.wikipedia.org/wiki/Unstoppable_(2010_film),tt0477080,Q644276,tmdb
46509,Girlfriend (2010 film),https://en.wikipedia.org/wiki/Girlfriend_(2010_film),tt1470859,Q648176,tmdb
46705,Blue Valentine (film),https://en.wikipedia.org/wiki/Blue_Valentine_(film),tt1120985,Q676047,tmdb
43347,Love & Other Drugs,https://en.wikipedia.org/wiki/Love_%26_Other_Drugs,tt0758752,Q733722,tmdb
43593,Piranha 3D,https://en.wikipedia.org/wiki/Piranha_3D,tt0464154,Q733995,tmdb
43634,Boys (1996 film),https://en.wikipedia.org/wiki/Boys_(1996_film),tt0115742,Q737723,tmdb
44251,Dragon Ball Z: Broly – Second Coming,https://en.wikipedia.org/wiki/Dragon_Ball_Z:_Broly_%E2%80%93_Second_Coming,tt0142239,Q746383,tmdb
44801,Real Men (film),https://en.wikipedia.org/wiki/Real_Men_(film),tt0093828,Q792256,tmdb
45873,Cannabis (film),https://en.wikipedia.org/wiki/Cannabis_(film),tt0064126,Q828566,tmdb
45411,La Brassiere,https://en.wikipedia.org/wiki/La_Brassiere,tt0306651,Q832344,tmdb
44943,Battle: Los Angeles,https://en.wikipedia.org/wiki/Battle:_Los_Angeles,tt1217613,Q868177,tmdb
45958,Biutiful,https://en.wikipedia.org/wiki/Biutiful,tt1164999,Q879174,tmdb
44363,Frozen (2010 American film),https://en.wikipedia.org/wiki/Frozen_(2010_American_film),tt1323045,Q887961,tmdb
44912,Green Lantern (film),https://en.wikipedia.org/wiki/Green_Lantern_(film),tt1133985,Q903885,tmdb
47211,"Deprisa, deprisa","https://en.wikipedia.org/wiki/Deprisa,_deprisa",tt0082259,Q922099,tmdb
45691,The Adventures of Picasso,https://en.wikipedia.org/wiki/The_Adventures_of_Picasso,tt0078084,Q1047872,tmdb
44729,One Piece: Baron Omatsuri and the Secret Island,https://en.wikipedia.org/wiki/One_Piece:_Baron_Omatsuri_and_the_Secret_Island,tt1018764,Q1048742,tmdb
47218,Happythankyoumoreplease,https://en.wikipedia.org/wiki/Happythankyoumoreplease,tt1481572,Q1050720,tmdb
47260,Caught (1996 film),https://en.wikipedia.org/wiki/Caught_(1996_film),tt0115847,Q1051525,tmdb
44728,One Piece: The Cursed Holy Sword,https://en.wikipedia.org/wiki/One_Piece:_The_Cursed_Holy_Sword,tt1010435,Q1134641,tmdb
50620,The Twilight Saga: Breaking Dawn – Part 2,https://en.wikipedia.org/wiki/The_Twilight_Saga:_Breaking_Dawn_%E2%80%93_Part_2,tt1673434,Q60487,tmdb
50619,The Twilight Saga: Breaking Dawn – Part 1,https://en.wikipedia.org/wiki/The_Twilight_Saga:_Breaking_Dawn_%E2%80%93_Part_1,tt1324999,Q60506,tmdb
47964,A Good Day to Die Hard,https://en.wikipedia.org/wiki/A_Good_Day_to_Die_Hard,tt1606378,Q72276,tmdb
50723,Naruto Shippuden the Movie: The Lost Tower,https://en.wikipedia.org/wiki/Naruto_Shippuden_the_Movie:_The_Lost_Tower,tt1703048,Q75682,tmdb
49051,The Hobbit: An Unexpected Journey,https://en.wikipedia.org/wiki/The_Hobbit:_An_Unexpected_Journey,tt0903624,Q80379,tmdb
48138,Unknown (2011 film),https://en.wikipedia.org/wiki/Unknown_(2011_film),tt1401152,Q158759,tmdb
50456,Hanna (film),https://en.wikipedia.org/wiki/Hanna_(film),tt0993842,Q170268,tmdb
50512,Anna Karenina (1997 film),https://en.wikipedia.org/wiki/Anna_Karenina_(1997_film),tt0118623,Q84147,tmdb
49018,Insidious (film),https://en.wikipedia.org/wiki/Insidious_(film),tt1591095,Q122713,tmdb
49026,The Dark Knight Rises,https://en.wikipedia.org/wiki/The_Dark_Knight_Rises,tt1345836,Q189330,tmdb
50014,The Help (film),https://en.wikipedia.org/wiki/The_Help_(film),tt1454029,Q204374,tmdb
49347,Needle (2010 film),https://en.wikipedia.org/wiki/Needle_(2010_film),tt1545315,Q6986572,tmdb
48161,Nokas (film),https://en.wikipedia.org/wiki/Nokas_(film),tt1337366,Q7047834,tmdb
50736,Rag Doll (film),https://en.wikipedia.org/wiki/Rag_Doll_(film),tt0250682,Q7282772,tmdb
49375,Rough Cut (1980 film),https://en.wikipedia.org/wiki/Rough_Cut_(1980_film),tt0081439,Q7370809,tmdb
50241,Saving Shiloh,https://en.wikipedia.org/wiki/Saving_Shiloh,tt0472175,Q7428297,tmdb
50123,Skins (2002 film),https://en.wikipedia.org/wiki/Skins_(2002_film),tt0284494,Q7535601,tmdb
50727,The Servant (2010 film),https://en.wikipedia.org/wiki/The_Servant_(2010_film),tt1905059,Q7763384,tmdb
49248,Truckers (1992 TV series),https://en.wikipedia.org/wiki/Truckers_(1992_TV_series),tt0105646,Q7847209,tmdb
48244,Xcuse Me,https://en.wikipedia.org/wiki/Xcuse_Me,tt0383719,Q8043400,tmdb
47816,3 Strikes (film),https://en.wikipedia.org/wiki/3_Strikes_(film),tt0199290,Q12100134,tmdb
48892,Marilyn (1953 film),https://en.wikipedia.org/wiki/Marilyn_(1953_film),tt0046045,Q14953804,tmdb
49958,Primal (2010 film),https://en.wikipedia.org/wiki/Primal_(2010_film),tt1438534,Q16671006,tmdb
47933,Independence Day: Resurgence,https://en.wikipedia.org/wiki/Independence_Day:_Resurgence,tt1628841,Q19614711,tmdb
51739,Arrietty,https://en.wikipedia.org/wiki/Arrietty,tt1568921,Q699835,tmdb
49671,Paragraph 175 (film),https://en.wikipedia.org/wiki/Paragraph_175_(film),tt0236576,Q701939,tmdb
51052,Arthur Christmas,https://en.wikipedia.org/wiki/Arthur_Christmas,tt1430607,Q711918,tmdb
49520,The Change-Up,https://en.wikipedia.org/wiki/The_Change-Up,tt1488555,Q1574364,tmdb
50647,Wanderlust (2012 film),https://en.wikipedia.org/wiki/Wanderlust_(2012_film),tt1655460,Q1708537,tmdb
49133,Lamerica,https://en.wikipedia.org/wiki/Lamerica,tt0110299,Q1738422,tmdb
47916,Rojo Amanecer,https://en.wikipedia.org/wiki/Rojo_Amanecer,tt0098214,Q1756687,tmdb
50021,Cornelis (film),https://en.wikipedia.org/wiki/Cornelis_(film),tt1609790,Q1758987,tmdb
50033,Savage Sam (film),https://en.wikipedia.org/wiki/Savage_Sam_(film),tt0057473,Q1762249,tmdb
51986,Tangled (2001 film),https://en.wikipedia.org/wiki/Tangled_(2001_film),tt0238137,Q1129506,tmdb
51447,Potiche,https://en.wikipedia.org/wiki/Potiche,tt1521848,Q1170292,tmdb
50698,Grave Encounters,https://en.wikipedia.org/wiki/Grave_Encounters,tt1703199,Q1189580,tmdb
47890,Sphinx (film),https://en.wikipedia.org/wiki/Sphinx_(film),tt0083113,Q1193450,tmdb
48311,Parasite (1982 film),https://en.wikipedia.org/wiki/Parasite_(1982_film),tt0084472,Q1194793,tmdb
48650,Room in Rome,https://en.wikipedia.org/wiki/Room_in_Rome,tt1263750,Q1306557,tmdb
49021,Killer Elite (film),https://en.wikipedia.org/wiki/Killer_Elite_(film),tt1448755,Q1320416,tmdb
49813,Sue (film),https://en.wikipedia.org/wiki/Sue_(film),tt0125522,Q1351935,tmdb
51588,Prom (film),https://en.wikipedia.org/wiki/Prom_(film),tt1604171,Q1369031,tmdb
50197,Serafino (film),https://en.wikipedia.org/wiki/Serafino_(film),tt0063583,Q1399876,tmdb
47808,Sahara (1983 film),https://en.wikipedia.org/wiki/Sahara_(1983_film),tt0086232,Q1573413,tmdb
49849,Cowboys & Aliens,https://en.wikipedia.org/wiki/Cowboys_%26_Aliens,tt0409847,Q725578,tmdb
50546,Just Go with It,https://en.wikipedia.org/wiki/Just_Go_with_It,tt1564367,Q747496,tmdb
51876,Limitless (film),https://en.wikipedia.org/wiki/Limitless_(film),tt1219289,Q753517,tmdb
50359,Hop (film),https://en.wikipedia.org/wiki/Hop_(film),tt1411704,Q753605,tmdb
51215,The Breed (2001 film),https://en.wikipedia.org/wiki/The_Breed_(2001_film),tt0265104,Q772036,tmdb
49730,Red Riding Hood (2011 film),https://en.wikipedia.org/wiki/Red_Riding_Hood_(2011_film),tt1486185,Q815608,tmdb
49212,Dèmoni 3,https://en.wikipedia.org/wiki/D%C3%A8moni_3,tt0101467,Q833284,tmdb
50780,The Beaver (film),https://en.wikipedia.org/wiki/The_Beaver_(film),tt1321860,Q847940,tmdb
51540,Horrible Bosses,https://en.wikipedia.org/wiki/Horrible_Bosses,tt1499658,Q908556,tmdb
51162,Winnie the Pooh (2011 film),https://en.wikipedia.org/wiki/Winnie_the_Pooh_(2011_film),tt1449283,Q922193,tmdb
48196,A Very Private Affair,https://en.wikipedia.org/wiki/A_Very_Private_Affair,tt0055599,Q946335,tmdb
47737,Gold (1974 film),https://en.wikipedia.org/wiki/Gold_(1974_film),tt0071566,Q966003,tmdb
51044,Carmen Jones (film),https://en.wikipedia.org/wiki/Carmen_Jones_(film),tt0046828,Q1043659,tmdb
49696,Monday Morning (2002 film),https://en.wikipedia.org/wiki/Monday_Morning_(2002_film),tt0284277,Q1805487,tmdb
50035,Lovely & Amazing,https://en.wikipedia.org/wiki/Lovely_%26_Amazing,tt0258273,Q1872476,tmdb
47620,Poison (1991 film),https://en.wikipedia.org/wiki/Poison_(1991_film),tt0102687,Q1962503,tmdb
47488,Hellbent (film),https://en.wikipedia.org/wiki/Hellbent_(film),tt0356159,Q1991490,tmdb
51912,The Overtaxed,https://en.wikipedia.org/wiki/The_Overtaxed,tt0053333,Q2250429,tmdb
51571,Sister Kenny,https://en.wikipedia.org/wiki/Sister_Kenny,tt0038948,Q2415401,tmdb
47749,Hangmen (film),https://en.wikipedia.org/wiki/Hangmen_(film),tt0093142,Q2421846,tmdb
50791,Austerlitz (1960 film),https://en.wikipedia.org/wiki/Austerlitz_(1960_film),tt0053638,Q2567849,tmdb
49047,Gravity (2013 film),https://en.wikipedia.org/wiki/Gravity_(2013_film),tt1454468,Q2579784,tmdb
48466,Scared Shrekless,https://en.wikipedia.org/wiki/Scared_Shrekless,tt1725156,Q2659351,tmdb
47697,Othello (1951 film),https://en.wikipedia.org/wiki/Othello_(1951_film),tt0045251,Q2704454,tmdb
51463,Cage (film),https://en.wikipedia.org/wiki/Cage_(film),tt0097003,Q2933040,tmdb
47352,Mr. Lucky (film),https://en.wikipedia.org/wiki/Mr._Lucky_(film),tt0036174,Q2943978,tmdb
49110,'R Xmas,https://en.wikipedia.org/wiki/%27R_Xmas,tt0217978,Q2966024,tmdb
48601,Clément (film),https://en.wikipedia.org/wiki/Cl%C3%A9ment_(film),tt0284970,Q2980568,tmdb
49524,R.I.P.D.,https://en.wikipedia.org/wiki/R.I.P.D.,tt0790736,Q3012553,tmdb
51426,Battle Cry (film),https://en.wikipedia.org/wiki/Battle_Cry_(film),tt0047860,Q3107357,tmdb
51384,"Lovely, Still","https://en.wikipedia.org/wiki/Lovely,_Still",tt1150947,Q3264292,tmdb
51036,Madhouse (1990 film),https://en.wikipedia.org/wiki/Madhouse_(1990_film),tt0100087,Q3283827,tmdb
49691,Mortal Transfer,https://en.wikipedia.org/wiki/Mortal_Transfer,tt0239670,Q3324555,tmdb
48895,To Catch a Virgin Ghost,https://en.wikipedia.org/wiki/To_Catch_a_Virgin_Ghost,tt0420183,Q3485321,tmdb
48935,Viuuulentemente mia,https://en.wikipedia.org/wiki/Viuuulentemente_mia,tt0188277,Q3561387,tmdb
47356,Omicron (film),https://en.wikipedia.org/wiki/Omicron_(film),tt0191326,Q3882225,tmdb
50758,Swindle (1977 film),https://en.wikipedia.org/wiki/Swindle_(1977_film),tt0076754,Q3967351,tmdb
47386,YellowBrickRoad,https://en.wikipedia.org/wiki/YellowBrickRoad,tt1398428,Q4022660,tmdb
48315,Time Runner,https://en.wikipedia.org/wiki/Time_Runner,tt0108342,Q4080573,tmdb
51993,Terri (film),https://en.wikipedia.org/wiki/Terri_(film),tt1687281,Q4456167,tmdb
48391,Jism (2003 film),https://en.wikipedia.org/wiki/Jism_(2003_film),tt0348843,Q4468079,tmdb
49679,Action Replayy,https://en.wikipedia.org/wiki/Action_Replayy,tt1396208,Q4677152,tmdb
47819,Americathon,https://en.wikipedia.org/wiki/Americathon,tt0078766,Q4745667,tmdb
49913,Bolivia (film),https://en.wikipedia.org/wiki/Bolivia_(film),tt0301050,Q4939509,tmdb
50473,Flypaper (1998 film),https://en.wikipedia.org/wiki/Flypaper_(1998_film),tt0132165,Q5463661,tmdb
51776,,,tt0256858,Q185999,tmdb
49129,,,tt0135804,Q2414765,tmdb
49886,,,tt0371342,Q3223005,tmdb
47645,,,tt0410006,Q9266683,tmdb
51827,,,tt0400199,Q10424040,tmdb
50714,,,tt1071203,Q11795844,tmdb
49469,,,tt0250389,Q50781528,tmdb
48468,,,tt0861747,Q110103697,tmdb
50388,,,tt1690483,Q112132987,tmdb
51828,One Day (2011 film),https://en.wikipedia.org/wiki/One_Day_(2011_film),tt1563738,Q232161,tmdb
49529,John Carter (film),https://en.wikipedia.org/wiki/John_Carter_(film),tt0401729,Q235347,tmdb
49020,Submarine (2010 film),https://en.wikipedia.org/wiki/Submarine_(2010_film),tt1440292,Q260509,tmdb
49049,Dredd,https://en.wikipedia.org/wiki/Dredd,tt1343727,Q276772,tmdb
50348,The Lincoln Lawyer (film),https://en.wikipedia.org/wiki/The_Lincoln_Lawyer_(film),tt1189340,Q287748,tmdb
48133,Aventure Malgache,https://en.wikipedia.org/wiki/Aventure_Malgache,tt0036621,Q399219,tmdb
48145,The Devil's Eye,https://en.wikipedia.org/wiki/The_Devil%27s_Eye,tt0053772,Q428617,tmdb
50536,Twenty Bucks,https://en.wikipedia.org/wiki/Twenty_Bucks,tt0108410,Q467101,tmdb
48636,Nekromantik 2,https://en.wikipedia.org/wiki/Nekromantik_2,tt0102522,Q474425,tmdb
50435,Bilitis (film),https://en.wikipedia.org/wiki/Bilitis_(film),tt0075753,Q475763,tmdb
51608,The Man from Nowhere (2010 film),https://en.wikipedia.org/wiki/The_Man_from_Nowhere_(2010_film),tt1527788,Q485709,tmdb
49444,Kung Fu Panda 2,https://en.wikipedia.org/wiki/Kung_Fu_Panda_2,tt1302011,Q487447,tmdb
47336,Clementine (2004 film),https://en.wikipedia.org/wiki/Clementine_(2004_film),tt0406661,Q487889,tmdb
49040,The Bourne Legacy (film),https://en.wikipedia.org/wiki/The_Bourne_Legacy_(film),tt1194173,Q494048,tmdb
49519,The Croods,https://en.wikipedia.org/wiki/The_Croods,tt0481499,Q495850,tmdb
50646,"Crazy, Stupid, Love","https://en.wikipedia.org/wiki/Crazy,_Stupid,_Love",tt1570728,Q519490,tmdb
48340,Sanctum (film),https://en.wikipedia.org/wiki/Sanctum_(film),tt0881320,Q580351,tmdb
49139,Bizalom,https://en.wikipedia.org/wiki/Bizalom,tt0078868,Q601511,tmdb
49521,Man of Steel (film),https://en.wikipedia.org/wiki/Man_of_Steel_(film),tt0770828,Q622769,tmdb
50839,Margin Call,https://en.wikipedia.org/wiki/Margin_Call,tt1615147,Q624614,tmdb
50544,Friends with Benefits (film),https://en.wikipedia.org/wiki/Friends_with_Benefits_(film),tt1632708,Q629596,tmdb
51620,Death Race 2,https://en.wikipedia.org/wiki/Death_Race_2,tt1500491,Q670551,tmdb
49517,Tinker Tailor Soldier Spy (film),https://en.wikipedia.org/wiki/Tinker_Tailor_Soldier_Spy_(film),tt1340800,Q681962,tmdb
47971,XXX: Return of Xander Cage,https://en.wikipedia.org/wiki/XXX:_Return_of_Xander_Cage,tt1293847,Q22075020,tmdb
49046,All Quiet on the Western Front (2022 film),https://en.wikipedia.org/wiki/All_Quiet_on_the_Western_Front_(2022_film),tt1016150,Q108837349,tmdb
52941,"I, Monster","https://en.wikipedia.org/wiki/I,_Monster",tt0068727,Q126257,tmdb
54138,Star Trek Into Darkness,https://en.wikipedia.org/wiki/Star_Trek_Into_Darkness,tt1408101,Q171711,tmdb
57212,War Horse (film),https://en.wikipedia.org/wiki/War_Horse_(film),tt1568911,Q218589,tmdb
54994,Teenage Paparazzo,https://en.wikipedia.org/wiki/Teenage_Paparazzo,tt1232206,Q7694451,tmdb
54579,The Shock Labyrinth,https://en.wikipedia.org/wiki/The_Shock_Labyrinth,tt1414581,Q7763880,tmdb
54133,Madhouse (1981 film),https://en.wikipedia.org/wiki/Madhouse_(1981_film),tt0093468,Q7782781,tmdb
51996,Thin Ice (2011 film),https://en.wikipedia.org/wiki/Thin_Ice_(2011_film),tt1512240,Q7784260,tmdb
57210,Angels Sing,https://en.wikipedia.org/wiki/Angels_Sing,tt1833888,Q7992421,tmdb
52853,Rio Rita (1942 film),https://en.wikipedia.org/wiki/Rio_Rita_(1942_film),tt0035259,Q25005,tmdb
57800,Ice Age: Continental Drift,https://en.wikipedia.org/wiki/Ice_Age:_Continental_Drift,tt1667889,Q35951,tmdb
57214,Project X (2012 film),https://en.wikipedia.org/wiki/Project_X_(2012_film),tt1636826,Q249215,tmdb
57106,Korkoro,https://en.wikipedia.org/wiki/Korkoro,tt1495823,Q252084,tmdb
58151,Fright Night (2011 film),https://en.wikipedia.org/wiki/Fright_Night_(2011_film),tt1438176,Q268824,tmdb
57165,Wrath of the Titans,https://en.wikipedia.org/wiki/Wrath_of_the_Titans,tt1646987,Q226773,tmdb
58574,Sherlock Holmes: A Game of Shadows,https://en.wikipedia.org/wiki/Sherlock_Holmes:_A_Game_of_Shadows,tt1515091,Q243643,tmdb
55720,A Better Life (film),https://en.wikipedia.org/wiki/A_Better_Life_(film),tt1554091,Q300330,tmdb
55301,Alvin and the Chipmunks: Chipwrecked,https://en.wikipedia.org/wiki/Alvin_and_the_Chipmunks:_Chipwrecked,tt1615918,Q303678,tmdb
52451,The Three Musketeers (2011 film),https://en.wikipedia.org/wiki/The_Three_Musketeers_(2011_film),tt1509767,Q309248,tmdb
55059,Happy Together (1989 American film),https://en.wikipedia.org/wiki/Happy_Together_(1989_American_film),tt0097478,Q1988803,tmdb
55504,Go Figure (film),https://en.wikipedia.org/wiki/Go_Figure_(film),tt0447987,Q2005934,tmdb
55784,Grizzly (film),https://en.wikipedia.org/wiki/Grizzly_(film),tt0074593,Q2019449,tmdb
56152,Brigham Young (film),https://en.wikipedia.org/wiki/Brigham_Young_(film),tt0032281,Q2067275,tmdb
53864,Evelyn Prentice,https://en.wikipedia.org/wiki/Evelyn_Prentice,tt0025091,Q2248917,tmdb
55534,Dreamkeeper,https://en.wikipedia.org/wiki/Dreamkeeper,tt0309150,Q2273970,tmdb
57876,Area 51 (film),https://en.wikipedia.org/wiki/Area_51_(film),tt1519461,Q2339789,tmdb
52237,Quality Street (1937 film),https://en.wikipedia.org/wiki/Quality_Street_(1937_film),tt0029454,Q2395028,tmdb
58396,Joy (2010 film),https://en.wikipedia.org/wiki/Joy_(2010_film),tt1465490,Q2496703,tmdb
57251,Tickets (film),https://en.wikipedia.org/wiki/Tickets_(film),tt0418239,Q2574139,tmdb
56906,Husk (film),https://en.wikipedia.org/wiki/Husk_(film),tt1504403,Q2597321,tmdb
55502,Pelicanman,https://en.wikipedia.org/wiki/Pelicanman,tt0372461,Q2691714,tmdb
55372,Va savoir,https://en.wikipedia.org/wiki/Va_savoir,tt0242994,Q2943857,tmdb
54075,Choose (film),https://en.wikipedia.org/wiki/Choose_(film),tt1325723,Q2964452,tmdb
55546,Dude Duck,https://en.wikipedia.org/wiki/Dude_Duck,tt0043486,Q3040889,tmdb
54669,Tears of April,https://en.wikipedia.org/wiki/Tears_of_April,tt0920461,Q3048795,tmdb
55015,Home Room (2002 film),https://en.wikipedia.org/wiki/Home_Room_(2002_film),tt0264689,Q3105932,tmdb
56340,Il vedovo,https://en.wikipedia.org/wiki/Il_vedovo,tt0131097,Q3148555,tmdb
55316,Pasha (film),https://en.wikipedia.org/wiki/Pasha_(film),tt0062092,Q3225109,tmdb
52238,The Gang That Sold America,https://en.wikipedia.org/wiki/The_Gang_That_Sold_America,tt0079943,Q3277251,tmdb
55341,Jeepers Creepers 3,https://en.wikipedia.org/wiki/Jeepers_Creepers_3,tt1139592,Q3280057,tmdb
53782,Monsieur Beaucaire (1924 film),https://en.wikipedia.org/wiki/Monsieur_Beaucaire_(1924_film),tt0015145,Q3321355,tmdb
53186,Morgiana (film),https://en.wikipedia.org/wiki/Morgiana_(film),tt0124012,Q3324046,tmdb
58646,Opa!,https://en.wikipedia.org/wiki/Opa!,tt0460892,Q3353026,tmdb
57186,Skinning (film),https://en.wikipedia.org/wiki/Skinning_(film),tt1129437,Q3448031,tmdb
56913,Sacrifice (2011 film),https://en.wikipedia.org/wiki/Sacrifice_(2011_film),tt1630564,Q3461010,tmdb
54587,Superfire (film),https://en.wikipedia.org/wiki/Superfire_(film),tt0303110,Q3504627,tmdb
55631,Libido (1965 film),https://en.wikipedia.org/wiki/Libido_(1965_film),tt0061906,Q3831764,tmdb
52408,Tomie: Re-birth,https://en.wikipedia.org/wiki/Tomie:_Re-birth,tt0348225,Q3992657,tmdb
52477,Alien Cargo,https://en.wikipedia.org/wiki/Alien_Cargo,tt0184197,Q4201279,tmdb
57085,Artifacts (film),https://en.wikipedia.org/wiki/Artifacts_(film),tt1219820,Q4801011,tmdb
52545,Arvingen,https://en.wikipedia.org/wiki/Arvingen,tt0124986,Q4802517,tmdb
55382,Bayside Shakedown (film),https://en.wikipedia.org/wiki/Bayside_Shakedown_(film),tt0210199,Q4874843,tmdb
55248,Behemoth (2011 film),https://en.wikipedia.org/wiki/Behemoth_(2011_film),tt1566486,Q4880761,tmdb
57621,Billie (1965 film),https://en.wikipedia.org/wiki/Billie_(1965_film),tt0058972,Q4911833,tmdb
55036,Dealers (film),https://en.wikipedia.org/wiki/Dealers_(film),tt0097172,Q5245909,tmdb
53358,FUBAR 2,https://en.wikipedia.org/wiki/FUBAR_2,tt1555747,Q5427260,tmdb
54417,Hennessy (film),https://en.wikipedia.org/wiki/Hennessy_(film),tt0073103,Q5714880,tmdb
58448,Knockout (2011 film),https://en.wikipedia.org/wiki/Knockout_(2011_film),tt1691453,Q6422913,tmdb
55864,Merry Andrew (film),https://en.wikipedia.org/wiki/Merry_Andrew_(film),tt0051924,Q6820402,tmdb
53765,Mr. Jealousy,https://en.wikipedia.org/wiki/Mr._Jealousy,tt0119717,Q6928780,tmdb
55728,Plain Clothes (1988 film),https://en.wikipedia.org/wiki/Plain_Clothes_(1988_film),tt0095875,Q7200607,tmdb
52444,Seducing Mr. Perfect,https://en.wikipedia.org/wiki/Seducing_Mr._Perfect,tt0928154,Q7445397,tmdb
56412,Skinwalkers (2002 film),https://en.wikipedia.org/wiki/Skinwalkers_(2002_film),tt0312278,Q7535623,tmdb
54007,Star Kid,https://en.wikipedia.org/wiki/Star_Kid,tt0120478,Q7600766,tmdb
54398,Strigoi (film),https://en.wikipedia.org/wiki/Strigoi_(film),tt1117636,Q7623740,tmdb
57903,Sundo (2009 film),https://en.wikipedia.org/wiki/Sundo_(2009_film),tt1274650,Q7639792,tmdb
55224,,,tt1266601,Q828244,tmdb
53977,,,tt0264606,Q2371894,tmdb
52225,,,tt1641400,Q2404247,tmdb
53389,,,tt1135083,Q2410168,tmdb
52215,,,tt0117324,Q2804182,tmdb
54551,,,tt1814643,Q2881864,tmdb
54553,,,tt1830633,Q3139613,tmdb
52373,,,tt1369674,Q12492963,tmdb
55346,,,tt1125875,Q17615921,tmdb
54612,,,tt1209361,Q17639610,tmdb
54476,,,tt0116294,Q30751145,tmdb
56301,,,tt0128059,Q55171197,tmdb
53064,,,tt0930902,Q105096519,tmdb
54933,A Map of the World (film),https://en.wikipedia.org/wiki/A_Map_of_the_World_(film),tt0160513,Q320417,tmdb
55931,The Animatrix,https://en.wikipedia.org/wiki/The_Animatrix,tt0328832,Q335340,tmdb
55584,Asphalt (1929 film),https://en.wikipedia.org/wiki/Asphalt_(1929_film),tt0019655,Q386620,tmdb
53182,300: Rise of an Empire,https://en.wikipedia.org/wiki/300:_Rise_of_an_Empire,tt1253863,Q400332,tmdb
54989,Love Strange Love,https://en.wikipedia.org/wiki/Love_Strange_Love,tt0083552,Q474006,tmdb
57201,The Lone Ranger (2013 film),https://en.wikipedia.org/wiki/The_Lone_Ranger_(2013_film),tt1210819,Q548919,tmdb
58595,Snow White and the Huntsman,https://en.wikipedia.org/wiki/Snow_White_and_the_Huntsman,tt1735898,Q624603,tmdb
52629,El Infierno (2010 film),https://en.wikipedia.org/wiki/El_Infierno_(2010_film),tt1692190,Q624974,tmdb
56292,Mission: Impossible – Ghost Protocol,https://en.wikipedia.org/wiki/Mission:_Impossible_%E2%80%93_Ghost_Protocol,tt1229238,Q628154,tmdb
54000,Fedora (1978 film),https://en.wikipedia.org/wiki/Fedora_(1978_film),tt0077539,Q656910,tmdb
55779,Final Destination 5,https://en.wikipedia.org/wiki/Final_Destination_5,tt1622979,Q661847,tmdb
54390,Passionada,https://en.wikipedia.org/wiki/Passionada,tt0285879,Q679034,tmdb
52520,Underworld: Awakening,https://en.wikipedia.org/wiki/Underworld:_Awakening,tt1496025,Q680989,tmdb
52036,The Company (film),https://en.wikipedia.org/wiki/The_Company_(film),tt0335013,Q681815,tmdb
58224,Mr. Popper's Penguins (film),https://en.wikipedia.org/wiki/Mr._Popper%27s_Penguins_(film),tt1396218,Q682549,tmdb
57158,The Hobbit: The Desolation of Smaug,https://en.wikipedia.org/wiki/The_Hobbit:_The_Desolation_of_Smaug,tt1170358,Q719915,tmdb
56821,Lassiter (film),https://en.wikipedia.org/wiki/Lassiter_(film),tt0087589,Q768192,tmdb
52449,Bad Teacher,https://en.wikipedia.org/wiki/Bad_Teacher,tt1284575,Q798797,tmdb
55721,Bridesmaids (2011 film),https://en.wikipedia.org/wiki/Bridesmaids_(2011_film),tt1478338,Q837264,tmdb
55846,Blitz (2011 film),https://en.wikipedia.org/wiki/Blitz_(2011_film),tt1297919,Q884473,tmdb
52886,Castaway (film),https://en.wikipedia.org/wiki/Castaway_(film),tt0092732,Q912936,tmdb
58233,Johnny English Reborn,https://en.wikipedia.org/wiki/Johnny_English_Reborn,tt1634122,Q967478,tmdb
52710,Détective,https://en.wikipedia.org/wiki/D%C3%A9tective,tt0089066,Q979231,tmdb
58531,Saimir (film),https://en.wikipedia.org/wiki/Saimir_(film),tt0415006,Q1060047,tmdb
57734,Orange (2010 film),https://en.wikipedia.org/wiki/Orange_(2010_film),tt1533748,Q1134648,tmdb
53423,Shoulder Arms,https://en.wikipedia.org/wiki/Shoulder_Arms,tt0009611,Q1140317,tmdb
57825,Bride and Prejudice,https://en.wikipedia.org/wiki/Bride_and_Prejudice,tt0361411,Q1354148,tmdb
58549,Slander (1957 film),https://en.wikipedia.org/wiki/Slander_(1957_film),tt0049767,Q1419047,tmdb
57521,Black Bread,https://en.wikipedia.org/wiki/Black_Bread,tt1454523,Q1510064,tmdb
58251,Daddy Longlegs (2009 film),https://en.wikipedia.org/wiki/Daddy_Longlegs_(2009_film),tt1426362,Q1522546,tmdb
54028,The Clock (1945 film),https://en.wikipedia.org/wiki/The_Clock_(1945_film),tt0037604,Q1650124,tmdb
54660,Paternity (film),https://en.wikipedia.org/wiki/Paternity_(film),tt0082886,Q1656234,tmdb
54953,The Professor (1986 film),https://en.wikipedia.org/wiki/The_Professor_(1986_film),tt0088879,Q1858188,tmdb
56705,Crawlspace (1986 film),https://en.wikipedia.org/wiki/Crawlspace_(1986_film),tt0090881,Q1962082,tmdb
57059,Loft (2010 film),https://en.wikipedia.org/wiki/Loft_(2010_film),tt1606789,Q1963065,tmdb
53031,Living Free,https://en.wikipedia.org/wiki/Living_Free,tt0068866,Q12125783,tmdb
53617,Pajama Party (film),https://en.wikipedia.org/wiki/Pajama_Party_(film),tt0058440,Q12126853,tmdb
58302,Dus,https://en.wikipedia.org/wiki/Dus,tt0415768,Q13564796,tmdb
55684,Sweatshop (film),https://en.wikipedia.org/wiki/Sweatshop_(film),tt1160374,Q16952103,tmdb
58431,Pride and Prejudice and Zombies (film),https://en.wikipedia.org/wiki/Pride_and_Prejudice_and_Zombies_(film),tt1374989,Q18154994,tmdb
62177,Brave (2012 film),https://en.wikipedia.org/wiki/Brave_(2012_film),tt1217209,Q126796,tmdb
59965,Abduction (2011 film),https://en.wikipedia.org/wiki/Abduction_(2011_film),tt1600195,Q143716,tmdb
64688,21 Jump Street (film),https://en.wikipedia.org/wiki/21_Jump_Street_(film),tt1232829,Q214014,tmdb
60308,Moneyball (film),https://en.wikipedia.org/wiki/Moneyball_(film),tt1210166,Q221820,tmdb
62215,Melancholia (2011 film),https://en.wikipedia.org/wiki/Melancholia_(2011_film),tt1527186,Q165699,tmdb
59940,Zebra Lounge,https://en.wikipedia.org/wiki/Zebra_Lounge,tt0271884,Q169408,tmdb
59436,Midnight in Paris,https://en.wikipedia.org/wiki/Midnight_in_Paris,tt1605783,Q206124,tmdb
63376,Mr. Perfect (film),https://en.wikipedia.org/wiki/Mr._Perfect_(film),tt1852036,Q6929084,tmdb
62201,Shahenshah (1988 film),https://en.wikipedia.org/wiki/Shahenshah_(1988_film),tt0093949,Q7461598,tmdb
61410,Spud (film),https://en.wikipedia.org/wiki/Spud_(film),tt1059969,Q7581472,tmdb
59967,Looper (film),https://en.wikipedia.org/wiki/Looper_(film),tt1276104,Q53719,tmdb
61012,Silent Hill: Revelation,https://en.wikipedia.org/wiki/Silent_Hill:_Revelation,tt0938330,Q64017,tmdb
58912,Swing (2003 film),https://en.wikipedia.org/wiki/Swing_(2003_film),tt0358722,Q7658508,tmdb
60366,ThanksKilling,https://en.wikipedia.org/wiki/ThanksKilling,tt1129441,Q7710596,tmdb
60540,Sushi Girl,https://en.wikipedia.org/wiki/Sushi_Girl,tt1606339,Q15027385,tmdb
59744,Grotesque (1988 film),https://en.wikipedia.org/wiki/Grotesque_(1988_film),tt0095256,Q15040749,tmdb
59258,Dhokha,https://en.wikipedia.org/wiki/Dhokha,tt1090650,Q16248011,tmdb
63945,Bliss (1997 film),https://en.wikipedia.org/wiki/Bliss_(1997_film),tt0118742,Q23016667,tmdb
58906,Alien Avengers,https://en.wikipedia.org/wiki/Alien_Avengers,tt0115503,Q29906240,tmdb
61566,Blonde Alibi,https://en.wikipedia.org/wiki/Blonde_Alibi,tt0038364,Q42049493,tmdb
65086,The Woman in Black (2012 film),https://en.wikipedia.org/wiki/The_Woman_in_Black_(2012_film),tt1596365,Q841274,tmdb
62835,Colombiana,https://en.wikipedia.org/wiki/Colombiana,tt1657507,Q868329,tmdb
62132,Blood Diner,https://en.wikipedia.org/wiki/Blood_Diner,tt0092669,Q885106,tmdb
64682,The Great Gatsby (2013 film),https://en.wikipedia.org/wiki/The_Great_Gatsby_(2013_film),tt1343092,Q892735,tmdb
60935,The Thing (2011 film),https://en.wikipedia.org/wiki/The_Thing_(2011_film),tt0905372,Q909749,tmdb
64685,Extremely Loud & Incredibly Close (film),https://en.wikipedia.org/wiki/Extremely_Loud_%26_Incredibly_Close_(film),tt0477302,Q918769,tmdb
59075,Snow White (1987 film),https://en.wikipedia.org/wiki/Snow_White_(1987_film),tt0093999,Q739210,tmdb
62676,Limbo (1999 film),https://en.wikipedia.org/wiki/Limbo_(1999_film),tt0164085,Q739509,tmdb
63334,Sexual Life,https://en.wikipedia.org/wiki/Sexual_Life,tt0376874,Q780009,tmdb
62029,Bingo Bongo,https://en.wikipedia.org/wiki/Bingo_Bongo,tt0083655,Q781526,tmdb
59437,Beautiful Boy (2010 film),https://en.wikipedia.org/wiki/Beautiful_Boy_(2010_film),tt1533013,Q813445,tmdb
64942,Mary (2005 film),https://en.wikipedia.org/wiki/Mary_(2005_film),tt0425236,Q840446,tmdb
60067,Open Doors (film),https://en.wikipedia.org/wiki/Open_Doors_(film),tt0100389,Q647044,tmdb
59058,Riff-Raff (1991 film),https://en.wikipedia.org/wiki/Riff-Raff_(1991_film),tt0100491,Q648032,tmdb
58925,Monsieur Klein,https://en.wikipedia.org/wiki/Monsieur_Klein,tt0074916,Q648168,tmdb
60800,Cat City,https://en.wikipedia.org/wiki/Cat_City,tt0179955,Q713543,tmdb
64690,Drive (2011 film),https://en.wikipedia.org/wiki/Drive_(2011_film),tt0780504,Q732960,tmdb
61697,Carom Shots,https://en.wikipedia.org/wiki/Carom_Shots,tt0056906,Q2633215,tmdb
60599,Arbitrage (film),https://en.wikipedia.org/wiki/Arbitrage_(film),tt1764183,Q2698322,tmdb
60966,My Sister Eileen (1955 film),https://en.wikipedia.org/wiki/My_Sister_Eileen_(1955_film),tt0048401,Q2754849,tmdb
64686,47 Ronin (2013 film),https://en.wikipedia.org/wiki/47_Ronin_(2013_film),tt1335975,Q2816898,tmdb
64835,Heavenly Body (film),https://en.wikipedia.org/wiki/Heavenly_Body_(film),tt1886502,Q2997666,tmdb
63888,Mayerling (1968 film),https://en.wikipedia.org/wiki/Mayerling_(1968_film),tt0064645,Q1914469,tmdb
63381,Nightflyers (film),https://en.wikipedia.org/wiki/Nightflyers_(film),tt0093626,Q1962417,tmdb
60517,Stranded (2002 film),https://en.wikipedia.org/wiki/Stranded_(2002_film),tt0286989,Q2065671,tmdb
63996,Gooische Vrouwen (film),https://en.wikipedia.org/wiki/Gooische_Vrouwen_(film),tt1700423,Q2242079,tmdb
62727,Pinky (film),https://en.wikipedia.org/wiki/Pinky_(film),tt0041746,Q2259408,tmdb
59726,Wake Wood,https://en.wikipedia.org/wiki/Wake_Wood,tt1296899,Q2484315,tmdb
61752,Girl 6,https://en.wikipedia.org/wiki/Girl_6,tt0116414,Q2517431,tmdb
60202,Macaroni (film),https://en.wikipedia.org/wiki/Macaroni_(film),tt0089529,Q2617110,tmdb
61016,Perfume (2001 film),https://en.wikipedia.org/wiki/Perfume_(2001_film),tt0245356,Q3008476,tmdb
63771,Love Story (1943 film),https://en.wikipedia.org/wiki/Love_Story_(1943_film),tt0035823,Q3037832,tmdb
60421,Circumstance (2011 film),https://en.wikipedia.org/wiki/Circumstance_(2011_film),tt1684628,Q3053655,tmdb
62111,Childhoods (film),https://en.wikipedia.org/wiki/Childhoods_(film),tt1119133,Q3054129,tmdb
60898,Erotic Ghost Story,https://en.wikipedia.org/wiki/Erotic_Ghost_Story,tt0100014,Q3057424,tmdb
61492,,,tt0431077,Q55736446,tmdb
64807,Grudge Match,https://en.wikipedia.org/wiki/Grudge_Match,tt1661382,Q3118162,tmdb
59145,The Assault (2010 film),https://en.wikipedia.org/wiki/The_Assault_(2010_film),tt1793239,Q3202461,tmdb
62363,Le Viager,https://en.wikipedia.org/wiki/Le_Viager,tt0069460,Q3228079,tmdb
63773,Leadbelly (film),https://en.wikipedia.org/wiki/Leadbelly_(film),tt0074781,Q3228616,tmdb
61911,High Infidelity,https://en.wikipedia.org/wiki/High_Infidelity,tt0057837,Q3284159,tmdb
64291,Sapphire (film),https://en.wikipedia.org/wiki/Sapphire_(film),tt0053242,Q3354838,tmdb
62135,Short Order,https://en.wikipedia.org/wiki/Short_Order,tt0426214,Q3482519,tmdb
65015,Sweetie (1989 film),https://en.wikipedia.org/wiki/Sweetie_(1989_film),tt0098725,Q3488565,tmdb
61165,Adam and Evil (2004 film),https://en.wikipedia.org/wiki/Adam_and_Evil_(2004_film),tt0357414,Q3604967,tmdb
59148,Cucciolo (film),https://en.wikipedia.org/wiki/Cucciolo_(film),tt0150239,Q3699093,tmdb
63493,The Ledge (film),https://en.wikipedia.org/wiki/The_Ledge_(film),tt1535970,Q3925820,tmdb
58656,To Want to Fly,https://en.wikipedia.org/wiki/To_Want_to_Fly,tt0103223,Q4016112,tmdb
62961,Metal Skin Panic MADOX-01,https://en.wikipedia.org/wiki/Metal_Skin_Panic_MADOX-01,tt0093529,Q4044090,tmdb
60563,Cheyenne Warrior,https://en.wikipedia.org/wiki/Cheyenne_Warrior,tt0109408,Q4114973,tmdb
61999,Sara (1997 film),https://en.wikipedia.org/wiki/Sara_(1997_film),tt0120066,Q4340538,tmdb
61579,Bodyguard (1948 film),https://en.wikipedia.org/wiki/Bodyguard_(1948_film),tt0040178,Q4936998,tmdb
63467,I Am (2010 Indian film),https://en.wikipedia.org/wiki/I_Am_(2010_Indian_film),tt1629295,Q5236764,tmdb
58813,Deathlands: Homeward Bound,https://en.wikipedia.org/wiki/Deathlands:_Homeward_Bound,tt0312603,Q5247681,tmdb
64687,Iron Invader,https://en.wikipedia.org/wiki/Iron_Invader,tt1651894,Q6072628,tmdb
61791,Rise of the Planet of the Apes,https://en.wikipedia.org/wiki/Rise_of_the_Planet_of_the_Apes,tt1318514,Q243983,tmdb
64494,Malibu Express,https://en.wikipedia.org/wiki/Malibu_Express,tt0089539,Q261145,tmdb
65057,The Descendants,https://en.wikipedia.org/wiki/The_Descendants,tt1033575,Q273686,tmdb
62213,Dark Shadows (film),https://en.wikipedia.org/wiki/Dark_Shadows_(film),tt1077368,Q323318,tmdb
62679,Magnús (film),https://en.wikipedia.org/wiki/Magn%C3%BAs_(film),tt0097809,Q393067,tmdb
58995,Night Crossing,https://en.wikipedia.org/wiki/Night_Crossing,tt0082810,Q490076,tmdb
60304,Hansel & Gretel: Witch Hunters,https://en.wikipedia.org/wiki/Hansel_%26_Gretel:_Witch_Hunters,tt1428538,Q498287,tmdb
59860,Monte Carlo (2011 film),https://en.wikipedia.org/wiki/Monte_Carlo_(2011_film),tt1067774,Q550248,tmdb
64328,The Muppets (2011 film),https://en.wikipedia.org/wiki/The_Muppets_(2011_film),tt1204342,Q550558,tmdb
60747,Red Dawn (2012 film),https://en.wikipedia.org/wiki/Red_Dawn_(2012_film),tt1234719,Q553920,tmdb
62764,Mirror Mirror (film),https://en.wikipedia.org/wiki/Mirror_Mirror_(film),tt1667353,Q628851,tmdb
64635,Total Recall (2012 film),https://en.wikipedia.org/wiki/Total_Recall_(2012_film),tt1386703,Q634810,tmdb
62211,Monsters University,https://en.wikipedia.org/wiki/Monsters_University,tt1453405,Q641362,tmdb
59992,,,tt1337140,Q920970,tmdb
59555,,,tt0415311,Q1197796,tmdb
63784,,,tt1467061,Q2033458,tmdb
60628,,,tt0935048,Q2999025,tmdb
59346,,,tt0881233,Q3016384,tmdb
64479,,,tt0808450,Q3522543,tmdb
65100,,,tt0077477,Q4171457,tmdb
59493,,,tt1246597,Q6123273,tmdb
59715,,,tt0217769,Q9263314,tmdb
61786,,,tt0208198,Q10518417,tmdb
62826,,,tt0117368,Q10638197,tmdb
60495,,,tt0289213,Q20004946,tmdb
64084,,,tt0111093,Q64825090,tmdb
60120,,,tt1794790,Q114024600,tmdb
63706,,,tt1523367,Q32723,tmdb
59961,Safe House (2012 film),https://en.wikipedia.org/wiki/Safe_House_(2012_film),tt1599348,Q934739,tmdb
61979,Three Steps Above Heaven,https://en.wikipedia.org/wiki/Three_Steps_Above_Heaven,tt1648216,Q944385,tmdb
59962,This Means War (film),https://en.wikipedia.org/wiki/This_Means_War_(film),tt1596350,Q1049480,tmdb
62214,Frankenweenie (2012 film),https://en.wikipedia.org/wiki/Frankenweenie_(2012_film),tt1142977,Q1051023,tmdb
62838,New Year's Eve (2011 film),https://en.wikipedia.org/wiki/New_Year%27s_Eve_(2011_film),tt1598822,Q1052260,tmdb
59087,5 Fingers,https://en.wikipedia.org/wiki/5_Fingers,tt0044314,Q1193261,tmdb
61391,Distant Drums,https://en.wikipedia.org/wiki/Distant_Drums,tt0043469,Q1216721,tmdb
62892,Peter in Magicland,https://en.wikipedia.org/wiki/Peter_in_Magicland,tt0100356,Q1261258,tmdb
58680,Woo (film),https://en.wikipedia.org/wiki/Woo_(film),tt0120531,Q1324276,tmdb
62001,Cuba (film),https://en.wikipedia.org/wiki/Cuba_(film),tt0079013,Q1384594,tmdb
63322,Inspecteur Lavardin,https://en.wikipedia.org/wiki/Inspecteur_Lavardin,tt0091270,Q1406056,tmdb
59440,Warrior (2011 film),https://en.wikipedia.org/wiki/Warrior_(2011_film),tt1291584,Q1415964,tmdb
60261,The Prefab People,https://en.wikipedia.org/wiki/The_Prefab_People,tt0084465,Q1475829,tmdb
58789,Bleeders (film),https://en.wikipedia.org/wiki/Bleeders_(film),tt0119279,Q1604884,tmdb
59859,Kick-Ass 2 (film),https://en.wikipedia.org/wiki/Kick-Ass_2_(film),tt1650554,Q1758468,tmdb
63447,Amors Baller,https://en.wikipedia.org/wiki/Amors_Baller,tt1695763,Q1764575,tmdb
61296,Stavisky,https://en.wikipedia.org/wiki/Stavisky,tt0072204,Q1885686,tmdb
71676,Ghost Rider: Spirit of Vengeance,https://en.wikipedia.org/wiki/Ghost_Rider:_Spirit_of_Vengeance,tt1071875,Q41854,tmdb
68734,Argo (2012 film),https://en.wikipedia.org/wiki/Argo_(2012_film),tt1024648,Q59653,tmdb
70160,The Hunger Games (film),https://en.wikipedia.org/wiki/The_Hunger_Games_(film),tt1392170,Q212965,tmdb
70981,Prometheus (2012 film),https://en.wikipedia.org/wiki/Prometheus_(2012_film),tt1446714,Q192686,tmdb
68721,Iron Man 3,https://en.wikipedia.org/wiki/Iron_Man_3,tt1300854,Q209538,tmdb
68737,Seventh Son (film),https://en.wikipedia.org/wiki/Seventh_Son_(film),tt1121096,Q74579,tmdb
68724,Elysium (film),https://en.wikipedia.org/wiki/Elysium_(film),tt1535108,Q80959,tmdb
70578,Trespass (2011 film),https://en.wikipedia.org/wiki/Trespass_(2011_film),tt1674784,Q185764,tmdb
71241,Tentacolino,https://en.wikipedia.org/wiki/Tentacolino,tt1719665,Q18162725,tmdb
65345,Longhorns (2011 film),https://en.wikipedia.org/wiki/Longhorns_(2011_film),tt1728978,Q18340921,tmdb
68730,Silence (2016 film),https://en.wikipedia.org/wiki/Silence_(2016_film),tt0490215,Q18811634,tmdb
68120,Forbidden Sins,https://en.wikipedia.org/wiki/Forbidden_Sins,tt0171326,Q23755390,tmdb
65397,Nightfall (2000 film),https://en.wikipedia.org/wiki/Nightfall_(2000_film),tt0249840,Q39073378,tmdb
69276,Nightwish (film),https://en.wikipedia.org/wiki/Nightwish_(film),tt0097982,Q40705846,tmdb
70197,The Mountie (film),https://en.wikipedia.org/wiki/The_Mountie_(film),tt1591496,Q60737801,tmdb
68112,Red-Blooded American Girl II,https://en.wikipedia.org/wiki/Red-Blooded_American_Girl_II,tt0119298,Q104872326,tmdb
71582,Abducted (film),https://en.wikipedia.org/wiki/Abducted_(film),tt0090578,Q127038646,tmdb
68823,Come Play with Me (1968 film),https://en.wikipedia.org/wiki/Come_Play_with_Me_(1968_film),tt0063033,Q1410614,tmdb
71672,Wrong Turn 4: Bloody Beginnings,https://en.wikipedia.org/wiki/Wrong_Turn_4:_Bloody_Beginnings,tt1865567,Q1497155,tmdb
71880,Jack and Jill (2011 film),https://en.wikipedia.org/wiki/Jack_and_Jill_(2011_film),tt0810913,Q1505923,tmdb
70670,Headhunters (film),https://en.wikipedia.org/wiki/Headhunters_(film),tt1614989,Q1592308,tmdb
71885,Motocrossed,https://en.wikipedia.org/wiki/Motocrossed,tt0273842,Q1763851,tmdb
67753,Heartbeat (1938 film),https://en.wikipedia.org/wiki/Heartbeat_(1938_film),tt0030722,Q1810189,tmdb
70345,Sssssss,https://en.wikipedia.org/wiki/Sssssss,tt0070622,Q1812726,tmdb
70585,Lucky (2011 film),https://en.wikipedia.org/wiki/Lucky_(2011_film),tt1473397,Q1873703,tmdb
70259,The Fortune,https://en.wikipedia.org/wiki/The_Fortune,tt0073008,Q1961880,tmdb
68551,Shades (film),https://en.wikipedia.org/wiki/Shades_(film),tt0139606,Q2106125,tmdb
67748,Snowtown (film),https://en.wikipedia.org/wiki/Snowtown_(film),tt1680114,Q2133240,tmdb
71066,Douglas Fairbanks in Robin Hood,https://en.wikipedia.org/wiki/Douglas_Fairbanks_in_Robin_Hood,tt0013556,Q2159851,tmdb
68936,RFK (film),https://en.wikipedia.org/wiki/RFK_(film),tt0323754,Q2213409,tmdb
68692,7 Women,https://en.wikipedia.org/wiki/7_Women,tt0060050,Q2261553,tmdb
66599,Love Field (film),https://en.wikipedia.org/wiki/Love_Field_(film),tt0104765,Q2291957,tmdb
71002,Slogan (film),https://en.wikipedia.org/wiki/Slogan_(film),tt0065000,Q2294392,tmdb
70627,Ransom (1975 film),https://en.wikipedia.org/wiki/Ransom_(1975_film),tt0073796,Q2366200,tmdb
70006,Never Back Down 2: The Beatdown,https://en.wikipedia.org/wiki/Never_Back_Down_2:_The_Beatdown,tt1754264,Q2640347,tmdb
65501,Housekeeping (film),https://en.wikipedia.org/wiki/Housekeeping_(film),tt0093225,Q2672801,tmdb
69853,Voodoo (film),https://en.wikipedia.org/wiki/Voodoo_(film),tt0114872,Q7941632,tmdb
68790,Maiden Vows,https://en.wikipedia.org/wiki/Maiden_Vows,tt1720223,Q9395448,tmdb
65692,Calamity (film),https://en.wikipedia.org/wiki/Calamity_(film),tt0082599,Q12027710,tmdb
67957,Páni kluci,https://en.wikipedia.org/wiki/P%C3%A1ni_kluci,tt0138690,Q12047702,tmdb
68735,Warcraft (film),https://en.wikipedia.org/wiki/Warcraft_(film),tt0803096,Q14513321,tmdb
66489,Andy Warhol's Bad,https://en.wikipedia.org/wiki/Andy_Warhol%27s_Bad,tt0075679,Q2849188,tmdb
70955,Backstage (2005 film),https://en.wikipedia.org/wiki/Backstage_(2005_film),tt0436091,Q2878435,tmdb
69661,Dhool,https://en.wikipedia.org/wiki/Dhool,tt0362548,Q3025733,tmdb
66901,Divine (1975 film),https://en.wikipedia.org/wiki/Divine_(1975_film),tt0294531,Q3032276,tmdb
67789,Winter Storage,https://en.wikipedia.org/wiki/Winter_Storage,tt0042047,Q3036150,tmdb
66137,Erotissimo,https://en.wikipedia.org/wiki/Erotissimo,tt0064297,Q3057418,tmdb
66557,Malina (film),https://en.wikipedia.org/wiki/Malina_(film),tt0102383,Q3282107,tmdb
67198,Bloodworth,https://en.wikipedia.org/wiki/Bloodworth,tt1421048,Q3284270,tmdb
65496,Student Services,https://en.wikipedia.org/wiki/Student_Services,tt1570970,Q3306747,tmdb
69890,Octobre,https://en.wikipedia.org/wiki/Octobre,tt0110709,Q3348907,tmdb
66245,Arunachalam (film),https://en.wikipedia.org/wiki/Arunachalam_(film),tt0139861,Q3418065,tmdb
69299,Resistance (2003 film),https://en.wikipedia.org/wiki/Resistance_(2003_film),tt0306011,Q3457783,tmdb
67236,Tiresia,https://en.wikipedia.org/wiki/Tiresia,tt0362246,Q3529378,tmdb
70247,Watchers II,https://en.wikipedia.org/wiki/Watchers_II,tt0100904,Q3613166,tmdb
69934,Full Clip,https://en.wikipedia.org/wiki/Full_Clip,tt0353248,Q3754212,tmdb
67058,Rumpelstiltskin (1987 film),https://en.wikipedia.org/wiki/Rumpelstiltskin_(1987_film),tt0093891,Q3795233,tmdb
68820,Isola (film),https://en.wikipedia.org/wiki/Isola_(film),tt0233910,Q3802659,tmdb
68954,Longitude (TV series),https://en.wikipedia.org/wiki/Longitude_(TV_series),tt0192263,Q4164755,tmdb
68773,Dollman (film),https://en.wikipedia.org/wiki/Dollman_(film),tt0101751,Q4174526,tmdb
70249,Watchers 3,https://en.wikipedia.org/wiki/Watchers_3,tt0111672,Q4311225,tmdb
68297,Hiroshima: BBC History of World War II,https://en.wikipedia.org/wiki/Hiroshima:_BBC_History_of_World_War_II,tt0475296,Q4497881,tmdb
66328,Aaru Pushpangal,https://en.wikipedia.org/wiki/Aaru_Pushpangal,tt0353150,Q4662659,tmdb
66608,Blubberella,https://en.wikipedia.org/wiki/Blubberella,tt1756427,Q4928666,tmdb
65282,Gambling House (film),https://en.wikipedia.org/wiki/Gambling_House_(film),tt0042496,Q5519691,tmdb
66157,GravyTrain,https://en.wikipedia.org/wiki/GravyTrain,tt1320334,Q5598096,tmdb
65924,Isabelle Eberhardt (film),https://en.wikipedia.org/wiki/Isabelle_Eberhardt_(film),tt0102130,Q6078224,tmdb
71139,Jam (film),https://en.wikipedia.org/wiki/Jam_(film),tt0482528,Q6127041,tmdb
70713,Love.net,https://en.wikipedia.org/wiki/Love.net,tt1705120,Q6153894,tmdb
71128,Japoteurs,https://en.wikipedia.org/wiki/Japoteurs,tt0034913,Q6159345,tmdb
68935,Killer Image,https://en.wikipedia.org/wiki/Killer_Image,tt0104613,Q6407493,tmdb
67809,Normal (2003 film),https://en.wikipedia.org/wiki/Normal_(2003_film),tt0338290,Q7051762,tmdb
68422,Option Zero,https://en.wikipedia.org/wiki/Option_Zero,tt0206990,Q7099007,tmdb
68543,Ping Pong (1986 film),https://en.wikipedia.org/wiki/Ping_Pong_(1986_film),tt0091756,Q7195669,tmdb
71248,S Diary,https://en.wikipedia.org/wiki/S_Diary,tt0426196,Q7395350,tmdb
69169,Tattoo (1981 film),https://en.wikipedia.org/wiki/Tattoo_(1981_film),tt0083178,Q7688445,tmdb
71204,Tempted (film),https://en.wikipedia.org/wiki/Tempted_(film),tt0265859,Q7699043,tmdb
70703,The Captains (film),https://en.wikipedia.org/wiki/The_Captains_(film),tt1946421,Q7721295,tmdb
66251,Uzhaippali,https://en.wikipedia.org/wiki/Uzhaippali,tt0318797,Q7904929,tmdb
69437,,,tt0287497,Q113392,tmdb
67628,,,tt1278167,Q860071,tmdb
65864,,,tt0269443,Q1060400,tmdb
68992,,,tt0151892,Q2058556,tmdb
69795,,,tt1841705,Q3221559,tmdb
65556,,,tt0478732,Q3479828,tmdb
65997,,,tt1500906,Q3554365,tmdb
67630,,,tt0106413,Q4224590,tmdb
67613,,,tt0166635,Q10293821,tmdb
65771,,,tt1616096,Q12308937,tmdb
65693,,,tt1932702,Q12709056,tmdb
69371,,,tt1415256,Q16062410,tmdb
65364,,,tt0261014,Q16115781,tmdb
66470,,,tt1524134,Q16707830,tmdb
67868,,,tt0807767,Q20091623,tmdb
68254,,,tt1686063,Q20653143,tmdb
66045,,,tt0092664,Q112800336,tmdb
65869,,,tt0238627,Q120979864,tmdb
69282,,,tt1147763,Q127600137,tmdb
71859,We Need to Talk About Kevin (film),https://en.wikipedia.org/wiki/We_Need_to_Talk_About_Kevin_(film),tt1242460,Q247470,tmdb
70435,Haywire (2011 film),https://en.wikipedia.org/wiki/Haywire_(2011_film),tt1506999,Q249350,tmdb
68722,The Master (2012 film),https://en.wikipedia.org/wiki/The_Master_(2012_film),tt1560747,Q283586,tmdb
71552,American Reunion,https://en.wikipedia.org/wiki/American_Reunion,tt1605630,Q303040,tmdb
71668,Piranha 3DD,https://en.wikipedia.org/wiki/Piranha_3DD,tt1714203,Q328208,tmdb
67883,Street People (film),https://en.wikipedia.org/wiki/Street_People_(film),tt0074494,Q331265,tmdb
65754,The Girl with the Dragon Tattoo (2011 film),https://en.wikipedia.org/wiki/The_Girl_with_the_Dragon_Tattoo_(2011_film),tt1568346,Q474093,tmdb
68718,Django Unchained,https://en.wikipedia.org/wiki/Django_Unchained,tt1853728,Q571032,tmdb
68728,Oz the Great and Powerful,https://en.wikipedia.org/wiki/Oz_the_Great_and_Powerful,tt1623205,Q590216,tmdb
68569,Invincible (2001 theatrical film),https://en.wikipedia.org/wiki/Invincible_(2001_theatrical_film),tt0245171,Q640762,tmdb
71469,The Darkest Hour (film),https://en.wikipedia.org/wiki/The_Darkest_Hour_(film),tt1093357,Q964657,tmdb
66926,Magyar vándor,https://en.wikipedia.org/wiki/Magyar_v%C3%A1ndor,tt0370919,Q980015,tmdb
66487,Streamers (film),https://en.wikipedia.org/wiki/Streamers_(film),tt0086377,Q1090685,tmdb
70690,Cinderella '80,https://en.wikipedia.org/wiki/Cinderella_%2780,tt0085316,Q1092293,tmdb
67217,Signs of Life (1968 film),https://en.wikipedia.org/wiki/Signs_of_Life_(1968_film),tt0063218,Q1113073,tmdb
66820,Aquamania,https://en.wikipedia.org/wiki/Aquamania,tt0054634,Q1193548,tmdb
65137,Father Hood,https://en.wikipedia.org/wiki/Father_Hood,tt0106877,Q1194785,tmdb
68726,Pacific Rim (film),https://en.wikipedia.org/wiki/Pacific_Rim_(film),tt1663662,Q1388653,tmdb
77338,The Intouchables,https://en.wikipedia.org/wiki/The_Intouchables,tt1675434,Q595,tmdb
72190,World War Z (film),https://en.wikipedia.org/wiki/World_War_Z_(film),tt0816711,Q28196,tmdb
72976,Lincoln (film),https://en.wikipedia.org/wiki/Lincoln_(film),tt0443272,Q32433,tmdb
76640,The Last Stand (2013 film),https://en.wikipedia.org/wiki/The_Last_Stand_(2013_film),tt1549920,Q45672,tmdb
74643,The Artist (film),https://en.wikipedia.org/wiki/The_Artist_(film),tt1655442,Q171861,tmdb
75629,Evangelion: 3.0 You Can (Not) Redo,https://en.wikipedia.org/wiki/Evangelion:_3.0_You_Can_(Not)_Redo,tt0860907,Q182206,tmdb
77174,ParaNorman,https://en.wikipedia.org/wiki/ParaNorman,tt1623288,Q198028,tmdb
76163,The Expendables 2,https://en.wikipedia.org/wiki/The_Expendables_2,tt1764651,Q210812,tmdb
72545,Journey 2: The Mysterious Island,https://en.wikipedia.org/wiki/Journey_2:_The_Mysterious_Island,tt1397514,Q211545,tmdb
76418,Spaceways,https://en.wikipedia.org/wiki/Spaceways,tt0046351,Q7572749,tmdb
72359,Peeples (film),https://en.wikipedia.org/wiki/Peeples_(film),tt1699755,Q7860123,tmdb
77775,Young People (1940 film),https://en.wikipedia.org/wiki/Young_People_(1940_film),tt0033288,Q7875591,tmdb
72636,Hotshot (film),https://en.wikipedia.org/wiki/Hotshot_(film),tt0091219,Q11899245,tmdb
76757,Jupiter Ascending,https://en.wikipedia.org/wiki/Jupiter_Ascending,tt1617661,Q12125299,tmdb
74008,Undocumented (film),https://en.wikipedia.org/wiki/Undocumented_(film),tt1468381,Q12130252,tmdb
73723,The Lorax (film),https://en.wikipedia.org/wiki/The_Lorax_(film),tt1482459,Q786594,tmdb
75736,Catch .44,https://en.wikipedia.org/wiki/Catch_.44,tt1886493,Q859019,tmdb
72135,Ice (OVA),https://en.wikipedia.org/wiki/Ice_(OVA),tt1568836,Q877212,tmdb
76025,Shame (2011 film),https://en.wikipedia.org/wiki/Shame_(2011_film),tt1723811,Q909445,tmdb
72387,Safe (2012 film),https://en.wikipedia.org/wiki/Safe_(2012_film),tt1656190,Q919945,tmdb
74465,We Bought a Zoo,https://en.wikipedia.org/wiki/We_Bought_a_Zoo,tt1389137,Q956681,tmdb
74308,Detachment (film),https://en.wikipedia.org/wiki/Detachment_(film),tt1683526,Q652406,tmdb
75624,Naruto the Movie: Blood Prison,https://en.wikipedia.org/wiki/Naruto_the_Movie:_Blood_Prison,tt1999167,Q718536,tmdb
75638,Red Lights (2012 film),https://en.wikipedia.org/wiki/Red_Lights_(2012_film),tt1748179,Q733000,tmdb
73532,Le Havre (film),https://en.wikipedia.org/wiki/Le_Havre_(film),tt1508675,Q736498,tmdb
73626,Hysterical (1983 film),https://en.wikipedia.org/wiki/Hysterical_(1983_film),tt0085704,Q963197,tmdb
74723,Dog Gone (2008 film),https://en.wikipedia.org/wiki/Dog_Gone_(2008_film),tt0969250,Q969483,tmdb
72571,Paranormal Activity 3,https://en.wikipedia.org/wiki/Paranormal_Activity_3,tt1778304,Q1056921,tmdb
76726,Chronicle (film),https://en.wikipedia.org/wiki/Chronicle_(film),tt1706593,Q1087883,tmdb
72197,The Pirates! In an Adventure with Scientists!,https://en.wikipedia.org/wiki/The_Pirates!_In_an_Adventure_with_Scientists!,tt1430626,Q1137359,tmdb
76372,Night People (1954 film),https://en.wikipedia.org/wiki/Night_People_(1954_film),tt0047279,Q3232960,tmdb
72985,Grandmother (2009 film),https://en.wikipedia.org/wiki/Grandmother_(2009_film),tt1496792,Q3258752,tmdb
72213,Courageous (film),https://en.wikipedia.org/wiki/Courageous_(film),tt1630036,Q3285929,tmdb
77771,Touki Bouki,https://en.wikipedia.org/wiki/Touki_Bouki,tt0070820,Q3310901,tmdb
77635,Miss Bala (2011 film),https://en.wikipedia.org/wiki/Miss_Bala_(2011_film),tt1911600,Q3316382,tmdb
77233,Mr. North,https://en.wikipedia.org/wiki/Mr._North,tt0095665,Q3327171,tmdb
76649,Pompeii (film),https://en.wikipedia.org/wiki/Pompeii_(film),tt1921064,Q3396071,tmdb
76696,Sidewalls,https://en.wikipedia.org/wiki/Sidewalls,tt1235841,Q3428553,tmdb
73935,Vamps (film),https://en.wikipedia.org/wiki/Vamps_(film),tt1545106,Q3554374,tmdb
76600,Avatar: The Way of Water,https://en.wikipedia.org/wiki/Avatar:_The_Way_of_Water,tt1630029,Q3604746,tmdb
75430,Gulag (1985 film),https://en.wikipedia.org/wiki/Gulag_(1985_film),tt0089240,Q3779718,tmdb
73750,I pappagalli,https://en.wikipedia.org/wiki/I_pappagalli,tt0049590,Q3791104,tmdb
73109,Payback (1995 film),https://en.wikipedia.org/wiki/Payback_(1995_film),tt0110803,Q4390240,tmdb
77780,Twister (1989 film),https://en.wikipedia.org/wiki/Twister_(1989_film),tt0096321,Q4424430,tmdb
72913,Amigo (film),https://en.wikipedia.org/wiki/Amigo_(film),tt1562847,Q4746229,tmdb
74959,Bark!,https://en.wikipedia.org/wiki/Bark!,tt0273453,Q4860852,tmdb
75628,Bona (film),https://en.wikipedia.org/wiki/Bona_(film),tt0082093,Q4941043,tmdb
72538,Young Andersen,https://en.wikipedia.org/wiki/Young_Andersen,tt0402710,Q5228936,tmdb
74225,Killer Party,https://en.wikipedia.org/wiki/Killer_Party,tt0091338,Q6407526,tmdb
75910,Lifted (2010 film),https://en.wikipedia.org/wiki/Lifted_(2010_film),tt1492959,Q6545662,tmdb
72901,Johnny Cool,https://en.wikipedia.org/wiki/Johnny_Cool,tt0057200,Q6588602,tmdb
72870,Sinbad (1992 film),https://en.wikipedia.org/wiki/Sinbad_(1992_film),tt0249960,Q7521860,tmdb
76492,Hotel Transylvania (film),https://en.wikipedia.org/wiki/Hotel_Transylvania_(film),tt0837562,Q249967,tmdb
75996,Waiter!,https://en.wikipedia.org/wiki/Waiter!,tt0085576,Q284577,tmdb
73861,A Serbian Film,https://en.wikipedia.org/wiki/A_Serbian_Film,tt1273235,Q300552,tmdb
73582,Bodyguard (2011 Hindi film),https://en.wikipedia.org/wiki/Bodyguard_(2011_Hindi_film),tt1729637,Q312951,tmdb
74949,The Fruit is Ripe,https://en.wikipedia.org/wiki/The_Fruit_is_Ripe,tt0074591,Q324841,tmdb
74777,Absentia (film),https://en.wikipedia.org/wiki/Absentia_(film),tt1610996,Q332261,tmdb
72432,Puncture (film),https://en.wikipedia.org/wiki/Puncture_(film),tt1582248,Q376723,tmdb
76493,The Dictator,https://en.wikipedia.org/wiki/The_Dictator,tt1645170,Q464964,tmdb
73462,The Aviator (1985 film),https://en.wikipedia.org/wiki/The_Aviator_(1985_film),tt0088758,Q484860,tmdb
77016,End of Watch,https://en.wikipedia.org/wiki/End_of_Watch,tt1855199,Q497262,tmdb
75656,Now You See Me (film),https://en.wikipedia.org/wiki/Now_You_See_Me_(film),tt1670345,Q499851,tmdb
72570,The Vow (2012 film),https://en.wikipedia.org/wiki/The_Vow_(2012_film),tt1606389,Q522389,tmdb
77560,Faust (2011 film),https://en.wikipedia.org/wiki/Faust_(2011_film),tt1437357,Q541354,tmdb
72473,Belle Starr (1941 film),https://en.wikipedia.org/wiki/Belle_Starr_(1941_film),tt0033383,Q577380,tmdb
72331,Abraham Lincoln: Vampire Hunter,https://en.wikipedia.org/wiki/Abraham_Lincoln:_Vampire_Hunter,tt1611224,Q587707,tmdb
75780,Jack Reacher (film),https://en.wikipedia.org/wiki/Jack_Reacher_(film),tt0790724,Q590252,tmdb
77728,Giorgino,https://en.wikipedia.org/wiki/Giorgino,tt0109900,Q592788,tmdb
77877,The Lucky One (film),https://en.wikipedia.org/wiki/The_Lucky_One_(film),tt1327194,Q599420,tmdb
75612,Oblivion (2013 film),https://en.wikipedia.org/wiki/Oblivion_(2013_film),tt1483013,Q638544,tmdb
72105,Ted (film),https://en.wikipedia.org/wiki/Ted_(film),tt1637725,Q641760,tmdb
72654,Parents (2007 film),https://en.wikipedia.org/wiki/Parents_(2007_film),tt0997062,Q16424132,tmdb
74430,Thumb Tripping,https://en.wikipedia.org/wiki/Thumb_Tripping,tt0069377,Q19363925,tmdb
77166,Saint Jack (film),https://en.wikipedia.org/wiki/Saint_Jack_(film),tt0079843,Q42308506,tmdb
77874,InSight (2011 film),https://en.wikipedia.org/wiki/InSight_(2011_film),tt1687277,Q58814722,tmdb
74950,,,tt0807707,Q903915,tmdb
73517,,,tt1235414,Q2761746,tmdb
75020,,,tt0445972,Q3532554,tmdb
73196,,,tt0853244,Q3617560,tmdb
73452,,,tt0384212,Q5057087,tmdb
74078,,,tt0436175,Q6411180,tmdb
75828,,,tt1753789,Q9254813,tmdb
77085,,,tt0398838,Q9556546,tmdb
76143,,,tt0093591,Q10593153,tmdb
75230,,,tt1863160,Q16171115,tmdb
73774,,,tt0318267,Q106717978,tmdb
77429,,,tt0103948,Q108535361,tmdb
73256,,,tt0327594,Q114273311,tmdb
72073,,,tt0244941,Q140836224,tmdb
75229,The Monitor (film),https://en.wikipedia.org/wiki/The_Monitor_(film),tt1595833,Q1138897,tmdb
72559,G.I. Joe: Retaliation,https://en.wikipedia.org/wiki/G.I._Joe:_Retaliation,tt1583421,Q1146345,tmdb
75174,The Grey,https://en.wikipedia.org/wiki/The_Grey,tt1601913,Q1147689,tmdb
76338,Thor: The Dark World,https://en.wikipedia.org/wiki/Thor:_The_Dark_World,tt1981115,Q1201853,tmdb
72241,Unconquered (1947 film),https://en.wikipedia.org/wiki/Unconquered_(1947_film),tt0039931,Q1217011,tmdb
75802,Hysteria (2011 film),https://en.wikipedia.org/wiki/Hysteria_(2011_film),tt1435513,Q1320713,tmdb
76235,Hunger (1966 film),https://en.wikipedia.org/wiki/Hunger_(1966_film),tt0061042,Q1321282,tmdb
73420,Dishonored (film),https://en.wikipedia.org/wiki/Dishonored_(film),tt0021800,Q1344526,tmdb
77744,Kitty Foyle (film),https://en.wikipedia.org/wiki/Kitty_Foyle_(film),tt0032671,Q1471328,tmdb
76739,Lansky (1999 film),https://en.wikipedia.org/wiki/Lansky_(1999_film),tt0173974,Q1570302,tmdb
73108,Teen Spirit (2011 film),https://en.wikipedia.org/wiki/Teen_Spirit_(2011_film),tt1845866,Q1571340,tmdb
77670,Kansas (film),https://en.wikipedia.org/wiki/Kansas_(film),tt0095428,Q1696889,tmdb
75258,Secret of the Wings,https://en.wikipedia.org/wiki/Secret_of_the_Wings,tt1217213,Q1702819,tmdb
76341,Mad Max: Fury Road,https://en.wikipedia.org/wiki/Mad_Max:_Fury_Road,tt1392190,Q1757288,tmdb
74997,The Human Centipede 2 (Full Sequence),https://en.wikipedia.org/wiki/The_Human_Centipede_2_(Full_Sequence),tt1530509,Q1780390,tmdb
76617,Texas Chainsaw 3D,https://en.wikipedia.org/wiki/Texas_Chainsaw_3D,tt1572315,Q1832350,tmdb
71920,LOC: Kargil,https://en.wikipedia.org/wiki/LOC:_Kargil,tt0347416,Q2009584,tmdb
74972,Polly (film),https://en.wikipedia.org/wiki/Polly_(film),tt0098106,Q2102192,tmdb
72784,The Loft (film),https://en.wikipedia.org/wiki/The_Loft_(film),tt1850397,Q2157076,tmdb
77140,I complessi,https://en.wikipedia.org/wiki/I_complessi,tt0059051,Q2265676,tmdb
74546,Pulsar (film),https://en.wikipedia.org/wiki/Pulsar_(film),tt1703919,Q2573302,tmdb
75204,Imaginaerum (film),https://en.wikipedia.org/wiki/Imaginaerum_(film),tt1959409,Q2612953,tmdb
74615,Officer Duck,https://en.wikipedia.org/wiki/Officer_Duck,tt0031744,Q2826734,tmdb
72581,Bikini Bandits,https://en.wikipedia.org/wiki/Bikini_Bandits,tt0361394,Q2902566,tmdb
73454,X: Night of Vengeance,https://en.wikipedia.org/wiki/X:_Night_of_Vengeance,tt1661099,Q2914816,tmdb
72334,Chimpanzee (film),https://en.wikipedia.org/wiki/Chimpanzee_(film),tt1222815,Q2963686,tmdb
76203,12 Years a Slave (film),https://en.wikipedia.org/wiki/12_Years_a_Slave_(film),tt2024544,Q3023357,tmdb
76716,Duck (film),https://en.wikipedia.org/wiki/Duck_(film),tt0386421,Q3040858,tmdb
77805,Lovelace (film),https://en.wikipedia.org/wiki/Lovelace_(film),tt1426329,Q3072040,tmdb
74725,Kill List,https://en.wikipedia.org/wiki/Kill_List,tt1788391,Q3196607,tmdb
77663,Killing Season (film),https://en.wikipedia.org/wiki/Killing_Season_(film),tt1480295,Q3196650,tmdb
72339,Nightfall (1988 film),https://en.wikipedia.org/wiki/Nightfall_(1988_film),tt0095738,Q3210856,tmdb
82690,Wreck-It Ralph,https://en.wikipedia.org/wiki/Wreck-It_Ralph,tt1772341,Q28891,tmdb
83542,Cloud Atlas (film),https://en.wikipedia.org/wiki/Cloud_Atlas_(film),tt1371111,Q28936,tmdb
82693,Silver Linings Playbook,https://en.wikipedia.org/wiki/Silver_Linings_Playbook,tt1045658,Q116845,tmdb
81188,Rise of the Guardians,https://en.wikipedia.org/wiki/Rise_of_the_Guardians,tt1446192,Q136625,tmdb
78132,Borrowing Matchsticks,https://en.wikipedia.org/wiki/Borrowing_Matchsticks,tt0081796,Q171305,tmdb
83389,From Up on Poppy Hill,https://en.wikipedia.org/wiki/From_Up_on_Poppy_Hill,tt1798188,Q194726,tmdb
83666,Moonrise Kingdom,https://en.wikipedia.org/wiki/Moonrise_Kingdom,tt1748122,Q217112,tmdb
82682,Gangster Squad (film),https://en.wikipedia.org/wiki/Gangster_Squad_(film),tt1321870,Q27751,tmdb
82695,Les Misérables (2012 film),https://en.wikipedia.org/wiki/Les_Mis%C3%A9rables_(2012_film),tt1707386,Q28234,tmdb
80184,The Hidden Face (film),https://en.wikipedia.org/wiki/The_Hidden_Face_(film),tt1772250,Q24196,tmdb
78086,Jaded (film),https://en.wikipedia.org/wiki/Jaded_(film),tt0116675,Q24618,tmdb
82654,Warm Bodies (film),https://en.wikipedia.org/wiki/Warm_Bodies_(film),tt1588173,Q27343,tmdb
81005,Jack the Giant Slayer,https://en.wikipedia.org/wiki/Jack_the_Giant_Slayer,tt1351685,Q27513,tmdb
79526,Duska (film),https://en.wikipedia.org/wiki/Duska_(film),tt0986225,Q2364596,tmdb
78381,Twixt (film),https://en.wikipedia.org/wiki/Twixt_(film),tt1756851,Q2408534,tmdb
83278,Isabelle (2011 film),https://en.wikipedia.org/wiki/Isabelle_(2011_film),tt1609132,Q2469610,tmdb
77949,The Awakening (2011 film),https://en.wikipedia.org/wiki/The_Awakening_(2011_film),tt1687901,Q2474154,tmdb
84479,The Invader (2011 film),https://en.wikipedia.org/wiki/The_Invader_(2011_film),tt1772947,Q2680749,tmdb
79935,Fortress (2012 film),https://en.wikipedia.org/wiki/Fortress_(2012_film),tt1558575,Q2876662,tmdb
81273,The Dirty Picture,https://en.wikipedia.org/wiki/The_Dirty_Picture,tt1954206,Q3090065,tmdb
84204,Grabbers,https://en.wikipedia.org/wiki/Grabbers,tt1525366,Q3112935,tmdb
82662,The Entrepreneur,https://en.wikipedia.org/wiki/The_Entrepreneur,tt1825842,Q3204987,tmdb
80517,Judas (2004 film),https://en.wikipedia.org/wiki/Judas_(2004_film),tt0286739,Q1710881,tmdb
80274,Ender's Game (film),https://en.wikipedia.org/wiki/Ender%27s_Game_(film),tt1731141,Q1758112,tmdb
78247,Night Terrors (film),https://en.wikipedia.org/wiki/Night_Terrors_(film),tt0108350,Q1962121,tmdb
83665,Betrayed (1954 film),https://en.wikipedia.org/wiki/Betrayed_(1954_film),tt0046770,Q2045733,tmdb
78998,Desire (1936 film),https://en.wikipedia.org/wiki/Desire_(1936_film),tt0027515,Q2071375,tmdb
81048,Running Time (film),https://en.wikipedia.org/wiki/Running_Time_(film),tt0120042,Q2176438,tmdb
83315,Mallika (2010 film),https://en.wikipedia.org/wiki/Mallika_(2010_film),tt1929309,Q6744175,tmdb
82703,Mr. Peabody & Sherman,https://en.wikipedia.org/wiki/Mr._Peabody_%26_Sherman,tt0864835,Q6929072,tmdb
83363,Offerings (film),https://en.wikipedia.org/wiki/Offerings_(film),tt0098014,Q7079089,tmdb
83733,Possums (film),https://en.wikipedia.org/wiki/Possums_(film),tt0145404,Q7233457,tmdb
83294,Skulhedface (video),https://en.wikipedia.org/wiki/Skulhedface_(video),tt0138813,Q7536903,tmdb
77937,Staircase (film),https://en.wikipedia.org/wiki/Staircase_(film),tt0065031,Q7597092,tmdb
83139,Stone Pillow,https://en.wikipedia.org/wiki/Stone_Pillow,tt0090080,Q7619003,tmdb
79159,Tilt (2011 film),https://en.wikipedia.org/wiki/Tilt_(2011_film),tt1680019,Q7802989,tmdb
78715,Toomelah (film),https://en.wikipedia.org/wiki/Toomelah_(film),tt1905071,Q7824128,tmdb
80293,Trigger (2010 film),https://en.wikipedia.org/wiki/Trigger_(2010_film),tt1624408,Q7841697,tmdb
81774,Les Exploits d'un jeune Don Juan,https://en.wikipedia.org/wiki/Les_Exploits_d%27un_jeune_Don_Juan,tt0092995,Q7888549,tmdb
82963,Valerie (film),https://en.wikipedia.org/wiki/Valerie_(film),tt0051149,Q7911233,tmdb
78962,Vallarasu,https://en.wikipedia.org/wiki/Vallarasu,tt4516596,Q7911834,tmdb
79771,Chillerama,https://en.wikipedia.org/wiki/Chillerama,tt1727252,Q3387234,tmdb
81349,Mother Song,https://en.wikipedia.org/wiki/Mother_Song,tt0029281,Q3428924,tmdb
78653,Poove Unakkaga (film),https://en.wikipedia.org/wiki/Poove_Unakkaga_(film),tt2325915,Q3536733,tmdb
82482,Lucignolo,https://en.wikipedia.org/wiki/Lucignolo,tt0179952,Q3838766,tmdb
82066,"Oh, Serafina!","https://en.wikipedia.org/wiki/Oh,_Serafina!",tt0190591,Q3881263,tmdb
81527,Aurora (2010 film),https://en.wikipedia.org/wiki/Aurora_(2010_film),tt1403047,Q4822461,tmdb
78982,Bharathan (film),https://en.wikipedia.org/wiki/Bharathan_(film),tt0317154,Q4901188,tmdb
80188,Boy Wonder (film),https://en.wikipedia.org/wiki/Boy_Wonder_(film),tt1456060,Q4952147,tmdb
81867,Breakaway (2011 film),https://en.wikipedia.org/wiki/Breakaway_(2011_film),tt1736552,Q4959370,tmdb
79871,Crazy Love (1993 film),https://en.wikipedia.org/wiki/Crazy_Love_(1993_film),tt0107565,Q5183200,tmdb
81930,Modesty (film),https://en.wikipedia.org/wiki/Modesty_(film),tt0812366,Q5402709,tmdb
83409,Feeders (film),https://en.wikipedia.org/wiki/Feeders_(film),tt0183072,Q5441223,tmdb
83954,Fly Me,https://en.wikipedia.org/wiki/Fly_Me,tt0068599,Q5463181,tmdb
84203,Goats (film),https://en.wikipedia.org/wiki/Goats_(film),tt1577052,Q5575373,tmdb
80655,House of Evil,https://en.wikipedia.org/wiki/House_of_Evil,tt0063097,Q5914911,tmdb
82932,I Am (2010 American documentary film),https://en.wikipedia.org/wiki/I_Am_(2010_American_documentary_film),tt1741225,Q5975878,tmdb
78752,Kathirukka Neramillai,https://en.wikipedia.org/wiki/Kathirukka_Neramillai,tt0317788,Q6376634,tmdb
82702,How to Train Your Dragon 2,https://en.wikipedia.org/wiki/How_to_Train_Your_Dragon_2,tt1646971,Q10298666,tmdb
78103,Guttersnipes (film),https://en.wikipedia.org/wiki/Guttersnipes_(film),tt0038042,Q10658467,tmdb
78479,Kummelin Jackpot,https://en.wikipedia.org/wiki/Kummelin_Jackpot,tt0448909,Q10965854,tmdb
84338,Simon Killer,https://en.wikipedia.org/wiki/Simon_Killer,tt1790834,Q12127509,tmdb
78963,Kallazhagar,https://en.wikipedia.org/wiki/Kallazhagar,tt8994434,Q12918311,tmdb
78045,Westwind (film),https://en.wikipedia.org/wiki/Westwind_(film),tt1981142,Q15854174,tmdb
83242,Innocent (2011 film),https://en.wikipedia.org/wiki/Innocent_(2011_film),tt1942887,Q16251856,tmdb
79779,Pastorela (film),https://en.wikipedia.org/wiki/Pastorela_(film),tt2011183,Q16482278,tmdb
82245,Just Henry,https://en.wikipedia.org/wiki/Just_Henry,tt2144753,Q16995542,tmdb
79890,,,tt1733525,Q1193254,tmdb
80136,,,tt0800159,Q2095644,tmdb
78657,,,tt0236000,Q2876227,tmdb
78549,,,tt0383313,Q3030651,tmdb
78112,,,tt1825703,Q3313181,tmdb
79165,,,tt0095233,Q4182083,tmdb
81179,,,tt1876446,Q4425560,tmdb
81671,,,tt0077726,Q5961248,tmdb
79909,,,tt1417097,Q11191611,tmdb
78428,,,tt0102296,Q11583521,tmdb
82927,,,tt2127353,Q12709553,tmdb
81622,,,tt1686660,Q12744942,tmdb
81853,,,tt2145791,Q13824269,tmdb
80788,,,tt0223848,Q30898236,tmdb
78085,,,tt0244652,Q116978214,tmdb
80762,,,tt0092193,Q120333590,tmdb
79296,,,tt1691862,Q127600135,tmdb
80321,Madagascar 3: Europe's Most Wanted,https://en.wikipedia.org/wiki/Madagascar_3:_Europe%27s_Most_Wanted,tt1277953,Q244247,tmdb
82633,Lawless (2012 film),https://en.wikipedia.org/wiki/Lawless_(2012_film),tt1212450,Q253901,tmdb
80278,The Impossible (2012 film),https://en.wikipedia.org/wiki/The_Impossible_(2012_film),tt1649419,Q277038,tmdb
78353,Lucky Lady,https://en.wikipedia.org/wiki/Lucky_Lady,tt0073317,Q319222,tmdb
84090,The Citadel (1938 film),https://en.wikipedia.org/wiki/The_Citadel_(1938_film),tt0029995,Q400093,tmdb
78093,Alyce Kills,https://en.wikipedia.org/wiki/Alyce_Kills,tt1680051,Q450254,tmdb
83932,Conspirator (1949 film),https://en.wikipedia.org/wiki/Conspirator_(1949_film),tt0041260,Q489434,tmdb
79257,Mother Lode (1982 film),https://en.wikipedia.org/wiki/Mother_Lode_(1982_film),tt0084359,Q530509,tmdb
80271,LOL (2012 film),https://en.wikipedia.org/wiki/LOL_(2012_film),tt1592873,Q590444,tmdb
79319,Incubus (1981 film),https://en.wikipedia.org/wiki/Incubus_(1981_film),tt0084133,Q595333,tmdb
80585,Rock of Ages (2012 film),https://en.wikipedia.org/wiki/Rock_of_Ages_(2012_film),tt1336608,Q651060,tmdb
82507,Sinister (film),https://en.wikipedia.org/wiki/Sinister_(film),tt1922777,Q761519,tmdb
84274,Disraeli (1929 film),https://en.wikipedia.org/wiki/Disraeli_(1929_film),tt0019823,Q774800,tmdb
78432,Min Dît: The Children of Diyarbakır,https://en.wikipedia.org/wiki/Min_D%C3%AEt:_The_Children_of_Diyarbak%C4%B1r,tt1410272,Q831943,tmdb
82679,Fun Size,https://en.wikipedia.org/wiki/Fun_Size,tt1663143,Q886187,tmdb
79108,Starbuck (film),https://en.wikipedia.org/wiki/Starbuck_(film),tt1756750,Q902631,tmdb
80739,Volavérunt,https://en.wikipedia.org/wiki/Volav%C3%A9runt,tt0216386,Q908868,tmdb
81270,Tepepa,https://en.wikipedia.org/wiki/Tepepa,tt0063679,Q1052641,tmdb
80205,The Conquest (1996 film),https://en.wikipedia.org/wiki/The_Conquest_(1996_film),tt0116557,Q1054876,tmdb
82675,Taken 2,https://en.wikipedia.org/wiki/Taken_2,tt1397280,Q1057015,tmdb
82424,Small Fry (film),https://en.wikipedia.org/wiki/Small_Fry_(film),tt2033372,Q1101201,tmdb
77930,Magic Mike,https://en.wikipedia.org/wiki/Magic_Mike,tt1915581,Q1197932,tmdb
82549,Toothless (film),https://en.wikipedia.org/wiki/Toothless_(film),tt0127322,Q1217666,tmdb
79934,The Clown (2011 film),https://en.wikipedia.org/wiki/The_Clown_(2011_film),tt1921043,Q1219329,tmdb
77950,Turbo (2013 film),https://en.wikipedia.org/wiki/Turbo_(2013_film),tt1860353,Q1523217,tmdb
82023,Hotel Desire,https://en.wikipedia.org/wiki/Hotel_Desire,tt2080323,Q1630873,tmdb
78480,Monsieur Lazhar,https://en.wikipedia.org/wiki/Monsieur_Lazhar,tt2011971,Q1679872,tmdb
78318,Juarez (film),https://en.wikipedia.org/wiki/Juarez_(film),tt0031516,Q1710735,tmdb
80920,Repentance (2013 film),https://en.wikipedia.org/wiki/Repentance_(2013_film),tt2012665,Q17141285,tmdb
82315,Retribution (1987 film),https://en.wikipedia.org/wiki/Retribution_(1987_film),tt0095984,Q17183138,tmdb
82775,The Circus (1943 film),https://en.wikipedia.org/wiki/The_Circus_(1943_film),tt0034597,Q20850638,tmdb
84140,Dangerous Men,https://en.wikipedia.org/wiki/Dangerous_Men,tt0489015,Q25136258,tmdb
83533,Avatar: Fire and Ash,https://en.wikipedia.org/wiki/Avatar:_Fire_and_Ash,tt1757678,Q29580929,tmdb
81475,Julie Darling (film),https://en.wikipedia.org/wiki/Julie_Darling_(film),tt0084182,Q126102289,tmdb
80035,The Watch (film),https://en.wikipedia.org/wiki/The_Watch_(film),tt1298649,Q29313,tmdb
84511,Banning (film),https://en.wikipedia.org/wiki/Banning_(film),tt0061383,Q218391,tmdb
88751,Journey to the Center of the Earth (2008 theatrical film),https://en.wikipedia.org/wiki/Journey_to_the_Center_of_the_Earth_(2008_theatrical_film),tt0373051,Q250770,tmdb
86834,Noah (2014 film),https://en.wikipedia.org/wiki/Noah_(2014_film),tt1959490,Q286868,tmdb
85446,Step Up Revolution,https://en.wikipedia.org/wiki/Step_Up_Revolution,tt1800741,Q81044,tmdb
87827,Life of Pi (film),https://en.wikipedia.org/wiki/Life_of_Pi_(film),tt0454876,Q152780,tmdb
89535,Night Visitor,https://en.wikipedia.org/wiki/Night_Visitor,tt0100254,Q15040751,tmdb
87101,Terminator Genisys,https://en.wikipedia.org/wiki/Terminator_Genisys,tt1340138,Q15140437,tmdb
87428,That's My Boy (2012 film),https://en.wikipedia.org/wiki/That%27s_My_Boy_(2012_film),tt1232200,Q32535,tmdb
86838,Seven Psychopaths,https://en.wikipedia.org/wiki/Seven_Psychopaths,tt1931533,Q59610,tmdb
88451,"Yes, Giorgio","https://en.wikipedia.org/wiki/Yes,_Giorgio",tt0084931,Q290640,tmdb
85207,Airborne (2012 film),https://en.wikipedia.org/wiki/Airborne_(2012_film),tt1827354,Q408090,tmdb
86467,Bel Ami (2012 film),https://en.wikipedia.org/wiki/Bel_Ami_(2012_film),tt1440732,Q544664,tmdb
87818,Movie 43,https://en.wikipedia.org/wiki/Movie_43,tt1333125,Q548978,tmdb
87502,Flight (2012 film),https://en.wikipedia.org/wiki/Flight_(2012_film),tt1907668,Q564298,tmdb
85063,Outlaw Treasure,https://en.wikipedia.org/wiki/Outlaw_Treasure,tt0048460,Q15635621,tmdb
92393,Area 407,https://en.wikipedia.org/wiki/Area_407,tt2062661,Q15920083,tmdb
90544,Summerland (2010 film),https://en.wikipedia.org/wiki/Summerland_(2010_film),tt1730140,Q16427789,tmdb
89656,Cool Breeze (film),https://en.wikipedia.org/wiki/Cool_Breeze_(film),tt0068409,Q18148974,tmdb
88907,Hot Chili,https://en.wikipedia.org/wiki/Hot_Chili,tt0089302,Q18915034,tmdb
87905,Tenement (1985 film),https://en.wikipedia.org/wiki/Tenement_(1985_film),tt0090145,Q20949979,tmdb
86968,The McMasters,https://en.wikipedia.org/wiki/The_McMasters,tt0064649,Q23899915,tmdb
84765,Perfumed Nightmare,https://en.wikipedia.org/wiki/Perfumed_Nightmare,tt0076341,Q25106516,tmdb
85186,Demented (1980 film),https://en.wikipedia.org/wiki/Demented_(1980_film),tt0188557,Q28170398,tmdb
92850,Nightmare Factory (film),https://en.wikipedia.org/wiki/Nightmare_Factory_(film),tt2062602,Q64822419,tmdb
85146,Spine (film),https://en.wikipedia.org/wiki/Spine_(film),tt0165960,Q90671315,tmdb
91045,Money Plays,https://en.wikipedia.org/wiki/Money_Plays,tt0139470,Q120785654,tmdb
91155,Roller Town,https://en.wikipedia.org/wiki/Roller_Town,tt1732730,Q123461111,tmdb
91445,The Telephone (1988 film),https://en.wikipedia.org/wiki/The_Telephone_(1988_film),tt0096241,Q3227962,tmdb
91464,Lying Lips,https://en.wikipedia.org/wiki/Lying_Lips,tt0031599,Q3269424,tmdb
84907,Playback (2012 film),https://en.wikipedia.org/wiki/Playback_(2012_film),tt1682940,Q3282318,tmdb
85834,Méditerranée (film),https://en.wikipedia.org/wiki/M%C3%A9diterran%C3%A9e_(film),tt0197719,Q3332684,tmdb
84697,One Love (2003 film),https://en.wikipedia.org/wiki/One_Love_(2003_film),tt0387467,Q3352594,tmdb
86331,Q (2011 film),https://en.wikipedia.org/wiki/Q_(2011_film),tt1879030,Q3412379,tmdb
92796,Black Magic (1949 film),https://en.wikipedia.org/wiki/Black_Magic_(1949_film),tt0041182,Q3772172,tmdb
85667,Jazzmania,https://en.wikipedia.org/wiki/Jazzmania,tt0014164,Q3807539,tmdb
90590,Policewomen (film),https://en.wikipedia.org/wiki/Policewomen_(film),tt0072006,Q3907563,tmdb
88231,Long Gone (film),https://en.wikipedia.org/wiki/Long_Gone_(film),tt0093433,Q3921574,tmdb
85598,Streetwalkin',https://en.wikipedia.org/wiki/Streetwalkin%27,tt0088195,Q3924162,tmdb
91908,Rings (2005 film),https://en.wikipedia.org/wiki/Rings_(2005_film),tt0449092,Q3936037,tmdb
87462,Relentless (1989 film),https://en.wikipedia.org/wiki/Relentless_(1989_film),tt0098184,Q3955522,tmdb
90100,Emergency Squad (1974 film),https://en.wikipedia.org/wiki/Emergency_Squad_(1974_film),tt0072200,Q3967397,tmdb
85160,Slaughterhouse (film),https://en.wikipedia.org/wiki/Slaughterhouse_(film),tt0093990,Q4090457,tmdb
85350,Boyhood (2014 film),https://en.wikipedia.org/wiki/Boyhood_(2014_film),tt1065073,Q4103201,tmdb
89326,96 Minutes (2011 film),https://en.wikipedia.org/wiki/96_Minutes_(2011_film),tt1641385,Q4646086,tmdb
89125,Alley Cat (film),https://en.wikipedia.org/wiki/Alley_Cat_(film),tt0083541,Q4732186,tmdb
88375,Chandler (film),https://en.wikipedia.org/wiki/Chandler_(film),tt0068356,Q5071140,tmdb
86194,Drum (1976 film),https://en.wikipedia.org/wiki/Drum_(1976_film),tt0074437,Q5309040,tmdb
85617,Fräulein Doktor (film),https://en.wikipedia.org/wiki/Fr%C3%A4ulein_Doktor_(film),tt0064350,Q5506648,tmdb
86337,Gor (film),https://en.wikipedia.org/wiki/Gor_(film),tt0095241,Q5584335,tmdb
89899,The Players (2012 film),https://en.wikipedia.org/wiki/The_Players_(2012_film),tt2087850,Q2614123,tmdb
89591,Anazapta,https://en.wikipedia.org/wiki/Anazapta,tt0284851,Q2845691,tmdb
90918,Undersea Kingdom,https://en.wikipedia.org/wiki/Undersea_Kingdom,tt0028444,Q2846530,tmdb
85870,My Way (2012 film),https://en.wikipedia.org/wiki/My_Way_(2012_film),tt2076176,Q2979521,tmdb
85889,Filth (film),https://en.wikipedia.org/wiki/Filth_(film),tt1450321,Q3072241,tmdb
86049,Follow Me! (film),https://en.wikipedia.org/wiki/Follow_Me!_(film),tt0069131,Q3077330,tmdb
89944,Gina (film),https://en.wikipedia.org/wiki/Gina_(film),tt0071552,Q3106691,tmdb
85998,Hanuman (1998 film),https://en.wikipedia.org/wiki/Hanuman_(1998_film),tt0165807,Q3127087,tmdb
85392,Ho!,https://en.wikipedia.org/wiki/Ho!,tt0063072,Q3138845,tmdb
89708,Samsara (2011 film),https://en.wikipedia.org/wiki/Samsara_(2011_film),tt0770802,Q3150366,tmdb
91314,Transformers: Age of Extinction,https://en.wikipedia.org/wiki/Transformers:_Age_of_Extinction,tt2109248,Q6151665,tmdb
91333,Recoil (2011 film),https://en.wikipedia.org/wiki/Recoil_(2011_film),tt1839591,Q6310192,tmdb
85089,Kerala Cafe,https://en.wikipedia.org/wiki/Kerala_Cafe,tt1539997,Q6393312,tmdb
87909,Kidco,https://en.wikipedia.org/wiki/Kidco,tt0087550,Q6404606,tmdb
89453,Love (2005 film),https://en.wikipedia.org/wiki/Love_(2005_film),tt0450363,Q6690233,tmdb
87321,Mikey (film),https://en.wikipedia.org/wiki/Mikey_(film),tt0104870,Q6849439,tmdb
91117,Sergeant Hassan,https://en.wikipedia.org/wiki/Sergeant_Hassan,tt0217041,Q7424151,tmdb
84594,Scaredy Cat,https://en.wikipedia.org/wiki/Scaredy_Cat,tt0040760,Q7430381,tmdb
90098,Scum (television play),https://en.wikipedia.org/wiki/Scum_(television_play),tt0200095,Q7439474,tmdb
92779,Seedpeople,https://en.wikipedia.org/wiki/Seedpeople,tt0105347,Q7445622,tmdb
90532,Shala (film),https://en.wikipedia.org/wiki/Shala_(film),tt1830802,Q7487117,tmdb
86283,Snapshot (film),https://en.wikipedia.org/wiki/Snapshot_(film),tt0079917,Q7547366,tmdb
91655,Speedtrap (film),https://en.wikipedia.org/wiki/Speedtrap_(film),tt0076746,Q7575654,tmdb
91403,Sunset Heat (film),https://en.wikipedia.org/wiki/Sunset_Heat_(film),tt0103006,Q7641270,tmdb
87614,Sye (2004 film),https://en.wikipedia.org/wiki/Sye_(2004_film),tt0467003,Q7660264,tmdb
85877,The 33D Invader,https://en.wikipedia.org/wiki/The_33D_Invader,tt2084885,Q7711871,tmdb
84839,The Comic,https://en.wikipedia.org/wiki/The_Comic,tt0064179,Q7726945,tmdb
84734,Venetian Bird,https://en.wikipedia.org/wiki/Venetian_Bird,tt0044378,Q7919727,tmdb
86494,"Wicked, Wicked","https://en.wikipedia.org/wiki/Wicked,_Wicked",tt0070916,Q7998258,tmdb
84748,Xuxa Popstar,https://en.wikipedia.org/wiki/Xuxa_Popstar,tt0286320,Q10394438,tmdb
87093,Big Eyes,https://en.wikipedia.org/wiki/Big_Eyes,tt1126590,Q10858674,tmdb
89924,Wild Guitar,https://en.wikipedia.org/wiki/Wild_Guitar,tt0056693,Q12133405,tmdb
91586,Insidious: Chapter 2,https://en.wikipedia.org/wiki/Insidious:_Chapter_2,tt2226417,Q13423790,tmdb
85375,,,tt1731990,Q1989715,tmdb
89440,,,tt1242517,Q2300417,tmdb
87022,,,tt1954407,Q2525577,tmdb
89249,,,tt0926284,Q3024227,tmdb
90430,,,tt0119150,Q3086769,tmdb
86762,,,tt0885468,Q3090583,tmdb
85665,,,tt0097886,Q3314778,tmdb
85730,,,tt0035336,Q3484771,tmdb
89366,,,tt0080051,Q4179470,tmdb
86647,,,tt0167165,Q4185877,tmdb
85423,,,tt1273193,Q4780060,tmdb
86753,,,tt0041721,Q11259024,tmdb
91875,,,tt0085763,Q15215990,tmdb
91950,,,tt1550481,Q15730627,tmdb
86728,,,tt1206483,Q18286143,tmdb
84955,They're Watching Us,https://en.wikipedia.org/wiki/They%27re_Watching_Us,tt0289361,Q624776,tmdb
86837,Amour (2012 film),https://en.wikipedia.org/wiki/Amour_(2012_film),tt1602620,Q637820,tmdb
84892,The Perks of Being a Wallflower (film),https://en.wikipedia.org/wiki/The_Perks_of_Being_a_Wallflower_(film),tt1659337,Q675468,tmdb
89693,Sunburst (film),https://en.wikipedia.org/wiki/Sunburst_(film),tt0072179,Q719425,tmdb
91459,Italianamerican,https://en.wikipedia.org/wiki/Italianamerican,tt0071680,Q738533,tmdb
90966,Magic Town,https://en.wikipedia.org/wiki/Magic_Town,tt0039595,Q998565,tmdb
91644,Yankee Buccaneer,https://en.wikipedia.org/wiki/Yankee_Buccaneer,tt0045343,Q1026370,tmdb
86257,Mambo (film),https://en.wikipedia.org/wiki/Mambo_(film),tt0047207,Q1080080,tmdb
89492,This Is 40,https://en.wikipedia.org/wiki/This_Is_40,tt1758830,Q1090390,tmdb
85545,Elles (film),https://en.wikipedia.org/wiki/Elles_(film),tt1549589,Q1111576,tmdb
88844,Code Blue (film),https://en.wikipedia.org/wiki/Code_Blue_(film),tt1843880,Q1185737,tmdb
84735,So Fine (film),https://en.wikipedia.org/wiki/So_Fine_(film),tt0083099,Q1198326,tmdb
86387,Cracks in the Shell,https://en.wikipedia.org/wiki/Cracks_in_the_Shell,tt1717152,Q1217049,tmdb
90395,Just Imagine (film),https://en.wikipedia.org/wiki/Just_Imagine_(film),tt0021016,Q1523560,tmdb
87516,Oldboy (2013 film),https://en.wikipedia.org/wiki/Oldboy_(2013_film),tt1321511,Q1529637,tmdb
84922,Mahler (film),https://en.wikipedia.org/wiki/Mahler_(film),tt0071797,Q1813473,tmdb
90840,Manticore (2005 film),https://en.wikipedia.org/wiki/Manticore_(2005_film),tt0417943,Q1891297,tmdb
87421,Riddick (film),https://en.wikipedia.org/wiki/Riddick_(film),tt1411250,Q1960913,tmdb
89325,Darling Companion,https://en.wikipedia.org/wiki/Darling_Companion,tt1730687,Q2079635,tmdb
86114,Thunderbolt (1947 film),https://en.wikipedia.org/wiki/Thunderbolt_(1947_film),tt0038171,Q2189358,tmdb
86829,Inside Llewyn Davis,https://en.wikipedia.org/wiki/Inside_Llewyn_Davis,tt2042568,Q2340655,tmdb
89074,Iris (1987 film),https://en.wikipedia.org/wiki/Iris_(1987_film),tt0097591,Q2581039,tmdb
92690,Matalo!,https://en.wikipedia.org/wiki/Matalo!,tt0068024,Q2581640,tmdb
106747,Machete Kills,https://en.wikipedia.org/wiki/Machete_Kills,tt2002718,Q128187,tmdb
97630,Zero Dark Thirty,https://en.wikipedia.org/wiki/Zero_Dark_Thirty,tt1790885,Q152531,tmdb
102651,Maleficent (film),https://en.wikipedia.org/wiki/Maleficent_(film),tt1587310,Q172271,tmdb
97912,Mokey,https://en.wikipedia.org/wiki/Mokey,tt0035074,Q16253308,tmdb
95179,Mr. Idol,https://en.wikipedia.org/wiki/Mr._Idol,tt2250170,Q16256387,tmdb
107121,Secrets of Sex,https://en.wikipedia.org/wiki/Secrets_of_Sex,tt0066349,Q17146035,tmdb
102640,Union Square (film),https://en.wikipedia.org/wiki/Union_Square_(film),tt1783798,Q18170598,tmdb
107237,Nasoor,https://en.wikipedia.org/wiki/Nasoor,tt0961069,Q20814667,tmdb
95642,Bad Actress,https://en.wikipedia.org/wiki/Bad_Actress,tt1326188,Q23755621,tmdb
97684,Francine (film),https://en.wikipedia.org/wiki/Francine_(film),tt1735433,Q27964598,tmdb
94939,Zhakaas,https://en.wikipedia.org/wiki/Zhakaas,tt2396777,Q28407845,tmdb
102178,Brute Corps,https://en.wikipedia.org/wiki/Brute_Corps,tt0184310,Q30203660,tmdb
94636,Harold Teen (1934 film),https://en.wikipedia.org/wiki/Harold_Teen_(1934_film),tt0025221,Q65062367,tmdb
102889,Suburbs (film),https://en.wikipedia.org/wiki/Suburbs_(film),tt0115468,Q79241374,tmdb
103663,The Hunt (2012 film),https://en.wikipedia.org/wiki/The_Hunt_(2012_film),tt2106476,Q32303,tmdb
101299,The Hunger Games: Catching Fire,https://en.wikipedia.org/wiki/The_Hunger_Games:_Catching_Fire,tt1951264,Q574583,tmdb
98106,Spasms (film),https://en.wikipedia.org/wiki/Spasms_(film),tt0086349,Q600135,tmdb
100024,Bloodwork (film),https://en.wikipedia.org/wiki/Bloodwork_(film),tt1562567,Q622701,tmdb
93456,Despicable Me 2,https://en.wikipedia.org/wiki/Despicable_Me_2,tt1690953,Q637212,tmdb
97020,RoboCop (2014 film),https://en.wikipedia.org/wiki/RoboCop_(2014_film),tt1234721,Q864518,tmdb
94196,Zarafa (film),https://en.wikipedia.org/wiki/Zarafa_(film),tt2077908,Q904088,tmdb
99922,Dirigible (film),https://en.wikipedia.org/wiki/Dirigible_(film),tt0021799,Q283303,tmdb
103328,Holy Motors,https://en.wikipedia.org/wiki/Holy_Motors,tt2076220,Q304739,tmdb
106482,Pyrates,https://en.wikipedia.org/wiki/Pyrates,tt0102733,Q490047,tmdb
92968,Time Freak (2011 film),https://en.wikipedia.org/wiki/Time_Freak_(2011_film),tt1733689,Q517934,tmdb
98894,Jessica (film),https://en.wikipedia.org/wiki/Jessica_(film),tt0056117,Q543949,tmdb
93858,Tabu (2012 film),https://en.wikipedia.org/wiki/Tabu_(2012_film),tt2153963,Q1748666,tmdb
97367,The Place Beyond the Pines,https://en.wikipedia.org/wiki/The_Place_Beyond_the_Pines,tt1817273,Q1754980,tmdb
98357,Broken City,https://en.wikipedia.org/wiki/Broken_City,tt1235522,Q1757570,tmdb
100402,Captain America: The Winter Soldier,https://en.wikipedia.org/wiki/Captain_America:_The_Winter_Soldier,tt1843866,Q1765358,tmdb
96721,Rush (2013 film),https://en.wikipedia.org/wiki/Rush_(2013_film),tt1979320,Q1768437,tmdb
106927,Knighty Knight Bugs,https://en.wikipedia.org/wiki/Knighty_Knight_Bugs,tt0051825,Q1777166,tmdb
99494,Hideaways,https://en.wikipedia.org/wiki/Hideaways,tt1692098,Q3135253,tmdb
107391,The Angel (1982 film),https://en.wikipedia.org/wiki/The_Angel_(1982_film),tt0083559,Q3201970,tmdb
105762,Farewells,https://en.wikipedia.org/wiki/Farewells,tt0052083,Q3230386,tmdb
103731,Mud (2012 film),https://en.wikipedia.org/wiki/Mud_(2012_film),tt1935179,Q3266461,tmdb
95257,Back Streets of Paris,https://en.wikipedia.org/wiki/Back_Streets_of_Paris,tt0038711,Q3273963,tmdb
97889,The Greenskeeper,https://en.wikipedia.org/wiki/The_Greenskeeper,tt0311231,Q3283497,tmdb
98066,The Babymakers,https://en.wikipedia.org/wiki/The_Babymakers,tt0835418,Q3381890,tmdb
94353,Epsilon (film),https://en.wikipedia.org/wiki/Epsilon_(film),tt0112974,Q3415982,tmdb
100830,Radiostars,https://en.wikipedia.org/wiki/Radiostars,tt2104080,Q3417027,tmdb
106763,My Country (2011 film),https://en.wikipedia.org/wiki/My_Country_(2011_film),tt1734468,Q3420854,tmdb
99873,Bunohan,https://en.wikipedia.org/wiki/Bunohan,tt2041321,Q3472334,tmdb
96793,Innocent Bystanders (film),https://en.wikipedia.org/wiki/Innocent_Bystanders_(film),tt0068742,Q3487486,tmdb
102533,Stormy Weather (2003 French-Icelandic film),https://en.wikipedia.org/wiki/Stormy_Weather_(2003_French-Icelandic_film),tt0348876,Q3499867,tmdb
100910,Tender Comrade,https://en.wikipedia.org/wiki/Tender_Comrade,tt0036418,Q1848202,tmdb
105588,Progeny (film),https://en.wikipedia.org/wiki/Progeny_(film),tt0167350,Q1891662,tmdb
94176,Destry (film),https://en.wikipedia.org/wiki/Destry_(film),tt0046906,Q2364343,tmdb
97051,Would You Rather (film),https://en.wikipedia.org/wiki/Would_You_Rather_(film),tt1999995,Q2913392,tmdb
95224,Casimir (film),https://en.wikipedia.org/wiki/Casimir_(film),tt0042318,Q2941034,tmdb
103199,Tizoc (film),https://en.wikipedia.org/wiki/Tizoc_(film),tt0051090,Q3071796,tmdb
96936,The Bling Ring,https://en.wikipedia.org/wiki/The_Bling_Ring,tt2132285,Q3077738,tmdb
99099,Shogun's Joy of Torture,https://en.wikipedia.org/wiki/Shogun%27s_Joy_of_Torture,tt0059816,Q933031,tmdb
101482,Lonesome (1928 film),https://en.wikipedia.org/wiki/Lonesome_(1928_film),tt0019109,Q939497,tmdb
105510,Hi-Riders,https://en.wikipedia.org/wiki/Hi-Riders,tt0076140,Q942776,tmdb
93837,So Undercover,https://en.wikipedia.org/wiki/So_Undercover,tt1766094,Q948726,tmdb
96163,Ratboy,https://en.wikipedia.org/wiki/Ratboy,tt0091827,Q980166,tmdb
103686,Paradise: Love,https://en.wikipedia.org/wiki/Paradise:_Love,tt1403214,Q1033185,tmdb
98203,Captive (2012 film),https://en.wikipedia.org/wiki/Captive_(2012_film),tt1699745,Q1035158,tmdb
93510,The Driver's Seat (film),https://en.wikipedia.org/wiki/The_Driver%27s_Seat_(film),tt0071442,Q1223363,tmdb
106646,The Wolf of Wall Street (2013 film),https://en.wikipedia.org/wiki/The_Wolf_of_Wall_Street_(2013_film),tt0993846,Q1392744,tmdb
94502,Starship (film),https://en.wikipedia.org/wiki/Starship_(film),tt0090068,Q1437524,tmdb
107246,Exposed (1983 film),https://en.wikipedia.org/wiki/Exposed_(1983_film),tt0085513,Q1498130,tmdb
93685,Swingers (2002 film),https://en.wikipedia.org/wiki/Swingers_(2002_film),tt0284534,Q1503263,tmdb
94329,The Raid (2011 film),https://en.wikipedia.org/wiki/The_Raid_(2011_film),tt1899353,Q1573662,tmdb
94204,Meeting Evil,https://en.wikipedia.org/wiki/Meeting_Evil,tt1810697,Q3538388,tmdb
95504,Family Honeymoon,https://en.wikipedia.org/wiki/Family_Honeymoon,tt0040342,Q3603154,tmdb
103216,The Rogues (film),https://en.wikipedia.org/wiki/The_Rogues_(film),tt0095866,Q3791128,tmdb
96333,Weeds (1987 film),https://en.wikipedia.org/wiki/Weeds_(1987_film),tt0094304,Q3795747,tmdb
94880,Our Wife (1941 film),https://en.wikipedia.org/wiki/Our_Wife_(1941_film),tt0033986,Q3822337,tmdb
105079,A Quiet Place to Kill,https://en.wikipedia.org/wiki/A_Quiet_Place_to_Kill,tt0064787,Q3895248,tmdb
104866,Play Motel,https://en.wikipedia.org/wiki/Play_Motel,tt0148615,Q3906486,tmdb
101553,Yankee (film),https://en.wikipedia.org/wiki/Yankee_(film),tt0059924,Q4022511,tmdb
106064,Murdercycle,https://en.wikipedia.org/wiki/Murdercycle,tt0188925,Q4075556,tmdb
105900,Murder on D Street,https://en.wikipedia.org/wiki/Murder_on_D_Street,tt0220379,Q4184337,tmdb
106845,Re-Kill,https://en.wikipedia.org/wiki/Re-Kill,tt1612319,Q4242831,tmdb
102382,The Amazing Spider-Man 2,https://en.wikipedia.org/wiki/The_Amazing_Spider-Man_2,tt1872181,Q4254026,tmdb
100416,Demoted,https://en.wikipedia.org/wiki/Demoted,tt1221207,Q5256375,tmdb
106742,The Stolen Death,https://en.wikipedia.org/wiki/The_Stolen_Death,tt0125576,Q5476367,tmdb
102428,Salomé (2002 film),https://en.wikipedia.org/wiki/Salom%C3%A9_(2002_film),tt0332743,Q5679453,tmdb
102899,Ant-Man (film),https://en.wikipedia.org/wiki/Ant-Man_(film),tt0478970,Q5901134,tmdb
100975,Just Looking,https://en.wikipedia.org/wiki/Just_Looking,tt0162236,Q6316178,tmdb
95322,Moonfire (film),https://en.wikipedia.org/wiki/Moonfire_(film),tt0066095,Q6907768,tmdb
103853,Paljas,https://en.wikipedia.org/wiki/Paljas,tt0134013,Q7127651,tmdb
94597,Paperboys (film),https://en.wikipedia.org/wiki/Paperboys_(film),tt0372459,Q7132737,tmdb
98640,Sleepstalker,https://en.wikipedia.org/wiki/Sleepstalker,tt0114473,Q4359887,tmdb
97370,Under the Skin (2013 film),https://en.wikipedia.org/wiki/Under_the_Skin_(2013_film),tt1441395,Q4366287,tmdb
95415,Anarchy TV,https://en.wikipedia.org/wiki/Anarchy_TV,tt0118616,Q4751680,tmdb
98377,Angelfist,https://en.wikipedia.org/wiki/Angelfist,tt0106280,Q4762634,tmdb
97795,Apartment 143,https://en.wikipedia.org/wiki/Apartment_143,tt1757742,Q4779165,tmdb
106052,Arakimentari,https://en.wikipedia.org/wiki/Arakimentari,tt0390849,Q4783840,tmdb
97361,D (film),https://en.wikipedia.org/wiki/D_(film),tt0454435,Q5207062,tmdb
104412,One-Week Bachelors,https://en.wikipedia.org/wiki/One-Week_Bachelors,tt0084034,Q10509827,tmdb
97936,Sweet November (1968 film),https://en.wikipedia.org/wiki/Sweet_November_(1968_film),tt0063661,Q13479300,tmdb
99861,Avengers: Age of Ultron,https://en.wikipedia.org/wiki/Avengers:_Age_of_Ultron,tt2395427,Q14171368,tmdb
100042,Dumb and Dumber To,https://en.wikipedia.org/wiki/Dumb_and_Dumber_To,tt2096672,Q14932750,tmdb
97206,Taboo (2002 film),https://en.wikipedia.org/wiki/Taboo_(2002_film),tt0288243,Q15206061,tmdb
99886,The Oklahoman (film),https://en.wikipedia.org/wiki/The_Oklahoman_(film),tt0050797,Q15651389,tmdb
106222,Pizza (2005 film),https://en.wikipedia.org/wiki/Pizza_(2005_film),tt0376827,Q7199944,tmdb
102632,Rowdy Rathore,https://en.wikipedia.org/wiki/Rowdy_Rathore,tt2077833,Q7371867,tmdb
98109,Sharks' Treasure,https://en.wikipedia.org/wiki/Sharks%27_Treasure,tt0073695,Q7489860,tmdb
94071,Stingray (film),https://en.wikipedia.org/wiki/Stingray_(film),tt0078323,Q7617428,tmdb
105864,The Good Dinosaur,https://en.wikipedia.org/wiki/The_Good_Dinosaur,tt1979388,Q7737199,tmdb
93116,Valet Girls,https://en.wikipedia.org/wiki/Valet_Girls,tt0094237,Q7911522,tmdb
98566,Teenage Mutant Ninja Turtles (2014 film),https://en.wikipedia.org/wiki/Teenage_Mutant_Ninja_Turtles_(2014_film),tt1291150,Q9653404,tmdb
93407,,,tt0412412,Q2849995,tmdb
105803,,,tt0095582,Q3285738,tmdb
106799,,,tt0111212,Q3486302,tmdb
95429,,,tt0107912,Q4528043,tmdb
96153,,,tt0264446,Q9668273,tmdb
100521,,,tt0422764,Q10712546,tmdb
97930,,,tt0238550,Q11791945,tmdb
105825,,,tt0104719,Q15914024,tmdb
106523,,,tt1746624,Q16720277,tmdb
106271,,,tt0436548,Q32859510,tmdb
102331,,,tt1124001,Q50083980,tmdb
98383,,,tt1512835,Q96657986,tmdb
98584,,,tt0388846,Q110312209,tmdb
102703,,,tt0172402,Q124315896,tmdb
103733,,,tt2338173,Q132820698,tmdb
109445,Frozen (2013 film),https://en.wikipedia.org/wiki/Frozen_(2013_film),tt2294629,Q246283,tmdb
108110,Dark Bar,https://en.wikipedia.org/wiki/Dark_Bar,tt0094949,Q17593328,tmdb
111476,Playroom (film),https://en.wikipedia.org/wiki/Playroom_(film),tt0100373,Q21869722,tmdb
113082,Berserk Golden Age Arc I: The Egg of the King,https://en.wikipedia.org/wiki/Berserk_Golden_Age_Arc_I:_The_Egg_of_the_King,tt2210479,Q52228356,tmdb
110379,Szürkület,https://en.wikipedia.org/wiki/Sz%C3%BCrk%C3%BClet,tt0100732,Q77395310,tmdb
115550,Rancour,https://en.wikipedia.org/wiki/Rancour,tt0294869,Q84513228,tmdb
116445,Wonder Women (1973 film),https://en.wikipedia.org/wiki/Wonder_Women_(1973_film),tt0070926,Q88957309,tmdb
107551,Chumlum,https://en.wikipedia.org/wiki/Chumlum,tt0138362,Q112300318,tmdb
108530,Celluloide,https://en.wikipedia.org/wiki/Celluloide,tt0112652,Q34643,tmdb
109451,Cloudy with a Chance of Meatballs 2,https://en.wikipedia.org/wiki/Cloudy_with_a_Chance_of_Meatballs_2,tt1985966,Q277157,tmdb
110415,Snowpiercer,https://en.wikipedia.org/wiki/Snowpiercer,tt1706620,Q492908,tmdb
109428,Evil Dead (2013 film),https://en.wikipedia.org/wiki/Evil_Dead_(2013_film),tt1288558,Q73279,tmdb
114150,Pitch Perfect,https://en.wikipedia.org/wiki/Pitch_Perfect,tt1981677,Q137584,tmdb
111317,Zenobia (film),https://en.wikipedia.org/wiki/Zenobia_(film),tt0032158,Q189687,tmdb
107846,Escape Plan (film),https://en.wikipedia.org/wiki/Escape_Plan_(film),tt1211956,Q196685,tmdb
109414,This Is the End,https://en.wikipedia.org/wiki/This_Is_the_End,tt1245492,Q607363,tmdb
107985,The World's End (film),https://en.wikipedia.org/wiki/The_World%27s_End_(film),tt1213663,Q722379,tmdb
110490,Rags (2012 film),https://en.wikipedia.org/wiki/Rags_(2012_film),tt1910605,Q1489466,tmdb
113936,The Roof (1956 film),https://en.wikipedia.org/wiki/The_Roof_(1956_film),tt0049839,Q1757561,tmdb
118098,Madame Sousatzka,https://en.wikipedia.org/wiki/Madame_Sousatzka,tt0095564,Q1786310,tmdb
111839,Hemingway & Gellhorn,https://en.wikipedia.org/wiki/Hemingway_%26_Gellhorn,tt0423455,Q2061772,tmdb
117251,White House Down,https://en.wikipedia.org/wiki/White_House_Down,tt2334879,Q2350772,tmdb
109584,Broken (2012 film),https://en.wikipedia.org/wiki/Broken_(2012_film),tt1441940,Q925605,tmdb
108949,Insiang,https://en.wikipedia.org/wiki/Insiang,tt0077740,Q950142,tmdb
118957,Bait 3D,https://en.wikipedia.org/wiki/Bait_3D,tt1438173,Q970746,tmdb
116494,Clearcut (film),https://en.wikipedia.org/wiki/Clearcut_(film),tt0101592,Q985020,tmdb
108547,Kalandorok,https://en.wikipedia.org/wiki/Kalandorok,tt0383062,Q1103394,tmdb
118379,Viva Erotica,https://en.wikipedia.org/wiki/Viva_Erotica,tt0117575,Q1306520,tmdb
110420,Wolf Children,https://en.wikipedia.org/wiki/Wolf_Children,tt2140203,Q1371768,tmdb
114242,Faust (1960 film),https://en.wikipedia.org/wiki/Faust_(1960_film),tt0163624,Q1398537,tmdb
108256,Good Sam (1948 film),https://en.wikipedia.org/wiki/Good_Sam_(1948_film),tt0040395,Q2943549,tmdb
112160,Sexual Chronicles of a French Family,https://en.wikipedia.org/wiki/Sexual_Chronicles_of_a_French_Family,tt1753584,Q2966815,tmdb
112454,Clown (film),https://en.wikipedia.org/wiki/Clown_(film),tt1780798,Q2979760,tmdb
117263,Olympus Has Fallen,https://en.wikipedia.org/wiki/Olympus_Has_Fallen,tt2302755,Q3010512,tmdb
109091,The Counselor,https://en.wikipedia.org/wiki/The_Counselor,tt2193215,Q3061599,tmdb
111469,Girlfriends (1978 film),https://en.wikipedia.org/wiki/Girlfriends_(1978_film),tt0077613,Q5564531,tmdb
118011,Another Dawn (1943 film),https://en.wikipedia.org/wiki/Another_Dawn_(1943_film),tt0035807,Q5604853,tmdb
109418,Grown Ups 2,https://en.wikipedia.org/wiki/Grown_Ups_2,tt2191701,Q5611721,tmdb
115368,Heartless (2005 film),https://en.wikipedia.org/wiki/Heartless_(2005_film),tt0426480,Q5692916,tmdb
109420,Heidi (1995 film),https://en.wikipedia.org/wiki/Heidi_(1995_film),tt0213709,Q5696899,tmdb
118340,Guardians of the Galaxy (film),https://en.wikipedia.org/wiki/Guardians_of_the_Galaxy_(film),tt2015381,Q5887360,tmdb
111485,You Wish! (film),https://en.wikipedia.org/wiki/You_Wish!_(film),tt0329783,Q2358690,tmdb
108969,Winter People,https://en.wikipedia.org/wiki/Winter_People,tt0098659,Q2584949,tmdb
110398,No (2012 film),https://en.wikipedia.org/wiki/No_(2012_film),tt2059255,Q2620241,tmdb
116711,Epic (2013 film),https://en.wikipedia.org/wiki/Epic_(2013_film),tt0848537,Q2700629,tmdb
109439,The Hangover Part III,https://en.wikipedia.org/wiki/The_Hangover_Part_III,tt1951261,Q2708940,tmdb
110447,Dormant Beauty,https://en.wikipedia.org/wiki/Dormant_Beauty,tt2184227,Q2716472,tmdb
109335,Woodland Café,https://en.wikipedia.org/wiki/Woodland_Caf%C3%A9,tt0029795,Q2932282,tmdb
109424,Captain Phillips (film),https://en.wikipedia.org/wiki/Captain_Phillips_(film),tt1535109,Q2937646,tmdb
116149,Paddington (film),https://en.wikipedia.org/wiki/Paddington_(film),tt1109624,Q15055478,tmdb
115874,Second Origin,https://en.wikipedia.org/wiki/Second_Origin,tt1382727,Q15762515,tmdb
114961,"I, Anna","https://en.wikipedia.org/wiki/I,_Anna",tt1587411,Q5967392,tmdb
115153,Kismat (2004 film),https://en.wikipedia.org/wiki/Kismat_(2004_film),tt0391274,Q6416784,tmdb
117844,Krishnarjuna,https://en.wikipedia.org/wiki/Krishnarjuna,tt1150946,Q6437613,tmdb
116562,Loose Loot,https://en.wikipedia.org/wiki/Loose_Loot,tt0046010,Q6675964,tmdb
114168,Perras,https://en.wikipedia.org/wiki/Perras,tt1857824,Q7169598,tmdb
108563,Play Dead (1983 film),https://en.wikipedia.org/wiki/Play_Dead_(1983_film),tt0082914,Q7203014,tmdb
111790,Poo (film),https://en.wikipedia.org/wiki/Poo_(film),tt1476431,Q7228490,tmdb
118052,Rat (film),https://en.wikipedia.org/wiki/Rat_(film),tt0234570,Q7295376,tmdb
112481,Rattlers (film),https://en.wikipedia.org/wiki/Rattlers_(film),tt0073609,Q7295981,tmdb
117378,Rusty Romeos,https://en.wikipedia.org/wiki/Rusty_Romeos,tt0050916,Q7382643,tmdb
114958,Storage 24,https://en.wikipedia.org/wiki/Storage_24,tt1986953,Q7619905,tmdb
117316,Strangers (2007 Israeli film),https://en.wikipedia.org/wiki/Strangers_(2007_Israeli_film),tt1064215,Q7621580,tmdb
118514,Tamahine,https://en.wikipedia.org/wiki/Tamahine,tt0058636,Q7680561,tmdb
112157,Toki no Tabibito: Time Stranger,https://en.wikipedia.org/wiki/Toki_no_Tabibito:_Time_Stranger,tt0185389,Q7813580,tmdb
108322,Tracks (1976 film),https://en.wikipedia.org/wiki/Tracks_(1976_film),tt0075345,Q7831577,tmdb
116565,Tricky Dicks,https://en.wikipedia.org/wiki/Tricky_Dicks,tt0046460,Q7841223,tmdb
110165,Vendetta (1986 film),https://en.wikipedia.org/wiki/Vendetta_(1986_film),tt0092156,Q7919599,tmdb
119425,Shit Year,https://en.wikipedia.org/wiki/Shit_Year,tt1294212,Q10371101,tmdb
112205,The Family (2013 film),https://en.wikipedia.org/wiki/The_Family_(2013_film),tt2404311,Q3061609,tmdb
116977,Foodfight!,https://en.wikipedia.org/wiki/Foodfight!,tt0249516,Q3076451,tmdb
111190,Adoration (2013 film),https://en.wikipedia.org/wiki/Adoration_(2013_film),tt2103267,Q3233052,tmdb
108830,Linear (film),https://en.wikipedia.org/wiki/Linear_(film),tt1400345,Q3241494,tmdb
116745,The Secret Life of Walter Mitty (2013 film),https://en.wikipedia.org/wiki/The_Secret_Life_of_Walter_Mitty_(2013_film),tt0359950,Q3522637,tmdb
109410,42 (film),https://en.wikipedia.org/wiki/42_(film),tt0453562,Q3599091,tmdb
113674,Panic (1983 film),https://en.wikipedia.org/wiki/Panic_(1983_film),tt0075035,Q3633163,tmdb
114090,Danzón (film),https://en.wikipedia.org/wiki/Danz%C3%B3n_(film),tt0101658,Q3702446,tmdb
116861,Her Man (1930 film),https://en.wikipedia.org/wiki/Her_Man_(1930_film),tt0020966,Q3785083,tmdb
115373,Gunshy,https://en.wikipedia.org/wiki/Gunshy,tt0119238,Q3798644,tmdb
112059,,,tt0353667,Q1195247,tmdb
109911,,,tt1052379,Q2267080,tmdb
112473,,,tt0090666,Q2866956,tmdb
107554,,,tt1878932,Q3505216,tmdb
108097,,,tt0096011,Q3941222,tmdb
112708,,,tt0139091,Q5495498,tmdb
116538,,,tt0490080,Q5705433,tmdb
115753,,,tt1208666,Q5863747,tmdb
108710,,,tt0080176,Q9391560,tmdb
116919,,,tt0093532,Q12393274,tmdb
111075,,,tt2185503,Q14733105,tmdb
117209,,,tt0929806,Q16465862,tmdb
116560,,,tt0420328,Q25415146,tmdb
112963,,,tt1615902,Q65150637,tmdb
113210,,,tt0111386,Q114511094,tmdb
109100,,,tt0173990,Q124435902,tmdb
116521,,,tt0091927,Q125622797,tmdb
117509,,,tt0092217,Q125622817,tmdb
112720,,,tt0229694,Q59660,tmdb
109431,Identity Thief,https://en.wikipedia.org/wiki/Identity_Thief,tt2024432,Q3801252,tmdb
118210,Laure (film),https://en.wikipedia.org/wiki/Laure_(film),tt0073271,Q3827879,tmdb
110312,Marianna Ucrìa,https://en.wikipedia.org/wiki/Marianna_Ucr%C3%ACa,tt0116990,Q3847724,tmdb
108074,Dagger Eyes,https://en.wikipedia.org/wiki/Dagger_Eyes,tt0085983,Q3869178,tmdb
119356,Old Boyfriends,https://en.wikipedia.org/wiki/Old_Boyfriends,tt0079660,Q3881503,tmdb
119283,Parker (2013 film),https://en.wikipedia.org/wiki/Parker_(2013_film),tt1904996,Q3896119,tmdb
115290,Blue Lagoon: The Awakening,https://en.wikipedia.org/wiki/Blue_Lagoon:_The_Awakening,tt2287663,Q4142279,tmdb
115221,Station (1981 film),https://en.wikipedia.org/wiki/Station_(1981_film),tt0083124,Q4183833,tmdb
116233,Anchoress (film),https://en.wikipedia.org/wiki/Anchoress_(film),tt0106271,Q4752748,tmdb
109443,Anchorman 2: The Legend Continues,https://en.wikipedia.org/wiki/Anchorman_2:_The_Legend_Continues,tt1229340,Q4752758,tmdb
109018,Athena (1954 film),https://en.wikipedia.org/wiki/Athena_(1954_film),tt0046728,Q4813367,tmdb
109016,Back Street (1941 film),https://en.wikipedia.org/wiki/Back_Street_(1941_film),tt0033365,Q4839171,tmdb
114296,Bagets,https://en.wikipedia.org/wiki/Bagets,tt0325042,Q4841557,tmdb
111646,Biyaheng Langit,https://en.wikipedia.org/wiki/Biyaheng_Langit,tt0291760,Q4919319,tmdb
115580,Jam Films,https://en.wikipedia.org/wiki/Jam_Films,tt0385791,Q4924523,tmdb
117086,Ela Cheppanu,https://en.wikipedia.org/wiki/Ela_Cheppanu,tt1248227,Q5352539,tmdb
111057,Gattu,https://en.wikipedia.org/wiki/Gattu,tt2156785,Q5527527,tmdb
121875,In the House (film),https://en.wikipedia.org/wiki/In_the_House_(film),tt1964624,Q119526,tmdb
130983,Britz (film),https://en.wikipedia.org/wiki/Britz_(film),tt0991005,Q262056,tmdb
121141,The Last Stage,https://en.wikipedia.org/wiki/The_Last_Stage,tt0040674,Q322105,tmdb
122126,The Concubine (film),https://en.wikipedia.org/wiki/The_Concubine_(film),tt2544120,Q491969,tmdb
133931,Adventures in Zambezia,https://en.wikipedia.org/wiki/Adventures_in_Zambezia,tt1488181,Q564661,tmdb
127509,Bad 25 (film),https://en.wikipedia.org/wiki/Bad_25_(film),tt2220642,Q616806,tmdb
120162,Dragon Rapide (film),https://en.wikipedia.org/wiki/Dragon_Rapide_(film),tt0090969,Q622718,tmdb
132332,Manon (1949 film),https://en.wikipedia.org/wiki/Manon_(1949_film),tt0041634,Q937385,tmdb
126919,The Scapegoat (1959 film),https://en.wikipedia.org/wiki/The_Scapegoat_(1959_film),tt0053247,Q1056797,tmdb
126963,Dragon Ball Z: Battle of Gods,https://en.wikipedia.org/wiki/Dragon_Ball_Z:_Battle_of_Gods,tt2263944,Q1150595,tmdb
134810,The Miracle (1959 film),https://en.wikipedia.org/wiki/The_Miracle_(1959_film),tt0053069,Q1214687,tmdb
121895,Daddy Nostalgie,https://en.wikipedia.org/wiki/Daddy_Nostalgie,tt0099341,Q1637978,tmdb
122750,Bubù,https://en.wikipedia.org/wiki/Bub%C3%B9,tt0066867,Q1748270,tmdb
134374,Pain & Gain,https://en.wikipedia.org/wiki/Pain_%26_Gain,tt1980209,Q766427,tmdb
120363,Thérèse Raquin (1928 film),https://en.wikipedia.org/wiki/Th%C3%A9r%C3%A8se_Raquin_(1928_film),tt0019476,Q820636,tmdb
132883,Wonder Bar,https://en.wikipedia.org/wiki/Wonder_Bar,tt0026007,Q821767,tmdb
122917,The Hobbit: The Battle of the Five Armies,https://en.wikipedia.org/wiki/The_Hobbit:_The_Battle_of_the_Five_Armies,tt2310332,Q919649,tmdb
122081,Spring Breakers,https://en.wikipedia.org/wiki/Spring_Breakers,tt2101441,Q1781285,tmdb
134597,The Collection (film),https://en.wikipedia.org/wiki/The_Collection_(film),tt1748227,Q1954593,tmdb
125509,Wrong Turn 5: Bloodlines,https://en.wikipedia.org/wiki/Wrong_Turn_5:_Bloodlines,tt2375779,Q2125739,tmdb
122845,Savage Guns (1961 film),https://en.wikipedia.org/wiki/Savage_Guns_(1961_film),tt0056448,Q2162215,tmdb
128979,Treasure Island (1999 film),https://en.wikipedia.org/wiki/Treasure_Island_(1999_film),tt0248568,Q2249557,tmdb
132232,Mama (2013 film),https://en.wikipedia.org/wiki/Mama_(2013_film),tt2023587,Q29446,tmdb
133805,Carrie (2013 film),https://en.wikipedia.org/wiki/Carrie_(2013_film),tt1939659,Q45384,tmdb
123553,The Mortal Instruments: City of Bones,https://en.wikipedia.org/wiki/The_Mortal_Instruments:_City_of_Bones,tt1538403,Q59346,tmdb
131634,The Hunger Games: Mockingjay – Part 2,https://en.wikipedia.org/wiki/The_Hunger_Games:_Mockingjay_%E2%80%93_Part_2,tt1951266,Q10307713,tmdb
131453,Johan (1921 film),https://en.wikipedia.org/wiki/Johan_(1921_film),tt0012334,Q10540335,tmdb
119450,Dawn of the Planet of the Apes,https://en.wikipedia.org/wiki/Dawn_of_the_Planet_of_the_Apes,tt2103281,Q11220194,tmdb
121856,Assassin's Creed (film),https://en.wikipedia.org/wiki/Assassin%27s_Creed_(film),tt2094766,Q18816889,tmdb
126889,Alien: Covenant,https://en.wikipedia.org/wiki/Alien:_Covenant,tt2316204,Q20430699,tmdb
133543,Undercover Men,https://en.wikipedia.org/wiki/Undercover_Men,tt0027157,Q20650008,tmdb
121245,"Bumblefuck, USA","https://en.wikipedia.org/wiki/Bumblefuck,_USA",tt2025511,Q28000968,tmdb
120597,Framed (1940 film),https://en.wikipedia.org/wiki/Framed_(1940_film),tt0032491,Q64848304,tmdb
121390,Blades (film),https://en.wikipedia.org/wiki/Blades_(film),tt0096936,Q12102734,tmdb
133196,Famine (film),https://en.wikipedia.org/wiki/Famine_(film),tt1753811,Q12119567,tmdb
122019,Macario (film),https://en.wikipedia.org/wiki/Macario_(film),tt0054042,Q13422016,tmdb
121830,Mr. Pip,https://en.wikipedia.org/wiki/Mr._Pip,tt1485749,Q13424132,tmdb
128452,Tulpa (film),https://en.wikipedia.org/wiki/Tulpa_(film),tt2250282,Q13524284,tmdb
128110,Jump (2012 film),https://en.wikipedia.org/wiki/Jump_(2012_film),tt1927067,Q15615974,tmdb
126405,Flareup (film),https://en.wikipedia.org/wiki/Flareup_(film),tt0064333,Q18636440,tmdb
120619,The Trunk (film),https://en.wikipedia.org/wiki/The_Trunk_(film),tt0181086,Q18708871,tmdb
121994,Driftwood (1947 film),https://en.wikipedia.org/wiki/Driftwood_(1947_film),tt0039341,Q18708931,tmdb
123362,Painless (film),https://en.wikipedia.org/wiki/Painless_(film),tt1757769,Q18788457,tmdb
120194,Childish Games,https://en.wikipedia.org/wiki/Childish_Games,tt1734428,Q5097996,tmdb
133790,Clear History,https://en.wikipedia.org/wiki/Clear_History,tt2279864,Q5130724,tmdb
130989,Convoy (1940 film),https://en.wikipedia.org/wiki/Convoy_(1940_film),tt0032359,Q5166611,tmdb
136231,Cyberstalker (film),https://en.wikipedia.org/wiki/Cyberstalker_(film),tt2172001,Q5197853,tmdb
132311,Guinevere (1994 film),https://en.wikipedia.org/wiki/Guinevere_(1994_film),tt0109956,Q5616552,tmdb
129437,Half Angel (1951 film),https://en.wikipedia.org/wiki/Half_Angel_(1951_film),tt0043615,Q5641645,tmdb
121268,Poker Face (2012 film),https://en.wikipedia.org/wiki/Poker_Face_(2012_film),tt1727795,Q5914661,tmdb
122557,Junior Prom,https://en.wikipedia.org/wiki/Junior_Prom,tt0038664,Q6313418,tmdb
128203,Road North (film),https://en.wikipedia.org/wiki/Road_North_(film),tt1864557,Q6351318,tmdb
121382,Killers Three,https://en.wikipedia.org/wiki/Killers_Three,tt0063184,Q6407594,tmdb
124298,Kitchen Party (film),https://en.wikipedia.org/wiki/Kitchen_Party_(film),tt0125319,Q6417984,tmdb
120931,Marked Men (1940 film),https://en.wikipedia.org/wiki/Marked_Men_(1940_film),tt0032763,Q6770608,tmdb
129734,Paradise: Faith,https://en.wikipedia.org/wiki/Paradise:_Faith,tt2371824,Q7134201,tmdb
124114,Party Line (film),https://en.wikipedia.org/wiki/Party_Line_(film),tt0095825,Q7140919,tmdb
125112,Pet Shop (film),https://en.wikipedia.org/wiki/Pet_Shop_(film),tt0110818,Q7171555,tmdb
119603,Poitín (film),https://en.wikipedia.org/wiki/Poit%C3%ADn_(film),tt0079732,Q7208516,tmdb
127876,Sailors (film),https://en.wikipedia.org/wiki/Sailors_(film),tt0057895,Q7400458,tmdb
125094,Sarah (film),https://en.wikipedia.org/wiki/Sarah_(film),tt0242851,Q7422032,tmdb
127439,Intrepid (film),https://en.wikipedia.org/wiki/Intrepid_(film),tt0183280,Q7452186,tmdb
119640,Outback Revenge,https://en.wikipedia.org/wiki/Outback_Revenge,tt1433183,Q7539788,tmdb
127711,Sueño (film),https://en.wikipedia.org/wiki/Sue%C3%B1o_(film),tt0383648,Q7634432,tmdb
124905,Godzilla (2014 film),https://en.wikipedia.org/wiki/Godzilla_(2014_film),tt0831387,Q7731172,tmdb
133458,The Hypnotist (2012 film),https://en.wikipedia.org/wiki/The_Hypnotist_(2012_film),tt1556243,Q7741216,tmdb
127380,Finding Dory,https://en.wikipedia.org/wiki/Finding_Dory,tt2277860,Q9321426,tmdb
126475,,,tt0234266,Q2017186,tmdb
126058,,,tt0393321,Q2551207,tmdb
119903,,,tt1685326,Q3897215,tmdb
120437,,,tt1319629,Q4022713,tmdb
128819,,,tt1153088,Q6163306,tmdb
135326,,,tt0085850,Q10562386,tmdb
135348,,,tt0076792,Q10689518,tmdb
129877,,,tt0056649,Q10713478,tmdb
119632,,,tt1083450,Q17993112,tmdb
135216,,,tt2082280,Q18286978,tmdb
129530,,,tt1744760,Q57315507,tmdb
127445,,,tt1194615,Q65770121,tmdb
125149,,,tt0144233,Q104898532,tmdb
127963,,,tt0117353,Q107352618,tmdb
122095,,,tt0062931,Q108085261,tmdb
124821,,,tt0119049,Q120077399,tmdb
119786,,,tt1757841,Q120392984,tmdb
120595,,,tt0090064,Q123288526,tmdb
132495,,,tt0498900,Q123495982,tmdb
123992,,,tt1519457,Q130370910,tmdb
126003,Cheeky (2003 film),https://en.wikipedia.org/wiki/Cheeky_(2003_film),tt0321640,Q2961947,tmdb
127517,Disconnect (2012 film),https://en.wikipedia.org/wiki/Disconnect_(2012_film),tt1433811,Q3030138,tmdb
130374,Guest Wife,https://en.wikipedia.org/wiki/Guest_Wife,tt0037756,Q3045125,tmdb
121128,Paris Frills,https://en.wikipedia.org/wiki/Paris_Frills,tt0035853,Q3064723,tmdb
125891,Intermezzo (1936 Swedish film),https://en.wikipedia.org/wiki/Intermezzo_(1936_Swedish_film),tt0027796,Q3153203,tmdb
123295,My Reputation,https://en.wikipedia.org/wiki/My_Reputation,tt0038765,Q3222450,tmdb
121971,Uptight (film),https://en.wikipedia.org/wiki/Uptight_(film),tt0063748,Q3283885,tmdb
132219,Hora Proelefsis,https://en.wikipedia.org/wiki/Hora_Proelefsis,tt1334318,Q3332069,tmdb
129670,Nebraska (film),https://en.wikipedia.org/wiki/Nebraska_(film),tt1821549,Q3337646,tmdb
135397,Jurassic World,https://en.wikipedia.org/wiki/Jurassic_World,tt0369610,Q3512046,tmdb
132363,The Butler,https://en.wikipedia.org/wiki/The_Butler,tt1327773,Q3520173,tmdb
120467,The Grand Budapest Hotel,https://en.wikipedia.org/wiki/The_Grand_Budapest_Hotel,tt2278388,Q3521099,tmdb
127372,Emperor (2012 film),https://en.wikipedia.org/wiki/Emperor_(2012_film),tt2103264,Q3724802,tmdb
120457,Drifters (2011 film),https://en.wikipedia.org/wiki/Drifters_(2011_film),tt1699128,Q3772171,tmdb
128639,Kounterfeit,https://en.wikipedia.org/wiki/Kounterfeit,tt0113037,Q3951342,tmdb
130150,Labor Day (film),https://en.wikipedia.org/wiki/Labor_Day_(film),tt1967545,Q4026942,tmdb
123107,Hellbenders (film),https://en.wikipedia.org/wiki/Hellbenders_(film),tt1865393,Q4040532,tmdb
123324,Strays (1991 film),https://en.wikipedia.org/wiki/Strays_(1991_film),tt0102994,Q4080869,tmdb
131631,The Hunger Games: Mockingjay – Part 1,https://en.wikipedia.org/wiki/The_Hunger_Games:_Mockingjay_%E2%80%93_Part_1,tt1951265,Q4142083,tmdb
127768,Aatank,https://en.wikipedia.org/wiki/Aatank,tt0446889,Q4662760,tmdb
122906,About Time (2013 film),https://en.wikipedia.org/wiki/About_Time_(2013_film),tt2194499,Q4668586,tmdb
129439,Bachelor Party (2012 film),https://en.wikipedia.org/wiki/Bachelor_Party_(2012_film),tt2229208,Q4838765,tmdb
119719,Boardwalk (film),https://en.wikipedia.org/wiki/Boardwalk_(film),tt0078886,Q4931447,tmdb
125992,Buddies (1983 film),https://en.wikipedia.org/wiki/Buddies_(1983_film),tt0085278,Q4984288,tmdb
127585,X-Men: Days of Future Past,https://en.wikipedia.org/wiki/X-Men:_Days_of_Future_Past,tt1877832,Q4985891,tmdb
157433,Pet Sematary (2019 film),https://en.wikipedia.org/wiki/Pet_Sematary_(2019_film),tt0837563,Q55102449,tmdb
138202,Future Weather (film),https://en.wikipedia.org/wiki/Future_Weather_(film),tt1701215,Q67171088,tmdb
152601,Her (2013 film),https://en.wikipedia.org/wiki/Her_(2013_film),tt1798709,Q788822,tmdb
149870,The Wind Rises,https://en.wikipedia.org/wiki/The_Wind_Rises,tt2013293,Q888131,tmdb
149871,The Tale of the Princess Kaguya (film),https://en.wikipedia.org/wiki/The_Tale_of_the_Princess_Kaguya_(film),tt2576852,Q888136,tmdb
137094,Jack Ryan: Shadow Recruit,https://en.wikipedia.org/wiki/Jack_Ryan:_Shadow_Recruit,tt1205537,Q902672,tmdb
146216,Red 2 (film),https://en.wikipedia.org/wiki/Red_2_(film),tt1821694,Q903930,tmdb
136795,The Heat (film),https://en.wikipedia.org/wiki/The_Heat_(film),tt2404463,Q135156,tmdb
138697,Don Jon,https://en.wikipedia.org/wiki/Don_Jon,tt2229499,Q499918,tmdb
145066,Waterland (film),https://en.wikipedia.org/wiki/Waterland_(film),tt0105790,Q596844,tmdb
165069,Hameshaa,https://en.wikipedia.org/wiki/Hameshaa,tt0172534,Q688886,tmdb
168246,Jabardasth (film),https://en.wikipedia.org/wiki/Jabardasth_(film),tt2699290,Q17058423,tmdb
138289,Lóve,https://en.wikipedia.org/wiki/L%C3%B3ve,tt2165959,Q17516383,tmdb
153518,The Angry Birds Movie,https://en.wikipedia.org/wiki/The_Angry_Birds_Movie,tt1985949,Q18703062,tmdb
166624,Treading Water (2013 film),https://en.wikipedia.org/wiki/Treading_Water_(2013_film),tt2091427,Q18713326,tmdb
168022,Monster Pies,https://en.wikipedia.org/wiki/Monster_Pies,tt2379082,Q21286447,tmdb
159389,Talhotblond (2012 film),https://en.wikipedia.org/wiki/Talhotblond_(2012_film),tt2180168,Q47093380,tmdb
167073,Brooklyn (film),https://en.wikipedia.org/wiki/Brooklyn_(film),tt2381111,Q16954098,tmdb
140607,Star Wars: The Force Awakens,https://en.wikipedia.org/wiki/Star_Wars:_The_Force_Awakens,tt2488496,Q6074,tmdb
157336,Interstellar (film),https://en.wikipedia.org/wiki/Interstellar_(film),tt0816692,Q13417189,tmdb
140300,Kung Fu Panda 3,https://en.wikipedia.org/wiki/Kung_Fu_Panda_3,tt2267968,Q15055043,tmdb
159824,Hotel Transylvania 2,https://en.wikipedia.org/wiki/Hotel_Transylvania_2,tt2510894,Q15270775,tmdb
160697,Tasmanian Devils (film),https://en.wikipedia.org/wiki/Tasmanian_Devils_(film),tt2180543,Q15642632,tmdb
137116,Smurfs: The Lost Village,https://en.wikipedia.org/wiki/Smurfs:_The_Lost_Village,tt2398241,Q15985075,tmdb
138735,Little Thirteen,https://en.wikipedia.org/wiki/Little_Thirteen,tt2215267,Q15991166,tmdb
168117,Gangoobai,https://en.wikipedia.org/wiki/Gangoobai,tt2624852,Q16248509,tmdb
164287,Love Toy,https://en.wikipedia.org/wiki/Love_Toy,tt0063244,Q16249582,tmdb
138977,Hello Herman,https://en.wikipedia.org/wiki/Hello_Herman,tt1876330,Q16251195,tmdb
136835,No Good Deed (2014 film),https://en.wikipedia.org/wiki/No_Good_Deed_(2014_film),tt2011159,Q16253660,tmdb
140441,Sadako 3D,https://en.wikipedia.org/wiki/Sadako_3D,tt1844025,Q1058489,tmdb
137113,Edge of Tomorrow,https://en.wikipedia.org/wiki/Edge_of_Tomorrow,tt1631867,Q1187607,tmdb
143651,The Monte Carlo Story,https://en.wikipedia.org/wiki/The_Monte_Carlo_Story,tt0049520,Q1214860,tmdb
149157,A Lover in Pawn,https://en.wikipedia.org/wiki/A_Lover_in_Pawn,tt0011499,Q1762006,tmdb
163376,Luv (film),https://en.wikipedia.org/wiki/Luv_(film),tt0061927,Q2023544,tmdb
161447,Yeh Dillagi,https://en.wikipedia.org/wiki/Yeh_Dillagi,tt0111793,Q2066387,tmdb
155765,Saiyuki: Requiem,https://en.wikipedia.org/wiki/Saiyuki:_Requiem,tt0877335,Q2213369,tmdb
140420,Paperman,https://en.wikipedia.org/wiki/Paperman,tt2388725,Q2252695,tmdb
137662,Time Travelers (1976 film),https://en.wikipedia.org/wiki/Time_Travelers_(1976_film),tt0075330,Q2434588,tmdb
152635,The Assassination (film),https://en.wikipedia.org/wiki/The_Assassination_(film),tt0068233,Q2511540,tmdb
137106,The Lego Movie,https://en.wikipedia.org/wiki/The_Lego_Movie,tt1490017,Q2608065,tmdb
168027,Freaky Deaky (film),https://en.wikipedia.org/wiki/Freaky_Deaky_(film),tt0938305,Q16637205,tmdb
166424,Fantastic Four (2015 film),https://en.wikipedia.org/wiki/Fantastic_Four_(2015_film),tt1502712,Q16795448,tmdb
166426,Pirates of the Caribbean: Dead Men Tell No Tales,https://en.wikipedia.org/wiki/Pirates_of_the_Caribbean:_Dead_Men_Tell_No_Tales,tt1790809,Q10350033,tmdb
157353,Transcendence (2014 film),https://en.wikipedia.org/wiki/Transcendence_(2014_film),tt2209764,Q10384115,tmdb
156965,Concussion (2013 film),https://en.wikipedia.org/wiki/Concussion_(2013_film),tt2296697,Q12109044,tmdb
166271,Haunter (film),https://en.wikipedia.org/wiki/Haunter_(film),tt2345567,Q12124716,tmdb
167032,Curse of Chucky,https://en.wikipedia.org/wiki/Curse_of_Chucky,tt2230358,Q12161666,tmdb
136797,Need for Speed (film),https://en.wikipedia.org/wiki/Need_for_Speed_(film),tt2369135,Q13374569,tmdb
154400,The Drop (2014 film),https://en.wikipedia.org/wiki/The_Drop_(2014_film),tt1600196,Q13562077,tmdb
156022,The Equalizer (film),https://en.wikipedia.org/wiki/The_Equalizer_(film),tt0455944,Q13562643,tmdb
138103,The Expendables 3,https://en.wikipedia.org/wiki/The_Expendables_3,tt2333784,Q14370516,tmdb
168259,Furious 7,https://en.wikipedia.org/wiki/Furious_7,tt2820852,Q14650496,tmdb
138419,A Caretaker's Tale,https://en.wikipedia.org/wiki/A_Caretaker%27s_Tale,tt2429638,Q14749215,tmdb
168055,Love Is in the Air (2013 film),https://en.wikipedia.org/wiki/Love_Is_in_the_Air_(2013_film),tt2298384,Q14901482,tmdb
147441,Exodus: Gods and Kings,https://en.wikipedia.org/wiki/Exodus:_Gods_and_Kings,tt1528100,Q14942871,tmdb
150689,Cinderella (2015 American film),https://en.wikipedia.org/wiki/Cinderella_(2015_American_film),tt1661199,Q15046091,tmdb
163431,,,tt2287715,Q10478816,tmdb
143914,,,tt0090108,Q10686319,tmdb
147979,,,tt1842448,Q11240493,tmdb
162346,,,tt0325139,Q15974037,tmdb
166701,,,tt0034288,Q16324723,tmdb
155508,,,tt0440935,Q19854868,tmdb
144625,"Daddy, Darling","https://en.wikipedia.org/wiki/Daddy,_Darling",tt0062847,Q2938161,tmdb
144279,Country Dance (film),https://en.wikipedia.org/wiki/Country_Dance_(film),tt0065581,Q2998899,tmdb
146886,Le Gang,https://en.wikipedia.org/wiki/Le_Gang,tt0076065,Q3223036,tmdb
146322,Running (1979 film),https://en.wikipedia.org/wiki/Running_(1979_film),tt0079832,Q3227993,tmdb
168608,Space Sheriff Gavan: The Movie,https://en.wikipedia.org/wiki/Space_Sheriff_Gavan:_The_Movie,tt2278398,Q3272540,tmdb
136403,Populaire (film),https://en.wikipedia.org/wiki/Populaire_(film),tt2070776,Q3398002,tmdb
146233,Prisoners (2013 film),https://en.wikipedia.org/wiki/Prisoners_(2013_film),tt1392214,Q3404003,tmdb
156431,His Woman,https://en.wikipedia.org/wiki/His_Woman,tt0021963,Q3460362,tmdb
137818,Sweet Jane (film),https://en.wikipedia.org/wiki/Sweet_Jane_(film),tt0130297,Q3506521,tmdb
152532,Dallas Buyers Club,https://en.wikipedia.org/wiki/Dallas_Buyers_Club,tt0790636,Q3520498,tmdb
138832,We're the Millers,https://en.wikipedia.org/wiki/We%27re_the_Millers,tt1723121,Q3566895,tmdb
136400,2 Guns,https://en.wikipedia.org/wiki/2_Guns,tt1272878,Q3598715,tmdb
145433,Eyewitness (1970 film),https://en.wikipedia.org/wiki/Eyewitness_(1970_film),tt0066420,Q3700340,tmdb
163869,Just Write,https://en.wikipedia.org/wiki/Just_Write,tt0119434,Q3730956,tmdb
157354,Fruitvale Station,https://en.wikipedia.org/wiki/Fruitvale_Station,tt2334649,Q3788751,tmdb
144388,Palmy Days,https://en.wikipedia.org/wiki/Palmy_Days,tt0022246,Q3795467,tmdb
138496,Crawlspace (2012 film),https://en.wikipedia.org/wiki/Crawlspace_(2012_film),tt1890375,Q4120943,tmdb
159344,Gold (2013 film),https://en.wikipedia.org/wiki/Gold_(2013_film),tt2338846,Q4200793,tmdb
161401,Love (1991 Indian film),https://en.wikipedia.org/wiki/Love_(1991_Indian_film),tt0392360,Q4271757,tmdb
143049,Adult World,https://en.wikipedia.org/wiki/Adult_World,tt1067765,Q4685915,tmdb
165016,Aflatoon (1997 film),https://en.wikipedia.org/wiki/Aflatoon_(1997_film),tt0225029,Q4689279,tmdb
166498,Africa (1930 film),https://en.wikipedia.org/wiki/Africa_(1930_film),tt0142067,Q4689537,tmdb
156711,Austenland (film),https://en.wikipedia.org/wiki/Austenland_(film),tt1985019,Q4822876,tmdb
158999,Blackfish (film),https://en.wikipedia.org/wiki/Blackfish_(film),tt2545118,Q4922844,tmdb
150117,I Give It a Year,https://en.wikipedia.org/wiki/I_Give_It_a_Year,tt2244901,Q4981181,tmdb
157845,The Rover (2014 film),https://en.wikipedia.org/wiki/The_Rover_(2014_film),tt2345737,Q5042347,tmdb
160035,Flood!,https://en.wikipedia.org/wiki/Flood!,tt0074537,Q5460005,tmdb
138843,The Conjuring,https://en.wikipedia.org/wiki/The_Conjuring,tt1457767,Q5540479,tmdb
167738,Guy (1996 film),https://en.wikipedia.org/wiki/Guy_(1996_film),tt0116465,Q5622033,tmdb
167087,Asfalto,https://en.wikipedia.org/wiki/Asfalto,tt0225100,Q5708194,tmdb
169267,In Person (film),https://en.wikipedia.org/wiki/In_Person_(film),tt0026525,Q6010401,tmdb
150540,Inside Out,https://en.wikipedia.org/wiki/Inside_Out,tt2096673,Q6144664,tmdb
148172,Khaled (film),https://en.wikipedia.org/wiki/Khaled_(film),tt0296707,Q6399288,tmdb
165213,New World (2013 film),https://en.wikipedia.org/wiki/New_World_(2013_film),tt2625030,Q6408823,tmdb
159067,Kunwara,https://en.wikipedia.org/wiki/Kunwara,tt0253194,Q6445147,tmdb
168760,Rent Control (2005 film),https://en.wikipedia.org/wiki/Rent_Control_(2005_film),tt0293555,Q7313505,tmdb
141703,Sixpack Annie,https://en.wikipedia.org/wiki/Sixpack_Annie,tt0073716,Q7532846,tmdb
167948,Space Milkshake,https://en.wikipedia.org/wiki/Space_Milkshake,tt1954843,Q7572422,tmdb
168299,Supercock,https://en.wikipedia.org/wiki/Supercock,tt0073767,Q7643147,tmdb
137683,The Kitchen (2012 film),https://en.wikipedia.org/wiki/The_Kitchen_(2012_film),tt2011300,Q7744767,tmdb
158015,The Purge (2013 film),https://en.wikipedia.org/wiki/The_Purge_(2013_film),tt2184339,Q7758789,tmdb
163997,Tiffany Jones (film),https://en.wikipedia.org/wiki/Tiffany_Jones_(film),tt0070802,Q7801221,tmdb
158852,Tomorrowland (film),https://en.wikipedia.org/wiki/Tomorrowland_(film),tt1964418,Q7820305,tmdb
136799,Trolls (film),https://en.wikipedia.org/wiki/Trolls_(film),tt1679335,Q7845294,tmdb
139484,Witchouse,https://en.wikipedia.org/wiki/Witchouse,tt0217893,Q8027938,tmdb
168488,Yaraana (1995 film),https://en.wikipedia.org/wiki/Yaraana_(1995_film),tt0115009,Q8049203,tmdb
157350,Divergent (film),https://en.wikipedia.org/wiki/Divergent_(film),tt1840309,Q8561227,tmdb
136418,Hummingbird (film),https://en.wikipedia.org/wiki/Hummingbird_(film),tt1893256,Q8990291,tmdb
168672,American Hustle,https://en.wikipedia.org/wiki/American_Hustle,tt1800241,Q9013673,tmdb
186840,Mr. Write,https://en.wikipedia.org/wiki/Mr._Write,tt0110587,Q96394194,tmdb
176693,Lily Dale (film),https://en.wikipedia.org/wiki/Lily_Dale_(film),tt0116884,Q134588275,tmdb
174958,Harakiri (1919 film),https://en.wikipedia.org/wiki/Harakiri_(1919_film),tt0010208,Q2699600,tmdb
177888,Teen Beach Movie,https://en.wikipedia.org/wiki/Teen_Beach_Movie,tt2325989,Q2708392,tmdb
181886,Enemy (2013 film),https://en.wikipedia.org/wiki/Enemy_(2013_film),tt2316411,Q2844879,tmdb
188301,Samurai Sentai Shinkenger vs. Go-onger: GinmakuBang!!,https://en.wikipedia.org/wiki/Samurai_Sentai_Shinkenger_vs._Go-onger:_GinmakuBang!!,tt1567735,Q3231679,tmdb
176294,Roman Tales (film),https://en.wikipedia.org/wiki/Roman_Tales_(film),tt0048530,Q3280762,tmdb
190020,Dinner Time (film),https://en.wikipedia.org/wiki/Dinner_Time_(film),tt0139986,Q523806,tmdb
173299,Hail Caesar (1994 film),https://en.wikipedia.org/wiki/Hail_Caesar_(1994_film),tt0109969,Q634868,tmdb
173737,Fantaghirò 5,https://en.wikipedia.org/wiki/Fantaghir%C3%B2_5,tt0140039,Q636860,tmdb
176983,One Piece Film: Z,https://en.wikipedia.org/wiki/One_Piece_Film:_Z,tt2375379,Q860903,tmdb
181574,Flash (1997 film),https://en.wikipedia.org/wiki/Flash_(1997_film),tt0136199,Q938896,tmdb
184936,Stingaree (1934 film),https://en.wikipedia.org/wiki/Stingaree_(1934_film),tt0025833,Q941768,tmdb
171587,Whatcha Wearin'?,https://en.wikipedia.org/wiki/Whatcha_Wearin%27%3F,tt2592336,Q1256746,tmdb
173267,Housewife (film),https://en.wikipedia.org/wiki/Housewife_(film),tt0025273,Q1750318,tmdb
169962,Counterpoint (film),https://en.wikipedia.org/wiki/Counterpoint_(film),tt0062829,Q2066369,tmdb
178449,Riptide (1934 film),https://en.wikipedia.org/wiki/Riptide_(1934_film),tt0025720,Q2106565,tmdb
188982,Gameboy Kids,https://en.wikipedia.org/wiki/Gameboy_Kids,tt0102155,Q2119212,tmdb
174964,Love (1919 American film),https://en.wikipedia.org/wiki/Love_(1919_American_film),tt0010391,Q2372107,tmdb
184328,Triple Trouble (1950 film),https://en.wikipedia.org/wiki/Triple_Trouble_(1950_film),tt0043071,Q12129783,tmdb
171944,Bambi (2013 film),https://en.wikipedia.org/wiki/Bambi_(2013_film),tt2668120,Q12136489,tmdb
177572,Big Hero 6 (film),https://en.wikipedia.org/wiki/Big_Hero_6_(film),tt2245084,Q13091172,tmdb
171158,Hükümet Kadın,https://en.wikipedia.org/wiki/H%C3%BCk%C3%BCmet_Kad%C4%B1n,tt2645092,Q6056642,tmdb
172385,Rio 2,https://en.wikipedia.org/wiki/Rio_2,tt2357291,Q6296387,tmdb
175574,Free Birds,https://en.wikipedia.org/wiki/Free_Birds,tt1621039,Q6378736,tmdb
173891,Kind Lady (1935 film),https://en.wikipedia.org/wiki/Kind_Lady_(1935_film),tt0027845,Q6410502,tmdb
171769,Leonie (film),https://en.wikipedia.org/wiki/Leonie_(film),tt1426328,Q6526597,tmdb
185349,Murder 101 (2014 film),https://en.wikipedia.org/wiki/Murder_101_(2014_film),tt1584918,Q6937637,tmdb
175587,Our Gang (film),https://en.wikipedia.org/wiki/Our_Gang_(film),tt0013472,Q7110645,tmdb
187509,Picture Perfect (1995 film),https://en.wikipedia.org/wiki/Picture_Perfect_(1995_film),tt0114130,Q7191162,tmdb
180767,Sedona (film),https://en.wikipedia.org/wiki/Sedona_(film),tt1516577,Q7445368,tmdb
186982,A Liberal Passion,https://en.wikipedia.org/wiki/A_Liberal_Passion,tt2882850,Q13472725,tmdb
188161,A Million Ways to Die in the West,https://en.wikipedia.org/wiki/A_Million_Ways_to_Die_in_the_West,tt2557490,Q13582568,tmdb
181283,Child 44 (film),https://en.wikipedia.org/wiki/Child_44_(film),tt1014763,Q13806247,tmdb
182858,Jack (2004 film),https://en.wikipedia.org/wiki/Jack_(2004_film),tt0388141,Q3310425,tmdb
173707,Checkpoint (1956 film),https://en.wikipedia.org/wiki/Checkpoint_(1956_film),tt0049065,Q3415117,tmdb
185078,Without Pity (1948 film),https://en.wikipedia.org/wiki/Without_Pity_(1948_film),tt0040773,Q3472468,tmdb
172226,In Secret (film),https://en.wikipedia.org/wiki/In_Secret_(film),tt0409379,Q3527366,tmdb
187807,Slim (film),https://en.wikipedia.org/wiki/Slim_(film),tt0029579,Q3613092,tmdb
182799,Cement (film),https://en.wikipedia.org/wiki/Cement_(film),tt0138353,Q3664338,tmdb
176013,Gli inaffidabili,https://en.wikipedia.org/wiki/Gli_inaffidabili,tt0141343,Q3772105,tmdb
176167,Parsifal (1982 film),https://en.wikipedia.org/wiki/Parsifal_(1982_film),tt0084476,Q3896511,tmdb
186632,Dismissed on His Wedding Night,https://en.wikipedia.org/wiki/Dismissed_on_His_Wedding_Night,tt0173203,Q3962125,tmdb
182502,Boogie Boy,https://en.wikipedia.org/wiki/Boogie_Boy,tt0118748,Q4097771,tmdb
181638,Ankahee (2006 film),https://en.wikipedia.org/wiki/Ankahee_(2006_film),tt0495022,Q4765949,tmdb
170274,Bait (1950 film),https://en.wikipedia.org/wiki/Bait_(1950_film),tt0042220,Q4848712,tmdb
179288,Blackbird (2007 film),https://en.wikipedia.org/wiki/Blackbird_(2007_film),tt0972546,Q4922572,tmdb
185273,Bowery Battalion,https://en.wikipedia.org/wiki/Bowery_Battalion,tt0043356,Q4950927,tmdb
180853,Chashme Baddoor (2013 film),https://en.wikipedia.org/wiki/Chashme_Baddoor_(2013_film),tt2229848,Q5087281,tmdb
185167,Consuming Passions,https://en.wikipedia.org/wiki/Consuming_Passions,tt0094907,Q5164756,tmdb
173032,Daddy (1991 film),https://en.wikipedia.org/wiki/Daddy_(1991_film),tt0101645,Q5207983,tmdb
190227,Marianne (1929 musical film),https://en.wikipedia.org/wiki/Marianne_(1929_musical_film),tt0020143,Q5315419,tmdb
179805,Lotus Eaters (film),https://en.wikipedia.org/wiki/Lotus_Eaters_(film),tt1734580,Q28465805,tmdb
185998,Sweepstake Annie,https://en.wikipedia.org/wiki/Sweepstake_Annie,tt0027063,Q54021116,tmdb
188373,Young Blood (1932 film),https://en.wikipedia.org/wiki/Young_Blood_(1932_film),tt0024795,Q55638119,tmdb
182938,Sepia Cinderella,https://en.wikipedia.org/wiki/Sepia_Cinderella,tt0039812,Q7451890,tmdb
173842,Show Business (1944 film),https://en.wikipedia.org/wiki/Show_Business_(1944_film),tt0037274,Q7502941,tmdb
175171,Swing Fever,https://en.wikipedia.org/wiki/Swing_Fever,tt0037335,Q7658561,tmdb
174626,Tangier (1982 film),https://en.wikipedia.org/wiki/Tangier_(1982_film),tt0084763,Q7682977,tmdb
169776,Texas Lady,https://en.wikipedia.org/wiki/Texas_Lady,tt0048711,Q7707800,tmdb
173185,It Boy,https://en.wikipedia.org/wiki/It_Boy,tt2186812,Q9139477,tmdb
169917,A Walk Among the Tombstones (film),https://en.wikipedia.org/wiki/A_Walk_Among_the_Tombstones_(film),tt0365907,Q11060926,tmdb
186929,Borgman (film),https://en.wikipedia.org/wiki/Borgman_(film),tt1954315,Q11394785,tmdb
177937,Speed (1936 film),https://en.wikipedia.org/wiki/Speed_(1936_film),tt0028291,Q12069787,tmdb
170687,The Boxtrolls,https://en.wikipedia.org/wiki/The_Boxtrolls,tt0787474,Q12103758,tmdb
182338,Super-Sleuth,https://en.wikipedia.org/wiki/Super-Sleuth,tt0029622,Q16999659,tmdb
174987,Spring Reunion,https://en.wikipedia.org/wiki/Spring_Reunion,tt0051007,Q17048775,tmdb
174678,Mr. Jones (2013 film),https://en.wikipedia.org/wiki/Mr._Jones_(2013_film),tt2507280,Q17070063,tmdb
170194,Riddle (film),https://en.wikipedia.org/wiki/Riddle_(film),tt1648208,Q17127126,tmdb
186416,Thieves (1977 film),https://en.wikipedia.org/wiki/Thieves_(1977_film),tt0076815,Q17747292,tmdb
171026,Dino (film),https://en.wikipedia.org/wiki/Dino_(film),tt0050316,Q18149280,tmdb
185474,Paranormal Movie,https://en.wikipedia.org/wiki/Paranormal_Movie,tt2392846,Q18153091,tmdb
181808,Star Wars: The Last Jedi,https://en.wikipedia.org/wiki/Star_Wars:_The_Last_Jedi,tt2527336,Q18486021,tmdb
181812,Star Wars: The Rise of Skywalker,https://en.wikipedia.org/wiki/Star_Wars:_The_Rise_of_Skywalker,tt2527338,Q20977110,tmdb
185254,Fedra (film),https://en.wikipedia.org/wiki/Fedra_(film),tt0049203,Q20977992,tmdb
169300,Juvenile Jungle (film),https://en.wikipedia.org/wiki/Juvenile_Jungle_(film),tt0051805,Q21869478,tmdb
180863,T2 Trainspotting,https://en.wikipedia.org/wiki/T2_Trainspotting,tt2763304,Q23758755,tmdb
172785,Expecting (film),https://en.wikipedia.org/wiki/Expecting_(film),tt2040367,Q27757563,tmdb
171274,Inherent Vice (film),https://en.wikipedia.org/wiki/Inherent_Vice_(film),tt1791528,Q13806537,tmdb
184346,Deliver Us from Evil (2014 film),https://en.wikipedia.org/wiki/Deliver_Us_from_Evil_(2014_film),tt2377322,Q14370012,tmdb
184315,Hercules (2014 film),https://en.wikipedia.org/wiki/Hercules_(2014_film),tt1267297,Q14522493,tmdb
184345,A Haunted House 2,https://en.wikipedia.org/wiki/A_Haunted_House_2,tt2828996,Q14906074,tmdb
187017,22 Jump Street,https://en.wikipedia.org/wiki/22_Jump_Street,tt2294449,Q15040917,tmdb
188222,Entourage (film),https://en.wikipedia.org/wiki/Entourage_(film),tt1674771,Q15725811,tmdb
181533,Night at the Museum: Secret of the Tomb,https://en.wikipedia.org/wiki/Night_at_the_Museum:_Secret_of_the_Tomb,tt2692250,Q15916752,tmdb
188927,Star Trek Beyond,https://en.wikipedia.org/wiki/Star_Trek_Beyond,tt2660888,Q15929448,tmdb
181225,Pursuit (1935 film),https://en.wikipedia.org/wiki/Pursuit_(1935_film),tt0026901,Q16670860,tmdb
182908,,,tt1208663,Q1267980,tmdb
170563,,,tt1372730,Q3149186,tmdb
186000,,,tt0108182,Q3492370,tmdb
171942,,,tt2722696,Q3514284,tmdb
169664,,,tt0400155,Q3922192,tmdb
182769,,,tt0339464,Q4340290,tmdb
180975,,,tt0289701,Q4530753,tmdb
174234,,,tt1830761,Q6073226,tmdb
187826,,,tt0132891,Q9661482,tmdb
184002,,,tt0097753,Q11875877,tmdb
171292,,,tt0083821,Q18642027,tmdb
182545,,,tt2572160,Q18818678,tmdb
172457,,,tt2144007,Q21004173,tmdb
176132,,,tt0765062,Q23564091,tmdb
177838,,,tt2579836,Q25447846,tmdb
190452,,,tt0075053,Q71748462,tmdb
177123,,,tt0297125,Q78650829,tmdb
176542,,,tt0150593,Q123581667,tmdb
174007,,,tt2034122,Q128601207,tmdb
184677,,,tt0026283,Q136089582,tmdb
186850,,,tt0819693,Q136452060,tmdb
201006,Margarita (2012 film),https://en.wikipedia.org/wiki/Margarita_(2012_film),tt2318601,Q22000428,tmdb
195757,The Ultimate Life,https://en.wikipedia.org/wiki/The_Ultimate_Life,tt1778924,Q55643416,tmdb
200511,7 Minutes (2014 film),https://en.wikipedia.org/wiki/7_Minutes_(2014_film),tt2828954,Q56307532,tmdb
204035,The Bulldance,https://en.wikipedia.org/wiki/The_Bulldance,tt0097375,Q58411625,tmdb
194879,Koenigsmark (1935 film),https://en.wikipedia.org/wiki/Koenigsmark_(1935_film),tt0138565,Q3201337,tmdb
197796,Beauty and the Beast (2014 film),https://en.wikipedia.org/wiki/Beauty_and_the_Beast_(2014_film),tt2316801,Q3206615,tmdb
199072,Woman Obsessed,https://en.wikipedia.org/wiki/Woman_Obsessed,tt0053450,Q3208794,tmdb
198769,The Upthrown Stone,https://en.wikipedia.org/wiki/The_Upthrown_Stone,tt0062963,Q3211637,tmdb
196909,Libera me (1993 film),https://en.wikipedia.org/wiki/Libera_me_(1993_film),tt0107403,Q3237731,tmdb
193756,Lone Survivor,https://en.wikipedia.org/wiki/Lone_Survivor,tt1091191,Q3258993,tmdb
198277,Begin Again (film),https://en.wikipedia.org/wiki/Begin_Again_(film),tt1980929,Q2935739,tmdb
205022,Chennai Express,https://en.wikipedia.org/wiki/Chennai_Express,tt2112124,Q2962658,tmdb
191712,Don Juan (1956 film),https://en.wikipedia.org/wiki/Don_Juan_(1956_film),tt0048946,Q3035805,tmdb
204082,Homefront (2013 film),https://en.wikipedia.org/wiki/Homefront_(2013_film),tt2312718,Q3139644,tmdb
209262,Parkland (film),https://en.wikipedia.org/wiki/Parkland_(film),tt2345112,Q3365474,tmdb
207377,Parvarish (1977 film),https://en.wikipedia.org/wiki/Parvarish_(1977_film),tt0076527,Q3429782,tmdb
192102,3 Days to Kill,https://en.wikipedia.org/wiki/3_Days_to_Kill,tt2172934,Q3525931,tmdb
200923,Zaza (1923 film),https://en.wikipedia.org/wiki/Zaza_(1923_film),tt0014636,Q3574963,tmdb
205960,Happy Days (1929 film),https://en.wikipedia.org/wiki/Happy_Days_(1929_film),tt0020949,Q3765965,tmdb
191999,Granddad (film),https://en.wikipedia.org/wiki/Granddad_(film),tt0002910,Q3775514,tmdb
193777,Lisa (2001 film),https://en.wikipedia.org/wiki/Lisa_(2001_film),tt0261800,Q3833341,tmdb
191306,Rossini! Rossini!,https://en.wikipedia.org/wiki/Rossini!_Rossini!,tt0156026,Q3941640,tmdb
203066,Motorcycle Gang (1994 film),https://en.wikipedia.org/wiki/Motorcycle_Gang_(1994_film),tt0110573,Q4077236,tmdb
204679,Nightbreaker (film),https://en.wikipedia.org/wiki/Nightbreaker_(film),tt0097977,Q132236,tmdb
192727,Arms and the Man (1958 film),https://en.wikipedia.org/wiki/Arms_and_the_Man_(1958_film),tt0051712,Q316324,tmdb
199198,Guendalina (film),https://en.wikipedia.org/wiki/Guendalina_(film),tt0049282,Q535852,tmdb
198796,Ten Thousand Days (film),https://en.wikipedia.org/wiki/Ten_Thousand_Days_(film),tt0059838,Q633836,tmdb
198661,Metello,https://en.wikipedia.org/wiki/Metello,tt0066075,Q645490,tmdb
209379,Knight Rider (2008 film),https://en.wikipedia.org/wiki/Knight_Rider_(2008_film),tt1114258,Q660092,tmdb
203949,Party (1996 film),https://en.wikipedia.org/wiki/Party_(1996_film),tt0117301,Q935736,tmdb
198500,The Constant Factor,https://en.wikipedia.org/wiki/The_Constant_Factor,tt0080561,Q1405186,tmdb
204958,Herbie (film),https://en.wikipedia.org/wiki/Herbie_(film),tt0060504,Q1609393,tmdb
198466,I Love You (1986 film),https://en.wikipedia.org/wiki/I_Love_You_(1986_film),tt0091244,Q1749842,tmdb
198932,Malatesta (film),https://en.wikipedia.org/wiki/Malatesta_(film),tt0066044,Q1801996,tmdb
203562,Istanbul (film),https://en.wikipedia.org/wiki/Istanbul_(film),tt0050552,Q1970008,tmdb
203801,The Man from U.N.C.L.E. (film),https://en.wikipedia.org/wiki/The_Man_from_U.N.C.L.E._(film),tt1638355,Q14488725,tmdb
207933,Stonehearst Asylum,https://en.wikipedia.org/wiki/Stonehearst_Asylum,tt1772264,Q14522896,tmdb
204456,Bula Quo!,https://en.wikipedia.org/wiki/Bula_Quo!,tt2363115,Q14623361,tmdb
209112,Batman v Superman: Dawn of Justice,https://en.wikipedia.org/wiki/Batman_v_Superman:_Dawn_of_Justice,tt2975590,Q14772351,tmdb
205321,Sharknado,https://en.wikipedia.org/wiki/Sharknado,tt2724064,Q13794921,tmdb
193610,The Other Woman (2014 film),https://en.wikipedia.org/wiki/The_Other_Woman_(2014_film),tt2203939,Q14272676,tmdb
209271,"Hateship, Loveship","https://en.wikipedia.org/wiki/Hateship,_Loveship",tt2463512,Q14387340,tmdb
205867,Parisiennes (film),https://en.wikipedia.org/wiki/Parisiennes_(film),tt0019249,Q10620402,tmdb
197976,Himala,https://en.wikipedia.org/wiki/Himala,tt0125144,Q12124781,tmdb
197704,Santiago (1956 film),https://en.wikipedia.org/wiki/Santiago_(1956_film),tt0049714,Q12127297,tmdb
198663,The Maze Runner (film),https://en.wikipedia.org/wiki/The_Maze_Runner_(film),tt1790864,Q13099455,tmdb
194662,Birdman (film),https://en.wikipedia.org/wiki/Birdman_(film),tt2562232,Q13255497,tmdb
197521,Sweetwater (1988 film),https://en.wikipedia.org/wiki/Sweetwater_(1988_film),tt0096202,Q13363365,tmdb
199277,Particle (film),https://en.wikipedia.org/wiki/Particle_(film),tt2343582,Q13406147,tmdb
201088,Blackhat (film),https://en.wikipedia.org/wiki/Blackhat_(film),tt2717822,Q13424932,tmdb
205587,The Judge (2014 film),https://en.wikipedia.org/wiki/The_Judge_(2014_film),tt1872194,Q13573278,tmdb
190780,Twenty-One (1991 film),https://en.wikipedia.org/wiki/Twenty-One_(1991_film),tt0103143,Q4155609,tmdb
206951,Littlefinger (film),https://en.wikipedia.org/wiki/Littlefinger_(film),tt0089818,Q4279573,tmdb
193551,All of a Sudden (1996 film),https://en.wikipedia.org/wiki/All_of_a_Sudden_(1996_film),tt0115511,Q4730065,tmdb
192339,Big Brother (2007 film),https://en.wikipedia.org/wiki/Big_Brother_(2007_film),tt0476762,Q4905238,tmdb
193492,Distant Journey,https://en.wikipedia.org/wiki/Distant_Journey,tt0168626,Q5282888,tmdb
206790,Evangeline (1929 film),https://en.wikipedia.org/wiki/Evangeline_(1929_film),tt0019856,Q5415787,tmdb
205473,Fort Ti,https://en.wikipedia.org/wiki/Fort_Ti,tt0045784,Q5472177,tmdb
208227,Freefall (2009 film),https://en.wikipedia.org/wiki/Freefall_(2009_film),tt1320093,Q5500865,tmdb
190967,3 Geezers!,https://en.wikipedia.org/wiki/3_Geezers!,tt1825784,Q5530010,tmdb
203555,Girls' Dormitory,https://en.wikipedia.org/wiki/Girls%27_Dormitory,tt0027677,Q5564559,tmdb
203834,Jessabelle,https://en.wikipedia.org/wiki/Jessabelle,tt2300975,Q6186046,tmdb
198652,Loot (1970 film),https://en.wikipedia.org/wiki/Loot_(1970_film),tt0066002,Q6676038,tmdb
204239,Magika,https://en.wikipedia.org/wiki/Magika,tt1728655,Q6731085,tmdb
200785,Melancholia (2008 film),https://en.wikipedia.org/wiki/Melancholia_(2008_film),tt1269566,Q6811180,tmdb
193309,Mississippi Damned,https://en.wikipedia.org/wiki/Mississippi_Damned,tt1169834,Q6879110,tmdb
197897,Nutcracker (film),https://en.wikipedia.org/wiki/Nutcracker_(film),tt0084425,Q7070436,tmdb
194293,Quebec (1951 film),https://en.wikipedia.org/wiki/Quebec_(1951_film),tt0043946,Q7269740,tmdb
192451,Young Fury,https://en.wikipedia.org/wiki/Young_Fury,tt0059932,Q10394718,tmdb
205277,Climax (2013 film),https://en.wikipedia.org/wiki/Climax_(2013_film),tt6092606,Q16247667,tmdb
207766,Missionary (film),https://en.wikipedia.org/wiki/Missionary_(film),tt2095713,Q16253276,tmdb
201018,Fanny (2013 film),https://en.wikipedia.org/wiki/Fanny_(2013_film),tt1872101,Q16635837,tmdb
193722,R100 (film),https://en.wikipedia.org/wiki/R100_(film),tt2914838,Q16899465,tmdb
204089,Epic (1984 film),https://en.wikipedia.org/wiki/Epic_(1984_film),tt0296620,Q16947425,tmdb
198062,Coffee Town,https://en.wikipedia.org/wiki/Coffee_Town,tt2234025,Q16949685,tmdb
190859,American Sniper,https://en.wikipedia.org/wiki/American_Sniper,tt2179136,Q16970789,tmdb
206487,Predestination (film),https://en.wikipedia.org/wiki/Predestination_(film),tt2397535,Q17014394,tmdb
191804,Dragstrip Riot,https://en.wikipedia.org/wiki/Dragstrip_Riot,tt0051555,Q17105022,tmdb
206419,Red Line (2012 film),https://en.wikipedia.org/wiki/Red_Line_(2012_film),tt1930458,Q17127755,tmdb
204821,Dragstrip Girl (1994 film),https://en.wikipedia.org/wiki/Dragstrip_Girl_(1994_film),tt0109662,Q17156074,tmdb
207932,Inferno (2016 film),https://en.wikipedia.org/wiki/Inferno_(2016_film),tt3062096,Q18192306,tmdb
206647,Spectre (2015 film),https://en.wikipedia.org/wiki/Spectre_(2015_film),tt2379713,Q18602670,tmdb
199851,Hawaii (2013 film),https://en.wikipedia.org/wiki/Hawaii_(2013_film),tt2801746,Q18703903,tmdb
192644,Ultrasonic (film),https://en.wikipedia.org/wiki/Ultrasonic_(film),tt2070883,Q19881602,tmdb
206563,Trash (2014 film),https://en.wikipedia.org/wiki/Trash_(2014_film),tt1921149,Q14774997,tmdb
195589,Neighbors (2014 film),https://en.wikipedia.org/wiki/Neighbors_(2014_film),tt2004420,Q14802842,tmdb
209361,One Chance (film),https://en.wikipedia.org/wiki/One_Chance_(film),tt1196956,Q14833091,tmdb
205596,The Imitation Game,https://en.wikipedia.org/wiki/The_Imitation_Game,tt2084970,Q14918344,tmdb
193893,Let's Be Cops,https://en.wikipedia.org/wiki/Let%27s_Be_Cops,tt1924435,Q14948579,tmdb
205601,Belle (2013 film),https://en.wikipedia.org/wiki/Belle_(2013_film),tt2404181,Q14953063,tmdb
196867,Annie (2014 film),https://en.wikipedia.org/wiki/Annie_(2014_film),tt1823664,Q15039835,tmdb
207768,I Spit on Your Grave 2,https://en.wikipedia.org/wiki/I_Spit_on_Your_Grave_2,tt2537176,Q15039856,tmdb
207703,Kingsman: The Secret Service,https://en.wikipedia.org/wiki/Kingsman:_The_Secret_Service,tt2802144,Q15068238,tmdb
205775,In the Heart of the Sea (film),https://en.wikipedia.org/wiki/In_the_Heart_of_the_Sea_(film),tt1390411,Q15079316,tmdb
198184,Chappie (film),https://en.wikipedia.org/wiki/Chappie_(film),tt1823672,Q15209986,tmdb
192141,No Escape (2015 film),https://en.wikipedia.org/wiki/No_Escape_(2015_film),tt1781922,Q15272134,tmdb
200727,"Love, Rosie (film)","https://en.wikipedia.org/wiki/Love,_Rosie_(film)",tt1638002,Q15522237,tmdb
209251,Cannibal (2013 film),https://en.wikipedia.org/wiki/Cannibal_(2013_film),tt1718747,Q15725568,tmdb
201085,Crimson Peak,https://en.wikipedia.org/wiki/Crimson_Peak,tt2554274,Q15729025,tmdb
206521,,,tt1399533,Q3660203,tmdb
205270,,,tt0164493,Q3664379,tmdb
191152,,,tt0252602,Q6072221,tmdb
204178,,,tt0060197,Q16652911,tmdb
192823,,,tt0206290,Q16720724,tmdb
202497,,,tt0346138,Q21517588,tmdb
197530,,,tt0096496,Q25395769,tmdb
207270,,,tt1891923,Q27189854,tmdb
207508,,,tt0066852,Q37804711,tmdb
192982,,,tt0092864,Q60854539,tmdb
208802,,,tt0846033,Q64796906,tmdb
207490,,,tt0160498,Q92093137,tmdb
194894,,,tt1990232,Q106718800,tmdb
206635,,,tt0923005,Q124299993,tmdb
191231,,,tt1584146,Q130647751,tmdb
224141,Into the Woods (film),https://en.wikipedia.org/wiki/Into_the_Woods_(film),tt2180411,Q14847067,tmdb
210577,Gone Girl (film),https://en.wikipedia.org/wiki/Gone_Girl_(film),tt2267998,Q14920425,tmdb
225747,Vendetta (2013 film),https://en.wikipedia.org/wiki/Vendetta_(2013_film),tt2572632,Q7919600,tmdb
213864,Fat Guy Goes Nutzoid,https://en.wikipedia.org/wiki/Fat_Guy_Goes_Nutzoid,tt0092285,Q8068599,tmdb
224658,Festa (film),https://en.wikipedia.org/wiki/Festa_(film),tt0156531,Q10281728,tmdb
224746,Bekas (film),https://en.wikipedia.org/wiki/Bekas_(film),tt1733105,Q10427785,tmdb
218043,Left Behind (2014 film),https://en.wikipedia.org/wiki/Left_Behind_(2014_film),tt2467046,Q12071513,tmdb
211672,Minions (film),https://en.wikipedia.org/wiki/Minions_(film),tt2293640,Q13619743,tmdb
217434,Kisapmata,https://en.wikipedia.org/wiki/Kisapmata,tt0221322,Q3585810,tmdb
215136,Freefall (1994 film),https://en.wikipedia.org/wiki/Freefall_(1994_film),tt0109840,Q4411136,tmdb
209581,3 Seasons,https://en.wikipedia.org/wiki/3_Seasons,tt1275494,Q4636574,tmdb
215357,Abra Cadabra (film),https://en.wikipedia.org/wiki/Abra_Cadabra_(film),tt0208663,Q4668693,tmdb
209937,Big Jack (film),https://en.wikipedia.org/wiki/Big_Jack_(film),tt0041176,Q4905890,tmdb
216056,Broken Flag,https://en.wikipedia.org/wiki/Broken_Flag,tt0077207,Q4973370,tmdb
213208,Delusion (1981 film),https://en.wikipedia.org/wiki/Delusion_(1981_film),tt0080607,Q5254896,tmdb
220690,Distant Thunder (1988 film),https://en.wikipedia.org/wiki/Distant_Thunder_(1988_film),tt0095036,Q5282913,tmdb
213033,Faeries (1999 film),https://en.wikipedia.org/wiki/Faeries_(1999_film),tt0233691,Q5429331,tmdb
210103,Fuzzbucket,https://en.wikipedia.org/wiki/Fuzzbucket,tt0286639,Q5511034,tmdb
223816,Hell Below,https://en.wikipedia.org/wiki/Hell_Below,tt0024100,Q5706507,tmdb
222795,Jeromin,https://en.wikipedia.org/wiki/Jeromin,tt0045933,Q5929367,tmdb
214064,Masoom (1996 film),https://en.wikipedia.org/wiki/Masoom_(1996_film),tt0978642,Q6783849,tmdb
225179,Paramathma (film),https://en.wikipedia.org/wiki/Paramathma_(film),tt2075277,Q7135156,tmdb
222781,Pointed Heels,https://en.wikipedia.org/wiki/Pointed_Heels,tt0020278,Q7208353,tmdb
215077,Rebel Love,https://en.wikipedia.org/wiki/Rebel_Love,tt0091831,Q7302040,tmdb
221088,Road Gang,https://en.wikipedia.org/wiki/Road_Gang,tt0028190,Q7339335,tmdb
216769,Swindle (2013 film),https://en.wikipedia.org/wiki/Swindle_(2013_film),tt2545440,Q7658403,tmdb
216015,Fifty Shades of Grey (film),https://en.wikipedia.org/wiki/Fifty_Shades_of_Grey_(film),tt2322441,Q14566553,tmdb
222935,The Fault in Our Stars (film),https://en.wikipedia.org/wiki/The_Fault_in_Our_Stars_(film),tt2582846,Q14704171,tmdb
214291,Broken Mirrors (1984 film),https://en.wikipedia.org/wiki/Broken_Mirrors_(1984_film),tt0087320,Q745281,tmdb
214722,Pretty Cure All Stars New Stage 2: Friends of the Heart,https://en.wikipedia.org/wiki/Pretty_Cure_All_Stars_New_Stage_2:_Friends_of_the_Heart,tt6447408,Q1032047,tmdb
226458,Exeter (film),https://en.wikipedia.org/wiki/Exeter_(film),tt1945044,Q1840845,tmdb
211747,Pop Gear,https://en.wikipedia.org/wiki/Pop_Gear,tt0237588,Q2675654,tmdb
225574,Non-Stop (film),https://en.wikipedia.org/wiki/Non-Stop_(film),tt2024469,Q2855777,tmdb
220286,Grand Piano (film),https://en.wikipedia.org/wiki/Grand_Piano_(film),tt2039345,Q3113698,tmdb
224600,The Executioner (1970 film),https://en.wikipedia.org/wiki/The_Executioner_(1970_film),tt0065711,Q3203427,tmdb
214216,Baby Cakes (film),https://en.wikipedia.org/wiki/Baby_Cakes_(film),tt0096872,Q3384226,tmdb
217323,Rasganço,https://en.wikipedia.org/wiki/Rasgan%C3%A7o,tt0228766,Q19581437,tmdb
213684,Manakamana (film),https://en.wikipedia.org/wiki/Manakamana_(film),tt3103326,Q19961504,tmdb
216978,Ellektra,https://en.wikipedia.org/wiki/Ellektra,tt0385676,Q27959593,tmdb
222870,Subliminal Seduction,https://en.wikipedia.org/wiki/Subliminal_Seduction,tt0116319,Q29906241,tmdb
222851,Sawbones (film),https://en.wikipedia.org/wiki/Sawbones_(film),tt0114343,Q30607745,tmdb
225281,Hello Carter,https://en.wikipedia.org/wiki/Hello_Carter,tt2636488,Q42048286,tmdb
216440,Paradise (2013 Mexican film),https://en.wikipedia.org/wiki/Paradise_(2013_Mexican_film),tt2866676,Q46086004,tmdb
225285,Blackwood (2013 film),https://en.wikipedia.org/wiki/Blackwood_(2013_film),tt2570414,Q50808989,tmdb
220909,Party Girl (1930 film),https://en.wikipedia.org/wiki/Party_Girl_(1930_film),tt0021239,Q51885768,tmdb
225405,Harrigan (film),https://en.wikipedia.org/wiki/Harrigan_(film),tt2115325,Q55613438,tmdb
216196,Deathmoon,https://en.wikipedia.org/wiki/Deathmoon,tt0077411,Q56277371,tmdb
213207,Claws (film),https://en.wikipedia.org/wiki/Claws_(film),tt0075857,Q85752745,tmdb
221887,Malay Nights,https://en.wikipedia.org/wiki/Malay_Nights,tt0023176,Q111902346,tmdb
222018,,,tt0080522,Q1072050,tmdb
213439,,,tt0119012,Q1148174,tmdb
222953,,,tt0065918,Q1706216,tmdb
220339,,,tt0088900,Q2948628,tmdb
226305,,,tt2044013,Q3023909,tmdb
223376,,,tt0096995,Q4055389,tmdb
225997,,,tt1149593,Q5840347,tmdb
219998,,,tt0263743,Q6093302,tmdb
219051,,,tt2705606,Q8822227,tmdb
213390,,,tt0111213,Q11290757,tmdb
217625,,,tt0133052,Q11872929,tmdb
216919,,,tt1236434,Q19516178,tmdb
210052,,,tt2582320,Q21146310,tmdb
218746,,,tt7315746,Q22974874,tmdb
226074,,,tt2706400,Q30727712,tmdb
227071,,,tt2157045,Q30919027,tmdb
218329,,,tt2314886,Q48673940,tmdb
226801,,,tt0045511,Q56300922,tmdb
215341,,,tt0110359,Q92285661,tmdb
220098,,,tt0085690,Q114277964,tmdb
215158,,,tt0225091,Q123287542,tmdb
214126,,,tt0834897,Q123517562,tmdb
222380,,,tt0111300,Q126870843,tmdb
226282,,,tt0071401,Q141504885,tmdb
212778,Chef (2014 film),https://en.wikipedia.org/wiki/Chef_(2014_film),tt2883512,Q15046490,tmdb
214418,Amazonia (film),https://en.wikipedia.org/wiki/Amazonia_(film),tt1240899,Q15052278,tmdb
217664,Unstoppable (2013 film),https://en.wikipedia.org/wiki/Unstoppable_(2013_film),tt3070502,Q15052359,tmdb
210860,Mortdecai (film),https://en.wikipedia.org/wiki/Mortdecai_(film),tt3045616,Q15103254,tmdb
214096,Lucky Them,https://en.wikipedia.org/wiki/Lucky_Them,tt1885299,Q16252753,tmdb
210913,Blood Glacier,https://en.wikipedia.org/wiki/Blood_Glacier,tt2299206,Q16533034,tmdb
217471,Medeas,https://en.wikipedia.org/wiki/Medeas,tt2390630,Q16740933,tmdb
216580,Avenged (2013 American film),https://en.wikipedia.org/wiki/Avenged_(2013_American_film),tt2378453,Q16928330,tmdb
214998,Loser Love,https://en.wikipedia.org/wiki/Loser_Love,tt0140337,Q16935353,tmdb
223702,Sausage Party,https://en.wikipedia.org/wiki/Sausage_Party,tt1700841,Q17030810,tmdb
220289,Coherence (film),https://en.wikipedia.org/wiki/Coherence_(film),tt2866360,Q17150929,tmdb
211233,The Hijack That Went South,https://en.wikipedia.org/wiki/The_Hijack_That_Went_South,tt2088871,Q17381324,tmdb
214756,Ted 2,https://en.wikipedia.org/wiki/Ted_2,tt2637276,Q17713411,tmdb
213681,Masterminds (2016 film),https://en.wikipedia.org/wiki/Masterminds_(2016_film),tt2461150,Q18151901,tmdb
218563,Night Waitress,https://en.wikipedia.org/wiki/Night_Waitress,tt0028031,Q18152919,tmdb
223497,Professional Sweetheart,https://en.wikipedia.org/wiki/Professional_Sweetheart,tt0024476,Q18153337,tmdb
217919,Salomé (2013 film),https://en.wikipedia.org/wiki/Salom%C3%A9_(2013_film),tt3112900,Q18353801,tmdb
219004,Macumba Love,https://en.wikipedia.org/wiki/Macumba_Love,tt0054045,Q18389073,tmdb
221628,Malvaloca (1942 film),https://en.wikipedia.org/wiki/Malvaloca_(1942_film),tt0035023,Q19364053,tmdb
228150,Fury (2014 film),https://en.wikipedia.org/wiki/Fury_(2014_film),tt2713180,Q14786561,tmdb
244506,Camp X-Ray (film),https://en.wikipedia.org/wiki/Camp_X-Ray_(film),tt2994190,Q14944045,tmdb
239563,St. Vincent (film),https://en.wikipedia.org/wiki/St._Vincent_(film),tt2170593,Q15039869,tmdb
241685,Agent X44,https://en.wikipedia.org/wiki/Agent_X44,tt0757858,Q4692084,tmdb
240143,Annayya (2000 film),https://en.wikipedia.org/wiki/Annayya_(2000_film),tt0239236,Q4768044,tmdb
244151,Big Fella,https://en.wikipedia.org/wiki/Big_Fella,tt0028629,Q4905676,tmdb
244540,Bombaiyer Bombete (film),https://en.wikipedia.org/wiki/Bombaiyer_Bombete_(film),tt0457805,Q4940456,tmdb
234289,Clippety Clobbered,https://en.wikipedia.org/wiki/Clippety_Clobbered,tt0060244,Q5134388,tmdb
234321,Filet Meow,https://en.wikipedia.org/wiki/Filet_Meow,tt0060409,Q5448404,tmdb
235645,Girls' School (1938 film),https://en.wikipedia.org/wiki/Girls%27_School_(1938_film),tt0030184,Q5564583,tmdb
231160,Pink Ludoos,https://en.wikipedia.org/wiki/Pink_Ludoos,tt0422960,Q7196049,tmdb
228165,The SpongeBob Movie: Sponge Out of Water,https://en.wikipedia.org/wiki/The_SpongeBob_Movie:_Sponge_Out_of_Water,tt2279373,Q7765993,tmdb
228979,Toofan (1989 film),https://en.wikipedia.org/wiki/Toofan_(1989_film),tt0098491,Q7824004,tmdb
230222,Tarzan (2013 film),https://en.wikipedia.org/wiki/Tarzan_(2013_film),tt1705952,Q8954081,tmdb
230574,"Majstori, majstori","https://en.wikipedia.org/wiki/Majstori,_majstori",tt0081104,Q12755083,tmdb
232672,Blended (film),https://en.wikipedia.org/wiki/Blended_(film),tt1086772,Q13522800,tmdb
242483,Samar (1962 film),https://en.wikipedia.org/wiki/Samar_(1962_film),tt0056440,Q13575851,tmdb
245916,Kill the Messenger (2014 film),https://en.wikipedia.org/wiki/Kill_the_Messenger_(2014_film),tt1216491,Q14523264,tmdb
241843,Cooties (film),https://en.wikipedia.org/wiki/Cooties_(film),tt2490326,Q15040671,tmdb
243688,Poltergeist (2015 film),https://en.wikipedia.org/wiki/Poltergeist_(2015_film),tt1029360,Q15040721,tmdb
228355,Boss (2013 Hindi film),https://en.wikipedia.org/wiki/Boss_(2013_Hindi_film),tt2571140,Q15075931,tmdb
246403,Tusk (2014 film),https://en.wikipedia.org/wiki/Tusk_(2014_film),tt3099498,Q15139203,tmdb
242582,Nightcrawler (film),https://en.wikipedia.org/wiki/Nightcrawler_(film),tt2872718,Q15154975,tmdb
244490,Black Forest (2010 film),https://en.wikipedia.org/wiki/Black_Forest_(2010_film),tt1587668,Q823435,tmdb
241380,Navrang,https://en.wikipedia.org/wiki/Navrang,tt0298078,Q851420,tmdb
238093,Shootdown (film),https://en.wikipedia.org/wiki/Shootdown_(film),tt0096099,Q954941,tmdb
235414,Desire Me,https://en.wikipedia.org/wiki/Desire_Me,tt0039312,Q1200732,tmdb
241697,Kamen Rider × Super Sentai: Super Hero Taisen,https://en.wikipedia.org/wiki/Kamen_Rider_%C3%97_Super_Sentai:_Super_Hero_Taisen,tt2210717,Q3236784,tmdb
227700,Mindscape (2013 film),https://en.wikipedia.org/wiki/Mindscape_(2013_film),tt1715336,Q3277324,tmdb
228867,The Loves of Salammbo,https://en.wikipedia.org/wiki/The_Loves_of_Salammbo,tt0056439,Q3469608,tmdb
241673,Paula (1952 film),https://en.wikipedia.org/wiki/Paula_(1952_film),tt0045016,Q3898176,tmdb
235085,Leather Jackets (film),https://en.wikipedia.org/wiki/Leather_Jackets_(film),tt0104696,Q4226269,tmdb
228161,Home (2015 film),https://en.wikipedia.org/wiki/Home_(2015_film),tt2224026,Q4499813,tmdb
241855,Spring (2014 film),https://en.wikipedia.org/wiki/Spring_(2014_film),tt3395184,Q18578674,tmdb
233490,Underdog Kids,https://en.wikipedia.org/wiki/Underdog_Kids,tt3150574,Q18703894,tmdb
228973,Backcountry (film),https://en.wikipedia.org/wiki/Backcountry_(film),tt2944198,Q19801743,tmdb
241188,Supercollider (film),https://en.wikipedia.org/wiki/Supercollider_(film),tt2326124,Q20093725,tmdb
239182,Maracaibo (film),https://en.wikipedia.org/wiki/Maracaibo_(film),tt0051907,Q20814636,tmdb
242575,"Guten Tag, Ramón","https://en.wikipedia.org/wiki/Guten_Tag,_Ram%C3%B3n",tt2876428,Q20962256,tmdb
242641,Mr. Skitch,https://en.wikipedia.org/wiki/Mr._Skitch,tt0024358,Q21527884,tmdb
237404,Hot Rod (1979 film),https://en.wikipedia.org/wiki/Hot_Rod_(1979_film),tt0079307,Q21869422,tmdb
245627,Abattoir (film),https://en.wikipedia.org/wiki/Abattoir_(film),tt1480285,Q23797181,tmdb
241601,Momzillas,https://en.wikipedia.org/wiki/Momzillas,tt3198244,Q17080162,tmdb
228242,Riocorrente,https://en.wikipedia.org/wiki/Riocorrente,tt2974644,Q17081793,tmdb
241259,Alice Through the Looking Glass (2016 film),https://en.wikipedia.org/wiki/Alice_Through_the_Looking_Glass_(2016_film),tt2567026,Q17485699,tmdb
228205,The Longest Ride (film),https://en.wikipedia.org/wiki/The_Longest_Ride_(film),tt2726560,Q18151890,tmdb
227365,Kiss Me (2014 film),https://en.wikipedia.org/wiki/Kiss_Me_(2014_film),tt2184219,Q18468948,tmdb
243856,,,tt0115701,Q2440383,tmdb
233861,,,tt1527149,Q3536504,tmdb
232425,,,tt0193813,Q9747157,tmdb
240206,,,tt2508332,Q11141292,tmdb
246265,,,tt0095057,Q11694910,tmdb
230151,,,tt0374884,Q11786172,tmdb
232047,,,tt1576483,Q12749795,tmdb
230213,,,tt3386144,Q15392164,tmdb
242182,,,tt0114812,Q16232081,tmdb
229794,,,tt2763424,Q16466166,tmdb
237427,,,tt0468491,Q16690034,tmdb
246790,,,tt2826774,Q18415059,tmdb
235107,,,tt0265611,Q20004206,tmdb
228794,,,tt0295539,Q22078277,tmdb
243037,,,tt0049709,Q22336741,tmdb
227546,,,tt0233198,Q30804850,tmdb
239578,,,tt0168849,Q111431055,tmdb
235765,,,tt0152933,Q138773115,tmdb
235866,,,tt0120504,Q138784553,tmdb
241554,Run All Night (film),https://en.wikipedia.org/wiki/Run_All_Night_(film),tt2199571,Q15220567,tmdb
228194,The Hundred-Foot Journey (film),https://en.wikipedia.org/wiki/The_Hundred-Foot_Journey_(film),tt2980648,Q15220568,tmdb
230179,Big Game (2014 film),https://en.wikipedia.org/wiki/Big_Game_(2014_film),tt2088003,Q15243037,tmdb
227159,Horrible Bosses 2,https://en.wikipedia.org/wiki/Horrible_Bosses_2,tt2170439,Q15275703,tmdb
242828,When Marnie Was There (film),https://en.wikipedia.org/wiki/When_Marnie_Was_There_(film),tt3398268,Q15303700,tmdb
243831,Jackpot (2013 film),https://en.wikipedia.org/wiki/Jackpot_(2013_film),tt3309662,Q15304625,tmdb
238215,The Cobbler (2014 film),https://en.wikipedia.org/wiki/The_Cobbler_(2014_film),tt3203616,Q15407653,tmdb
228967,The Interview,https://en.wikipedia.org/wiki/The_Interview,tt2788710,Q15524911,tmdb
238615,less,https://en.wikipedia.org/wiki/Self/less,tt2140379,Q15622633,tmdb
240832,Lucy (2014 film),https://en.wikipedia.org/wiki/Lucy_(2014_film),tt2872732,Q15624215,tmdb
244786,Whiplash (2014 film),https://en.wikipedia.org/wiki/Whiplash_(2014_film),tt2582802,Q15648198,tmdb
244534,Happy Christmas (film),https://en.wikipedia.org/wiki/Happy_Christmas_(film),tt2955096,Q15655770,tmdb
244043,Deputy Marshal,https://en.wikipedia.org/wiki/Deputy_Marshal,tt0041289,Q15699754,tmdb
244536,Hellion (film),https://en.wikipedia.org/wiki/Hellion_(film),tt3186318,Q15713299,tmdb
243683,Step Up: All In,https://en.wikipedia.org/wiki/Step_Up:_All_In,tt2626350,Q15715663,tmdb
238636,The Purge: Anarchy,https://en.wikipedia.org/wiki/The_Purge:_Anarchy,tt2975578,Q15728784,tmdb
245891,John Wick (film),https://en.wikipedia.org/wiki/John_Wick_(film),tt2911666,Q15732802,tmdb
233639,Windstorm (film),https://en.wikipedia.org/wiki/Windstorm_(film),tt2356464,Q15837829,tmdb
227973,The Peanuts Movie,https://en.wikipedia.org/wiki/The_Peanuts_Movie,tt2452042,Q15982441,tmdb
243684,"Men, Women & Children (film)","https://en.wikipedia.org/wiki/Men,_Women_%26_Children_(film)",tt3179568,Q15985067,tmdb
242224,The Babadook,https://en.wikipedia.org/wiki/The_Babadook,tt2321549,Q16011764,tmdb
238781,24 Days,https://en.wikipedia.org/wiki/24_Days,tt3600588,Q16024638,tmdb
237793,A Pelada,https://en.wikipedia.org/wiki/A_Pelada,tt3445292,Q16057820,tmdb
235271,Addicted (2014 film),https://en.wikipedia.org/wiki/Addicted_(2014_film),tt2205401,Q16158068,tmdb
242042,Barefoot (2014 film),https://en.wikipedia.org/wiki/Barefoot_(2014_film),tt2355495,Q16164348,tmdb
228326,The Book of Life (2014 film),https://en.wikipedia.org/wiki/The_Book_of_Life_(2014_film),tt2262227,Q16248866,tmdb
241848,The Guest (2014 American film),https://en.wikipedia.org/wiki/The_Guest_(2014_American_film),tt2980592,Q16250945,tmdb
233470,Jamesy Boy,https://en.wikipedia.org/wiki/Jamesy_Boy,tt1673734,Q16251996,tmdb
242512,Ouija (2014 film),https://en.wikipedia.org/wiki/Ouija_(2014_film),tt1204977,Q16253888,tmdb
242033,Scorned (2013 film),https://en.wikipedia.org/wiki/Scorned_(2013_film),tt2293750,Q16348952,tmdb
238713,Spy (2015 film),https://en.wikipedia.org/wiki/Spy_(2015_film),tt3079380,Q16389838,tmdb
241257,Regression (film),https://en.wikipedia.org/wiki/Regression_(film),tt3319920,Q16672410,tmdb
244084,Alex (film),https://en.wikipedia.org/wiki/Alex_(film),tt0106240,Q16827018,tmdb
234200,Pride (2014 film),https://en.wikipedia.org/wiki/Pride_(2014_film),tt3169706,Q16937096,tmdb
245168,Suffragette (film),https://en.wikipedia.org/wiki/Suffragette_(film),tt3077214,Q17021589,tmdb
245703,Midnight Special (film),https://en.wikipedia.org/wiki/Midnight_Special_(film),tt2649554,Q17025594,tmdb
246655,X-Men: Apocalypse,https://en.wikipedia.org/wiki/X-Men:_Apocalypse,tt3385516,Q17042878,tmdb
257527,Sadako 3D 2,https://en.wikipedia.org/wiki/Sadako_3D_2,tt2440362,Q14623720,tmdb
256924,Danny Collins (film),https://en.wikipedia.org/wiki/Danny_Collins_(film),tt1772288,Q15046541,tmdb
256311,Stereo (2014 film),https://en.wikipedia.org/wiki/Stereo_(2014_film),tt3348102,Q15527682,tmdb
256591,Focus (2015 film),https://en.wikipedia.org/wiki/Focus_(2015_film),tt2381941,Q15548282,tmdb
253412,Everest (2015 film),https://en.wikipedia.org/wiki/Everest_(2015_film),tt2719848,Q15631013,tmdb
253077,Tomorrow Night (film),https://en.wikipedia.org/wiki/Tomorrow_Night_(film),tt0140627,Q15709122,tmdb
249070,Hitman: Agent 47,https://en.wikipedia.org/wiki/Hitman:_Agent_47,tt2679042,Q15715216,tmdb
250546,Annabelle (film),https://en.wikipedia.org/wiki/Annabelle_(film),tt3322940,Q15733440,tmdb
260962,Subterfuge (1968 film),https://en.wikipedia.org/wiki/Subterfuge_(1968_film),tt0065045,Q7632197,tmdb
253105,The Boys (1962 Finnish film),https://en.wikipedia.org/wiki/The_Boys_(1962_Finnish_film),tt0056356,Q7719726,tmdb
254452,This England (film),https://en.wikipedia.org/wiki/This_England_(film),tt0034284,Q7785699,tmdb
257171,Kiba Gaiden,https://en.wikipedia.org/wiki/Kiba_Gaiden,tt2075230,Q11416665,tmdb
247763,Captain Applejack,https://en.wikipedia.org/wiki/Captain_Applejack,tt0020739,Q12105443,tmdb
256568,Love Shines (film),https://en.wikipedia.org/wiki/Love_Shines_(film),tt1673418,Q12125885,tmdb
261225,Kalthoon,https://en.wikipedia.org/wiki/Kalthoon,tt0314253,Q12918233,tmdb
254473,Brick Mansions,https://en.wikipedia.org/wiki/Brick_Mansions,tt1430612,Q13435412,tmdb
254904,The November Man,https://en.wikipedia.org/wiki/The_November_Man,tt2402157,Q14117444,tmdb
254015,The House of Three Girls (1958 film),https://en.wikipedia.org/wiki/The_House_of_Three_Girls_(1958_film),tt0051556,Q1167580,tmdb
260615,Zina (film),https://en.wikipedia.org/wiki/Zina_(film),tt0090372,Q3180312,tmdb
249836,Nemo (film),https://en.wikipedia.org/wiki/Nemo_(film),tt0087784,Q3338014,tmdb
260893,L'arma,https://en.wikipedia.org/wiki/L%27arma,tt0077176,Q3818740,tmdb
251131,Betaab,https://en.wikipedia.org/wiki/Betaab,tt0254179,Q4897314,tmdb
252938,Boys' Reformatory,https://en.wikipedia.org/wiki/Boys%27_Reformatory,tt0031119,Q4952618,tmdb
259433,Buddies (1985 film),https://en.wikipedia.org/wiki/Buddies_(1985_film),tt0088864,Q4984289,tmdb
261357,They (1993 film),https://en.wikipedia.org/wiki/They_(1993_film),tt0108324,Q5490955,tmdb
254420,Gulaab Gang,https://en.wikipedia.org/wiki/Gulaab_Gang,tt2573750,Q5617179,tmdb
248643,Hot Pepper (1933 film),https://en.wikipedia.org/wiki/Hot_Pepper_(1933_film),tt0024141,Q5910215,tmdb
259676,Innocent (2009 film),https://en.wikipedia.org/wiki/Innocent_(2009_film),tt1202232,Q6035974,tmdb
250110,Ruy Blas (film),https://en.wikipedia.org/wiki/Ruy_Blas_(film),tt0039792,Q6370349,tmdb
252742,Kruté radosti,https://en.wikipedia.org/wiki/Krut%C3%A9_radosti,tt0314292,Q6439555,tmdb
248212,Lilting (film),https://en.wikipedia.org/wiki/Lilting_(film),tt2560102,Q6548422,tmdb
258156,Macross Fb7 Listen to My Song!,https://en.wikipedia.org/wiki/Macross_Fb7_Listen_to_My_Song!,tt3709868,Q6725664,tmdb
256367,Old Scores,https://en.wikipedia.org/wiki/Old_Scores,tt0102581,Q7084944,tmdb
255709,Hope (2013 film),https://en.wikipedia.org/wiki/Hope_(2013_film),tt3153634,Q7549606,tmdb
248507,Supercondriaque,https://en.wikipedia.org/wiki/Supercondriaque,tt3421514,Q15814138,tmdb
249699,Helium (film),https://en.wikipedia.org/wiki/Helium_(film),tt3346410,Q15878070,tmdb
258480,Carol (film),https://en.wikipedia.org/wiki/Carol_(film),tt2402927,Q15963780,tmdb
248611,Mea Culpa (2014 film),https://en.wikipedia.org/wiki/Mea_Culpa_(2014_film),tt3112654,Q15972776,tmdb
258489,The Legend of Tarzan (film),https://en.wikipedia.org/wiki/The_Legend_of_Tarzan_(film),tt0918940,Q17361809,tmdb
257088,Point Break (2015 film),https://en.wikipedia.org/wiki/Point_Break_(2015_film),tt2058673,Q17410299,tmdb
253310,Premature (2014 film),https://en.wikipedia.org/wiki/Premature_(2014_film),tt2182256,Q17593350,tmdb
249418,Yambaó,https://en.wikipedia.org/wiki/Yamba%C3%B3,tt0049968,Q18008938,tmdb
257211,The Intern (2015 film),https://en.wikipedia.org/wiki/The_Intern_(2015_film),tt2361509,Q18151084,tmdb
258255,Mischief Night (2014 film),https://en.wikipedia.org/wiki/Mischief_Night_(2014_film),tt1763256,Q18157120,tmdb
259316,Fantastic Beasts and Where to Find Them (film),https://en.wikipedia.org/wiki/Fantastic_Beasts_and_Where_to_Find_Them_(film),tt3183660,Q18199330,tmdb
253866,Hysterical Psycho,https://en.wikipedia.org/wiki/Hysterical_Psycho,tt1381597,Q19880546,tmdb
259693,The Conjuring 2,https://en.wikipedia.org/wiki/The_Conjuring_2,tt3065204,Q21001651,tmdb
258363,Desierto,https://en.wikipedia.org/wiki/Desierto,tt3147312,Q21076281,tmdb
260514,Cars 3,https://en.wikipedia.org/wiki/Cars_3,tt3606752,Q21079862,tmdb
258230,A Monster Calls (film),https://en.wikipedia.org/wiki/A_Monster_Calls_(film),tt3416532,Q18200409,tmdb
258651,Violet (2014 film),https://en.wikipedia.org/wiki/Violet_(2014_film),tt3089904,Q18286820,tmdb
258509,Alvin and the Chipmunks: The Road Chip,https://en.wikipedia.org/wiki/Alvin_and_the_Chipmunks:_The_Road_Chip,tt2974918,Q19801728,tmdb
259695,Live by Night (film),https://en.wikipedia.org/wiki/Live_by_Night_(film),tt2361317,Q21293827,tmdb
257366,Dummy (1979 film),https://en.wikipedia.org/wiki/Dummy_(1979_film),tt0079088,Q22063685,tmdb
251783,Pleasure or Pain,https://en.wikipedia.org/wiki/Pleasure_or_Pain,tt2091327,Q22078246,tmdb
260513,Incredibles 2,https://en.wikipedia.org/wiki/Incredibles_2,tt3606756,Q24832112,tmdb
255056,Exposed (1938 film),https://en.wikipedia.org/wiki/Exposed_(1938_film),tt0030112,Q27959576,tmdb
249584,Fugitive Lady (1934 film),https://en.wikipedia.org/wiki/Fugitive_Lady_(1934_film),tt0025150,Q55639755,tmdb
256033,Don Juan (1950 film),https://en.wikipedia.org/wiki/Don_Juan_(1950_film),tt0042406,Q63457447,tmdb
257680,The River (1933 film),https://en.wikipedia.org/wiki/The_River_(1933_film),tt0158893,Q85847758,tmdb
255058,Kasko,https://en.wikipedia.org/wiki/Kasko,tt1534092,Q96385456,tmdb
257315,Scorpion Spring,https://en.wikipedia.org/wiki/Scorpion_Spring,tt0114366,Q106103236,tmdb
254702,Gun Play,https://en.wikipedia.org/wiki/Gun_Play,tt0026445,Q106838662,tmdb
259130,,,tt0100315,Q3358659,tmdb
259873,,,tt0178706,Q3832529,tmdb
256422,,,tt0364914,Q5651822,tmdb
256675,,,tt0117600,Q10397511,tmdb
252345,,,tt0431417,Q10678056,tmdb
251796,,,tt0070466,Q11795593,tmdb
247150,,,tt2773732,Q12508291,tmdb
259931,,,tt0116577,Q13728839,tmdb
257049,,,tt0060718,Q17633131,tmdb
248127,,,tt0195007,Q18519731,tmdb
249397,,,tt2382009,Q21468405,tmdb
260605,,,tt0099071,Q22000082,tmdb
254961,,,tt2363535,Q23755148,tmdb
257439,,,tt2437712,Q25646533,tmdb
251412,,,tt0097980,Q30320791,tmdb
250140,,,tt1252605,Q30927788,tmdb
250394,,,tt1193630,Q63344927,tmdb
252254,,,tt0109585,Q114564459,tmdb
259975,,,tt0080424,Q126436347,tmdb
256509,,,tt3333980,Q130349254,tmdb
254128,San Andreas (film),https://en.wikipedia.org/wiki/San_Andreas_(film),tt2126355,Q15973073,tmdb
256274,"As Above, So Below (film)","https://en.wikipedia.org/wiki/As_Above,_So_Below_(film)",tt2870612,Q16248494,tmdb
259611,Frontera (2014 film),https://en.wikipedia.org/wiki/Frontera_(2014_film),tt2510028,Q16250591,tmdb
257091,Get Hard,https://en.wikipedia.org/wiki/Get_Hard,tt2561572,Q16250697,tmdb
254470,Pitch Perfect 2,https://en.wikipedia.org/wiki/Pitch_Perfect_2,tt2848292,Q16619265,tmdb
257676,Faces of Love (1977 film),https://en.wikipedia.org/wiki/Faces_of_Love_(1977_film),tt0076617,Q16672613,tmdb
260346,Taken 3,https://en.wikipedia.org/wiki/Taken_3,tt2446042,Q16781911,tmdb
256108,Inbetween Worlds,https://en.wikipedia.org/wiki/Inbetween_Worlds,tt3032028,Q16858266,tmdb
261023,Black Mass (film),https://en.wikipedia.org/wiki/Black_Mass_(film),tt1355683,Q16971610,tmdb
257445,Goosebumps (film),https://en.wikipedia.org/wiki/Goosebumps_(film),tt1051904,Q16994327,tmdb
254320,The Lobster,https://en.wikipedia.org/wiki/The_Lobster,tt3464902,Q16996794,tmdb
256961,Paul Blart: Mall Cop 2,https://en.wikipedia.org/wiki/Paul_Blart:_Mall_Cop_2,tt3450650,Q17042694,tmdb
252838,The Wedding Ringer,https://en.wikipedia.org/wiki/The_Wedding_Ringer,tt0884732,Q17049587,tmdb
253306,Housebound (2014 film),https://en.wikipedia.org/wiki/Housebound_(2014_film),tt3504048,Q17051533,tmdb
254191,Honeymoon (2014 film),https://en.wikipedia.org/wiki/Honeymoon_(2014_film),tt3177316,Q17091852,tmdb
254323,Jack (2014 film),https://en.wikipedia.org/wiki/Jack_(2014_film),tt3469918,Q17092796,tmdb
252102,Land Ho!,https://en.wikipedia.org/wiki/Land_Ho!,tt3283556,Q17093259,tmdb
252403,Mr. Leos caraX,https://en.wikipedia.org/wiki/Mr._Leos_caraX,tt3384976,Q17110724,tmdb
256913,Quantum Love,https://en.wikipedia.org/wiki/Quantum_Love,tt2760634,Q17133430,tmdb
257344,Pixels (2015 film),https://en.wikipedia.org/wiki/Pixels_(2015_film),tt2120120,Q17182905,tmdb
266856,The Theory of Everything (2014 film),https://en.wikipedia.org/wiki/The_Theory_of_Everything_(2014_film),tt2980516,Q15079318,tmdb
269149,Zootopia,https://en.wikipedia.org/wiki/Zootopia,tt2948356,Q15270647,tmdb
267483,Swing! (1938 film),https://en.wikipedia.org/wiki/Swing!_(1938_film),tt0031999,Q7658495,tmdb
261634,Thyagam,https://en.wikipedia.org/wiki/Thyagam,tt0274961,Q7799551,tmdb
270833,Fran (film),https://en.wikipedia.org/wiki/Fran_(film),tt0089166,Q8565317,tmdb
261966,På solsiden,https://en.wikipedia.org/wiki/P%C3%A5_solsiden,tt0214027,Q11996592,tmdb
266040,Bird People (film),https://en.wikipedia.org/wiki/Bird_People_(film),tt2368635,Q12141709,tmdb
262543,Autómata,https://en.wikipedia.org/wiki/Aut%C3%B3mata,tt1971325,Q14369942,tmdb
265208,Wild Card (2015 film),https://en.wikipedia.org/wiki/Wild_Card_(2015_film),tt2231253,Q15028216,tmdb
263237,Hades (film),https://en.wikipedia.org/wiki/Hades_(film),tt0113244,Q1567456,tmdb
270367,The Good Neighbour (film),https://en.wikipedia.org/wiki/The_Good_Neighbour_(film),tt1740826,Q1630478,tmdb
262822,Goldie (film),https://en.wikipedia.org/wiki/Goldie_(film),tt0021920,Q1763572,tmdb
263142,Ladies' Man (1931 film),https://en.wikipedia.org/wiki/Ladies%27_Man_(1931_film),tt0022043,Q1799954,tmdb
266795,Murder Party (1961 film),https://en.wikipedia.org/wiki/Murder_Party_(1961_film),tt0055212,Q1958082,tmdb
263355,Bankomatt,https://en.wikipedia.org/wiki/Bankomatt,tt0096890,Q3634388,tmdb
267364,Marriages (1998 film),https://en.wikipedia.org/wiki/Marriages_(1998_film),tt0140367,Q3851939,tmdb
262654,General Crack,https://en.wikipedia.org/wiki/General_Crack,tt0020915,Q5531818,tmdb
271189,Greenkeeping,https://en.wikipedia.org/wiki/Greenkeeping,tt0104366,Q5604194,tmdb
263371,Jarrapellejos,https://en.wikipedia.org/wiki/Jarrapellejos,tt0093297,Q6160949,tmdb
271068,Jilted (film),https://en.wikipedia.org/wiki/Jilted_(film),tt0093310,Q6193220,tmdb
272220,Karam (2005 film),https://en.wikipedia.org/wiki/Karam_(2005_film),tt0444849,Q6368233,tmdb
263712,Madappura,https://en.wikipedia.org/wiki/Madappura,tt1473072,Q6721000,tmdb
271574,Moksha (2001 film),https://en.wikipedia.org/wiki/Moksha_(2001_film),tt0301240,Q6895589,tmdb
269135,Random Encounter (film),https://en.wikipedia.org/wiki/Random_Encounter_(film),tt0130208,Q7291927,tmdb
266407,Rondo (1966 film),https://en.wikipedia.org/wiki/Rondo_(1966_film),tt0060912,Q7365562,tmdb
268943,Slander House,https://en.wikipedia.org/wiki/Slander_House,tt0030763,Q7538629,tmdb
270946,Penguins of Madagascar,https://en.wikipedia.org/wiki/Penguins_of_Madagascar,tt1911658,Q15616479,tmdb
270313,Heisei Rider vs. Shōwa Rider: Kamen Rider Taisen feat. Super Sentai,https://en.wikipedia.org/wiki/Heisei_Rider_vs._Sh%C5%8Dwa_Rider:_Kamen_Rider_Taisen_feat._Super_Sentai,tt3472586,Q15636270,tmdb
264450,7th Day (film),https://en.wikipedia.org/wiki/7th_Day_(film),tt3661988,Q16057752,tmdb
263132,Naked Ambition 2,https://en.wikipedia.org/wiki/Naked_Ambition_2,tt3740242,Q16214325,tmdb
263855,Fort Bliss (film),https://en.wikipedia.org/wiki/Fort_Bliss_(film),tt2093995,Q16250528,tmdb
269955,Obsessed (2014 film),https://en.wikipedia.org/wiki/Obsessed_(2014_film),tt3303730,Q16256481,tmdb
265964,96 Hours,https://en.wikipedia.org/wiki/96_Hours,tt3202670,Q16303495,tmdb
261392,American Ultra,https://en.wikipedia.org/wiki/American_Ultra,tt3316948,Q16354845,tmdb
263109,Shaun the Sheep Movie,https://en.wikipedia.org/wiki/Shaun_the_Sheep_Movie,tt2872750,Q15545272,tmdb
264660,Ex Machina (film),https://en.wikipedia.org/wiki/Ex_Machina_(film),tt0470752,Q16635326,tmdb
265195,Wild Tales (film),https://en.wikipedia.org/wiki/Wild_Tales_(film),tt3011894,Q16672466,tmdb
266036,Misunderstood (2014 film),https://en.wikipedia.org/wiki/Misunderstood_(2014_film),tt3510452,Q16736424,tmdb
266061,Xenia (film),https://en.wikipedia.org/wiki/Xenia_(film),tt3186946,Q16867934,tmdb
265177,Mommy (2014 film),https://en.wikipedia.org/wiki/Mommy_(2014_film),tt3612616,Q16395232,tmdb
262551,Babysitting (film),https://en.wikipedia.org/wiki/Babysitting_(film),tt3013602,Q16530861,tmdb
270303,It Follows,https://en.wikipedia.org/wiki/It_Follows,tt3235888,Q16547881,tmdb
271331,United Passions,https://en.wikipedia.org/wiki/United_Passions,tt2814362,Q16928500,tmdb
267999,White God,https://en.wikipedia.org/wiki/White_God,tt2844798,Q16930515,tmdb
262841,Monster Trucks (film),https://en.wikipedia.org/wiki/Monster_Trucks_(film),tt3095734,Q16939122,tmdb
268920,Hot Pursuit (2015 film),https://en.wikipedia.org/wiki/Hot_Pursuit_(2015_film),tt2967224,Q16974047,tmdb
268531,Captain Underpants: The First Epic Movie,https://en.wikipedia.org/wiki/Captain_Underpants:_The_First_Epic_Movie,tt2091256,Q20979182,tmdb
263115,Logan (film),https://en.wikipedia.org/wiki/Logan_(film),tt3315342,Q24053263,tmdb
268896,Pacific Rim Uprising,https://en.wikipedia.org/wiki/Pacific_Rim_Uprising,tt2557478,Q27826501,tmdb
262595,Appavi,https://en.wikipedia.org/wiki/Appavi,tt9531344,Q55604099,tmdb
261391,Taken Away,https://en.wikipedia.org/wiki/Taken_Away,tt0098434,Q64768573,tmdb
267428,Buttwhistle,https://en.wikipedia.org/wiki/Buttwhistle,tt1959526,Q109254657,tmdb
271110,Captain America: Civil War,https://en.wikipedia.org/wiki/Captain_America:_Civil_War,tt3498820,Q18407657,tmdb
270487,"Hail, Caesar!","https://en.wikipedia.org/wiki/Hail,_Caesar!",tt0475290,Q18516636,tmdb
270774,Skiptrace (film),https://en.wikipedia.org/wiki/Skiptrace_(film),tt2238032,Q18613571,tmdb
274167,Daddy's Home (film),https://en.wikipedia.org/wiki/Daddy%27s_Home_(film),tt1528854,Q18619590,tmdb
264644,Room (2015 film),https://en.wikipedia.org/wiki/Room_(2015_film),tt3170832,Q18703032,tmdb
272548,Moonwalkers (film),https://en.wikipedia.org/wiki/Moonwalkers_(film),tt2718440,Q18703193,tmdb
266975,Visions of Murder,https://en.wikipedia.org/wiki/Visions_of_Murder,tt1700428,Q19363967,tmdb
262504,The Divergent Series: Allegiant,https://en.wikipedia.org/wiki/The_Divergent_Series:_Allegiant,tt3410834,Q19648591,tmdb
267935,The BFG (2016 film),https://en.wikipedia.org/wiki/The_BFG_(2016_film),tt3691740,Q19689203,tmdb
262597,,,tt0870891,Q331983,tmdb
263990,,,tt0099205,Q1025600,tmdb
262522,,,tt0241251,Q1171017,tmdb
266367,,,tt0080946,Q3223571,tmdb
263076,,,tt0211554,Q3264185,tmdb
271758,,,tt0376361,Q6052859,tmdb
261450,,,tt0183044,Q10272975,tmdb
268513,,,tt1674941,Q10337226,tmdb
264464,,,tt0122273,Q12337658,tmdb
266088,,,tt0181124,Q12749647,tmdb
266626,,,tt0105531,Q12759909,tmdb
266618,,,tt0092125,Q12760303,tmdb
266468,,,tt3105846,Q12835565,tmdb
270857,,,tt2704880,Q15087495,tmdb
267770,,,tt0049779,Q15718610,tmdb
267458,,,tt3345466,Q16499943,tmdb
271487,,,tt0248263,Q18713284,tmdb
271856,,,tt0107459,Q55598379,tmdb
262866,,,tt2081274,Q56310975,tmdb
265272,,,tt0200114,Q108051701,tmdb
265526,,,tt2076240,Q118346823,tmdb
266526,,,tt0178085,Q123287799,tmdb
271709,,,tt3971764,Q128450094,tmdb
270763,,,tt1295057,Q135719378,tmdb
269065,,,tt0225699,Q138603766,tmdb
262500,The Divergent Series: Insurgent,https://en.wikipedia.org/wiki/The_Divergent_Series:_Insurgent,tt2908446,Q16997069,tmdb
271718,Trainwreck (film),https://en.wikipedia.org/wiki/Trainwreck_(film),tt3152624,Q17062774,tmdb
262840,WolfCop,https://en.wikipedia.org/wiki/WolfCop,tt2781516,Q17087419,tmdb
273477,Scouts Guide to the Zombie Apocalypse,https://en.wikipedia.org/wiki/Scouts_Guide_to_the_Zombie_Apocalypse,tt1727776,Q17112933,tmdb
267193,Grimsby (film),https://en.wikipedia.org/wiki/Grimsby_(film),tt3381008,Q17182419,tmdb
274626,Animal (2014 film),https://en.wikipedia.org/wiki/Animal_(2014_film),tt2996684,Q17317998,tmdb
273481,Sicario (2015 film),https://en.wikipedia.org/wiki/Sicario_(2015_film),tt3397884,Q17337292,tmdb
270400,Breathe (2014 film),https://en.wikipedia.org/wiki/Breathe_(2014_film),tt3365778,Q17374402,tmdb
262023,Salto Mortale (1953 film),https://en.wikipedia.org/wiki/Salto_Mortale_(1953_film),tt0046270,Q17509384,tmdb
264999,Magic Mike XXL,https://en.wikipedia.org/wiki/Magic_Mike_XXL,tt2268016,Q17893055,tmdb
274854,The Last Witch Hunter,https://en.wikipedia.org/wiki/The_Last_Witch_Hunter,tt1618442,Q17984058,tmdb
263472,Knock Knock (2015 film),https://en.wikipedia.org/wiki/Knock_Knock_(2015_film),tt3605418,Q18151446,tmdb
270696,Tru Love (film),https://en.wikipedia.org/wiki/Tru_Love_(film),tt2634384,Q18211662,tmdb
273248,The Hateful Eight,https://en.wikipedia.org/wiki/The_Hateful_Eight,tt3460252,Q18225084,tmdb
274855,Geostorm,https://en.wikipedia.org/wiki/Geostorm,tt1981128,Q18342910,tmdb
267860,London Has Fallen,https://en.wikipedia.org/wiki/London_Has_Fallen,tt3300542,Q18350210,tmdb
263614,Virunga (film),https://en.wikipedia.org/wiki/Virunga_(film),tt3455224,Q18395479,tmdb
290859,Terminator: Dark Fate,https://en.wikipedia.org/wiki/Terminator:_Dark_Fate,tt6450804,Q39072454,tmdb
286538,Bokeh (film),https://en.wikipedia.org/wiki/Bokeh_(film),tt3722062,Q39073689,tmdb
292011,Richard Jewell (film),https://en.wikipedia.org/wiki/Richard_Jewell_(film),tt3513548,Q65058737,tmdb
278980,Swing (1999 film),https://en.wikipedia.org/wiki/Swing_(1999_film),tt0140590,Q104842732,tmdb
280180,Beverly Hills Cop: Axel F,https://en.wikipedia.org/wiki/Beverly_Hills_Cop:_Axel_F,tt3083016,Q113650759,tmdb
285404,Albéniz (film),https://en.wikipedia.org/wiki/Alb%C3%A9niz_(film),tt0039137,Q618481,tmdb
286993,Motel Blue,https://en.wikipedia.org/wiki/Motel_Blue,tt0133981,Q971718,tmdb
286533,Jakarta Undercover,https://en.wikipedia.org/wiki/Jakarta_Undercover,tt1045855,Q2783678,tmdb
292045,Stingers (TV series),https://en.wikipedia.org/wiki/Stingers_(TV_series),tt0219457,Q3110048,tmdb
280468,Where the Truth Lies (1962 film),https://en.wikipedia.org/wiki/Where_the_Truth_Lies_(1962_film),tt0056214,Q3284723,tmdb
279566,Burro (film),https://en.wikipedia.org/wiki/Burro_(film),tt0096996,Q3647448,tmdb
281011,Blackmail (2005 film),https://en.wikipedia.org/wiki/Blackmail_(2005_film),tt0444769,Q4923133,tmdb
284360,Torment (1974 film),https://en.wikipedia.org/wiki/Torment_(1974_film),tt0072302,Q6149229,tmdb
283566,Evangelion: 3.0+1.0 Thrice Upon a Time,https://en.wikipedia.org/wiki/Evangelion:_3.0%2B1.0_Thrice_Upon_a_Time,tt2458948,Q6434144,tmdb
279534,Maanikyan,https://en.wikipedia.org/wiki/Maanikyan,,Q6721120,tmdb
278557,Mawaali,https://en.wikipedia.org/wiki/Mawaali,tt0154857,Q6794331,tmdb
277615,Mehbooba (2008 film),https://en.wikipedia.org/wiki/Mehbooba_(2008_film),tt1234250,Q6809263,tmdb
291613,Mistrial (film),https://en.wikipedia.org/wiki/Mistrial_(film),tt0117061,Q6880481,tmdb
282000,Mounam Kalaikirathu,https://en.wikipedia.org/wiki/Mounam_Kalaikirathu,tt39068950,Q6919086,tmdb
282991,Narcissus (2012 film),https://en.wikipedia.org/wiki/Narcissus_(2012_film),tt2380089,Q6965650,tmdb
276907,Legend (2015 film),https://en.wikipedia.org/wiki/Legend_(2015_film),tt3569230,Q17182571,tmdb
277597,Mercenaries (2014 film),https://en.wikipedia.org/wiki/Mercenaries_(2014_film),tt3598222,Q17182693,tmdb
277217,Descendants (2015 film),https://en.wikipedia.org/wiki/Descendants_(2015_film),tt3440298,Q17278086,tmdb
281449,Sabaka,https://en.wikipedia.org/wiki/Sabaka,tt0048573,Q7395849,tmdb
292050,Stormquest,https://en.wikipedia.org/wiki/Stormquest,tt0094046,Q9346106,tmdb
288294,Subterfuge (1996 film),https://en.wikipedia.org/wiki/Subterfuge_(1996_film),tt0152620,Q9347740,tmdb
278540,Girl's Blood,https://en.wikipedia.org/wiki/Girl%27s_Blood,tt3456784,Q11635165,tmdb
284584,Uncle David,https://en.wikipedia.org/wiki/Uncle_David,tt1625884,Q12130000,tmdb
291312,Jubilee (2000 film),https://en.wikipedia.org/wiki/Jubilee_(2000_film),tt0215880,Q12391290,tmdb
280287,Geethanjali (1985 film),https://en.wikipedia.org/wiki/Geethanjali_(1985_film),tt0319439,Q12977031,tmdb
280196,Punarjani,https://en.wikipedia.org/wiki/Punarjani,tt6170360,Q13113362,tmdb
284162,My Dear Kuttichathan,https://en.wikipedia.org/wiki/My_Dear_Kuttichathan,tt0280968,Q13114252,tmdb
277558,Final Girl (film),https://en.wikipedia.org/wiki/Final_Girl_(film),tt2124787,Q14948563,tmdb
276908,Comet (film),https://en.wikipedia.org/wiki/Comet_(film),tt2965412,Q15070730,tmdb
291554,Twogether (film),https://en.wikipedia.org/wiki/Twogether_(film),tt0105670,Q15270509,tmdb
284536,The Gambler (2014 film),https://en.wikipedia.org/wiki/The_Gambler_(2014_film),tt2039393,Q15706898,tmdb
278154,Ice Age: Collision Course,https://en.wikipedia.org/wiki/Ice_Age:_Collision_Course,tt3416828,Q15965953,tmdb
276207,Battling Marshal,https://en.wikipedia.org/wiki/Battling_Marshal,tt0042232,Q16531596,tmdb
290024,Esterina,https://en.wikipedia.org/wiki/Esterina,tt0051595,Q16554518,tmdb
280640,Geronimo (2014 film),https://en.wikipedia.org/wiki/Geronimo_(2014_film),tt3565174,Q16638974,tmdb
279550,Maestro (2014 film),https://en.wikipedia.org/wiki/Maestro_(2014_film),tt3476480,Q16661957,tmdb
278927,The Jungle Book (2016 film),https://en.wikipedia.org/wiki/The_Jungle_Book_(2016_film),tt3040964,Q16857406,tmdb
289720,Outcast (2014 film),https://en.wikipedia.org/wiki/Outcast_(2014_film),tt1552224,Q16056026,tmdb
287819,Kristo (1996 film),https://en.wikipedia.org/wiki/Kristo_(1996_film),tt0450790,Q16159000,tmdb
277710,Anesthesia (2015 film),https://en.wikipedia.org/wiki/Anesthesia_(2015_film),tt3317208,Q16203055,tmdb
283330,Eden (2014 film),https://en.wikipedia.org/wiki/Eden_(2014_film),tt3090634,Q16219562,tmdb
281043,Dhool Parakuthu,https://en.wikipedia.org/wiki/Dhool_Parakuthu,tt2720526,Q16248017,tmdb
287322,Blackbird (2014 film),https://en.wikipedia.org/wiki/Blackbird_(2014_film),tt3181920,Q16275144,tmdb
284293,Still Alice,https://en.wikipedia.org/wiki/Still_Alice,tt3316960,Q16354843,tmdb
282035,The Mummy (2017 film),https://en.wikipedia.org/wiki/The_Mummy_(2017_film),tt2345759,Q23759268,tmdb
284054,Black Panther (film),https://en.wikipedia.org/wiki/Black_Panther_(film),tt1825683,Q23780734,tmdb
280217,The Lego Movie 2: The Second Part,https://en.wikipedia.org/wiki/The_Lego_Movie_2:_The_Second_Part,tt3513498,Q23796643,tmdb
289712,Mockingbird (film),https://en.wikipedia.org/wiki/Mockingbird_(film),tt2125685,Q18703189,tmdb
283366,Miss Peregrine's Home for Peculiar Children (film),https://en.wikipedia.org/wiki/Miss_Peregrine%27s_Home_for_Peculiar_Children_(film),tt1935859,Q19321019,tmdb
291276,Unlocked (2017 film),https://en.wikipedia.org/wiki/Unlocked_(2017_film),tt1734493,Q19363956,tmdb
291867,Zeroville (film),https://en.wikipedia.org/wiki/Zeroville_(film),tt1881109,Q19364012,tmdb
274857,King Arthur: Legend of the Sword,https://en.wikipedia.org/wiki/King_Arthur:_Legend_of_the_Sword,tt1972591,Q19569225,tmdb
281876,Vamsanikokkadu,https://en.wikipedia.org/wiki/Vamsanikokkadu,tt1579708,Q19600208,tmdb
287903,Krampus (film),https://en.wikipedia.org/wiki/Krampus_(film),tt3850590,Q19627473,tmdb
278086,Altman (film),https://en.wikipedia.org/wiki/Altman_(film),tt2404171,Q19801699,tmdb
279661,Killer Legends,https://en.wikipedia.org/wiki/Killer_Legends,tt3449040,Q19879557,tmdb
286372,Treehouse (film),https://en.wikipedia.org/wiki/Treehouse_(film),tt1791681,Q19881532,tmdb
283995,Guardians of the Galaxy Vol. 2,https://en.wikipedia.org/wiki/Guardians_of_the_Galaxy_Vol._2,tt3896198,Q20001199,tmdb
290098,The Handmaiden,https://en.wikipedia.org/wiki/The_Handmaiden,tt4016934,Q20444585,tmdb
277702,Supremacy (film),https://en.wikipedia.org/wiki/Supremacy_(film),tt2245151,Q20649492,tmdb
274870,Passengers (2016 film),https://en.wikipedia.org/wiki/Passengers_(2016_film),tt1355644,Q20962283,tmdb
274862,The Lego Ninjago Movie,https://en.wikipedia.org/wiki/The_Lego_Ninjago_Movie,tt3014284,Q22131901,tmdb
284053,Thor: Ragnarok,https://en.wikipedia.org/wiki/Thor:_Ragnarok,tt3501632,Q22665878,tmdb
276466,Triple Trouble: Animal Sinterklaas,https://en.wikipedia.org/wiki/Triple_Trouble:_Animal_Sinterklaas,tt4080760,Q23368928,tmdb
287947,Shazam! (film),https://en.wikipedia.org/wiki/Shazam!_(film),tt0448115,Q23685878,tmdb
275615,,,tt0088743,Q126123,tmdb
289426,,,tt1502380,Q1763619,tmdb
281272,,,tt0080916,Q3204020,tmdb
282199,,,tt0233692,Q3221066,tmdb
277523,,,tt0164089,Q3842804,tmdb
278079,,,tt3225018,Q7037521,tmdb
291543,,,tt0155944,Q10344648,tmdb
288620,,,tt2524892,Q15836519,tmdb
286821,,,tt0022072,Q15990809,tmdb
280101,,,tt0103725,Q16027890,tmdb
279147,,,tt3590770,Q16321214,tmdb
290715,,,tt0106837,Q16590569,tmdb
291548,,,tt0100342,Q16703334,tmdb
286687,,,tt3985604,Q18142638,tmdb
278296,,,tt2372760,Q18290575,tmdb
276570,,,tt1691449,Q18511275,tmdb
280511,,,tt3499754,Q20972531,tmdb
276126,,,tt7652302,Q22974875,tmdb
291412,,,tt0075457,Q27229728,tmdb
275337,,,tt0090803,Q71983931,tmdb
291302,,,tt0107570,Q120669653,tmdb
279710,,,tt0069039,Q129686619,tmdb
291541,,,tt0433424,Q141188704,tmdb
279229,Sapphire Blue (2014 film),https://en.wikipedia.org/wiki/Sapphire_Blue_(2014_film),tt3260022,Q17326040,tmdb
277190,Secrets of War (film),https://en.wikipedia.org/wiki/Secrets_of_War_(film),tt2371158,Q17334154,tmdb
287486,The Grump,https://en.wikipedia.org/wiki/The_Grump,tt2480454,Q17382556,tmdb
282984,Irrational Man (film),https://en.wikipedia.org/wiki/Irrational_Man_(film),tt3715320,Q17417520,tmdb
281957,The Revenant (2015 film),https://en.wikipedia.org/wiki/The_Revenant_(2015_film),tt1663202,Q18002795,tmdb
287649,Scarlet Innocence,https://en.wikipedia.org/wiki/Scarlet_Innocence,tt3958014,Q18058207,tmdb
277216,Straight Outta Compton (film),https://en.wikipedia.org/wiki/Straight_Outta_Compton_(film),tt1398426,Q18154625,tmdb
290825,Yoga Hosers,https://en.wikipedia.org/wiki/Yoga_Hosers,tt3838992,Q18168157,tmdb
287948,The Transporter Refueled,https://en.wikipedia.org/wiki/The_Transporter_Refueled,tt2938956,Q18170549,tmdb
280331,Ninnistham Ennishtam,https://en.wikipedia.org/wiki/Ninnistham_Ennishtam,tt0255422,Q18353625,tmdb
285257,Karunam,https://en.wikipedia.org/wiki/Karunam,tt0256852,Q18387191,tmdb
284052,Doctor Strange (2016 film),https://en.wikipedia.org/wiki/Doctor_Strange_(2016_film),tt1211837,Q18406872,tmdb
290595,The Huntsman: Winter's War,https://en.wikipedia.org/wiki/The_Huntsman:_Winter%27s_War,tt2381991,Q18485021,tmdb
286217,The Martian (film),https://en.wikipedia.org/wiki/The_Martian_(film),tt3659388,Q18547944,tmdb
278924,Mechanic: Resurrection,https://en.wikipedia.org/wiki/Mechanic:_Resurrection,tt3522806,Q18552037,tmdb
291870,Dirty Grandpa,https://en.wikipedia.org/wiki/Dirty_Grandpa,tt1860213,Q18669866,tmdb
291805,Now You See Me 2,https://en.wikipedia.org/wiki/Now_You_See_Me_2,tt3110958,Q18703028,tmdb
297656,Passions (1984 film),https://en.wikipedia.org/wiki/Passions_(1984_film),tt0087894,Q39073426,tmdb
301502,Blonde (2022 film),https://en.wikipedia.org/wiki/Blonde_(2022_film),tt1655389,Q66823622,tmdb
299054,Expend4bles,https://en.wikipedia.org/wiki/Expend4bles,tt3291150,Q108813842,tmdb
304695,Johann (film),https://en.wikipedia.org/wiki/Johann_(film),tt0036056,Q138622152,tmdb
304139,Rahul (film),https://en.wikipedia.org/wiki/Rahul_(film),tt0277981,Q7283577,tmdb
302941,Vansh,https://en.wikipedia.org/wiki/Vansh,tt0404537,Q11057479,tmdb
303281,Happy Ending (2014 film),https://en.wikipedia.org/wiki/Happy_Ending_(2014_film),tt3017412,Q14943677,tmdb
303903,Pokémon the Movie: Diancie and the Cocoon of Destruction,https://en.wikipedia.org/wiki/Pok%C3%A9mon_the_Movie:_Diancie_and_the_Cocoon_of_Destruction,tt3918368,Q15304052,tmdb
298250,Jigsaw (2017 film),https://en.wikipedia.org/wiki/Jigsaw_(2017_film),tt3348730,Q15712110,tmdb
293863,The Age of Adaline,https://en.wikipedia.org/wiki/The_Age_of_Adaline,tt1655441,Q16242543,tmdb
300803,Dragonheart 3: The Sorcerer's Curse,https://en.wikipedia.org/wiki/Dragonheart_3:_The_Sorcerer%27s_Curse,tt3829170,Q18146264,tmdb
302156,Criminal (2016 film),https://en.wikipedia.org/wiki/Criminal_(2016_film),tt3014866,Q18149041,tmdb
303991,Demolition (2015 film),https://en.wikipedia.org/wiki/Demolition_(2015_film),tt1172049,Q18149188,tmdb
299559,Highpoint (film),https://en.wikipedia.org/wiki/Highpoint_(film),tt0080872,Q451324,tmdb
307526,Diwana (1967 film),https://en.wikipedia.org/wiki/Diwana_(1967_film),tt0062897,Q1231647,tmdb
301967,XXL (film),https://en.wikipedia.org/wiki/XXL_(film),tt0120537,Q3570478,tmdb
300799,20 - Venti,https://en.wikipedia.org/wiki/20_-_Venti,tt0270039,Q3598070,tmdb
304029,Night Club (2011 film),https://en.wikipedia.org/wiki/Night_Club_(2011_film),tt1623280,Q3876743,tmdb
304964,Cheenavala,https://en.wikipedia.org/wiki/Cheenavala,tt0233432,Q5089311,tmdb
300393,Halloweenight,https://en.wikipedia.org/wiki/Halloweenight,tt1815731,Q5643127,tmdb
301129,Hasti,https://en.wikipedia.org/wiki/Hasti,tt0481107,Q5680193,tmdb
304997,Kannum Karalum,https://en.wikipedia.org/wiki/Kannum_Karalum,tt0254477,Q6364134,tmdb
301076,Mr. Love,https://en.wikipedia.org/wiki/Mr._Love,tt0089633,Q6928851,tmdb
297222,PK (film),https://en.wikipedia.org/wiki/PK_(film),tt2338151,Q7117022,tmdb
298714,X: Past Is Present,https://en.wikipedia.org/wiki/X:_Past_Is_Present,tt5207116,Q16255311,tmdb
295144,Marvellous,https://en.wikipedia.org/wiki/Marvellous,tt3659786,Q16997400,tmdb
304336,Lap Dance (film),https://en.wikipedia.org/wiki/Lap_Dance_(film),tt2392385,Q17017178,tmdb
303317,Wiretapper,https://en.wikipedia.org/wiki/Wiretapper,tt0049957,Q17038867,tmdb
307663,Vice (2015 film),https://en.wikipedia.org/wiki/Vice_(2015_film),tt3480796,Q17088644,tmdb
307081,Southpaw (film),https://en.wikipedia.org/wiki/Southpaw_(film),tt1798684,Q17276718,tmdb
299687,The 5th Wave (film),https://en.wikipedia.org/wiki/The_5th_Wave_(film),tt2304933,Q17436508,tmdb
299939,Debug (film),https://en.wikipedia.org/wiki/Debug_(film),tt2769184,Q18150437,tmdb
296099,Vacation (2015 film),https://en.wikipedia.org/wiki/Vacation_(2015_film),tt1524930,Q18155457,tmdb
297961,Big Driver (film),https://en.wikipedia.org/wiki/Big_Driver_(film),tt3831810,Q18204572,tmdb
307699,Aurora (2014 film),https://en.wikipedia.org/wiki/Aurora_(2014_film),tt3603470,Q18221257,tmdb
303318,Seetharama Raju,https://en.wikipedia.org/wiki/Seetharama_Raju,tt1601224,Q18356636,tmdb
294254,Maze Runner: The Scorch Trials,https://en.wikipedia.org/wiki/Maze_Runner:_The_Scorch_Trials,tt4046784,Q18359358,tmdb
303857,Dragon Ball Z: Resurrection 'F',https://en.wikipedia.org/wiki/Dragon_Ball_Z:_Resurrection_%27F%27,tt3819668,Q17476655,tmdb
293229,Isa (film),https://en.wikipedia.org/wiki/Isa_(film),tt3779726,Q17507174,tmdb
292174,Vanity Fair (1911 film),https://en.wikipedia.org/wiki/Vanity_Fair_(1911_film),tt0143973,Q17558728,tmdb
306112,"Jake Spanner, Private Eye","https://en.wikipedia.org/wiki/Jake_Spanner,_Private_Eye",tt0097611,Q17993710,tmdb
301351,We Are Your Friends (film),https://en.wikipedia.org/wiki/We_Are_Your_Friends_(film),tt3787590,Q18010765,tmdb
296098,Bridge of Spies (film),https://en.wikipedia.org/wiki/Bridge_of_Spies_(film),tt3682448,Q18067135,tmdb
301807,Brilliant Marriage,https://en.wikipedia.org/wiki/Brilliant_Marriage,tt0027399,Q24053305,tmdb
300668,Annihilation (film),https://en.wikipedia.org/wiki/Annihilation_(film),tt2798920,Q25136228,tmdb
301228,Narcopolis (film),https://en.wikipedia.org/wiki/Narcopolis_(film),tt1957938,Q25136310,tmdb
299618,Fugly!,https://en.wikipedia.org/wiki/Fugly!,tt1730760,Q26966350,tmdb
300681,Replicas (film),https://en.wikipedia.org/wiki/Replicas_(film),tt4154916,Q27958509,tmdb
295830,Attack on Titan (film),https://en.wikipedia.org/wiki/Attack_on_Titan_(film),tt2072230,Q20313191,tmdb
297762,Wonder Woman (2017 film),https://en.wikipedia.org/wiki/Wonder_Woman_(2017_film),tt0451279,Q20502242,tmdb
307344,Shivam (2015 Telugu film),https://en.wikipedia.org/wiki/Shivam_(2015_Telugu_film),tt4417502,Q20647935,tmdb
305344,Never Here,https://en.wikipedia.org/wiki/Never_Here,tt2039412,Q20650065,tmdb
300666,Bravetown,https://en.wikipedia.org/wiki/Bravetown,tt2950052,Q20735540,tmdb
296096,Me Before You,https://en.wikipedia.org/wiki/Me_Before_You,tt2674426,Q20735644,tmdb
296449,Francofonia,https://en.wikipedia.org/wiki/Francofonia,tt3451720,Q20900281,tmdb
295740,Expensive Husbands,https://en.wikipedia.org/wiki/Expensive_Husbands,tt0030111,Q20949857,tmdb
301325,Hashtag Horror,https://en.wikipedia.org/wiki/Hashtag_Horror,tt3526286,Q20949884,tmdb
300900,Ardennes Fury,https://en.wikipedia.org/wiki/Ardennes_Fury,tt3922754,Q20993868,tmdb
293167,Kong: Skull Island,https://en.wikipedia.org/wiki/Kong:_Skull_Island,tt3731562,Q21203766,tmdb
300669,Don't Breathe,https://en.wikipedia.org/wiki/Don%27t_Breathe,tt4160708,Q21450470,tmdb
305470,Power Rangers (film),https://en.wikipedia.org/wiki/Power_Rangers_(film),tt3717490,Q21648810,tmdb
294694,Bombay Mail (1934 film),https://en.wikipedia.org/wiki/Bombay_Mail_(1934_film),tt0024904,Q21999943,tmdb
301337,Downsizing (film),https://en.wikipedia.org/wiki/Downsizing_(film),tt1389072,Q22075017,tmdb
293670,The Wailing (2016 film),https://en.wikipedia.org/wiki/The_Wailing_(2016_film),tt5215952,Q22972803,tmdb
297802,Aquaman (film),https://en.wikipedia.org/wiki/Aquaman_(film),tt1477834,Q22998395,tmdb
300940,Tungsten (film),https://en.wikipedia.org/wiki/Tungsten_(film),tt1701186,Q23043638,tmdb
298618,The Flash (film),https://en.wikipedia.org/wiki/The_Flash_(film),tt0439572,Q23562553,tmdb
299536,Avengers: Infinity War,https://en.wikipedia.org/wiki/Avengers:_Infinity_War,tt4154756,Q23780914,tmdb
299537,Captain Marvel (film),https://en.wikipedia.org/wiki/Captain_Marvel_(film),tt4154664,Q23781129,tmdb
299534,Avengers: Endgame,https://en.wikipedia.org/wiki/Avengers:_Endgame,tt4154796,Q23781155,tmdb
299127,,,tt0303781,Q888429,tmdb
294076,,,tt1468369,Q2282229,tmdb
305849,,,tt0406376,Q2759069,tmdb
295943,,,tt0168205,Q3514299,tmdb
299540,,,tt0109561,Q3703884,tmdb
299050,,,tt0075858,Q5772687,tmdb
300510,,,tt0263602,Q6063357,tmdb
301233,,,tt0111464,Q6143281,tmdb
296264,,,tt0058471,Q7196064,tmdb
306629,,,,Q12686407,tmdb
302624,,,tt3429322,Q16535180,tmdb
301633,,,tt3335200,Q18616812,tmdb
299796,,,tt3646722,Q20001157,tmdb
299553,,,tt4416518,Q22814359,tmdb
295485,,,tt2691102,Q23686237,tmdb
307012,,,tt0073730,Q27832314,tmdb
302988,,,tt0985056,Q61067464,tmdb
293354,,,tt0042937,Q92748318,tmdb
296918,,,tt4219304,Q97007783,tmdb
305949,,,tt0043478,Q98807351,tmdb
301906,,,tt0289629,Q129105044,tmdb
297090,,,tt3617996,Q140473571,tmdb
301528,Toy Story 4,https://en.wikipedia.org/wiki/Toy_Story_4,tt1979376,Q18517638,tmdb
297270,Tinker Bell and the Legend of the NeverBeast,https://en.wikipedia.org/wiki/Tinker_Bell_and_the_Legend_of_the_NeverBeast,tt3120408,Q18581780,tmdb
297761,Suicide Squad (2016 film),https://en.wikipedia.org/wiki/Suicide_Squad_(2016_film),tt1386697,Q18604504,tmdb
305638,The Shamer's Daughter,https://en.wikipedia.org/wiki/The_Shamer%27s_Daughter,tt3022458,Q18623843,tmdb
298093,Poker Night (film),https://en.wikipedia.org/wiki/Poker_Night_(film),tt2548208,Q18703030,tmdb
307156,Phobia (2013 film),https://en.wikipedia.org/wiki/Phobia_(2013_film),tt1800240,Q18703902,tmdb
296025,Safelight (film),https://en.wikipedia.org/wiki/Safelight_(film),tt2190467,Q18708860,tmdb
302946,The Accountant (2016 film),https://en.wikipedia.org/wiki/The_Accountant_(2016_film),tt2140479,Q18883455,tmdb
302401,Snowden (film),https://en.wikipedia.org/wiki/Snowden_(film),tt3774114,Q19315473,tmdb
293660,Deadpool (film),https://en.wikipedia.org/wiki/Deadpool_(film),tt1431045,Q19347291,tmdb
306819,The Danish Girl (film),https://en.wikipedia.org/wiki/The_Danish_Girl_(film),tt0810819,Q19347583,tmdb
306947,The Invitation (2015 film),https://en.wikipedia.org/wiki/The_Invitation_(2015_film),tt2400463,Q19627585,tmdb
301365,The Neon Demon,https://en.wikipedia.org/wiki/The_Neon_Demon,tt1974419,Q19750881,tmdb
295886,Brotherly Love (2015 film),https://en.wikipedia.org/wiki/Brotherly_Love_(2015_film),tt3262990,Q19801765,tmdb
300671,13 Hours: The Secret Soldiers of Benghazi,https://en.wikipedia.org/wiki/13_Hours:_The_Secret_Soldiers_of_Benghazi,tt4172430,Q19865453,tmdb
302699,Central Intelligence,https://en.wikipedia.org/wiki/Central_Intelligence,tt1489889,Q19867575,tmdb
296524,Deepwater Horizon (film),https://en.wikipedia.org/wiki/Deepwater_Horizon_(film),tt1860357,Q19877874,tmdb
300665,Leatherface (2017 film),https://en.wikipedia.org/wiki/Leatherface_(2017_film),tt2620590,Q20026854,tmdb
324544,In the Lost Lands,https://en.wikipedia.org/wiki/In_the_Lost_Lands,tt4419684,Q113524284,tmdb
320147,Funny Bunny,https://en.wikipedia.org/wiki/Funny_Bunny,tt3381600,Q134732526,tmdb
314011,The Beat Beneath My Feet,https://en.wikipedia.org/wiki/The_Beat_Beneath_My_Feet,tt3064356,Q136379362,tmdb
319678,Lilet (film),https://en.wikipedia.org/wiki/Lilet_(film),tt0359604,Q136565815,tmdb
309809,The Little Prince (2015 film),https://en.wikipedia.org/wiki/The_Little_Prince_(2015_film),tt1754656,Q16386722,tmdb
319774,Naina (1973 film),https://en.wikipedia.org/wiki/Naina_(1973_film),tt0246800,Q17076720,tmdb
324277,Jaco (film),https://en.wikipedia.org/wiki/Jaco_(film),tt2385115,Q17092802,tmdb
309299,Experimenter (film),https://en.wikipedia.org/wiki/Experimenter_(film),tt3726704,Q17382885,tmdb
324670,Spectral,https://en.wikipedia.org/wiki/Spectral,tt2106651,Q17763215,tmdb
323675,Ride Along 2,https://en.wikipedia.org/wiki/Ride_Along_2,tt2869728,Q17903453,tmdb
314389,Baby (2015 Hindi film),https://en.wikipedia.org/wiki/Baby_(2015_Hindi_film),tt3848892,Q18110036,tmdb
316846,Manjunath (film),https://en.wikipedia.org/wiki/Manjunath_(film),tt3056632,Q18127802,tmdb
318485,Honeymoon (1928 American film),https://en.wikipedia.org/wiki/Honeymoon_(1928_American_film),tt0019016,Q18150745,tmdb
314365,Spotlight (film),https://en.wikipedia.org/wiki/Spotlight_(film),tt1895587,Q18154496,tmdb
309503,Zipper (film),https://en.wikipedia.org/wiki/Zipper_(film),tt3346224,Q18343202,tmdb
323020,Bis (film),https://en.wikipedia.org/wiki/Bis_(film),tt4024546,Q18684112,tmdb
310593,Youth (2015 film),https://en.wikipedia.org/wiki/Youth_(2015_film),tt3312830,Q18703892,tmdb
321697,Steve Jobs (film),https://en.wikipedia.org/wiki/Steve_Jobs_(film),tt2080374,Q18754959,tmdb
317981,Bloodsucking Bastards,https://en.wikipedia.org/wiki/Bloodsucking_Bastards,tt3487994,Q18786417,tmdb
317144,Cyberbully (2015 film),https://en.wikipedia.org/wiki/Cyberbully_(2015_film),tt4135218,Q18786420,tmdb
313297,Kubo and the Two Strings,https://en.wikipedia.org/wiki/Kubo_and_the_Two_Strings,tt4302938,Q18786471,tmdb
312221,Creed (film),https://en.wikipedia.org/wiki/Creed_(film),tt3076658,Q18822138,tmdb
308639,Dope (2015 film),https://en.wikipedia.org/wiki/Dope_(2015_film),tt3850214,Q18890297,tmdb
315295,The Venetian (film),https://en.wikipedia.org/wiki/The_Venetian_(film),tt0130344,Q2276647,tmdb
323153,Il disertore,https://en.wikipedia.org/wiki/Il_disertore,tt0085444,Q3793824,tmdb
322634,27A,https://en.wikipedia.org/wiki/27A,tt0071084,Q4632540,tmdb
325047,Angel Square,https://en.wikipedia.org/wiki/Angel_Square,tt0101348,Q4762275,tmdb
314309,Aunt Clara (film),https://en.wikipedia.org/wiki/Aunt_Clara_(film),tt0046733,Q4821948,tmdb
318245,Batang PX,https://en.wikipedia.org/wiki/Batang_PX,tt0216563,Q4868590,tmdb
312558,Haque (film),https://en.wikipedia.org/wiki/Haque_(film),tt0102001,Q5653424,tmdb
319920,Kartoos,https://en.wikipedia.org/wiki/Kartoos,tt0220594,Q6373582,tmdb
322505,Night Trap (film),https://en.wikipedia.org/wiki/Night_Trap_(film),tt0107684,Q7033542,tmdb
312750,Rathinirvedam (1978 film),https://en.wikipedia.org/wiki/Rathinirvedam_(1978_film),tt0156011,Q7295642,tmdb
322958,Skid Kids (film),https://en.wikipedia.org/wiki/Skid_Kids_(film),tt0169238,Q7535023,tmdb
324870,Teen Bahuraniyan,https://en.wikipedia.org/wiki/Teen_Bahuraniyan,tt0293634,Q7694281,tmdb
308504,Last Knights,https://en.wikipedia.org/wiki/Last_Knights,tt2493486,Q7745847,tmdb
319831,Velugu Needalu,https://en.wikipedia.org/wiki/Velugu_Needalu,tt0264145,Q7919340,tmdb
324612,Shair (film),https://en.wikipedia.org/wiki/Shair_(film),tt0414504,Q10970482,tmdb
316002,Accidental Love,https://en.wikipedia.org/wiki/Accidental_Love,tt1137470,Q11694978,tmdb
313369,La La Land,https://en.wikipedia.org/wiki/La_La_Land,tt3783958,Q20856802,tmdb
312804,James White (film),https://en.wikipedia.org/wiki/James_White_(film),tt4288636,Q20899476,tmdb
315011,Shin Godzilla,https://en.wikipedia.org/wiki/Shin_Godzilla,tt4262980,Q20899737,tmdb
322766,Beautiful & Twisted,https://en.wikipedia.org/wiki/Beautiful_%26_Twisted,tt3881768,Q21427115,tmdb
324552,John Wick: Chapter 2,https://en.wikipedia.org/wiki/John_Wick:_Chapter_2,tt4425200,Q21451640,tmdb
315837,Ghost in the Shell (2017 film),https://en.wikipedia.org/wiki/Ghost_in_the_Shell_(2017_film),tt1219827,Q22575835,tmdb
324852,Despicable Me 3,https://en.wikipedia.org/wiki/Despicable_Me_3,tt3469046,Q22997984,tmdb
317557,Queen of Katwe,https://en.wikipedia.org/wiki/Queen_of_Katwe,tt4341582,Q20921603,tmdb
325348,Hardcore Henry,https://en.wikipedia.org/wiki/Hardcore_Henry,tt3072482,Q20982361,tmdb
324786,Hacksaw Ridge,https://en.wikipedia.org/wiki/Hacksaw_Ridge,tt2119532,Q21010856,tmdb
315635,Spider-Man: Homecoming,https://en.wikipedia.org/wiki/Spider-Man:_Homecoming,tt2250912,Q23010088,tmdb
324849,The Lego Batman Movie,https://en.wikipedia.org/wiki/The_Lego_Batman_Movie,tt4116284,Q23013169,tmdb
325758,I Am Thor,https://en.wikipedia.org/wiki/I_Am_Thor,tt2450258,Q23763050,tmdb
316029,The Greatest Showman,https://en.wikipedia.org/wiki/The_Greatest_Showman,tt1485796,Q27942936,tmdb
324857,Spider-Man: Into the Spider-Verse,https://en.wikipedia.org/wiki/Spider-Man:_Into_the_Spider-Verse,tt4633694,Q29588607,tmdb
320288,Dark Phoenix (film),https://en.wikipedia.org/wiki/Dark_Phoenix_(film),tt6565702,Q31188935,tmdb
315162,Puss in Boots: The Last Wish,https://en.wikipedia.org/wiki/Puss_in_Boots:_The_Last_Wish,tt3915174,Q31271384,tmdb
322799,Cooperstown (film),https://en.wikipedia.org/wiki/Cooperstown_(film),tt0106612,Q58814786,tmdb
326316,Spinning Gold,https://en.wikipedia.org/wiki/Spinning_Gold,tt2071590,Q83948325,tmdb
312797,The Barber (2014 film),https://en.wikipedia.org/wiki/The_Barber_(2014_film),tt2194826,Q104867576,tmdb
316940,,,tt0031525,Q10542383,tmdb
316938,,,tt0033111,Q10682908,tmdb
313113,,,tt3962406,Q10855439,tmdb
322334,,,tt0370598,Q10949989,tmdb
322838,,,tt2320498,Q11191885,tmdb
319151,,,tt0304285,Q11400744,tmdb
324777,,,tt0056446,Q12758596,tmdb
325765,,,tt0410569,Q12807130,tmdb
324631,,,tt3662686,Q16946988,tmdb
323592,,,tt3782884,Q18287246,tmdb
316762,,,tt4227386,Q18647013,tmdb
308817,,,tt3355082,Q18745437,tmdb
308624,,,tt6428168,Q19794868,tmdb
316391,,,tt3509908,Q20729750,tmdb
321530,,,tt2442488,Q20740344,tmdb
315112,,,tt3404246,Q20742863,tmdb
322127,,,tt4809238,Q21008502,tmdb
314996,,,tt3725284,Q21707056,tmdb
323710,,,tt2088888,Q22000572,tmdb
315999,,,tt2221751,Q33554204,tmdb
322061,,,tt1993396,Q51221650,tmdb
315140,,,tt3824296,Q120598133,tmdb
321487,,,tt4971484,Q128450096,tmdb
323707,,,tt2282703,Q130367647,tmdb
322332,,,tt0117005,Q141124288,tmdb
310131,The Witch (2015 film),https://en.wikipedia.org/wiki/The_Witch_(2015_film),tt4263482,Q19057481,tmdb
318256,Hot Girls Wanted,https://en.wikipedia.org/wiki/Hot_Girls_Wanted,tt4382552,Q19263684,tmdb
308084,Tangerine (film),https://en.wikipedia.org/wiki/Tangerine_(film),tt3824458,Q19263995,tmdb
309304,Grandma (2015 film),https://en.wikipedia.org/wiki/Grandma_(2015_film),tt4270516,Q19320953,tmdb
308187,The Manny,https://en.wikipedia.org/wiki/The_Manny,tt4201004,Q19370813,tmdb
325358,Superfast!,https://en.wikipedia.org/wiki/Superfast!,tt2933474,Q19427432,tmdb
324668,Jason Bourne (film),https://en.wikipedia.org/wiki/Jason_Bourne_(film),tt4196776,Q19481099,tmdb
319888,Eddie the Eagle (film),https://en.wikipedia.org/wiki/Eddie_the_Eagle_(film),tt1083452,Q19571557,tmdb
311324,The Great Wall (2016 film),https://en.wikipedia.org/wiki/The_Great_Wall_(2016_film),tt2034800,Q19587336,tmdb
308403,Homesick (2015 film),https://en.wikipedia.org/wiki/Homesick_(2015_film),tt3166500,Q19726870,tmdb
308531,Teenage Mutant Ninja Turtles: Out of the Shadows,https://en.wikipedia.org/wiki/Teenage_Mutant_Ninja_Turtles:_Out_of_the_Shadows,tt3949660,Q19842746,tmdb
318846,The Big Short (film),https://en.wikipedia.org/wiki/The_Big_Short_(film),tt1596363,Q19850715,tmdb
321258,The Boy (2016 film),https://en.wikipedia.org/wiki/The_Boy_(2016_film),tt3882082,Q19850968,tmdb
312791,Girl House,https://en.wikipedia.org/wiki/Girl_House,tt2577172,Q19859285,tmdb
317091,November Criminals (film),https://en.wikipedia.org/wiki/November_Criminals_(film),tt3266284,Q19865703,tmdb
308266,War Dogs (2016 film),https://en.wikipedia.org/wiki/War_Dogs_(2016_film),tt2005151,Q19872548,tmdb
323967,Walter (2015 film),https://en.wikipedia.org/wiki/Walter_(2015_film),tt2016335,Q19881703,tmdb
321612,Beauty and the Beast (2017 film),https://en.wikipedia.org/wiki/Beauty_and_the_Beast_(2017_film),tt2771200,Q19946102,tmdb
315840,Grain (film),https://en.wikipedia.org/wiki/Grain_(film),tt4073682,Q19954477,tmdb
316023,Mike and Dave Need Wedding Dates,https://en.wikipedia.org/wiki/Mike_and_Dave_Need_Wedding_Dates,tt2823054,Q20022639,tmdb
310307,The Founder,https://en.wikipedia.org/wiki/The_Founder,tt4276820,Q20031748,tmdb
326057,Assassin (2015 film),https://en.wikipedia.org/wiki/Assassin_(2015_film),tt3030354,Q20649258,tmdb
316727,The Purge: Election Year,https://en.wikipedia.org/wiki/The_Purge:_Election_Year,tt4094724,Q20724304,tmdb
314095,The Lost City of Z (film),https://en.wikipedia.org/wiki/The_Lost_City_of_Z_(film),tt1212428,Q20814623,tmdb
335029,Saginaw Trail (film),https://en.wikipedia.org/wiki/Saginaw_Trail_(film),tt0046266,Q15632228,tmdb
334074,Survivor (film),https://en.wikipedia.org/wiki/Survivor_(film),tt3247714,Q15715647,tmdb
334311,Remembrance of MB,https://en.wikipedia.org/wiki/Remembrance_of_MB,,Q16170740,tmdb
338016,Poor Devil (1973 film),https://en.wikipedia.org/wiki/Poor_Devil_(1973_film),tt0070555,Q16919099,tmdb
330112,Ashby (film),https://en.wikipedia.org/wiki/Ashby_(film),tt3774466,Q17513279,tmdb
338953,Fantastic Beasts: The Secrets of Dumbledore,https://en.wikipedia.org/wiki/Fantastic_Beasts:_The_Secrets_of_Dumbledore,tt4123432,Q18199332,tmdb
336199,Macadam Stories,https://en.wikipedia.org/wiki/Macadam_Stories,tt4357368,Q19543842,tmdb
330459,Rogue One,https://en.wikipedia.org/wiki/Rogue_One,tt3748528,Q19590955,tmdb
331393,Undrafted (film),https://en.wikipedia.org/wiki/Undrafted_(film),tt3172126,Q19627596,tmdb
333091,Bare (2015 film),https://en.wikipedia.org/wiki/Bare_(2015_film),tt3741316,Q19824585,tmdb
336660,Mediterranea (film),https://en.wikipedia.org/wiki/Mediterranea_(film),tt3486542,Q19824788,tmdb
330483,The Choice (2016 film),https://en.wikipedia.org/wiki/The_Choice_(2016_film),tt3797868,Q18389443,tmdb
333669,Bastille Day (2016 film),https://en.wikipedia.org/wiki/Bastille_Day_(2016_film),tt2368619,Q18636368,tmdb
331962,Exposed (2016 film),https://en.wikipedia.org/wiki/Exposed_(2016_film),tt4019560,Q18703022,tmdb
333371,10 Cloverfield Lane,https://en.wikipedia.org/wiki/10_Cloverfield_Lane,tt1179933,Q18703038,tmdb
334533,Captain Fantastic (film),https://en.wikipedia.org/wiki/Captain_Fantastic_(film),tt3553976,Q18703094,tmdb
339745,Ebar Shabor,https://en.wikipedia.org/wiki/Ebar_Shabor,tt4328756,Q18703126,tmdb
337170,American Made (film),https://en.wikipedia.org/wiki/American_Made_(film),tt3532216,Q18811617,tmdb
333968,How to Win at Checkers (Every Time),https://en.wikipedia.org/wiki/How_to_Win_at_Checkers_(Every_Time),tt4370256,Q19263694,tmdb
336882,The Wave (2015 film),https://en.wikipedia.org/wiki/The_Wave_(2015_film),tt3616916,Q19372190,tmdb
330515,Divorced (1951 film),https://en.wikipedia.org/wiki/Divorced_(1951_film),tt0043566,Q3089372,tmdb
332562,A Star Is Born (2018 film),https://en.wikipedia.org/wiki/A_Star_Is_Born_(2018_film),tt1517451,Q3286391,tmdb
335966,Bitter Bread,https://en.wikipedia.org/wiki/Bitter_Bread,tt0137164,Q3360553,tmdb
336809,Sangdil,https://en.wikipedia.org/wiki/Sangdil,tt0130991,Q3472195,tmdb
327703,Scirocco (film),https://en.wikipedia.org/wiki/Scirocco_(film),tt0090624,Q4739929,tmdb
336290,Bobbikins,https://en.wikipedia.org/wiki/Bobbikins,tt0053661,Q4934664,tmdb
339675,Ver Llover,https://en.wikipedia.org/wiki/Ver_Llover,tt0887969,Q7920720,tmdb
331370,Honeymoon (1992 film),https://en.wikipedia.org/wiki/Honeymoon_(1992_film),tt0395582,Q11057506,tmdb
334301,'Merika,https://en.wikipedia.org/wiki/%27Merika,tt0125402,Q13422940,tmdb
339527,Solace (2015 film),https://en.wikipedia.org/wiki/Solace_(2015_film),tt1291570,Q13750840,tmdb
334524,Gold (2016 film),https://en.wikipedia.org/wiki/Gold_(2016_film),tt1800302,Q20649346,tmdb
330023,Undercover Doctor,https://en.wikipedia.org/wiki/Undercover_Doctor,tt0032077,Q20650007,tmdb
339692,Shot Caller (film),https://en.wikipedia.org/wiki/Shot_Caller_(film),tt4633690,Q20716882,tmdb
336455,Viral (2016 film),https://en.wikipedia.org/wiki/Viral_(2016_film),tt2597892,Q20762671,tmdb
339967,Colossal (film),https://en.wikipedia.org/wiki/Colossal_(film),tt4680182,Q21527562,tmdb
340666,Nocturnal Animals,https://en.wikipedia.org/wiki/Nocturnal_Animals,tt4550098,Q21527905,tmdb
335797,Sing (2016 American film),https://en.wikipedia.org/wiki/Sing_(2016_American_film),tt3470600,Q20762698,tmdb
339984,Miracles from Heaven,https://en.wikipedia.org/wiki/Miracles_from_Heaven,tt4257926,Q20814649,tmdb
339964,Valerian and the City of a Thousand Planets,https://en.wikipedia.org/wiki/Valerian_and_the_City_of_a_Thousand_Planets,tt2239822,Q20926273,tmdb
337339,The Fate of the Furious,https://en.wikipedia.org/wiki/The_Fate_of_the_Furious,tt4630562,Q19829521,tmdb
338803,The Treacherous,https://en.wikipedia.org/wiki/The_Treacherous,tt4844288,Q19840918,tmdb
329833,Zoolander 2,https://en.wikipedia.org/wiki/Zoolander_2,tt1608290,Q19842552,tmdb
334541,Manchester by the Sea (film),https://en.wikipedia.org/wiki/Manchester_by_the_Sea_(film),tt4034228,Q19864603,tmdb
328387,Nerve (2016 film),https://en.wikipedia.org/wiki/Nerve_(2016_film),tt3531824,Q19865410,tmdb
332411,I Am Wrath,https://en.wikipedia.org/wiki/I_Am_Wrath,tt3212232,Q19880557,tmdb
333484,The Magnificent Seven (2016 film),https://en.wikipedia.org/wiki/The_Magnificent_Seven_(2016_film),tt2404435,Q19983487,tmdb
338766,Hell or High Water (film),https://en.wikipedia.org/wiki/Hell_or_High_Water_(film),tt2582782,Q20026847,tmdb
333384,Lowriders (film),https://en.wikipedia.org/wiki/Lowriders_(film),tt1366338,Q20026856,tmdb
329865,Arrival (film),https://en.wikipedia.org/wiki/Arrival_(film),tt2543164,Q20382729,tmdb
335796,Ouija: Origin of Evil,https://en.wikipedia.org/wiki/Ouija:_Origin_of_Evil,tt4361050,Q20979348,tmdb
333088,Applesauce (film),https://en.wikipedia.org/wiki/Applesauce_(film),tt4270878,Q20992327,tmdb
339988,The Circle (2017 film),https://en.wikipedia.org/wiki/The_Circle_(2017_film),tt4287320,Q21010849,tmdb
340684,Those People,https://en.wikipedia.org/wiki/Those_People,tt3899516,Q21428173,tmdb
333387,The Wannabe,https://en.wikipedia.org/wiki/The_Wannabe,tt3059816,Q21428189,tmdb
332210,Storks (film),https://en.wikipedia.org/wiki/Storks_(film),tt4624424,Q21450480,tmdb
332567,The Shallows (film),https://en.wikipedia.org/wiki/The_Shallows_(film),tt4052882,Q21450484,tmdb
335984,Blade Runner 2049,https://en.wikipedia.org/wiki/Blade_Runner_2049,tt1856101,Q21500755,tmdb
330457,Frozen 2,https://en.wikipedia.org/wiki/Frozen_2,tt4520988,Q24733929,tmdb
338970,Tomb Raider (film),https://en.wikipedia.org/wiki/Tomb_Raider_(film),tt1365519,Q28489891,tmdb
340102,The New Mutants (film),https://en.wikipedia.org/wiki/The_New_Mutants_(film),tt4682266,Q28912376,tmdb
337982,"Hello, 'Frisco","https://en.wikipedia.org/wiki/Hello,_%27Frisco",tt0250419,Q29102906,tmdb
340601,Delirium (2018 film),https://en.wikipedia.org/wiki/Delirium_(2018_film),tt2069797,Q29514888,tmdb
333354,Extortion (2017 film),https://en.wikipedia.org/wiki/Extortion_(2017_film),tt2957760,Q30609003,tmdb
339395,Georgetown (film),https://en.wikipedia.org/wiki/Georgetown_(film),tt4669252,Q42758912,tmdb
333665,Consumed (2015 film),https://en.wikipedia.org/wiki/Consumed_(2015_film),tt3760966,Q51885874,tmdb
338762,Bloodshot (film),https://en.wikipedia.org/wiki/Bloodshot_(film),tt1634106,Q56033171,tmdb
331482,Little Women (2019 film),https://en.wikipedia.org/wiki/Little_Women_(2019_film),tt3281548,Q56881140,tmdb
338967,Zombieland: Double Tap,https://en.wikipedia.org/wiki/Zombieland:_Double_Tap,tt1560220,Q58879016,tmdb
335787,Uncharted (film),https://en.wikipedia.org/wiki/Uncharted_(film),tt1464335,Q67171881,tmdb
338969,The Toxic Avenger (2023 film),https://en.wikipedia.org/wiki/The_Toxic_Avenger_(2023_film),tt1633359,Q107404778,tmdb
338947,Hellraiser (2022 film),https://en.wikipedia.org/wiki/Hellraiser_(2022_film),tt0887261,Q108739919,tmdb
331168,,,tt2190197,Q2882642,tmdb
329518,,,tt0356153,Q4003136,tmdb
337782,,,tt3455198,Q11968249,tmdb
335304,,,tt6419324,Q21575737,tmdb
337556,,,tt4960934,Q22000661,tmdb
335080,,,tt4598606,Q24263055,tmdb
328454,,,tt1218991,Q27120524,tmdb
326381,,,tt4131594,Q27941637,tmdb
326530,,,tt2311806,Q68013084,tmdb
338650,,,tt4196098,Q104967680,tmdb
340382,,,tt4294052,Q115921828,tmdb
328070,,,tt2401842,Q130404736,tmdb
339648,,,tt0219934,Q131981757,tmdb
329497,,,tt0856287,Q132180548,tmdb
329496,,,tt3836308,Q138446033,tmdb
333339,Ready Player One (film),https://en.wikipedia.org/wiki/Ready_Player_One_(film),tt1677720,Q22000542,tmdb
336011,White Girl (2016 film),https://en.wikipedia.org/wiki/White_Girl_(2016_film),tt4129870,Q22252061,tmdb
328778,Transient Lady,https://en.wikipedia.org/wiki/Transient_Lady,tt0027132,Q22350852,tmdb
337167,Fifty Shades Freed (film),https://en.wikipedia.org/wiki/Fifty_Shades_Freed_(film),tt4477536,Q22712210,tmdb
326382,Zama (film),https://en.wikipedia.org/wiki/Zama_(film),tt3409848,Q22931120,tmdb
335983,Venom (2018 film),https://en.wikipedia.org/wiki/Venom_(2018_film),tt1270797,Q23006268,tmdb
334543,Lion (2016 film),https://en.wikipedia.org/wiki/Lion_(2016_film),tt3741834,Q23013699,tmdb
339877,Loving Vincent,https://en.wikipedia.org/wiki/Loving_Vincent,tt3262342,Q23013713,tmdb
339403,Baby Driver,https://en.wikipedia.org/wiki/Baby_Driver,tt3890160,Q23016644,tmdb
336843,Maze Runner: The Death Cure,https://en.wikipedia.org/wiki/Maze_Runner:_The_Death_Cure,tt4500922,Q23068002,tmdb
329718,Altamira (film),https://en.wikipedia.org/wiki/Altamira_(film),tt3014910,Q23759130,tmdb
339547,Jeruzalem (film),https://en.wikipedia.org/wiki/Jeruzalem_(film),tt4552524,Q23919964,tmdb
329010,Emelie (film),https://en.wikipedia.org/wiki/Emelie_(film),tt4503598,Q24249964,tmdb
335988,Transformers: The Last Knight,https://en.wikipedia.org/wiki/Transformers:_The_Last_Knight,tt3371366,Q24251026,tmdb
335977,Indiana Jones and the Dial of Destiny,https://en.wikipedia.org/wiki/Indiana_Jones_and_the_Dial_of_Destiny,tt1462764,Q24278982,tmdb
337401,Mulan (2020 film),https://en.wikipedia.org/wiki/Mulan_(2020_film),tt4566758,Q24284283,tmdb
337404,Cruella (film),https://en.wikipedia.org/wiki/Cruella_(film),tt3228774,Q24284363,tmdb
329996,Dumbo (2019 film),https://en.wikipedia.org/wiki/Dumbo_(2019_film),tt3861390,Q24284798,tmdb
344434,Suspension (2015 film),https://en.wikipedia.org/wiki/Suspension_(2015_film),tt3625952,Q131578124,tmdb
341560,Libertas (film),https://en.wikipedia.org/wiki/Libertas_(film),tt0373999,Q6541454,tmdb
341559,Red Dust (1999 film),https://en.wikipedia.org/wiki/Red_Dust_(1999_film),tt0210629,Q7304071,tmdb
353809,Swami Vivekananda (1998 film),https://en.wikipedia.org/wiki/Swami_Vivekananda_(1998_film),tt0454314,Q7653273,tmdb
346940,Wajood (1998 film),https://en.wikipedia.org/wiki/Wajood_(1998_film),tt0287111,Q7960724,tmdb
354110,Forsaken (2015 film),https://en.wikipedia.org/wiki/Forsaken_(2015_film),tt2271563,Q16636715,tmdb
349006,Bin Roye,https://en.wikipedia.org/wiki/Bin_Roye,tt4644302,Q18603025,tmdb
344113,Living Legends (film),https://en.wikipedia.org/wiki/Living_Legends_(film),tt3316384,Q18611400,tmdb
352161,The Clan (2015 film),https://en.wikipedia.org/wiki/The_Clan_(2015_film),tt4411504,Q18709329,tmdb
350499,Pokémon the Movie: Hoopa and the Clash of Ages,https://en.wikipedia.org/wiki/Pok%C3%A9mon_the_Movie:_Hoopa_and_the_Clash_of_Ages,tt4503906,Q18815806,tmdb
348674,A War,https://en.wikipedia.org/wiki/A_War,tt3830162,Q19590783,tmdb
347969,The Ridiculous 6,https://en.wikipedia.org/wiki/The_Ridiculous_6,tt2479478,Q19866927,tmdb
341895,Premam,https://en.wikipedia.org/wiki/Premam,tt4679210,Q19895421,tmdb
341012,Popstar: Never Stop Never Stopping,https://en.wikipedia.org/wiki/Popstar:_Never_Stop_Never_Stopping,tt3960412,Q20001462,tmdb
341006,The Belko Experiment,https://en.wikipedia.org/wiki/The_Belko_Experiment,tt1082807,Q20022669,tmdb
340837,A Cure for Wellness,https://en.wikipedia.org/wiki/A_Cure_for_Wellness,tt4731136,Q20649157,tmdb
351147,Ahalya (2015 film),https://en.wikipedia.org/wiki/Ahalya_(2015_film),tt4876528,Q20735524,tmdb
352162,From Afar (film),https://en.wikipedia.org/wiki/From_Afar_(film),tt4721400,Q20747599,tmdb
354279,Charming (film),https://en.wikipedia.org/wiki/Charming_(film),tt4086018,Q20758115,tmdb
353070,Going in Style (2017 film),https://en.wikipedia.org/wiki/Going_in_Style_(2017_film),tt2568862,Q20762674,tmdb
353486,Jumanji: Welcome to the Jungle,https://en.wikipedia.org/wiki/Jumanji:_Welcome_to_the_Jungle,tt2283362,Q20762680,tmdb
345911,Lights Out (2016 film),https://en.wikipedia.org/wiki/Lights_Out_(2016_film),tt4786282,Q20649307,tmdb
345938,The Shack (2017 film),https://en.wikipedia.org/wiki/The_Shack_(2017_film),tt2872518,Q20649898,tmdb
346681,Wilson (2017 film),https://en.wikipedia.org/wiki/Wilson_(2017_film),tt1781058,Q20650048,tmdb
352490,This Beautiful Fantastic,https://en.wikipedia.org/wiki/This_Beautiful_Fantastic,tt4560008,Q20713461,tmdb
348060,The Squad (2015 film),https://en.wikipedia.org/wiki/The_Squad_(2015_film),tt4232610,Q20724312,tmdb
355333,Monsieur Papa (1977 film),https://en.wikipedia.org/wiki/Monsieur_Papa_(1977_film),tt0076406,Q3321437,tmdb
355102,Tulku (film),https://en.wikipedia.org/wiki/Tulku_(film),tt1654830,Q3541966,tmdb
352673,Anandabhairavi (film),https://en.wikipedia.org/wiki/Anandabhairavi_(film),tt0463412,Q4751326,tmdb
341272,Tango Bar,https://en.wikipedia.org/wiki/Tango_Bar,tt0096221,Q5653525,tmdb
354912,Coco (2017 film),https://en.wikipedia.org/wiki/Coco_(2017_film),tt2380307,Q5815826,tmdb
347574,Jaya Ganga,https://en.wikipedia.org/wiki/Jaya_Ganga,tt0116687,Q6167393,tmdb
343663,Dark Mirror (1984 film),https://en.wikipedia.org/wiki/Dark_Mirror_(1984_film),tt0087119,Q55609033,tmdb
347030,Native (film),https://en.wikipedia.org/wiki/Native_(film),tt4443922,Q55624820,tmdb
352364,Numb (2015 film),https://en.wikipedia.org/wiki/Numb_(2015_film),tt4470266,Q55627105,tmdb
352254,Forbidden Valley (film),https://en.wikipedia.org/wiki/Forbidden_Valley_(film),tt0030147,Q59351158,tmdb
345680,Sleepwalker (2017 film),https://en.wikipedia.org/wiki/Sleepwalker_(2017_film),tt4185370,Q60727912,tmdb
349067,Tigers Are Not Afraid,https://en.wikipedia.org/wiki/Tigers_Are_Not_Afraid,tt4823434,Q65591632,tmdb
356291,Triggerman (film),https://en.wikipedia.org/wiki/Triggerman_(film),tt0040903,Q104835126,tmdb
353047,Zappa (2020 film),https://en.wikipedia.org/wiki/Zappa_(2020_film),tt4881578,Q108801675,tmdb
345909,Wolves (2016 film),https://en.wikipedia.org/wiki/Wolves_(2016_film),tt4623856,Q27958480,tmdb
350839,Cash Only (film),https://en.wikipedia.org/wiki/Cash_Only_(film),tt2883448,Q27959491,tmdb
344277,Caught (2015 film),https://en.wikipedia.org/wiki/Caught_(2015_film),tt4273170,Q28136666,tmdb
355547,The Star (2017 film),https://en.wikipedia.org/wiki/The_Star_(2017_film),tt4587656,Q28173261,tmdb
347757,The Devil's Dolls,https://en.wikipedia.org/wiki/The_Devil%27s_Dolls,tt3384350,Q28840444,tmdb
353081,Mission: Impossible – Fallout,https://en.wikipedia.org/wiki/Mission:_Impossible_%E2%80%93_Fallout,tt4912910,Q29261993,tmdb
345887,The Equalizer 2,https://en.wikipedia.org/wiki/The_Equalizer_2,tt3766354,Q41493467,tmdb
341287,Breath (2017 film),https://en.wikipedia.org/wiki/Breath_(2017_film),tt1553659,Q47244559,tmdb
349021,Double Trouble (1941 film),https://en.wikipedia.org/wiki/Double_Trouble_(1941_film),tt0033549,Q48674348,tmdb
347375,Mile 22,https://en.wikipedia.org/wiki/Mile_22,tt4560436,Q50344898,tmdb
345780,Sandflow,https://en.wikipedia.org/wiki/Sandflow,tt0029512,Q54888785,tmdb
346698,Barbie (film),https://en.wikipedia.org/wiki/Barbie_(film),tt1517268,Q55436290,tmdb
352695,Joshy,https://en.wikipedia.org/wiki/Joshy,tt4661798,Q22251974,tmdb
353686,Visions (2015 film),https://en.wikipedia.org/wiki/Visions_(2015_film),tt2954474,Q22350857,tmdb
341174,Fifty Shades Darker (film),https://en.wikipedia.org/wiki/Fifty_Shades_Darker_(film),tt4465564,Q22662385,tmdb
345920,Collateral Beauty,https://en.wikipedia.org/wiki/Collateral_Beauty,tt4682786,Q22977777,tmdb
356305,Why Him?,https://en.wikipedia.org/wiki/Why_Him%3F,tt4501244,Q23058779,tmdb
349796,,,tt2080366,Q3433355,tmdb
348554,,,tt0847736,Q3790820,tmdb
341023,,,tt0176934,Q12754580,tmdb
349223,,,tt0239349,Q16164101,tmdb
346900,,,tt0302472,Q17382751,tmdb
346111,,,tt3746902,Q19473410,tmdb
343807,,,tt3848072,Q21648846,tmdb
342125,,,tt4659142,Q23565731,tmdb
350717,,,tt0416184,Q24258557,tmdb
345466,,,tt3644778,Q27104696,tmdb
349795,,,tt3600550,Q104771804,tmdb
353257,,,tt3630556,Q106764546,tmdb
347647,,,tt3531578,Q122052344,tmdb
355499,,,tt3231734,Q123013261,tmdb
354401,,,tt0097124,Q129082740,tmdb
346651,Pandemic (film),https://en.wikipedia.org/wiki/Pandemic_(film),tt3774802,Q23707696,tmdb
343668,Kingsman: The Golden Circle,https://en.wikipedia.org/wiki/Kingsman:_The_Golden_Circle,tt4649466,Q23780457,tmdb
348327,J. Kessels,https://en.wikipedia.org/wiki/J._Kessels,tt4337194,Q23850759,tmdb
351454,Neruda (film),https://en.wikipedia.org/wiki/Neruda_(film),tt4698584,Q23924670,tmdb
346364,It (2017 film),https://en.wikipedia.org/wiki/It_(2017_film),tt1396484,Q25136484,tmdb
346910,The Predator (film),https://en.wikipedia.org/wiki/The_Predator_(film),tt3829266,Q25461297,tmdb
348350,Solo: A Star Wars Story,https://en.wikipedia.org/wiki/Solo:_A_Star_Wars_Story,tt3778644,Q27038847,tmdb
346648,Paddington 2,https://en.wikipedia.org/wiki/Paddington_2,tt4468740,Q27590871,tmdb
342473,Ballerina (2016 film),https://en.wikipedia.org/wiki/Ballerina_(2016_film),tt2261287,Q27918412,tmdb
343674,Gerald's Game (film),https://en.wikipedia.org/wiki/Gerald%27s_Game_(film),tt3748172,Q27940451,tmdb
345940,The Meg,https://en.wikipedia.org/wiki/The_Meg,tt4779682,Q27957869,tmdb
351339,Anthropoid (film),https://en.wikipedia.org/wiki/Anthropoid_(film),tt4190530,Q20814438,tmdb
347866,Hot Summer Nights (film),https://en.wikipedia.org/wiki/Hot_Summer_Nights_(film),tt3416536,Q20875660,tmdb
348893,Boyka: Undisputed,https://en.wikipedia.org/wiki/Boyka:_Undisputed,tt3344680,Q20898640,tmdb
356218,Girls Lost,https://en.wikipedia.org/wiki/Girls_Lost,tt4425152,Q20899449,tmdb
352094,Ladrones (2015 film),https://en.wikipedia.org/wiki/Ladrones_(2015_film),tt4296800,Q21010863,tmdb
353575,LBJ (2016 film),https://en.wikipedia.org/wiki/LBJ_(2016_film),tt4778988,Q21010864,tmdb
344120,Rabid Dogs (2015 film),https://en.wikipedia.org/wiki/Rabid_Dogs_(2015_film),tt4379180,Q21030283,tmdb
346672,Underworld: Blood Wars,https://en.wikipedia.org/wiki/Underworld:_Blood_Wars,tt3717252,Q21130624,tmdb
343611,Jack Reacher: Never Go Back,https://en.wikipedia.org/wiki/Jack_Reacher:_Never_Go_Back,tt3393786,Q21168538,tmdb
354251,Southbound (2015 film),https://en.wikipedia.org/wiki/Southbound_(2015_film),tt4935334,Q21203358,tmdb
346685,The Girl on the Train (2016 film),https://en.wikipedia.org/wiki/The_Girl_on_the_Train_(2016_film),tt3631112,Q21433535,tmdb
354287,War Machine (2017 film),https://en.wikipedia.org/wiki/War_Machine_(2017_film),tt4758646,Q21463782,tmdb
345855,Saddle Pals (film),https://en.wikipedia.org/wiki/Saddle_Pals_(film),tt0039795,Q21528013,tmdb
347031,Swiss Army Man,https://en.wikipedia.org/wiki/Swiss_Army_Man,tt4034354,Q21528092,tmdb
341013,Atomic Blonde,https://en.wikipedia.org/wiki/Atomic_Blonde,tt2406566,Q21528112,tmdb
353491,The Dark Tower (2017 film),https://en.wikipedia.org/wiki/The_Dark_Tower_(2017_film),tt1648190,Q21647114,tmdb
351286,Jurassic World: Fallen Kingdom,https://en.wikipedia.org/wiki/Jurassic_World:_Fallen_Kingdom,tt4881806,Q21877685,tmdb
351460,Death Note (2017 film),https://en.wikipedia.org/wiki/Death_Note_(2017_film),tt1241317,Q22077183,tmdb
353616,Pitch Perfect 3,https://en.wikipedia.org/wiki/Pitch_Perfect_3,tt4765284,Q22100117,tmdb
359790,Blackway,https://en.wikipedia.org/wiki/Blackway,tt4061010,Q18703027,tmdb
364689,Ferdinand (film),https://en.wikipedia.org/wiki/Ferdinand_(film),tt3411444,Q18740903,tmdb
359364,Human (2015 film),https://en.wikipedia.org/wiki/Human_(2015_film),tt3327994,Q20629223,tmdb
370902,The Land of Oz (film),https://en.wikipedia.org/wiki/The_Land_of_Oz_(film),tt3579808,Q20646613,tmdb
356905,Oddball (film),https://en.wikipedia.org/wiki/Oddball_(film),tt3401748,Q21095400,tmdb
357096,I Spit on Your Grave III: Vengeance Is Mine,https://en.wikipedia.org/wiki/I_Spit_on_Your_Grave_III:_Vengeance_Is_Mine,tt4530884,Q21148936,tmdb
362102,The Laws of the Universe,https://en.wikipedia.org/wiki/The_Laws_of_the_Universe,tt5061124,Q21418850,tmdb
365942,The Space Between Us (film),https://en.wikipedia.org/wiki/The_Space_Between_Us_(film),tt3922818,Q21450478,tmdb
366672,Paws of Fury: The Legend of Hank,https://en.wikipedia.org/wiki/Paws_of_Fury:_The_Legend_of_Hank,tt4428398,Q21450513,tmdb
360784,Hidden (2015 film),https://en.wikipedia.org/wiki/Hidden_(2015_film),tt2131532,Q20649582,tmdb
362057,Martyrs (2015 film),https://en.wikipedia.org/wiki/Martyrs_(2015_film),tt1663655,Q20735594,tmdb
360814,Dangal (2016 film),https://en.wikipedia.org/wiki/Dangal_(2016_film),tt5074352,Q20762668,tmdb
365101,The Abandoned (2010 film),https://en.wikipedia.org/wiki/The_Abandoned_(2010_film),tt1305798,Q20814796,tmdb
358910,Jack (2015 film),https://en.wikipedia.org/wiki/Jack_(2015_film),tt4955062,Q20899475,tmdb
361597,Karbala (film),https://en.wikipedia.org/wiki/Karbala_(film),tt5049636,Q20971464,tmdb
363676,Sully (film),https://en.wikipedia.org/wiki/Sully_(film),tt3263904,Q21062112,tmdb
372411,Absolutely Fabulous: The Movie,https://en.wikipedia.org/wiki/Absolutely_Fabulous:_The_Movie,tt2112096,Q21527443,tmdb
362609,Surviving Family,https://en.wikipedia.org/wiki/Surviving_Family,tt1991191,Q21528090,tmdb
370172,No Time to Die,https://en.wikipedia.org/wiki/No_Time_to_Die,tt2382320,Q21534241,tmdb
365045,Heidi (2015 film),https://en.wikipedia.org/wiki/Heidi_(2015_film),tt3700392,Q21646479,tmdb
363022,Eeshwar (1989 film),https://en.wikipedia.org/wiki/Eeshwar_(1989_film),tt0097264,Q3420533,tmdb
365351,Mr. Boogedy,https://en.wikipedia.org/wiki/Mr._Boogedy,tt0091566,Q4661734,tmdb
366680,Anna (1970 film),https://en.wikipedia.org/wiki/Anna_(1970_film),tt0066775,Q4766801,tmdb
361540,Cedie,https://en.wikipedia.org/wiki/Cedie,tt0968261,Q5057048,tmdb
357434,Geronimo (1993 film),https://en.wikipedia.org/wiki/Geronimo_(1993_film),tt0107003,Q5552423,tmdb
365475,Morning Call (film),https://en.wikipedia.org/wiki/Morning_Call_(film),tt0052253,Q6912790,tmdb
357906,Unconquered (1989 film),https://en.wikipedia.org/wiki/Unconquered_(1989_film),tt0098555,Q7882910,tmdb
360319,Case Closed (film),https://en.wikipedia.org/wiki/Case_Closed_(film),tt0092731,Q11296914,tmdb
367606,Jens Langkniv,https://en.wikipedia.org/wiki/Jens_Langkniv,tt0123125,Q12319369,tmdb
360920,The Grinch (film),https://en.wikipedia.org/wiki/The_Grinch_(film),tt2709692,Q15632949,tmdb
368031,Friend Request,https://en.wikipedia.org/wiki/Friend_Request,tt3352390,Q17014747,tmdb
359410,Road House (2024 film),https://en.wikipedia.org/wiki/Road_House_(2024_film),tt3359350,Q113630174,tmdb
371918,Cascabel (film),https://en.wikipedia.org/wiki/Cascabel_(film),tt0242350,Q120837266,tmdb
370567,Sherlock Gnomes,https://en.wikipedia.org/wiki/Sherlock_Gnomes,tt2296777,Q24904727,tmdb
369196,I Spit on Your Grave: Deja Vu,https://en.wikipedia.org/wiki/I_Spit_on_Your_Grave:_Deja_Vu,tt4058836,Q26252685,tmdb
361076,The Companion (2015 film),https://en.wikipedia.org/wiki/The_Companion_(2015_film),tt5095010,Q26329404,tmdb
370663,Below Her Mouth,https://en.wikipedia.org/wiki/Below_Her_Mouth,tt5073620,Q26720642,tmdb
367195,S Storm,https://en.wikipedia.org/wiki/S_Storm,tt5998744,Q26963265,tmdb
367732,Uncle Nick,https://en.wikipedia.org/wiki/Uncle_Nick,tt3163336,Q27590473,tmdb
364223,Strange Weather (film),https://en.wikipedia.org/wiki/Strange_Weather_(film),tt5205210,Q27958182,tmdb
361292,Suspiria (2018 film),https://en.wikipedia.org/wiki/Suspiria_(2018_film),tt1034415,Q28123467,tmdb
357867,Babe Ruth (film),https://en.wikipedia.org/wiki/Babe_Ruth_(film),tt0101388,Q55604650,tmdb
366668,Playmobil: The Movie,https://en.wikipedia.org/wiki/Playmobil:_The_Movie,tt4199898,Q57314399,tmdb
365177,Borderlands (film),https://en.wikipedia.org/wiki/Borderlands_(film),tt4978420,Q106329715,tmdb
365620,Ferrari (2023 film),https://en.wikipedia.org/wiki/Ferrari_(2023_film),tt3758542,Q113043714,tmdb
362583,MindGamers,https://en.wikipedia.org/wiki/MindGamers,tt3625516,Q28920079,tmdb
361743,Top Gun: Maverick,https://en.wikipedia.org/wiki/Top_Gun:_Maverick,tt1745960,Q31202708,tmdb
371608,The Strangers: Prey at Night,https://en.wikipedia.org/wiki/The_Strangers:_Prey_at_Night,tt1285009,Q42049541,tmdb
369972,First Man (film),https://en.wikipedia.org/wiki/First_Man_(film),tt1213641,Q42708010,tmdb
370301,Cook Off!,https://en.wikipedia.org/wiki/Cook_Off!,tt0493407,Q42947727,tmdb
367807,Deserted (film),https://en.wikipedia.org/wiki/Deserted_(film),tt2461030,Q48672571,tmdb
358029,Walls (1984 film),https://en.wikipedia.org/wiki/Walls_(1984_film),tt0088373,Q48674604,tmdb
362826,Wildling (film),https://en.wikipedia.org/wiki/Wildling_(film),tt5085924,Q51132407,tmdb
359724,Ford v Ferrari,https://en.wikipedia.org/wiki/Ford_v_Ferrari,tt1950186,Q55081822,tmdb
369894,Wakefield (film),https://en.wikipedia.org/wiki/Wakefield_(film),tt5195412,Q21647291,tmdb
372058,Your Name,https://en.wikipedia.org/wiki/Your_Name,tt5311514,Q21697406,tmdb
371638,The Disaster Artist (film),https://en.wikipedia.org/wiki/The_Disaster_Artist_(film),tt3521126,Q22078002,tmdb
371449,Other People (film),https://en.wikipedia.org/wiki/Other_People_(film),tt4158876,Q22137260,tmdb
371645,Hunt for the Wilderpeople,https://en.wikipedia.org/wiki/Hunt_for_the_Wilderpeople,tt4698684,Q22236109,tmdb
365923,A Decent Man (2015 Swiss film),https://en.wikipedia.org/wiki/A_Decent_Man_(2015_Swiss_film),tt4073868,Q22340294,tmdb
371462,Mammal (film),https://en.wikipedia.org/wiki/Mammal_(film),tt3777860,Q22341752,tmdb
372343,The Snowman (2017 film),https://en.wikipedia.org/wiki/The_Snowman_(2017_film),tt1758810,Q22350825,tmdb
367153,Poor Boy (film),https://en.wikipedia.org/wiki/Poor_Boy_(film),tt3893664,Q23013778,tmdb
369885,Allied (film),https://en.wikipedia.org/wiki/Allied_(film),tt3640424,Q23681360,tmdb
371865,Slack Bay,https://en.wikipedia.org/wiki/Slack_Bay,tt4726636,Q23817747,tmdb
359770,Land Legs,https://en.wikipedia.org/wiki/Land_Legs,tt3757648,Q23930627,tmdb
370835,Cold Deck,https://en.wikipedia.org/wiki/Cold_Deck,tt4040072,Q23999933,tmdb
359940,"Three Billboards Outside Ebbing, Missouri","https://en.wikipedia.org/wiki/Three_Billboards_Outside_Ebbing,_Missouri",tt5027774,Q24053277,tmdb
362364,,,tt0051379,Q2866803,tmdb
366233,,,tt0159319,Q3650562,tmdb
359087,,,tt0407623,Q3657868,tmdb
363157,,,tt0055840,Q10448345,tmdb
369008,,,tt0021021,Q11869097,tmdb
360248,,,tt0179768,Q12750887,tmdb
364390,,,tt0131532,Q20005671,tmdb
372910,,,tt0108367,Q20076479,tmdb
367976,,,tt3604984,Q21127402,tmdb
365324,,,tt5178998,Q24265169,tmdb
372443,,,tt0077160,Q28517160,tmdb
360901,,,tt0310875,Q28663158,tmdb
369069,,,tt5049698,Q30750665,tmdb
369056,,,tt5062762,Q60835649,tmdb
356808,,,tt3607252,Q61273551,tmdb
359220,,,tt0297702,Q65425221,tmdb
363476,,,tt5156770,Q76434637,tmdb
370009,,,tt0091479,Q96335516,tmdb
362579,,,tt5032026,Q108908083,tmdb
359768,,,tt0365609,Q110906074,tmdb
366755,,,tt4307968,Q114209499,tmdb
369390,,,tt0139112,Q120966442,tmdb
365962,,,tt4066516,Q122165323,tmdb
372439,,,tt0229650,Q124435809,tmdb
372758,,,tt5463088,Q128450098,tmdb
358702,,,tt3387432,Q132819680,tmdb
361553,,,tt0354728,Q135641714,tmdb
380001,Hamlet (2003 film),https://en.wikipedia.org/wiki/Hamlet_(2003_film),tt0439597,Q137205426,tmdb
374205,One Piece Film: Gold,https://en.wikipedia.org/wiki/One_Piece_Film:_Gold,tt5251328,Q21646817,tmdb
381288,Split (2016 American film),https://en.wikipedia.org/wiki/Split_(2016_American_film),tt4972582,Q21869840,tmdb
375366,The Girl with All the Gifts (film),https://en.wikipedia.org/wiki/The_Girl_with_All_the_Gifts_(film),tt4547056,Q20649318,tmdb
387626,Cyborg 009 VS Devilman,https://en.wikipedia.org/wiki/Cyborg_009_VS_Devilman,tt5675016,Q20899418,tmdb
376581,Amateur Night (film),https://en.wikipedia.org/wiki/Amateur_Night_(film),tt4265508,Q20949851,tmdb
380623,Nocturama (film),https://en.wikipedia.org/wiki/Nocturama_(film),tt4795546,Q20971361,tmdb
381002,From Vegas to Macau III,https://en.wikipedia.org/wiki/From_Vegas_to_Macau_III,tt5237980,Q21015106,tmdb
373878,Lusers (film),https://en.wikipedia.org/wiki/Lusers_(film),tt4778602,Q21294191,tmdb
376867,Moonlight (2016 film),https://en.wikipedia.org/wiki/Moonlight_(2016_film),tt4975722,Q21527875,tmdb
376660,The Edge of Seventeen,https://en.wikipedia.org/wiki/The_Edge_of_Seventeen,tt1878870,Q21925075,tmdb
379170,The Abominable Bride,https://en.wikipedia.org/wiki/The_Abominable_Bride,tt3845232,Q21931680,tmdb
374720,Dunkirk (2017 film),https://en.wikipedia.org/wiki/Dunkirk_(2017_film),tt5013056,Q21935651,tmdb
377985,Fan (2016 film),https://en.wikipedia.org/wiki/Fan_(2016_film),tt3495026,Q17606382,tmdb
374461,Mr. Church,https://en.wikipedia.org/wiki/Mr._Church,tt4196848,Q18703104,tmdb
375290,Airlift (film),https://en.wikipedia.org/wiki/Airlift_(film),tt4387040,Q19320927,tmdb
374970,Lateef (film),https://en.wikipedia.org/wiki/Lateef_(film),tt2777548,Q19893112,tmdb
373109,Hercule (film),https://en.wikipedia.org/wiki/Hercule_(film),tt0169998,Q19893116,tmdb
391629,Baaghi (2016 film),https://en.wikipedia.org/wiki/Baaghi_(2016_film),tt4864932,Q20649274,tmdb
390253,North Sea Hijack,https://en.wikipedia.org/wiki/North_Sea_Hijack,tt0081809,Q338495,tmdb
385478,Tana (film),https://en.wikipedia.org/wiki/Tana_(film),tt0271814,Q3299283,tmdb
381570,Follow That Man (1953 film),https://en.wikipedia.org/wiki/Follow_That_Man_(1953_film),tt0160925,Q3503334,tmdb
380593,Akayla,https://en.wikipedia.org/wiki/Akayla,tt0101284,Q4700379,tmdb
392499,Fallout (2008 film),https://en.wikipedia.org/wiki/Fallout_(2008_film),tt1120901,Q5432430,tmdb
376730,Flex (film),https://en.wikipedia.org/wiki/Flex_(film),tt0301300,Q5458918,tmdb
381527,Horace (television play),https://en.wikipedia.org/wiki/Horace_(television_play),tt2209329,Q5901445,tmdb
379244,Pink Daddy,https://en.wikipedia.org/wiki/Pink_Daddy,tt0170384,Q7195985,tmdb
379045,Pinkfinger,https://en.wikipedia.org/wiki/Pinkfinger,tt0059599,Q7196183,tmdb
380461,Tucson (film),https://en.wikipedia.org/wiki/Tucson_(film),tt0122292,Q15701612,tmdb
376047,Fitoor,https://en.wikipedia.org/wiki/Fitoor,tt4399594,Q16248394,tmdb
373571,Godzilla: King of the Monsters (2019 film),https://en.wikipedia.org/wiki/Godzilla:_King_of_the_Monsters_(2019_film),tt3741700,Q17501972,tmdb
383498,Deadpool 2,https://en.wikipedia.org/wiki/Deadpool_2,tt5463162,Q25431158,tmdb
391713,Lady Bird (film),https://en.wikipedia.org/wiki/Lady_Bird_(film),tt4925292,Q27480769,tmdb
382511,Radin!,https://en.wikipedia.org/wiki/Radin!,tt5253294,Q27642895,tmdb
392044,Murder on the Orient Express (2017 film),https://en.wikipedia.org/wiki/Murder_on_the_Orient_Express_(2017_film),tt3402236,Q27689100,tmdb
381237,Office Uprising,https://en.wikipedia.org/wiki/Office_Uprising,tt6251024,Q27962641,tmdb
378236,The Emoji Movie,https://en.wikipedia.org/wiki/The_Emoji_Movie,tt4877122,Q23999306,tmdb
376004,Adulterers (film),https://en.wikipedia.org/wiki/Adulterers_(film),tt4044464,Q24211444,tmdb
376534,Cameraperson,https://en.wikipedia.org/wiki/Cameraperson,tt5375040,Q24631947,tmdb
384521,The Cloverfield Paradox,https://en.wikipedia.org/wiki/The_Cloverfield_Paradox,tt2548396,Q25136560,tmdb
391757,Never Back Down: No Surrender,https://en.wikipedia.org/wiki/Never_Back_Down:_No_Surrender,tt4790268,Q25338393,tmdb
381283,Mother!,https://en.wikipedia.org/wiki/Mother!,tt5109784,Q25339558,tmdb
381719,Peter Rabbit (film),https://en.wikipedia.org/wiki/Peter_Rabbit_(film),tt5117670,Q27964337,tmdb
390415,Fly Away Home (2016 film),https://en.wikipedia.org/wiki/Fly_Away_Home_(2016_film),tt5046070,Q28064423,tmdb
373723,Ultraman Ginga S The Movie,https://en.wikipedia.org/wiki/Ultraman_Ginga_S_The_Movie,tt4265568,Q28080363,tmdb
381070,Loev,https://en.wikipedia.org/wiki/Loev,tt5050788,Q28180003,tmdb
391414,Suicide Commandos (film),https://en.wikipedia.org/wiki/Suicide_Commandos_(film),tt0064178,Q28229138,tmdb
389015,"I, Tonya","https://en.wikipedia.org/wiki/I,_Tonya",tt5580036,Q28369564,tmdb
379686,Space Jam: A New Legacy,https://en.wikipedia.org/wiki/Space_Jam:_A_New_Legacy,tt3554046,Q56850065,tmdb
382748,Stargirl (film),https://en.wikipedia.org/wiki/Stargirl_(film),tt4858674,Q57474414,tmdb
373226,Belzebuth (film),https://en.wikipedia.org/wiki/Belzebuth_(film),tt3662308,Q104136087,tmdb
382597,Raid dingue,https://en.wikipedia.org/wiki/Raid_dingue,tt5736696,Q28493840,tmdb
375588,Robin Hood (2018 film),https://en.wikipedia.org/wiki/Robin_Hood_(2018_film),tt4532826,Q28811584,tmdb
385128,F9 (film),https://en.wikipedia.org/wiki/F9_(film),tt5433138,Q29466808,tmdb
385687,Fast X,https://en.wikipedia.org/wiki/Fast_X,tt5433140,Q31271369,tmdb
391618,Night Tales,https://en.wikipedia.org/wiki/Night_Tales,tt4857878,Q42096100,tmdb
378160,Abruptio,https://en.wikipedia.org/wiki/Abruptio,tt3963226,Q55603104,tmdb
376986,Fallen (British TV series),https://en.wikipedia.org/wiki/Fallen_(British_TV_series),tt0407389,Q55611442,tmdb
384018,Hobbs & Shaw,https://en.wikipedia.org/wiki/Hobbs_%26_Shaw,tt6806448,Q56559254,tmdb
390051,Aftermath (2017 film),https://en.wikipedia.org/wiki/Aftermath_(2017_film),tt4581576,Q21980599,tmdb
375262,The Favourite (2018 film),https://en.wikipedia.org/wiki/The_Favourite_(2018_film),tt5083738,Q22001133,tmdb
376659,Bad Moms,https://en.wikipedia.org/wiki/Bad_Moms,tt4651520,Q22074948,tmdb
373473,Little Men (2016 film),https://en.wikipedia.org/wiki/Little_Men_(2016_film),tt4919484,Q22251990,tmdb
379149,The Foreigner (2017 film),https://en.wikipedia.org/wiki/The_Foreigner_(2017_film),tt1615160,Q22252048,tmdb
376290,Miss Sloane,https://en.wikipedia.org/wiki/Miss_Sloane,tt4540710,Q22350785,tmdb
380054,Nine Legends,https://en.wikipedia.org/wiki/Nine_Legends,tt5563984,Q22905736,tmdb
391774,Love Games (film),https://en.wikipedia.org/wiki/Love_Games_(film),tt5518128,Q23013708,tmdb
381018,Transpecos (film),https://en.wikipedia.org/wiki/Transpecos_(film),tt4687464,Q23647173,tmdb
381284,Hidden Figures,https://en.wikipedia.org/wiki/Hidden_Figures,tt4846340,Q23755544,tmdb
390043,The Hitman's Bodyguard,https://en.wikipedia.org/wiki/The_Hitman%27s_Bodyguard,tt1959563,Q23796644,tmdb
374452,Sieranevada,https://en.wikipedia.org/wiki/Sieranevada,tt4466490,Q23823612,tmdb
378064,A Silent Voice (film),https://en.wikipedia.org/wiki/A_Silent_Voice_(film),tt5323662,Q23925035,tmdb
387426,Okja,https://en.wikipedia.org/wiki/Okja,tt3967856,Q23932553,tmdb
385103,Scoob!,https://en.wikipedia.org/wiki/Scoob!,tt3152592,Q23999279,tmdb
377399,,,tt0091174,Q1582649,tmdb
388903,,,tt0115526,Q3613575,tmdb
388568,,,tt0487867,Q9583742,tmdb
373494,,,tt0272263,Q11828414,tmdb
381136,,,tt1537896,Q12513269,tmdb
381352,,,tt0189490,Q12751269,tmdb
373466,,,tt1144511,Q12883220,tmdb
380936,,,tt2062636,Q19733188,tmdb
373758,,,tt5169582,Q21452213,tmdb
387824,,,,Q21710025,tmdb
387834,,,tt27117034,Q21710213,tmdb
372921,,,tt7453636,Q21824793,tmdb
387848,,,tt6571010,Q21825216,tmdb
374908,,,tt5236110,Q21953196,tmdb
385317,,,tt2854394,Q23900124,tmdb
375256,,,tt4710828,Q23991085,tmdb
378350,,,tt4940780,Q25461436,tmdb
378552,,,tt0097349,Q26839254,tmdb
375154,,,tt5301624,Q27058177,tmdb
393003,,,tt4246856,Q30087721,tmdb
375745,,,tt5078374,Q30903830,tmdb
386465,,,tt3526470,Q47524670,tmdb
380109,,,tt5461558,Q60849793,tmdb
389021,,,tt0218578,Q85853792,tmdb
375846,,,tt5304688,Q96276549,tmdb
381092,,,tt4164384,Q103426817,tmdb
373234,,,tt3517528,Q104895320,tmdb
372962,,,tt5627260,Q128600841,tmdb
378961,,,tt4167832,Q130370984,tmdb
373841,,,tt5445074,Q141379003,tmdb
395817,The Thicket (film),https://en.wikipedia.org/wiki/The_Thicket_(film),tt4058618,Q116965262,tmdb
405746,Door (film),https://en.wikipedia.org/wiki/Door_(film),tt0223150,Q137645087,tmdb
399173,The Assignment (2016 film),https://en.wikipedia.org/wiki/The_Assignment_(2016_film),tt5034474,Q23939762,tmdb
399579,Alita: Battle Angel,https://en.wikipedia.org/wiki/Alita:_Battle_Angel,tt0437086,Q24053265,tmdb
400650,Mary Poppins Returns,https://en.wikipedia.org/wiki/Mary_Poppins_Returns,tt5028340,Q24272881,tmdb
400928,Gifted (2017 film),https://en.wikipedia.org/wiki/Gifted_(2017_film),tt4481414,Q21527677,tmdb
408579,Ultraman X The Movie,https://en.wikipedia.org/wiki/Ultraman_X_The_Movie,tt5264060,Q21780600,tmdb
401371,Mute (2018 film),https://en.wikipedia.org/wiki/Mute_(2018_film),tt1464763,Q22075018,tmdb
404733,Overdrive (2017 film),https://en.wikipedia.org/wiki/Overdrive_(2017_film),tt1935194,Q22317562,tmdb
408913,Plunder (serial),https://en.wikipedia.org/wiki/Plunder_(serial),tt0014365,Q248232,tmdb
405628,Sinji galeb,https://en.wikipedia.org/wiki/Sinji_galeb,tt0170583,Q3442319,tmdb
404211,A.T.F.,https://en.wikipedia.org/wiki/A.T.F.,tt0138993,Q4647409,tmdb
394158,Backsliding (film),https://en.wikipedia.org/wiki/Backsliding_(film),tt0101395,Q4839735,tmdb
406207,Danny Jones (film),https://en.wikipedia.org/wiki/Danny_Jones_(film),tt0066967,Q5220491,tmdb
405362,Happy (1933 film),https://en.wikipedia.org/wiki/Happy_(1933_film),tt0024088,Q5652423,tmdb
393221,Private Collection (film),https://en.wikipedia.org/wiki/Private_Collection_(film),tt0069123,Q7246061,tmdb
409396,Doktor Mladen,https://en.wikipedia.org/wiki/Doktor_Mladen,tt0072893,Q12751005,tmdb
399726,Gay Love,https://en.wikipedia.org/wiki/Gay_Love,tt0027661,Q16947281,tmdb
407436,Mowgli: Legend of the Jungle,https://en.wikipedia.org/wiki/Mowgli:_Legend_of_the_Jungle,tt2388771,Q19595098,tmdb
396777,Woodshock,https://en.wikipedia.org/wiki/Woodshock,tt4677924,Q20022692,tmdb
408509,Orphan (2016 film),https://en.wikipedia.org/wiki/Orphan_(2016_film),tt4746516,Q21009260,tmdb
396422,Annabelle: Creation,https://en.wikipedia.org/wiki/Annabelle:_Creation,tt5140878,Q21511509,tmdb
407451,A Wrinkle in Time (2018 film),https://en.wikipedia.org/wiki/A_Wrinkle_in_Time_(2018_film),tt1620680,Q24301388,tmdb
399170,Logan Lucky,https://en.wikipedia.org/wiki/Logan_Lucky,tt5439796,Q24576050,tmdb
396232,Sour Grapes (2016 film),https://en.wikipedia.org/wiki/Sour_Grapes_(2016_film),tt5728684,Q24676839,tmdb
402431,Wicked (2024 film),https://en.wikipedia.org/wiki/Wicked_(2024_film),tt1262426,Q24797403,tmdb
393834,Goldstone (film),https://en.wikipedia.org/wiki/Goldstone_(film),tt4911996,Q25136735,tmdb
398818,Call Me by Your Name (film),https://en.wikipedia.org/wiki/Call_Me_by_Your_Name_(film),tt5726616,Q25136757,tmdb
404368,Ralph Breaks the Internet,https://en.wikipedia.org/wiki/Ralph_Breaks_the_Internet,tt5848272,Q25167044,tmdb
395834,Wind River (film),https://en.wikipedia.org/wiki/Wind_River_(film),tt5362988,Q25339940,tmdb
402900,Ocean's 8,https://en.wikipedia.org/wiki/Ocean%27s_8,tt5164214,Q25627545,tmdb
402897,The Death of Stalin,https://en.wikipedia.org/wiki/The_Death_of_Stalin,tt4686844,Q24905490,tmdb
395991,Only the Brave (2017 film),https://en.wikipedia.org/wiki/Only_the_Brave_(2017_film),tt3829920,Q25136669,tmdb
408272,Catfight (film),https://en.wikipedia.org/wiki/Catfight_(film),tt5294198,Q22350723,tmdb
400136,Resident Evil: Vendetta,https://en.wikipedia.org/wiki/Resident_Evil:_Vendetta,tt5776208,Q22681637,tmdb
397852,Rendel (film),https://en.wikipedia.org/wiki/Rendel_(film),tt3881026,Q23045576,tmdb
403119,47 Meters Down,https://en.wikipedia.org/wiki/47_Meters_Down,tt2932536,Q23709802,tmdb
399360,Alpha (2018 film),https://en.wikipedia.org/wiki/Alpha_(2018_film),tt4244998,Q23899903,tmdb
408248,Unless (film),https://en.wikipedia.org/wiki/Unless_(film),tt4538016,Q27958209,tmdb
399404,Darkest Hour (film),https://en.wikipedia.org/wiki/Darkest_Hour_(film),tt4555426,Q27958298,tmdb
406997,Wonder (film),https://en.wikipedia.org/wiki/Wonder_(film),tt2543472,Q27958394,tmdb
410191,Weirdos (film),https://en.wikipedia.org/wiki/Weirdos_(film),tt5058014,Q27958473,tmdb
399402,Hunter Killer (film),https://en.wikipedia.org/wiki/Hunter_Killer_(film),tt1846589,Q27888483,tmdb
398173,The House That Jack Built (2018 film),https://en.wikipedia.org/wiki/The_House_That_Jack_Built_(2018_film),tt4003440,Q27920121,tmdb
400535,Sicario: Day of the Soldado,https://en.wikipedia.org/wiki/Sicario:_Day_of_the_Soldado,tt5052474,Q27921157,tmdb
406563,Insidious: The Last Key,https://en.wikipedia.org/wiki/Insidious:_The_Last_Key,tt5726086,Q27590064,tmdb
403605,Headshot (2016 film),https://en.wikipedia.org/wiki/Headshot_(2016_film),tt5147214,Q27659898,tmdb
400106,Bright (film),https://en.wikipedia.org/wiki/Bright_(film),tt5519340,Q27825886,tmdb
408033,Tamara (2016 French film),https://en.wikipedia.org/wiki/Tamara_(2016_French_film),tt5197068,Q27887396,tmdb
396371,Molly's Game,https://en.wikipedia.org/wiki/Molly%27s_Game,tt4209788,Q27888445,tmdb
407448,Detroit (film),https://en.wikipedia.org/wiki/Detroit_(film),tt5390504,Q27965056,tmdb
401698,Hidden Kisses,https://en.wikipedia.org/wiki/Hidden_Kisses,tt5572566,Q28016972,tmdb
399174,Isle of Dogs (film),https://en.wikipedia.org/wiki/Isle_of_Dogs_(film),tt5104604,Q28065409,tmdb
393345,Cult of Chucky,https://en.wikipedia.org/wiki/Cult_of_Chucky,tt3280262,Q28130946,tmdb
401469,Widows (2018 film),https://en.wikipedia.org/wiki/Widows_(2018_film),tt4218572,Q29163736,tmdb
401561,Mom and Dad (2017 film),https://en.wikipedia.org/wiki/Mom_and_Dad_(2017_film),tt5462326,Q29259188,tmdb
394117,The Florida Project,https://en.wikipedia.org/wiki/The_Florida_Project,tt5649144,Q29514872,tmdb
408866,Re:Born (film),https://en.wikipedia.org/wiki/Re:Born_(film),tt5678110,Q38279307,tmdb
399366,Marrowbone (film),https://en.wikipedia.org/wiki/Marrowbone_(film),tt5886440,Q39073809,tmdb
401981,Red Sparrow,https://en.wikipedia.org/wiki/Red_Sparrow,tt2873282,Q28173075,tmdb
408873,Kings (2017 film),https://en.wikipedia.org/wiki/Kings_(2017_film),tt5843850,Q28517709,tmdb
400617,Phantom Thread,https://en.wikipedia.org/wiki/Phantom_Thread,tt5776858,Q28840386,tmdb
400155,Hotel Transylvania 3: Summer Vacation,https://en.wikipedia.org/wiki/Hotel_Transylvania_3:_Summer_Vacation,tt5220122,Q28840385,tmdb
398978,The Irishman,https://en.wikipedia.org/wiki/The_Irishman,tt1302006,Q29057443,tmdb
400710,Flatliners (2017 film),https://en.wikipedia.org/wiki/Flatliners_(2017_film),tt2039338,Q26252643,tmdb
395992,Life (2017 film),https://en.wikipedia.org/wiki/Life_(2017_film),tt5442430,Q26465665,tmdb
404961,Ghosthunters (film),https://en.wikipedia.org/wiki/Ghosthunters_(film),tt5725894,Q26684458,tmdb
399055,The Shape of Water,https://en.wikipedia.org/wiki/The_Shape_of_Water,tt5580390,Q26698156,tmdb
408540,Piuma (film),https://en.wikipedia.org/wiki/Piuma_(film),tt5247192,Q26878321,tmdb
410199,ARQ (film),https://en.wikipedia.org/wiki/ARQ_(film),tt5640450,Q26887323,tmdb
403310,Hentai Kamen: Abnormal Crisis,https://en.wikipedia.org/wiki/Hentai_Kamen:_Abnormal_Crisis,tt5492906,Q26963211,tmdb
409550,Scoop!,https://en.wikipedia.org/wiki/Scoop!,tt5194226,Q27133740,tmdb
395990,Death Wish (2018 film),https://en.wikipedia.org/wiki/Death_Wish_(2018_film),tt1137450,Q27450567,tmdb
397243,The Autopsy of Jane Doe,https://en.wikipedia.org/wiki/The_Autopsy_of_Jane_Doe,tt3289956,Q27458304,tmdb
399057,The Killing of a Sacred Deer,https://en.wikipedia.org/wiki/The_Killing_of_a_Sacred_Deer,tt5715874,Q27492140,tmdb
399035,The Commuter (film),https://en.wikipedia.org/wiki/The_Commuter_(film),tt1590193,Q27566067,tmdb
410685,,,tt3634858,Q4117314,tmdb
398103,,,tt0091458,Q4378847,tmdb
405340,,,tt0286950,Q11314890,tmdb
397873,,,tt3899262,Q23707678,tmdb
395000,,,tt12945368,Q24000750,tmdb
407789,,,tt5673884,Q24596670,tmdb
405817,,,,Q25842460,tmdb
410216,,,tt4960594,Q26702898,tmdb
402370,,,tt3917318,Q29316143,tmdb
404516,,,tt5810122,Q33026815,tmdb
398588,,,tt5039994,Q60851104,tmdb
399905,,,tt6892018,Q61961308,tmdb
397469,,,,Q93738527,tmdb
407624,,,tt5899100,Q93870175,tmdb
403056,,,tt0271733,Q100774550,tmdb
410118,,,tt4915318,Q105105843,tmdb
400291,,,tt4795030,Q111080124,tmdb
408567,,,tt5752356,Q115436974,tmdb
406240,,,tt5361488,Q135667930,tmdb
405774,Bird Box (film),https://en.wikipedia.org/wiki/Bird_Box_(film),tt2737304,Q43370937,tmdb
395883,Andron (film),https://en.wikipedia.org/wiki/Andron_(film),tt4073890,Q47088341,tmdb
401478,Death Race: Beyond Anarchy,https://en.wikipedia.org/wiki/Death_Race:_Beyond_Anarchy,tt3807900,Q50384522,tmdb
399361,Triple Frontier (film),https://en.wikipedia.org/wiki/Triple_Frontier_(film),tt1488606,Q51260526,tmdb
403509,Boy Missing,https://en.wikipedia.org/wiki/Boy_Missing,tt4621630,Q52161706,tmdb
399566,Godzilla vs. Kong,https://en.wikipedia.org/wiki/Godzilla_vs._Kong,tt5034838,Q56307503,tmdb
400160,The SpongeBob Movie: Sponge on the Run,https://en.wikipedia.org/wiki/The_SpongeBob_Movie:_Sponge_on_the_Run,tt4823776,Q61450772,tmdb
406759,Moonfall (film),https://en.wikipedia.org/wiki/Moonfall_(film),tt5834426,Q101440388,tmdb
402737,Texas Heart,https://en.wikipedia.org/wiki/Texas_Heart,tt3392740,Q114196248,tmdb
419479,The Babysitter (2017 film),https://en.wikipedia.org/wiki/The_Babysitter_(2017_film),tt4225622,Q21528105,tmdb
420814,Christopher Robin (film),https://en.wikipedia.org/wiki/Christopher_Robin_(film),tt4575576,Q24301991,tmdb
411873,The Little Hours,https://en.wikipedia.org/wiki/The_Little_Hours,tt5666304,Q24806853,tmdb
422874,Money (2016 film),https://en.wikipedia.org/wiki/Money_(2016_film),tt4715356,Q25136227,tmdb
420817,Aladdin (2019 film),https://en.wikipedia.org/wiki/Aladdin_(2019_film),tt6139732,Q27188178,tmdb
417859,Puss in Boots (2011 film),https://en.wikipedia.org/wiki/Puss_in_Boots_(2011_film),tt0448694,Q324262,tmdb
412215,Fox (TV series),https://en.wikipedia.org/wiki/Fox_(TV_series),tt0162806,Q1089382,tmdb
424411,Milena (film),https://en.wikipedia.org/wiki/Milena_(film),tt0102444,Q1499700,tmdb
410916,Delivered,https://en.wikipedia.org/wiki/Delivered,tt0120651,Q2097626,tmdb
413536,Dhuan,https://en.wikipedia.org/wiki/Dhuan,tt0215714,Q5269832,tmdb
423410,Fascinación,https://en.wikipedia.org/wiki/Fascinaci%C3%B3n,tt0199512,Q5436648,tmdb
412988,The Happytime Murders,https://en.wikipedia.org/wiki/The_Happytime_Murders,tt1308728,Q9086870,tmdb
419560,Nirmala Convent,https://en.wikipedia.org/wiki/Nirmala_Convent,tt6066012,Q26683473,tmdb
413600,Park (2016 film),https://en.wikipedia.org/wiki/Park_(2016_film),tt5449214,Q26791316,tmdb
416148,Rocco (film),https://en.wikipedia.org/wiki/Rocco_(film),tt5788462,Q26864793,tmdb
415842,American Assassin,https://en.wikipedia.org/wiki/American_Assassin,tt1961175,Q26882523,tmdb
411678,Afterimage (film),https://en.wikipedia.org/wiki/Afterimage_(film),tt5186236,Q27043749,tmdb
420818,The Lion King (2019 film),https://en.wikipedia.org/wiki/The_Lion_King_(2019_film),tt6105098,Q27044293,tmdb
421667,The Saucepan Journey,https://en.wikipedia.org/wiki/The_Saucepan_Journey,tt0042630,Q10544262,tmdb
410724,Dark Soldier D,https://en.wikipedia.org/wiki/Dark_Soldier_D,tt0287205,Q11196483,tmdb
415366,Ringo (1978 film),https://en.wikipedia.org/wiki/Ringo_(1978_film),tt0077071,Q16166269,tmdb
414419,Kill Bill: The Whole Bloody Affair,https://en.wikipedia.org/wiki/Kill_Bill:_The_Whole_Bloody_Affair,tt6019206,Q18126825,tmdb
422334,Vandiny trampoty,https://en.wikipedia.org/wiki/Vandiny_trampoty,tt0153494,Q19600212,tmdb
413884,Half Girlfriend (film),https://en.wikipedia.org/wiki/Half_Girlfriend_(film),tt5474042,Q19891069,tmdb
424139,Halloween (2018 film),https://en.wikipedia.org/wiki/Halloween_(2018_film),tt1502407,Q20666646,tmdb
417644,CHiPs (film),https://en.wikipedia.org/wiki/CHiPs_(film),tt0493405,Q21527547,tmdb
424488,Megan Leavey (film),https://en.wikipedia.org/wiki/Megan_Leavey_(film),tt4899370,Q21527861,tmdb
419430,Get Out,https://en.wikipedia.org/wiki/Get_Out,tt5052448,Q25136235,tmdb
416494,Status Update,https://en.wikipedia.org/wiki/Status_Update,tt5692390,Q25350235,tmdb
417870,Girls Trip,https://en.wikipedia.org/wiki/Girls_Trip,tt3564472,Q25631071,tmdb
417320,Descendants 2,https://en.wikipedia.org/wiki/Descendants_2,tt5117876,Q26154237,tmdb
419704,Ad Astra (film),https://en.wikipedia.org/wiki/Ad_Astra_(film),tt2935510,Q38774788,tmdb
419522,Ignorance Is Bliss (film),https://en.wikipedia.org/wiki/Ignorance_Is_Bliss_(film),tt6197094,Q41657927,tmdb
419916,Funny Cow,https://en.wikipedia.org/wiki/Funny_Cow,tt3814808,Q42048846,tmdb
420915,Yardie (film),https://en.wikipedia.org/wiki/Yardie_(film),tt5862902,Q44798768,tmdb
423204,Angel Has Fallen,https://en.wikipedia.org/wiki/Angel_Has_Fallen,tt6189022,Q47484136,tmdb
413466,Brotherly Love (1985 film),https://en.wikipedia.org/wiki/Brotherly_Love_(1985_film),tt0088858,Q48740430,tmdb
413279,Team Thor,https://en.wikipedia.org/wiki/Team_Thor,tt6016776,Q50649511,tmdb
424121,Apostle (film),https://en.wikipedia.org/wiki/Apostle_(film),tt6217306,Q29454857,tmdb
415137,Angel (2016 film),https://en.wikipedia.org/wiki/Angel_(2016_film),tt5892354,Q30745654,tmdb
421892,Shrek 5,https://en.wikipedia.org/wiki/Shrek_5,tt6113186,Q30750216,tmdb
419192,McLaren (film),https://en.wikipedia.org/wiki/McLaren_(film),tt5031332,Q30901505,tmdb
417261,Forever My Girl,https://en.wikipedia.org/wiki/Forever_My_Girl,tt4103724,Q32067399,tmdb
421560,Giant (2017 film),https://en.wikipedia.org/wiki/Giant_(2017_film),tt5693136,Q33642863,tmdb
412202,Handsome Devil (film),https://en.wikipedia.org/wiki/Handsome_Devil_(film),tt5016946,Q27461783,tmdb
419546,HyperNormalisation,https://en.wikipedia.org/wiki/HyperNormalisation,tt6156350,Q27518177,tmdb
418399,7 Minutes (2016 film),https://en.wikipedia.org/wiki/7_Minutes_(2016_film),tt6085482,Q27590342,tmdb
412924,Oasis: Supersonic,https://en.wikipedia.org/wiki/Oasis:_Supersonic,tt5213534,Q27644140,tmdb
421658,Final Score (2018 film),https://en.wikipedia.org/wiki/Final_Score_(2018_film),tt5254610,Q27703274,tmdb
424694,Bohemian Rhapsody (film),https://en.wikipedia.org/wiki/Bohemian_Rhapsody_(film),tt1727824,Q27894574,tmdb
419459,Landline (film),https://en.wikipedia.org/wiki/Landline_(film),tt5737862,Q27958047,tmdb
412209,Tramps (2016 film),https://en.wikipedia.org/wiki/Tramps_(2016_film),tt4991512,Q27959211,tmdb
414018,Damsel (2018 film),https://en.wikipedia.org/wiki/Damsel_(2018_film),tt5881528,Q27959221,tmdb
414027,Jasper Jones (film),https://en.wikipedia.org/wiki/Jasper_Jones_(film),tt5091014,Q27959325,tmdb
412762,Happy Hunting (film),https://en.wikipedia.org/wiki/Happy_Hunting_(film),tt5189770,Q27964311,tmdb
411088,The Invisible Guest,https://en.wikipedia.org/wiki/The_Invisible_Guest,tt4857264,Q28114432,tmdb
411976,Novitiate (film),https://en.wikipedia.org/wiki/Novitiate_(film),tt4513316,Q28132047,tmdb
419743,Disobedience (2017 film),https://en.wikipedia.org/wiki/Disobedience_(2017_film),tt6108178,Q28465803,tmdb
422052,Dayveon,https://en.wikipedia.org/wiki/Dayveon,tt6266218,Q28479670,tmdb
415132,Ares (film),https://en.wikipedia.org/wiki/Ares_(film),tt4216902,Q28497021,tmdb
412117,The Secret Life of Pets 2,https://en.wikipedia.org/wiki/The_Secret_Life_of_Pets_2,tt5113040,Q28561715,tmdb
418718,Esteros (film),https://en.wikipedia.org/wiki/Esteros_(film),tt5883632,Q28818937,tmdb
420808,Peter Pan & Wendy (film),https://en.wikipedia.org/wiki/Peter_Pan_%26_Wendy_(film),tt5635026,Q28973277,tmdb
419680,Daddy's Home 2,https://en.wikipedia.org/wiki/Daddy%27s_Home_2,tt5657846,Q28975643,tmdb
421443,Teleios (film),https://en.wikipedia.org/wiki/Teleios_(film),tt3198000,Q29054511,tmdb
413362,"Roman J. Israel, Esq.","https://en.wikipedia.org/wiki/Roman_J._Israel,_Esq.",tt6000478,Q29096095,tmdb
414002,,,tt0920882,Q2439309,tmdb
424110,,,tt0100823,Q2460123,tmdb
423181,,,tt2395327,Q4284289,tmdb
417448,,,tt0069829,Q9182512,tmdb
415257,,,tt3833748,Q23045249,tmdb
415772,,,tt0171813,Q24203135,tmdb
414977,,,tt1309379,Q26198148,tmdb
413666,,,tt5643380,Q27516292,tmdb
414651,,,tt0165611,Q28496701,tmdb
422931,,,tt6041362,Q28530484,tmdb
412092,,,tt11772768,Q28699303,tmdb
416113,,,tt5101196,Q28925710,tmdb
412013,,,tt4665630,Q29017122,tmdb
417784,,,tt3238096,Q31078098,tmdb
416599,,,tt6357730,Q45315363,tmdb
419148,,,tt6170838,Q56303859,tmdb
424722,,,tt5212090,Q57305201,tmdb
412380,,,tt6050174,Q66105246,tmdb
423230,,,tt8229540,Q110996927,tmdb
419261,,,tt4503324,Q115103606,tmdb
423502,,,tt7360646,Q139840806,tmdb
419116,,,tt18286348,Q139840828,tmdb
420634,Terrifier,https://en.wikipedia.org/wiki/Terrifier,tt4281724,Q50650165,tmdb
420809,Maleficent: Mistress of Evil,https://en.wikipedia.org/wiki/Maleficent:_Mistress_of_Evil,tt4777008,Q54437950,tmdb
417384,Scary Stories to Tell in the Dark (film),https://en.wikipedia.org/wiki/Scary_Stories_to_Tell_in_the_Dark_(film),tt3387520,Q56274092,tmdb
419407,Astral (film),https://en.wikipedia.org/wiki/Astral_(film),tt4765240,Q60975109,tmdb
414906,The Batman (film),https://en.wikipedia.org/wiki/The_Batman_(film),tt1877830,Q61117344,tmdb
417466,Monos (film),https://en.wikipedia.org/wiki/Monos_(film),tt6062774,Q63386137,tmdb
423108,The Conjuring: The Devil Made Me Do It,https://en.wikipedia.org/wiki/The_Conjuring:_The_Devil_Made_Me_Do_It,tt7069210,Q64145552,tmdb
417688,Pimp (2018 film),https://en.wikipedia.org/wiki/Pimp_(2018_film),tt3107166,Q65154583,tmdb
420821,Chip 'n Dale: Rescue Rangers (film),https://en.wikipedia.org/wiki/Chip_%27n_Dale:_Rescue_Rangers_(film),tt3513500,Q106075513,tmdb
412176,Nickel & Dime,https://en.wikipedia.org/wiki/Nickel_%26_Dime,tt0104994,Q113364564,tmdb
433498,Papillon (2017 film),https://en.wikipedia.org/wiki/Papillon_(2017_film),tt5093026,Q27985123,tmdb
429617,Spider-Man: Far From Home,https://en.wikipedia.org/wiki/Spider-Man:_Far_From_Home,tt6320628,Q27985819,tmdb
430447,Mary and the Witch's Flower,https://en.wikipedia.org/wiki/Mary_and_the_Witch%27s_Flower,tt6336356,Q28021116,tmdb
425148,Show Dogs,https://en.wikipedia.org/wiki/Show_Dogs,tt5691024,Q28101342,tmdb
426238,Beach Rats,https://en.wikipedia.org/wiki/Beach_Rats,tt6303866,Q28466244,tmdb
428446,Walking Out,https://en.wikipedia.org/wiki/Walking_Out,tt5420886,Q28466574,tmdb
436270,Black Adam (film),https://en.wikipedia.org/wiki/Black_Adam_(film),tt6443346,Q28657013,tmdb
424803,Salawaku (film),https://en.wikipedia.org/wiki/Salawaku_(film),tt6135072,Q25471310,tmdb
425001,The War with Grandpa,https://en.wikipedia.org/wiki/The_War_with_Grandpa,tt4532038,Q25999873,tmdb
439057,Nenu Local,https://en.wikipedia.org/wiki/Nenu_Local,tt6494052,Q27890311,tmdb
429310,"Mars: Tada, Kimi wo Aishiteru (film)","https://en.wikipedia.org/wiki/Mars:_Tada,_Kimi_wo_Aishiteru_(film)",tt5850944,Q27959464,tmdb
428045,Viy 2: Journey to China,https://en.wikipedia.org/wiki/Viy_2:_Journey_to_China,tt6218010,Q27965092,tmdb
426563,Holmes & Watson,https://en.wikipedia.org/wiki/Holmes_%26_Watson,tt1255919,Q27981586,tmdb
434597,The Gamblers (1929 film),https://en.wikipedia.org/wiki/The_Gamblers_(1929_film),tt0019917,Q3520994,tmdb
426217,Tainted (film),https://en.wikipedia.org/wiki/Tainted_(film),tt0096213,Q7676228,tmdb
432982,Neck (film),https://en.wikipedia.org/wiki/Neck_(film),tt1566932,Q11234612,tmdb
430306,Go North (film),https://en.wikipedia.org/wiki/Go_North_(film),tt4960764,Q20949920,tmdb
430354,Bushwick (film),https://en.wikipedia.org/wiki/Bushwick_(film),tt4720702,Q22350719,tmdb
429200,Good Time (film),https://en.wikipedia.org/wiki/Good_Time_(film),tt4846232,Q22350752,tmdb
428473,PG Love,https://en.wikipedia.org/wiki/PG_Love,tt6423408,Q22892083,tmdb
436830,Gold (2017 film),https://en.wikipedia.org/wiki/Gold_(2017_film),tt5162658,Q24000106,tmdb
426543,The Nutcracker and the Four Realms,https://en.wikipedia.org/wiki/The_Nutcracker_and_the_Four_Realms,tt5523010,Q24290097,tmdb
433726,Kamen Rider × Super Sentai: Ultra Super Hero Taisen,https://en.wikipedia.org/wiki/Kamen_Rider_%C3%97_Super_Sentai:_Ultra_Super_Hero_Taisen,tt6477380,Q28692272,tmdb
436355,Vazante (film),https://en.wikipedia.org/wiki/Vazante_(film),tt4673790,Q28771647,tmdb
440472,The Upside,https://en.wikipedia.org/wiki/The_Upside,tt1987680,Q28793040,tmdb
439758,Disappearance (2017 Dutch film),https://en.wikipedia.org/wiki/Disappearance_(2017_Dutch_film),tt2610248,Q28843758,tmdb
436932,Jawbone (film),https://en.wikipedia.org/wiki/Jawbone_(film),tt3582020,Q28863794,tmdb
429351,12 Strong,https://en.wikipedia.org/wiki/12_Strong,tt1413492,Q28863792,tmdb
438650,Cold Pursuit,https://en.wikipedia.org/wiki/Cold_Pursuit,tt5719748,Q28912877,tmdb
437342,The First Omen,https://en.wikipedia.org/wiki/The_First_Omen,tt5672290,Q117842576,tmdb
432788,Cruelty (2016 film),https://en.wikipedia.org/wiki/Cruelty_(2016_film),tt5926392,Q124708219,tmdb
425274,Now You See Me: Now You Don't,https://en.wikipedia.org/wiki/Now_You_See_Me:_Now_You_Don%27t,tt4712810,Q65146722,tmdb
441130,Wolfwalkers,https://en.wikipedia.org/wiki/Wolfwalkers,tt5198068,Q68681463,tmdb
429473,Lou (2022 film),https://en.wikipedia.org/wiki/Lou_(2022_film),tt5315210,Q114142833,tmdb
426063,Nosferatu (2024 film),https://en.wikipedia.org/wiki/Nosferatu_(2024_film),tt5040012,Q116361132,tmdb
431580,Abominable (2019 film),https://en.wikipedia.org/wiki/Abominable_(2019_film),tt6324278,Q55087665,tmdb
438590,A.X.L.,https://en.wikipedia.org/wiki/A.X.L.,tt5709188,Q55262219,tmdb
430011,Supercon (film),https://en.wikipedia.org/wiki/Supercon_(film),tt4454078,Q56277313,tmdb
436969,The Suicide Squad (film),https://en.wikipedia.org/wiki/The_Suicide_Squad_(film),tt6334354,Q57317060,tmdb
438631,Dune (2021 film),https://en.wikipedia.org/wiki/Dune_(2021_film),tt1160419,Q60834962,tmdb
435615,Possessor (film),https://en.wikipedia.org/wiki/Possessor_(film),tt5918982,Q60849823,tmdb
438148,Minions: The Rise of Gru,https://en.wikipedia.org/wiki/Minions:_The_Rise_of_Gru,tt5113044,Q60997779,tmdb
425909,Ghostbusters: Afterlife,https://en.wikipedia.org/wiki/Ghostbusters:_Afterlife,tt4513678,Q61883088,tmdb
437586,Mid90s,https://en.wikipedia.org/wiki/Mid90s,tt5613484,Q33105131,tmdb
424783,Bumblebee (film),https://en.wikipedia.org/wiki/Bumblebee_(film),tt4701182,Q34220038,tmdb
427997,El Inca (film),https://en.wikipedia.org/wiki/El_Inca_(film),tt4581310,Q38419769,tmdb
440918,Teen Spirit (2018 film),https://en.wikipedia.org/wiki/Teen_Spirit_(2018_film),tt6483364,Q39070849,tmdb
441701,Verónica (2017 Spanish film),https://en.wikipedia.org/wiki/Ver%C3%B3nica_(2017_Spanish_film),tt5862312,Q39073956,tmdb
429197,Vice (2018 film),https://en.wikipedia.org/wiki/Vice_(2018_film),tt6266538,Q39075006,tmdb
434072,Mapplethorpe (film),https://en.wikipedia.org/wiki/Mapplethorpe_(film),tt1389098,Q39079012,tmdb
434509,"Hello, Annapolis","https://en.wikipedia.org/wiki/Hello,_Annapolis",tt0034840,Q42049386,tmdb
437033,Toc Toc,https://en.wikipedia.org/wiki/Toc_Toc,tt6060156,Q42165807,tmdb
433808,The Ritual (2017 film),https://en.wikipedia.org/wiki/The_Ritual_(2017_film),tt5638642,Q42837930,tmdb
435671,Our Barrio,https://en.wikipedia.org/wiki/Our_Barrio,tt4972790,Q43299783,tmdb
438799,Overlord (2018 film),https://en.wikipedia.org/wiki/Overlord_(2018_film),tt4530422,Q47899984,tmdb
436274,Radius (film),https://en.wikipedia.org/wiki/Radius_(film),tt6097798,Q48672827,tmdb
426618,Where Hands Touch,https://en.wikipedia.org/wiki/Where_Hands_Touch,tt1235187,Q48782093,tmdb
429727,Bad Match,https://en.wikipedia.org/wiki/Bad_Match,tt5990066,Q50650412,tmdb
429422,Capone (2020 film),https://en.wikipedia.org/wiki/Capone_(2020_film),tt6199572,Q51093046,tmdb
440298,Cold War (2018 film),https://en.wikipedia.org/wiki/Cold_War_(2018_film),tt6543652,Q51834363,tmdb
425505,Kin (film),https://en.wikipedia.org/wiki/Kin_(film),tt6017942,Q54366261,tmdb
430275,,,tt0089766,Q3360746,tmdb
433843,,,tt0293534,Q6093767,tmdb
432707,,,tt0314801,Q9090241,tmdb
426159,,,tt0176907,Q10550194,tmdb
440431,,,tt0171611,Q11742415,tmdb
425623,,,tt1148700,Q12506758,tmdb
428024,,,tt1943781,Q23999848,tmdb
440911,,,tt5777078,Q27592529,tmdb
431594,,,tt6396106,Q27962511,tmdb
441168,,,tt6237208,Q29110182,tmdb
438660,,,tt5701132,Q29546940,tmdb
433092,,,tt6039532,Q56604330,tmdb
435107,,,tt6387232,Q104726289,tmdb
436053,,,tt6294226,Q113558201,tmdb
439905,,,tt0467926,Q116978344,tmdb
430293,,,tt4443856,Q130395485,tmdb
441282,Night Hunter (2018 film),https://en.wikipedia.org/wiki/Night_Hunter_(2018_film),tt6533240,Q28970970,tmdb
428078,Mortal Engines (film),https://en.wikipedia.org/wiki/Mortal_Engines_(film),tt1571234,Q28999515,tmdb
431479,Corporate (2017 film),https://en.wikipedia.org/wiki/Corporate_(2017_film),tt5460548,Q29404015,tmdb
427641,Rampage (2018 film),https://en.wikipedia.org/wiki/Rampage_(2018_film),tt2231461,Q29470162,tmdb
440021,Happy Death Day,https://en.wikipedia.org/wiki/Happy_Death_Day,tt5308322,Q29514884,tmdb
440161,The Sisters Brothers (film),https://en.wikipedia.org/wiki/The_Sisters_Brothers_(film),tt4971344,Q29558633,tmdb
433471,Lou (2017 film),https://en.wikipedia.org/wiki/Lou_(2017_film),tt6267732,Q29573231,tmdb
439079,The Nun (2018 film),https://en.wikipedia.org/wiki/The_Nun_(2018_film),tt5814060,Q29841731,tmdb
437557,Blockers (film),https://en.wikipedia.org/wiki/Blockers_(film),tt2531344,Q30314776,tmdb
432301,Chappaquiddick (film),https://en.wikipedia.org/wiki/Chappaquiddick_(film),tt5270948,Q30544669,tmdb
437626,Stockholm (2018 film),https://en.wikipedia.org/wiki/Stockholm_(2018_film),tt6474040,Q30599096,tmdb
433010,Step (film),https://en.wikipedia.org/wiki/Step_(film),tt5758404,Q30612756,tmdb
440471,Escape Plan 2: Hades,https://en.wikipedia.org/wiki/Escape_Plan_2:_Hades,tt6513656,Q30637119,tmdb
438689,Siberia (2018 film),https://en.wikipedia.org/wiki/Siberia_(2018_film),tt6494418,Q30689574,tmdb
438695,Sing 2,https://en.wikipedia.org/wiki/Sing_2,tt6467266,Q30933418,tmdb
431693,Spies in Disguise,https://en.wikipedia.org/wiki/Spies_in_Disguise,tt5814534,Q31271382,tmdb
424781,Sorry to Bother You,https://en.wikipedia.org/wiki/Sorry_to_Bother_You,tt5688932,Q32067450,tmdb
439015,Slender Man (film),https://en.wikipedia.org/wiki/Slender_Man_(film),tt5690360,Q32067466,tmdb
452426,Gun Town,https://en.wikipedia.org/wiki/Gun_Town,tt0038579,Q3236416,tmdb
444874,Demobbed (1944 film),https://en.wikipedia.org/wiki/Demobbed_(1944_film),tt0150301,Q5255464,tmdb
453981,Motherland (2010 film),https://en.wikipedia.org/wiki/Motherland_(2010_film),tt1220221,Q6917535,tmdb
449662,The Mine (1978 film),https://en.wikipedia.org/wiki/The_Mine_(1978_film),tt0183459,Q7751546,tmdb
455615,Vallavan Oruvan,https://en.wikipedia.org/wiki/Vallavan_Oruvan,tt10703746,Q7911840,tmdb
451573,Wonderful World (2010 film),https://en.wikipedia.org/wiki/Wonderful_World_(2010_film),tt6622356,Q8031853,tmdb
444656,Samurai Kids,https://en.wikipedia.org/wiki/Samurai_Kids,tt0108036,Q11548171,tmdb
448802,Ninnindale,https://en.wikipedia.org/wiki/Ninnindale,tt3686226,Q15515219,tmdb
454640,The Angry Birds Movie 2,https://en.wikipedia.org/wiki/The_Angry_Birds_Movie_2,tt6095472,Q18722273,tmdb
456330,Eighteam,https://en.wikipedia.org/wiki/Eighteam,tt3924656,Q21501505,tmdb
451048,Jungle Cruise (film),https://en.wikipedia.org/wiki/Jungle_Cruise_(film),tt0870154,Q24285605,tmdb
451764,Romans (2017 film),https://en.wikipedia.org/wiki/Romans_(2017_film),tt5200368,Q28925872,tmdb
451915,Beautiful Boy (2018 film),https://en.wikipedia.org/wiki/Beautiful_Boy_(2018_film),tt1226837,Q29051576,tmdb
449176,"Love, Simon","https://en.wikipedia.org/wiki/Love,_Simon",tt5164432,Q29169280,tmdb
447665,Kickboxer: Retaliation,https://en.wikipedia.org/wiki/Kickboxer:_Retaliation,tt5208950,Q24342065,tmdb
447277,The Little Mermaid (2023 film),https://en.wikipedia.org/wiki/The_Little_Mermaid_(2023_film),tt5971474,Q24357415,tmdb
444000,Love Sonia,https://en.wikipedia.org/wiki/Love_Sonia,tt3823392,Q24806839,tmdb
450647,Danur,https://en.wikipedia.org/wiki/Danur,tt6496236,Q25471407,tmdb
446131,Madame (2017 film),https://en.wikipedia.org/wiki/Madame_(2017_film),tt6045466,Q26085011,tmdb
449574,Godzilla: Planet of the Monsters,https://en.wikipedia.org/wiki/Godzilla:_Planet_of_the_Monsters,tt5979874,Q26456695,tmdb
447273,Snow White (2025 film),https://en.wikipedia.org/wiki/Snow_White_(2025_film),tt6208148,Q27660145,tmdb
448194,Pyewacket (film),https://en.wikipedia.org/wiki/Pyewacket_(film),tt5119116,Q27681083,tmdb
444801,Jilebi (2017 film),https://en.wikipedia.org/wiki/Jilebi_(2017_film),tt6350670,Q27964620,tmdb
445629,Fighting with My Family,https://en.wikipedia.org/wiki/Fighting_with_My_Family,tt6513120,Q28840410,tmdb
449443,Den of Thieves (film),https://en.wikipedia.org/wiki/Den_of_Thieves_(film),tt1259528,Q28860130,tmdb
447200,Skyscraper (2018 film),https://en.wikipedia.org/wiki/Skyscraper_(2018_film),tt5758778,Q37447062,tmdb
457136,Mary Queen of Scots (2018 film),https://en.wikipedia.org/wiki/Mary_Queen_of_Scots_(2018_film),tt2328900,Q37909408,tmdb
448119,Dolittle (film),https://en.wikipedia.org/wiki/Dolittle_(film),tt6673612,Q38689704,tmdb
447365,Guardians of the Galaxy Vol. 3,https://en.wikipedia.org/wiki/Guardians_of_the_Galaxy_Vol._3,tt6791350,Q29226331,tmdb
452068,Drone (2017 film),https://en.wikipedia.org/wiki/Drone_(2017_film),tt5352846,Q29371919,tmdb
453364,Tehran Taboo,https://en.wikipedia.org/wiki/Tehran_Taboo,tt5584796,Q29585785,tmdb
455207,Crazy Rich Asians,https://en.wikipedia.org/wiki/Crazy_Rich_Asians,tt3104988,Q29588623,tmdb
454467,Noelle (2019 film),https://en.wikipedia.org/wiki/Noelle_(2019_film),tt5097410,Q39765162,tmdb
455008,AlphaGo (film),https://en.wikipedia.org/wiki/AlphaGo_(film),tt6700846,Q40415503,tmdb
442249,The First Purge,https://en.wikipedia.org/wiki/The_First_Purge,tt6133466,Q42048180,tmdb
454294,The Kid Who Would Be King,https://en.wikipedia.org/wiki/The_Kid_Who_Would_Be_King,tt6811018,Q42048874,tmdb
442304,Ole Rex,https://en.wikipedia.org/wiki/Ole_Rex,tt0228667,Q42947806,tmdb
449562,The Hustle (film),https://en.wikipedia.org/wiki/The_Hustle_(film),tt1298644,Q43208792,tmdb
456386,Painted People,https://en.wikipedia.org/wiki/Painted_People,tt0015209,Q43302498,tmdb
452970,Mazinger Z: Infinity,https://en.wikipedia.org/wiki/Mazinger_Z:_Infinity,tt6470762,Q43303207,tmdb
454312,Tyrel (film),https://en.wikipedia.org/wiki/Tyrel_(film),tt6729000,Q45710377,tmdb
446807,The Girl in the Spider's Web (film),https://en.wikipedia.org/wiki/The_Girl_in_the_Spider%27s_Web_(film),tt5177088,Q46997940,tmdb
455656,Reality High,https://en.wikipedia.org/wiki/Reality_High,tt6119504,Q47472344,tmdb
447404,Detective Pikachu (film),https://en.wikipedia.org/wiki/Detective_Pikachu_(film),tt5884052,Q47492499,tmdb
453664,No Solicitors,https://en.wikipedia.org/wiki/No_Solicitors,tt3568380,Q65241439,tmdb
446574,Siberia (2020 film),https://en.wikipedia.org/wiki/Siberia_(2020_film),tt4687856,Q83954889,tmdb
450648,White Boy (film),https://en.wikipedia.org/wiki/White_Boy_(film),tt5635638,Q85815356,tmdb
449060,The Sounding,https://en.wikipedia.org/wiki/The_Sounding,tt4137714,Q107404556,tmdb
455476,Knights of the Zodiac (film),https://en.wikipedia.org/wiki/Knights_of_the_Zodiac_(film),tt6528290,Q108659401,tmdb
454639,Masters of the Universe (2026 film),https://en.wikipedia.org/wiki/Masters_of_the_Universe_(2026_film),tt0427340,Q112040381,tmdb
455236,Accident Man,https://en.wikipedia.org/wiki/Accident_Man,tt6237612,Q47658098,tmdb
445470,Elián (film),https://en.wikipedia.org/wiki/Eli%C3%A1n_(film),tt6535100,Q48672454,tmdb
454293,Night School (2018 film),https://en.wikipedia.org/wiki/Night_School_(2018_film),tt6781982,Q48672452,tmdb
454619,Overboard (2018 film),https://en.wikipedia.org/wiki/Overboard_(2018_film),tt1563742,Q48672812,tmdb
455403,Hedgehog (film),https://en.wikipedia.org/wiki/Hedgehog_(film),tt5179398,Q48965312,tmdb
446021,Bad Times at the El Royale,https://en.wikipedia.org/wiki/Bad_Times_at_the_El_Royale,tt6628394,Q48988117,tmdb
453405,Gemini Man (film),https://en.wikipedia.org/wiki/Gemini_Man_(film),tt1025100,Q50276507,tmdb
457308,Heartbeats (2017 film),https://en.wikipedia.org/wiki/Heartbeats_(2017_film),tt5281700,Q50325066,tmdb
454983,The Kissing Booth,https://en.wikipedia.org/wiki/The_Kissing_Booth,tt3799232,Q53318860,tmdb
454527,Benedetta (film),https://en.wikipedia.org/wiki/Benedetta_(film),tt6823148,Q55595776,tmdb
452981,Catacombe (film),https://en.wikipedia.org/wiki/Catacombe_(film),tt6438398,Q56274434,tmdb
454458,UglyDolls,https://en.wikipedia.org/wiki/UglyDolls,tt1946502,Q56417123,tmdb
451925,Time Freak (2018 film),https://en.wikipedia.org/wiki/Time_Freak_(2018_film),tt6769280,Q58815179,tmdb
443849,Winter Ridge,https://en.wikipedia.org/wiki/Winter_Ridge,tt5973658,Q63698599,tmdb
453395,Doctor Strange in the Multiverse of Madness,https://en.wikipedia.org/wiki/Doctor_Strange_in_the_Multiverse_of_Madness,tt9419884,Q64211112,tmdb
450744,,,tt0875157,Q1876321,tmdb
450374,,,tt5693420,Q24706505,tmdb
447236,,,tt4964310,Q28974159,tmdb
444100,,,tt4483492,Q30522317,tmdb
446040,,,tt6268152,Q30740598,tmdb
443398,,,tt6556552,Q30742364,tmdb
447335,,,tt4932388,Q30889904,tmdb
449664,,,tt5159414,Q39843662,tmdb
455483,,,tt6047030,Q42048234,tmdb
445962,,,tt4797160,Q47091955,tmdb
448763,,,tt5635808,Q48862028,tmdb
452728,,,tt1773047,Q57400952,tmdb
452895,,,tt4424722,Q105799591,tmdb
456974,,,tt0076783,Q115621393,tmdb
451964,,,tt6354166,Q117210426,tmdb
452386,,,tt1519662,Q117774914,tmdb
447655,,,tt6652566,Q130349145,tmdb
452410,,,tt4780578,Q132775191,tmdb
453133,,,,Q139838792,tmdb
444291,I Got Life!,https://en.wikipedia.org/wiki/I_Got_Life!,tt5628792,Q29615846,tmdb
446893,Trolls World Tour,https://en.wikipedia.org/wiki/Trolls_World_Tour,tt6587640,Q29825830,tmdb
454626,Sonic the Hedgehog (film),https://en.wikipedia.org/wiki/Sonic_the_Hedgehog_(film),tt3794354,Q29906232,tmdb
445571,Game Night (film),https://en.wikipedia.org/wiki/Game_Night_(film),tt2704998,Q30011713,tmdb
446354,The Post (film),https://en.wikipedia.org/wiki/The_Post_(film),tt6294822,Q30203425,tmdb
446894,Smallfoot,https://en.wikipedia.org/wiki/Smallfoot,tt6182908,Q30607974,tmdb
454652,Colette (2018 film),https://en.wikipedia.org/wiki/Colette_(2018_film),tt5437928,Q30608435,tmdb
455980,Tag (2018 film),https://en.wikipedia.org/wiki/Tag_(2018_film),tt2854926,Q30612098,tmdb
451504,Garde alternée,https://en.wikipedia.org/wiki/Garde_altern%C3%A9e,tt7217028,Q30742369,tmdb
456740,Hellboy (2019 film),https://en.wikipedia.org/wiki/Hellboy_(2019_film),tt2274648,Q30895665,tmdb
450465,Glass (2019 film),https://en.wikipedia.org/wiki/Glass_(2019_film),tt6823368,Q30939513,tmdb
454283,Action Point,https://en.wikipedia.org/wiki/Action_Point,tt6495770,Q32067415,tmdb
449563,Isn't It Romantic (2019 film),https://en.wikipedia.org/wiki/Isn%27t_It_Romantic_(2019_film),tt2452244,Q32942298,tmdb
443791,Underwater (film),https://en.wikipedia.org/wiki/Underwater_(film),tt5774060,Q33105130,tmdb
454992,The Spy Who Dumped Me,https://en.wikipedia.org/wiki/The_Spy_Who_Dumped_Me,tt6663582,Q33256094,tmdb
452832,Serenity (2019 film),https://en.wikipedia.org/wiki/Serenity_(2019_film),tt6476140,Q34779365,tmdb
470525,Rose-Marie (1928 film),https://en.wikipedia.org/wiki/Rose-Marie_(1928_film),tt0019335,Q586875,tmdb
471844,Brief Rapture,https://en.wikipedia.org/wiki/Brief_Rapture,tt0022064,Q3829317,tmdb
469245,Blue Rodeo (film),https://en.wikipedia.org/wiki/Blue_Rodeo_(film),tt0149907,Q4929803,tmdb
463320,Katputtli,https://en.wikipedia.org/wiki/Katputtli,tt3638428,Q6377835,tmdb
466495,Rave (film),https://en.wikipedia.org/wiki/Rave_(film),tt0156942,Q7296339,tmdb
469158,Rookery Nook (film),https://en.wikipedia.org/wiki/Rookery_Nook_(film),tt0021212,Q7366209,tmdb
470435,The Bells (1931 film),https://en.wikipedia.org/wiki/The_Bells_(1931_film),tt0021650,Q7716445,tmdb
463182,Yaare Koogadali,https://en.wikipedia.org/wiki/Yaare_Koogadali,tt12837388,Q8046329,tmdb
459151,The Boss Baby: Family Business,https://en.wikipedia.org/wiki/The_Boss_Baby:_Family_Business,tt6932874,Q11640531,tmdb
462571,Balidaan (1985 film),https://en.wikipedia.org/wiki/Balidaan_(1985_film),tt0186850,Q12440889,tmdb
467564,Lal Tip,https://en.wikipedia.org/wiki/Lal_Tip,tt2855180,Q13059695,tmdb
458423,Mamma Mia! Here We Go Again,https://en.wikipedia.org/wiki/Mamma_Mia!_Here_We_Go_Again,tt6911608,Q36951175,tmdb
465134,Punjab Nahi Jaungi,https://en.wikipedia.org/wiki/Punjab_Nahi_Jaungi,tt5597198,Q39058851,tmdb
458005,Zoe (2018 film),https://en.wikipedia.org/wiki/Zoe_(2018_film),tt6010628,Q39069732,tmdb
465136,Every Day (2018 film),https://en.wikipedia.org/wiki/Every_Day_(2018_film),tt7026672,Q39070612,tmdb
460668,I Feel Pretty (film),https://en.wikipedia.org/wiki/I_Feel_Pretty_(film),tt6791096,Q39070972,tmdb
460793,Olaf's Frozen Adventure,https://en.wikipedia.org/wiki/Olaf%27s_Frozen_Adventure,tt5452780,Q30318729,tmdb
462979,Brillantissime,https://en.wikipedia.org/wiki/Brillantissime,tt6859344,Q30739829,tmdb
460100,Anything (film),https://en.wikipedia.org/wiki/Anything_(film),tt6213952,Q31202693,tmdb
464052,Wonder Woman 1984,https://en.wikipedia.org/wiki/Wonder_Woman_1984,tt7126948,Q33408623,tmdb
463272,Johnny English Strikes Again,https://en.wikipedia.org/wiki/Johnny_English_Strikes_Again,tt6921996,Q35160593,tmdb
466282,To All the Boys I've Loved Before (film),https://en.wikipedia.org/wiki/To_All_the_Boys_I%27ve_Loved_Before_(film),tt3846674,Q35783117,tmdb
467632,Bad Samaritan (film),https://en.wikipedia.org/wiki/Bad_Samaritan_(film),tt3203528,Q36492115,tmdb
459910,Braven,https://en.wikipedia.org/wiki/Braven,tt5001754,Q23707685,tmdb
463602,Slumber (film),https://en.wikipedia.org/wiki/Slumber_(film),tt5181852,Q23707694,tmdb
458802,Teshan (film),https://en.wikipedia.org/wiki/Teshan_(film),tt6043298,Q24278875,tmdb
464254,Tshiuetin,https://en.wikipedia.org/wiki/Tshiuetin,tt5669222,Q26903388,tmdb
460648,Bleeding Steel,https://en.wikipedia.org/wiki/Bleeding_Steel,tt5813366,Q27703164,tmdb
462879,Darra (film),https://en.wikipedia.org/wiki/Darra_(film),tt5926848,Q27958333,tmdb
471972,Chef (2017 film),https://en.wikipedia.org/wiki/Chef_(2017_film),tt5745450,Q27964501,tmdb
460952,Darken,https://en.wikipedia.org/wiki/Darken,tt6472742,Q28457464,tmdb
461615,Mutafukaz,https://en.wikipedia.org/wiki/Mutafukaz,tt4717402,Q28496979,tmdb
466532,Clara (2018 film),https://en.wikipedia.org/wiki/Clara_(2018_film),tt6613878,Q30036877,tmdb
460019,Truth or Dare (2018 film),https://en.wikipedia.org/wiki/Truth_or_Dare_(2018_film),tt6772950,Q30302806,tmdb
460458,Resident Evil: Welcome to Raccoon City,https://en.wikipedia.org/wiki/Resident_Evil:_Welcome_to_Raccoon_City,tt6920084,Q101069738,tmdb
466928,Penance (2018 film),https://en.wikipedia.org/wiki/Penance_(2018_film),tt5471258,Q106817816,tmdb
473229,Big Bear (film),https://en.wikipedia.org/wiki/Big_Bear_(film),tt4986754,Q113659245,tmdb
467244,The Zone of Interest (film),https://en.wikipedia.org/wiki/The_Zone_of_Interest_(film),tt7160372,Q115993222,tmdb
467905,How to Make a Killing,https://en.wikipedia.org/wiki/How_to_Make_a_Killing,tt4357198,Q126488898,tmdb
466420,Killers of the Flower Moon,https://en.wikipedia.org/wiki/Killers_of_the_Flower_Moon,tt5537002,Q66316924,tmdb
458220,Palmer (film),https://en.wikipedia.org/wiki/Palmer_(film),tt6857376,Q83957218,tmdb
470610,Endless (2020 film),https://en.wikipedia.org/wiki/Endless_(2020_film),tt5723282,Q87455205,tmdb
466565,Hagazussa,https://en.wikipedia.org/wiki/Hagazussa,tt7323600,Q53743373,tmdb
465086,The Grudge (2019 film),https://en.wikipedia.org/wiki/The_Grudge_(2019_film),tt3612126,Q54339473,tmdb
471506,Greta (2018 film),https://en.wikipedia.org/wiki/Greta_(2018_film),tt2639336,Q55392278,tmdb
469916,Downrange (film),https://en.wikipedia.org/wiki/Downrange_(film),tt6138228,Q55609954,tmdb
461773,Lowlife (2017 film),https://en.wikipedia.org/wiki/Lowlife_(2017_film),tt7012864,Q55621385,tmdb
458897,Charlie's Angels (2019 film),https://en.wikipedia.org/wiki/Charlie%27s_Angels_(2019_film),tt5033998,Q55815650,tmdb
458723,Us (2019 film),https://en.wikipedia.org/wiki/Us_(2019_film),tt6857112,Q56000996,tmdb
473033,Uncut Gems,https://en.wikipedia.org/wiki/Uncut_Gems,tt5727208,Q56312570,tmdb
458576,Monster Hunter (film),https://en.wikipedia.org/wiki/Monster_Hunter_(film),tt6475714,Q56906869,tmdb
472876,Zombies (2016 film),https://en.wikipedia.org/wiki/Zombies_(2016_film),tt4969672,Q58815004,tmdb
458969,Monster Party (film),https://en.wikipedia.org/wiki/Monster_Party_(film),tt6556576,Q58815260,tmdb
457915,Superlópez (2018 film),https://en.wikipedia.org/wiki/Superl%C3%B3pez_(2018_film),tt4110388,Q58875268,tmdb
473019,The Souvenir,https://en.wikipedia.org/wiki/The_Souvenir,tt6920356,Q59551553,tmdb
457332,Hidden Strike,https://en.wikipedia.org/wiki/Hidden_Strike,tt6879446,Q60993034,tmdb
460465,Mortal Kombat (2021 film),https://en.wikipedia.org/wiki/Mortal_Kombat_(2021_film),tt0293429,Q63862159,tmdb
460907,,,tt1611048,Q3338746,tmdb
464967,,,tt0063249,Q3427475,tmdb
464267,,,tt0050462,Q3778078,tmdb
471018,,,tt0049916,Q4010286,tmdb
458521,,,tt0083234,Q5857596,tmdb
463121,,,tt0295463,Q9275100,tmdb
458137,,,tt0266313,Q16243658,tmdb
468669,,,tt0096383,Q16355858,tmdb
469996,,,tt0356034,Q19599606,tmdb
466476,,,tt5720938,Q26856862,tmdb
461158,,,tt2935516,Q39074479,tmdb
472612,,,tt6682904,Q54760163,tmdb
459926,,,tt5333980,Q56402526,tmdb
467097,,,tt7051286,Q56683249,tmdb
468085,,,tt7128316,Q107538741,tmdb
463354,,,tt0255538,Q109597675,tmdb
464111,,,tt7078780,Q111177862,tmdb
463833,,,tt7001042,Q112264107,tmdb
459687,,,tt6682182,Q118431420,tmdb
464745,,,tt5078886,Q130349246,tmdb
461257,,,tt6980792,Q132853335,tmdb
463843,Sweetheart (2019 American film),https://en.wikipedia.org/wiki/Sweetheart_(2019_American_film),tt6560164,Q39072243,tmdb
467938,Revenge (2017 film),https://en.wikipedia.org/wiki/Revenge_(2017_film),tt6738136,Q39073132,tmdb
472640,Under the Tree (2017 film),https://en.wikipedia.org/wiki/Under_the_Tree_(2017_film),tt6223806,Q39073952,tmdb
470044,The Hate U Give (film),https://en.wikipedia.org/wiki/The_Hate_U_Give_(film),tt5580266,Q39659551,tmdb
473072,2036: Nexus Dawn,https://en.wikipedia.org/wiki/2036:_Nexus_Dawn,tt7326248,Q39755652,tmdb
467012,Satan's Slaves,https://en.wikipedia.org/wiki/Satan%27s_Slaves,tt7076834,Q41850450,tmdb
470114,24 Hours to Live,https://en.wikipedia.org/wiki/24_Hours_to_Live,tt5442456,Q42218456,tmdb
468224,Tolkien (film),https://en.wikipedia.org/wiki/Tolkien_(film),tt3361792,Q42689885,tmdb
463821,The House with a Clock in Its Walls (film),https://en.wikipedia.org/wiki/The_House_with_a_Clock_in_Its_Walls_(film),tt2119543,Q42914959,tmdb
459992,Long Shot (2019 film),https://en.wikipedia.org/wiki/Long_Shot_(2019_film),tt2139881,Q44491815,tmdb
464331,Undercover Grandpa,https://en.wikipedia.org/wiki/Undercover_Grandpa,tt3891538,Q47063829,tmdb
466272,Once Upon a Time in Hollywood,https://en.wikipedia.org/wiki/Once_Upon_a_Time_in_Hollywood,tt7131622,Q47300912,tmdb
460885,Mandy (2018 film),https://en.wikipedia.org/wiki/Mandy_(2018_film),tt6998518,Q47486507,tmdb
458109,Spinning Man,https://en.wikipedia.org/wiki/Spinning_Man,tt5616294,Q47500766,tmdb
457799,"Extremely Wicked, Shockingly Evil and Vile","https://en.wikipedia.org/wiki/Extremely_Wicked,_Shockingly_Evil_and_Vile",tt2481498,Q48671183,tmdb
472674,The Goldfinch (film),https://en.wikipedia.org/wiki/The_Goldfinch_(film),tt3864056,Q48672402,tmdb
473334,My Generation (2017 film),https://en.wikipedia.org/wiki/My_Generation_(2017_film),tt6264954,Q50280772,tmdb
464733,Trafficked (2017 film),https://en.wikipedia.org/wiki/Trafficked_(2017_film),tt1720621,Q51031094,tmdb
458594,Peppermint (2018 film),https://en.wikipedia.org/wiki/Peppermint_(2018_film),tt6850820,Q51644049,tmdb
458156,John Wick: Chapter 3 – Parabellum,https://en.wikipedia.org/wiki/John_Wick:_Chapter_3_%E2%80%93_Parabellum,tt6146586,Q52951815,tmdb
475557,Joker (2019 film),https://en.wikipedia.org/wiki/Joker_(2019_film),tt7286456,Q42759035,tmdb
479718,The Outlaws (2017 film),https://en.wikipedia.org/wiki/The_Outlaws_(2017_film),tt7468056,Q33101534,tmdb
484247,A Simple Favor (film),https://en.wikipedia.org/wiki/A_Simple_Favor_(film),tt7040874,Q39069921,tmdb
475602,Unwanted (film),https://en.wikipedia.org/wiki/Unwanted_(film),tt6864006,Q39972392,tmdb
474350,It Chapter Two,https://en.wikipedia.org/wiki/It_Chapter_Two,tt7349950,Q42726338,tmdb
479488,Splatter (web series),https://en.wikipedia.org/wiki/Splatter_(web_series),tt1576464,Q25345928,tmdb
475496,Trieste (film),https://en.wikipedia.org/wiki/Trieste_(film),tt0175257,Q26233899,tmdb
481738,Tera Intezaar,https://en.wikipedia.org/wiki/Tera_Intezaar,tt5784852,Q27590067,tmdb
489928,Blaze (2018 film),https://en.wikipedia.org/wiki/Blaze_(2018_film),tt6443294,Q29011389,tmdb
493623,Hichki,https://en.wikipedia.org/wiki/Hichki,tt6588966,Q29467155,tmdb
495193,Benji (2018 film),https://en.wikipedia.org/wiki/Benji_(2018_film),tt1799516,Q30611703,tmdb
500664,Upgrade (film),https://en.wikipedia.org/wiki/Upgrade_(film),tt6499752,Q30611788,tmdb
484641,Anna (2019 feature film),https://en.wikipedia.org/wiki/Anna_(2019_feature_film),tt7456310,Q43184957,tmdb
498366,Mr. Chandramouli,https://en.wikipedia.org/wiki/Mr._Chandramouli,tt7486356,Q43302442,tmdb
487558,BlacKkKlansman,https://en.wikipedia.org/wiki/BlacKkKlansman,tt7349662,Q43370948,tmdb
485296,Redbad (film),https://en.wikipedia.org/wiki/Redbad_(film),tt6155374,Q43372861,tmdb
474392,Samson (2018 film),https://en.wikipedia.org/wiki/Samson_(2018_film),tt6951892,Q46994975,tmdb
494974,Red Joan,https://en.wikipedia.org/wiki/Red_Joan,tt7615302,Q47086569,tmdb
476859,The Dragon's Blood,https://en.wikipedia.org/wiki/The_Dragon%27s_Blood,tt0050971,Q1463119,tmdb
481318,Carioca tigre,https://en.wikipedia.org/wiki/Carioca_tigre,tt0160115,Q3414572,tmdb
492807,Richelieu (1914 film),https://en.wikipedia.org/wiki/Richelieu_(1914_film),tt0004532,Q3934915,tmdb
483430,Outcast (1937 film),https://en.wikipedia.org/wiki/Outcast_(1937_film),tt0029360,Q7111891,tmdb
474455,The Return (1979 film),https://en.wikipedia.org/wiki/The_Return_(1979_film),tt0079743,Q7760368,tmdb
482416,Artificial Svensson,https://en.wikipedia.org/wiki/Artificial_Svensson,tt0020068,Q10547682,tmdb
478809,Madcap Mabel,https://en.wikipedia.org/wiki/Madcap_Mabel,tt1615040,Q12125945,tmdb
475430,Artemis Fowl (film),https://en.wikipedia.org/wiki/Artemis_Fowl_(film),tt3089630,Q12302227,tmdb
477181,Skyline (1931 film),https://en.wikipedia.org/wiki/Skyline_(1931_film),tt0022400,Q23035435,tmdb
497698,Black Widow (2021 film),https://en.wikipedia.org/wiki/Black_Widow_(2021_film),tt3480822,Q23894626,tmdb
498402,Aline (film),https://en.wikipedia.org/wiki/Aline_(film),tt9735462,Q100324181,tmdb
482373,Don't Breathe 2,https://en.wikipedia.org/wiki/Don%27t_Breathe_2,tt6246322,Q100701374,tmdb
493529,Dungeons & Dragons: Honor Among Thieves,https://en.wikipedia.org/wiki/Dungeons_%26_Dragons:_Honor_Among_Thieves,tt2906216,Q105554572,tmdb
499535,,,tt0101505,Q2215288,tmdb
482758,,,tt0757201,Q3080259,tmdb
477898,,,tt0039359,Q10492827,tmdb
478415,,,tt0278026,Q12758807,tmdb
476907,,,tt0117379,Q22341027,tmdb
474766,,,tt1085400,Q28750074,tmdb
477284,,,tt7889602,Q42330890,tmdb
487741,,,tt6488870,Q48656261,tmdb
489634,,,tt7222296,Q48756853,tmdb
492126,,,tt7735462,Q48910904,tmdb
498214,,,tt7372728,Q53477854,tmdb
481871,,,,Q55105666,tmdb
479093,,,tt4526372,Q65247464,tmdb
498301,,,tt5724948,Q77711492,tmdb
480681,,,tt7248144,Q81664257,tmdb
473388,,,tt0428615,Q97213885,tmdb
481773,,,tt0081644,Q106658210,tmdb
479198,,,tt5749570,Q110268947,tmdb
499191,,,tt7529650,Q130760065,tmdb
479965,,,tt6284156,Q132732823,tmdb
482600,,,,Q139840775,tmdb
476299,Ghostland,https://en.wikipedia.org/wiki/Ghostland,tt6195094,Q47461221,tmdb
480853,Nancy (film),https://en.wikipedia.org/wiki/Nancy_(film),tt6509058,Q47470703,tmdb
493922,Hereditary (film),https://en.wikipedia.org/wiki/Hereditary_(film),tt7784604,Q47524071,tmdb
492188,Marriage Story,https://en.wikipedia.org/wiki/Marriage_Story,tt7653254,Q48671199,tmdb
476968,"Paul, Apostle of Christ","https://en.wikipedia.org/wiki/Paul,_Apostle_of_Christ",tt7388562,Q48671585,tmdb
484133,Nude (2017 American film),https://en.wikipedia.org/wiki/Nude_(2017_American_film),tt6323306,Q48672662,tmdb
490132,Green Book (film),https://en.wikipedia.org/wiki/Green_Book_(film),tt6966692,Q48673898,tmdb
480414,The Curse of La Llorona,https://en.wikipedia.org/wiki/The_Curse_of_La_Llorona,tt4913966,Q48674258,tmdb
489999,Searching (film),https://en.wikipedia.org/wiki/Searching_(film),tt7668870,Q48674419,tmdb
475908,Carmilla (film),https://en.wikipedia.org/wiki/Carmilla_(film),tt7280218,Q48780911,tmdb
474335,Uncle Drew,https://en.wikipedia.org/wiki/Uncle_Drew,tt7334528,Q48818131,tmdb
480530,Creed II,https://en.wikipedia.org/wiki/Creed_II,tt6343314,Q50233658,tmdb
491418,Instant Family,https://en.wikipedia.org/wiki/Instant_Family,tt7401588,Q50649533,tmdb
483184,Dogman (2018 film),https://en.wikipedia.org/wiki/Dogman_(2018_film),tt6768578,Q51800111,tmdb
483906,Polar (film),https://en.wikipedia.org/wiki/Polar_(film),tt4139588,Q51955042,tmdb
485098,Treat Me Like Fire,https://en.wikipedia.org/wiki/Treat_Me_Like_Fire,tt7888070,Q52062986,tmdb
500475,Superfly (2018 film),https://en.wikipedia.org/wiki/Superfly_(2018_film),tt7690670,Q52151356,tmdb
489430,Terrified (film),https://en.wikipedia.org/wiki/Terrified_(film),tt7549892,Q52557818,tmdb
484747,Little Tickles,https://en.wikipedia.org/wiki/Little_Tickles,tt7502234,Q54152675,tmdb
481084,The Addams Family (2019 film),https://en.wikipedia.org/wiki/The_Addams_Family_(2019_film),tt1620981,Q54825652,tmdb
478798,Sons of the Neon Night,https://en.wikipedia.org/wiki/Sons_of_the_Neon_Night,tt4968738,Q55395307,tmdb
479455,Men in Black: International,https://en.wikipedia.org/wiki/Men_in_Black:_International,tt2283336,Q55439830,tmdb
493488,Buffalo Boys,https://en.wikipedia.org/wiki/Buffalo_Boys,tt6917210,Q55606088,tmdb
491283,Judy (film),https://en.wikipedia.org/wiki/Judy_(film),tt7549996,Q55615419,tmdb
489138,Land of Hope (film),https://en.wikipedia.org/wiki/Land_of_Hope_(film),tt7220640,Q55955678,tmdb
500904,A Vigilante,https://en.wikipedia.org/wiki/A_Vigilante,tt6211976,Q56565717,tmdb
495764,Birds of Prey (2020 film),https://en.wikipedia.org/wiki/Birds_of_Prey_(2020_film),tt7713068,Q57177410,tmdb
480434,Dreamland (2019 American film),https://en.wikipedia.org/wiki/Dreamland_(2019_American_film),tt5294522,Q57524639,tmdb
499546,We (2018 film),https://en.wikipedia.org/wiki/We_(2018_film),tt6671244,Q57699573,tmdb
496450,Ladybug & Cat Noir: The Movie,https://en.wikipedia.org/wiki/Ladybug_%26_Cat_Noir:_The_Movie,tt10364034,Q57958005,tmdb
481848,The Call of the Wild (2020 film),https://en.wikipedia.org/wiki/The_Call_of_the_Wild_(2020_film),tt7504726,Q57982258,tmdb
489418,In Safe Hands,https://en.wikipedia.org/wiki/In_Safe_Hands,tt7543930,Q60849526,tmdb
496243,Parasite (2019 film),https://en.wikipedia.org/wiki/Parasite_(2019_film),tt6751668,Q61448040,tmdb
476669,The King's Man,https://en.wikipedia.org/wiki/The_King%27s_Man,tt6856242,Q61633664,tmdb
499932,The Devil All the Time (film),https://en.wikipedia.org/wiki/The_Devil_All_the_Time_(film),tt7395114,Q61927376,tmdb
484718,Coming 2 America,https://en.wikipedia.org/wiki/Coming_2_America,tt6802400,Q64069446,tmdb
497582,Enola Holmes (film),https://en.wikipedia.org/wiki/Enola_Holmes_(film),tt7846844,Q65032692,tmdb
482273,Valley Girl (2020 film),https://en.wikipedia.org/wiki/Valley_Girl_(2020_film),tt1266036,Q65032715,tmdb
477072,Mothers' Instinct (2018 film),https://en.wikipedia.org/wiki/Mothers%27_Instinct_(2018_film),tt7377132,Q65153125,tmdb
482568,Intrigo: Samaria,https://en.wikipedia.org/wiki/Intrigo:_Samaria,tt6341108,Q65553171,tmdb
497828,Triangle of Sadness,https://en.wikipedia.org/wiki/Triangle_of_Sadness,tt7322224,Q97304180,tmdb
506574,Descendants 3,https://en.wikipedia.org/wiki/Descendants_3,tt8022928,Q48967619,tmdb
516486,Greyhound (film),https://en.wikipedia.org/wiki/Greyhound_(film),tt6048922,Q50404285,tmdb
508642,Gonjiam: Haunted Asylum,https://en.wikipedia.org/wiki/Gonjiam:_Haunted_Asylum,tt8119752,Q50791455,tmdb
513223,Perdida (2018 film),https://en.wikipedia.org/wiki/Perdida_(2018_film),tt7841496,Q51224874,tmdb
503838,Raid (2018 film),https://en.wikipedia.org/wiki/Raid_(2018_film),tt7363076,Q39670177,tmdb
504827,The Bob's Burgers Movie,https://en.wikipedia.org/wiki/The_Bob%27s_Burgers_Movie,tt7466442,Q41709271,tmdb
508883,The Boy and the Heron,https://en.wikipedia.org/wiki/The_Boy_and_the_Heron,tt6587046,Q47482560,tmdb
505192,Shoplifters (film),https://en.wikipedia.org/wiki/Shoplifters_(film),tt8075192,Q48765577,tmdb
515916,Girl (2018 film),https://en.wikipedia.org/wiki/Girl_(2018_film),tt8254556,Q51843955,tmdb
507076,Climax (2018 film),https://en.wikipedia.org/wiki/Climax_(2018_film),tt8359848,Q52000412,tmdb
512196,Happy Death Day 2U,https://en.wikipedia.org/wiki/Happy_Death_Day_2U,tt8155288,Q52715747,tmdb
507143,Candy Jar,https://en.wikipedia.org/wiki/Candy_Jar,tt6744044,Q52715755,tmdb
507256,Whitney (2018 film),https://en.wikipedia.org/wiki/Whitney_(2018_film),tt5740866,Q52791458,tmdb
505874,Drifting (1923 film),https://en.wikipedia.org/wiki/Drifting_(1923_film),tt0014003,Q3715354,tmdb
508807,Megamol,https://en.wikipedia.org/wiki/Megamol,tt0345641,Q6808615,tmdb
506059,Rocky (2006 Indian film),https://en.wikipedia.org/wiki/Rocky_(2006_Indian_film),tt0814295,Q7356055,tmdb
505329,Appassionata (1944 film),https://en.wikipedia.org/wiki/Appassionata_(1944_film),tt0036607,Q10416183,tmdb
506876,Bolden,https://en.wikipedia.org/wiki/Bolden,tt0858419,Q16866068,tmdb
506558,O.G. (film),https://en.wikipedia.org/wiki/O.G._(film),tt7897102,Q20602123,tmdb
507089,Five Nights at Freddy's (film),https://en.wikipedia.org/wiki/Five_Nights_at_Freddy%27s_(film),tt4589218,Q21512706,tmdb
511000,The Marriage Nest,https://en.wikipedia.org/wiki/The_Marriage_Nest,tt0455527,Q21869597,tmdb
506971,Teefa in Trouble,https://en.wikipedia.org/wiki/Teefa_in_Trouble,tt8043306,Q30501175,tmdb
501929,The Mitchells vs. the Machines,https://en.wikipedia.org/wiki/The_Mitchells_vs._the_Machines,tt7979580,Q54021143,tmdb
508003,McQueen (film),https://en.wikipedia.org/wiki/McQueen_(film),tt6510332,Q54026955,tmdb
513427,King Lear (2018 film),https://en.wikipedia.org/wiki/King_Lear_(2018_film),tt7473890,Q54510755,tmdb
504949,The King (2019 film),https://en.wikipedia.org/wiki/The_King_(2019_film),tt7984766,Q54801155,tmdb
514407,Indivisible (2018 film),https://en.wikipedia.org/wiki/Indivisible_(2018_film),tt6512428,Q58815088,tmdb
514921,The Aeronauts (film),https://en.wikipedia.org/wiki/The_Aeronauts_(film),tt6141246,Q58815176,tmdb
500916,Primal (2019 film),https://en.wikipedia.org/wiki/Primal_(2019_film),tt7394816,Q59177262,tmdb
514439,Breakthrough (2019 film),https://en.wikipedia.org/wiki/Breakthrough_(2019_film),tt7083526,Q59501879,tmdb
508439,Onward (film),https://en.wikipedia.org/wiki/Onward_(film),tt7146812,Q59690895,tmdb
512200,Jumanji: The Next Level,https://en.wikipedia.org/wiki/Jumanji:_The_Next_Level,tt7975244,Q60501923,tmdb
507697,Snapshots (2018 film),https://en.wikipedia.org/wiki/Snapshots_(2018_film),tt5322168,Q60846022,tmdb
506554,Judy and Punch,https://en.wikipedia.org/wiki/Judy_and_Punch,tt7798644,Q61450786,tmdb
501979,Bill & Ted Face the Music,https://en.wikipedia.org/wiki/Bill_%26_Ted_Face_the_Music,tt1086064,Q62124699,tmdb
514847,The Hunt (2020 film),https://en.wikipedia.org/wiki/The_Hunt_(2020_film),tt8244784,Q62720813,tmdb
511809,West Side Story (2021 film),https://en.wikipedia.org/wiki/West_Side_Story_(2021_film),tt3581652,Q63643994,tmdb
508442,Soul (2020 film),https://en.wikipedia.org/wiki/Soul_(2020_film),tt2948372,Q64744044,tmdb
508138,Burn (2019 film),https://en.wikipedia.org/wiki/Burn_(2019_film),tt8009314,Q65051475,tmdb
507654,Celeste (2018 film),https://en.wikipedia.org/wiki/Celeste_(2018_film),tt5705306,Q65051759,tmdb
502145,Unlovable,https://en.wikipedia.org/wiki/Unlovable,tt5926990,Q65077628,tmdb
502033,Sound of Metal,https://en.wikipedia.org/wiki/Sound_of_Metal,tt5363618,Q65158549,tmdb
503736,Army of the Dead,https://en.wikipedia.org/wiki/Army_of_the_Dead,tt0993840,Q65648534,tmdb
515676,Rottentail,https://en.wikipedia.org/wiki/Rottentail,tt6236780,Q66305423,tmdb
508965,Klaus (film),https://en.wikipedia.org/wiki/Klaus_(film),tt4729430,Q67208596,tmdb
516833,Amityville: Evil Never Dies,https://en.wikipedia.org/wiki/Amityville:_Evil_Never_Dies,tt6828736,Q77399631,tmdb
508943,Luca (2021 film),https://en.wikipedia.org/wiki/Luca_(2021_film),tt12801262,Q97925311,tmdb
509635,Alone (2020 thriller film),https://en.wikipedia.org/wiki/Alone_(2020_thriller_film),tt7711170,Q104242973,tmdb
508947,Turning Red,https://en.wikipedia.org/wiki/Turning_Red,tt8097030,Q104845027,tmdb
502356,The Super Mario Bros. Movie,https://en.wikipedia.org/wiki/The_Super_Mario_Bros._Movie,tt6718170,Q108671102,tmdb
507532,Finestkind,https://en.wikipedia.org/wiki/Finestkind,tt7991508,Q111830176,tmdb
516729,Paddington in Peru,https://en.wikipedia.org/wiki/Paddington_in_Peru,tt5822536,Q121076570,tmdb
507241,The Killer's Game,https://en.wikipedia.org/wiki/The_Killer%27s_Game,tt0327785,Q121091587,tmdb
502345,Scarygirl (film),https://en.wikipedia.org/wiki/Scarygirl_(film),tt4556264,Q121308093,tmdb
507244,Afterburn (2025 film),https://en.wikipedia.org/wiki/Afterburn_(2025_film),tt1210027,Q124814444,tmdb
501318,,,tt0263104,Q6049034,tmdb
501503,,,tt0172800,Q9176393,tmdb
503093,,,tt0114200,Q9203082,tmdb
514302,,,tt0095479,Q9393904,tmdb
517352,,,tt0066081,Q10585840,tmdb
508849,,,tt2062567,Q12490895,tmdb
502480,,,tt0181738,Q16085457,tmdb
514353,,,tt0207796,Q16680471,tmdb
514250,,,tt0339104,Q31187012,tmdb
515485,,,tt9602614,Q51882983,tmdb
508152,,,tt8286974,Q108914073,tmdb
512338,,,tt7445772,Q112079278,tmdb
510583,,,tt0232113,Q119955005,tmdb
513536,,,tt8146710,Q130582186,tmdb
515597,,,tt6074820,Q132048165,tmdb
509312,,,tt0152381,Q132182404,tmdb
507476,,,tt4788744,Q132797839,tmdb
515300,,,tt0386860,Q136894298,tmdb
511082,,,tt5714216,Q140569952,tmdb
504172,The Mule (2018 film),https://en.wikipedia.org/wiki/The_Mule_(2018_film),tt7959026,Q54812267,tmdb
505638,Wackersdorf (film),https://en.wikipedia.org/wiki/Wackersdorf_(film),tt7271882,Q54834147,tmdb
505642,Black Panther: Wakanda Forever,https://en.wikipedia.org/wiki/Black_Panther:_Wakanda_Forever,tt9114286,Q54860489,tmdb
515001,Jojo Rabbit,https://en.wikipedia.org/wiki/Jojo_Rabbit,tt2584384,Q54862508,tmdb
513310,Boss Level,https://en.wikipedia.org/wiki/Boss_Level,tt7638348,Q54894945,tmdb
515195,Yesterday (2019 film),https://en.wikipedia.org/wiki/Yesterday_(2019_film),tt8079248,Q55076454,tmdb
507086,Jurassic World Dominion,https://en.wikipedia.org/wiki/Jurassic_World_Dominion,tt8041270,Q55178974,tmdb
506492,L Storm,https://en.wikipedia.org/wiki/L_Storm,tt8031554,Q55329346,tmdb
505262,My Hero Academia: Two Heroes,https://en.wikipedia.org/wiki/My_Hero_Academia:_Two_Heroes,tt7745068,Q55391732,tmdb
514999,Murder Mystery (film),https://en.wikipedia.org/wiki/Murder_Mystery_(film),tt1618434,Q55393679,tmdb
503346,Occupation (2018 film),https://en.wikipedia.org/wiki/Occupation_(2018_film),tt6774786,Q55400358,tmdb
503919,The Lighthouse (2019 film),https://en.wikipedia.org/wiki/The_Lighthouse_(2019_film),tt7984734,Q55402791,tmdb
501902,Just Friends (2018 film),https://en.wikipedia.org/wiki/Just_Friends_(2018_film),tt7901640,Q55410898,tmdb
505600,Booksmart,https://en.wikipedia.org/wiki/Booksmart,tt1489887,Q55605752,tmdb
506509,Comic Sans (film),https://en.wikipedia.org/wiki/Comic_Sans_(film),tt7640198,Q55608060,tmdb
506763,Detective Dee: The Four Heavenly Kings,https://en.wikipedia.org/wiki/Detective_Dee:_The_Four_Heavenly_Kings,tt6869538,Q55609415,tmdb
515192,High Jack (film),https://en.wikipedia.org/wiki/High_Jack_(film),tt8175968,Q55613710,tmdb
502416,Ma (2019 film),https://en.wikipedia.org/wiki/Ma_(2019_film),tt7958736,Q55621609,tmdb
506775,Nekrotronic,https://en.wikipedia.org/wiki/Nekrotronic,tt7453418,Q55624938,tmdb
515248,Someone Great (film),https://en.wikipedia.org/wiki/Someone_Great_(film),tt8075260,Q55633484,tmdb
513409,Earthquake Bird,https://en.wikipedia.org/wiki/Earthquake_Bird,tt8178486,Q55635187,tmdb
514207,Invasion (2020 film),https://en.wikipedia.org/wiki/Invasion_(2020_film),tt8060328,Q55655546,tmdb
504608,Rocketman (film),https://en.wikipedia.org/wiki/Rocketman_(film),tt2066051,Q55934795,tmdb
509967,6 Underground (film),https://en.wikipedia.org/wiki/6_Underground_(film),tt8106534,Q56084843,tmdb
514464,The Little Comrade (2018 film),https://en.wikipedia.org/wiki/The_Little_Comrade_(2018_film),tt6315438,Q56223523,tmdb
511987,Crawl (2019 film),https://en.wikipedia.org/wiki/Crawl_(2019_film),tt8364368,Q56241205,tmdb
505026,Death on the Nile (2022 film),https://en.wikipedia.org/wiki/Death_on_the_Nile_(2022_film),tt7657566,Q56816969,tmdb
501170,Doctor Sleep (2019 film),https://en.wikipedia.org/wiki/Doctor_Sleep_(2019_film),tt5606664,Q56881169,tmdb
515042,Free Solo,https://en.wikipedia.org/wiki/Free_Solo,tt7775622,Q58814632,tmdb
512195,Red Notice (film),https://en.wikipedia.org/wiki/Red_Notice_(film),tt7991608,Q58815001,tmdb
522938,Rambo: Last Blood,https://en.wikipedia.org/wiki/Rambo:_Last_Blood,tt1206885,Q54854465,tmdb
531509,Otherhood,https://en.wikipedia.org/wiki/Otherhood,tt4180560,Q54954781,tmdb
527641,Five Feet Apart,https://en.wikipedia.org/wiki/Five_Feet_Apart,tt6472976,Q55080312,tmdb
530544,Nina (1956 film),https://en.wikipedia.org/wiki/Nina_(1956_film),tt0047282,Q2373785,tmdb
525805,Follow Me (1989 film),https://en.wikipedia.org/wiki/Follow_Me_(1989_film),tt0122068,Q3075100,tmdb
534442,Senorita (film),https://en.wikipedia.org/wiki/Senorita_(film),tt0018381,Q7450905,tmdb
519219,Gnana Kuzhandhai,https://en.wikipedia.org/wiki/Gnana_Kuzhandhai,tt0263384,Q12925502,tmdb
529183,Collegiate (1936 film),https://en.wikipedia.org/wiki/Collegiate_(1936_film),tt0027457,Q20949841,tmdb
520176,Ishtakamya,https://en.wikipedia.org/wiki/Ishtakamya,tt5584426,Q21509613,tmdb
524434,Eternals (film),https://en.wikipedia.org/wiki/Eternals_(film),tt9032400,Q23894629,tmdb
530254,The Witch: Part 1. The Subversion,https://en.wikipedia.org/wiki/The_Witch:_Part_1._The_Subversion,tt8574252,Q55106098,tmdb
520360,King of Thieves (2018 film),https://en.wikipedia.org/wiki/King_of_Thieves_(2018_film),tt5789976,Q55195282,tmdb
529983,The Poison Rose,https://en.wikipedia.org/wiki/The_Poison_Rose,tt5862166,Q55393988,tmdb
529573,No Postage Necessary,https://en.wikipedia.org/wiki/No_Postage_Necessary,tt5988216,Q55403066,tmdb
526896,Morbius (film),https://en.wikipedia.org/wiki/Morbius_(film),tt5108870,Q55405369,tmdb
525554,The Bouncer (film),https://en.wikipedia.org/wiki/The_Bouncer_(film),tt7816392,Q55598377,tmdb
529203,The Croods: A New Age,https://en.wikipedia.org/wiki/The_Croods:_A_New_Age,tt2850386,Q24832743,tmdb
529286,Stolen Paradise (1951 film),https://en.wikipedia.org/wiki/Stolen_Paradise_(1951_film),tt0261148,Q25207096,tmdb
531045,Oka V Chitram,https://en.wikipedia.org/wiki/Oka_V_Chitram,tt8210882,Q28408017,tmdb
518181,HumanTown,https://en.wikipedia.org/wiki/HumanTown,tt5881414,Q29561277,tmdb
529483,Encounter (2018 film),https://en.wikipedia.org/wiki/Encounter_(2018_film),tt6613952,Q39078798,tmdb
522681,Escape Room (2019 film),https://en.wikipedia.org/wiki/Escape_Room_(2019_film),tt5886046,Q48672477,tmdb
527261,The Silence (2019 film),https://en.wikipedia.org/wiki/The_Silence_(2019_film),tt7315484,Q50418548,tmdb
525183,Paddleton,https://en.wikipedia.org/wiki/Paddleton,tt8041276,Q50649727,tmdb
522417,The Scorpion King: Book of Souls,https://en.wikipedia.org/wiki/The_Scorpion_King:_Book_of_Souls,tt7338690,Q50650300,tmdb
517814,Capernaum (film),https://en.wikipedia.org/wiki/Capernaum_(film),tt8267604,Q51803319,tmdb
522925,Dalíland,https://en.wikipedia.org/wiki/Dal%C3%ADland,tt8399658,Q52559148,tmdb
520679,Her Smell,https://en.wikipedia.org/wiki/Her_Smell,tt7942742,Q52715587,tmdb
520763,A Quiet Place Part II,https://en.wikipedia.org/wiki/A_Quiet_Place_Part_II,tt8332922,Q53911403,tmdb
522212,Just Mercy,https://en.wikipedia.org/wiki/Just_Mercy,tt4916630,Q56419916,tmdb
522162,Midway (2019 film),https://en.wikipedia.org/wiki/Midway_(2019_film),tt6924650,Q56551019,tmdb
527435,The Christmas Chronicles,https://en.wikipedia.org/wiki/The_Christmas_Chronicles,tt2990140,Q56615750,tmdb
525661,Bombshell (2019 film),https://en.wikipedia.org/wiki/Bombshell_(2019_film),tt6394270,Q58814589,tmdb
531309,Brightburn,https://en.wikipedia.org/wiki/Brightburn,tt7752126,Q59600666,tmdb
522627,The Gentlemen (2019 film),https://en.wikipedia.org/wiki/The_Gentlemen_(2019_film),tt8367814,Q60614686,tmdb
522402,Finch (film),https://en.wikipedia.org/wiki/Finch_(film),tt3420504,Q55605492,tmdb
523172,Late Night (film),https://en.wikipedia.org/wiki/Late_Night_(film),tt6107548,Q55616601,tmdb
521007,Superintelligence (film),https://en.wikipedia.org/wiki/Superintelligence_(film),tt7178640,Q55696425,tmdb
519465,Queen of Hearts (2019 film),https://en.wikipedia.org/wiki/Queen_of_Hearts_(2019_film),tt8378126,Q55766341,tmdb
530385,Midsommar,https://en.wikipedia.org/wiki/Midsommar,tt8772262,Q55907451,tmdb
521029,Annabelle Comes Home,https://en.wikipedia.org/wiki/Annabelle_Comes_Home,tt8350360,Q55973412,tmdb
533444,Waves (2019 film),https://en.wikipedia.org/wiki/Waves_(2019_film),tt8652728,Q56205334,tmdb
521777,Good Boys (film),https://en.wikipedia.org/wiki/Good_Boys_(film),tt6977338,Q56274437,tmdb
527776,Overcomer (film),https://en.wikipedia.org/wiki/Overcomer_(film),tt8186318,Q56290318,tmdb
523936,Meander (film),https://en.wikipedia.org/wiki/Meander_(film),tt5752192,Q106651130,tmdb
523607,Maestro (2023 film),https://en.wikipedia.org/wiki/Maestro_(2023_film),tt5535276,Q111907282,tmdb
521639,County Line (film),https://en.wikipedia.org/wiki/County_Line_(film),tt6243274,Q111940052,tmdb
519182,Despicable Me 4,https://en.wikipedia.org/wiki/Despicable_Me_4,tt7510222,Q113373276,tmdb
533642,Child's Play (2019 film),https://en.wikipedia.org/wiki/Child%27s_Play_(2019_film),tt8663516,Q56697304,tmdb
518497,Sir (2018 film),https://en.wikipedia.org/wiki/Sir_(2018_film),tt7142506,Q56859514,tmdb
517909,The Laundromat (2019 film),https://en.wikipedia.org/wiki/The_Laundromat_(2019_film),tt5865326,Q57273426,tmdb
535167,The Wandering Earth,https://en.wikipedia.org/wiki/The_Wandering_Earth,tt7605074,Q57966215,tmdb
528644,Bilby (film),https://en.wikipedia.org/wiki/Bilby_(film),tt8013970,Q60737884,tmdb
520758,Chicken Run: Dawn of the Nugget,https://en.wikipedia.org/wiki/Chicken_Run:_Dawn_of_the_Nugget,tt8337264,Q60836051,tmdb
532710,Firestarter (2022 film),https://en.wikipedia.org/wiki/Firestarter_(2022_film),tt1798632,Q61883109,tmdb
522478,Peter Rabbit 2: The Runaway,https://en.wikipedia.org/wiki/Peter_Rabbit_2:_The_Runaway,tt8376234,Q61951873,tmdb
522931,Hitman's Wife's Bodyguard,https://en.wikipedia.org/wiki/Hitman%27s_Wife%27s_Bodyguard,tt8385148,Q61951885,tmdb
529664,Immorality (film),https://en.wikipedia.org/wiki/Immorality_(film),tt0133252,Q113581493,tmdb
524377,Spitfire (2018 film),https://en.wikipedia.org/wiki/Spitfire_(2018_film),tt5913184,Q116610034,tmdb
524635,The Chronology of Water,https://en.wikipedia.org/wiki/The_Chronology_of_Water,tt8667404,Q116776314,tmdb
533533,Tron: Ares,https://en.wikipedia.org/wiki/Tron:_Ares,tt6604188,Q120237363,tmdb
518966,,,tt0765459,Q5905291,tmdb
527983,,,tt1705105,Q6051788,tmdb
525586,,,tt1198151,Q12848786,tmdb
520198,,,tt5251862,Q21780555,tmdb
521929,,,tt5145414,Q52777280,tmdb
532794,,,tt18568228,Q55105834,tmdb
532654,,,tt7638094,Q55631230,tmdb
518245,,,tt7420532,Q55766090,tmdb
533048,,,tt6340642,Q56448240,tmdb
529213,,,tt9057154,Q56692111,tmdb
524323,,,tt8513302,Q57260200,tmdb
518471,,,tt8089288,Q60537973,tmdb
518092,,,tt5805328,Q109451670,tmdb
534283,,,tt0306616,Q123527741,tmdb
529499,,,tt0272941,Q125316263,tmdb
525655,,,tt0303347,Q127694747,tmdb
529697,,,tt7391126,Q132047638,tmdb
527660,"Yes, God, Yes","https://en.wikipedia.org/wiki/Yes,_God,_Yes",tt8949056,Q62076008,tmdb
524369,The Many Saints of Newark,https://en.wikipedia.org/wiki/The_Many_Saints_of_Newark,tt8110232,Q62115813,tmdb
530915,1917 (2019 film),https://en.wikipedia.org/wiki/1917_(2019_film),tt8579674,Q62721520,tmdb
531428,Portrait of a Lady on Fire,https://en.wikipedia.org/wiki/Portrait_of_a_Lady_on_Fire,tt8613070,Q63246568,tmdb
524659,Crown Vic (film),https://en.wikipedia.org/wiki/Crown_Vic_(film),tt4558200,Q63437008,tmdb
531219,The Witches (2020 film),https://en.wikipedia.org/wiki/The_Witches_(2020_film),tt0805647,Q63630439,tmdb
534490,Avengement,https://en.wikipedia.org/wiki/Avengement,tt8836988,Q64007628,tmdb
527449,Mississippi Gambler (film),https://en.wikipedia.org/wiki/Mississippi_Gambler_(film),tt0035070,Q64211129,tmdb
524251,I See You (2019 film),https://en.wikipedia.org/wiki/I_See_You_(2019_film),tt6079516,Q65081437,tmdb
522016,The 355,https://en.wikipedia.org/wiki/The_355,tt8356942,Q65090801,tmdb
522098,Babyteeth (film),https://en.wikipedia.org/wiki/Babyteeth_(film),tt8399664,Q66712802,tmdb
527774,Raya and the Last Dragon,https://en.wikipedia.org/wiki/Raya_and_the_Last_Dragon,tt5109280,Q66738105,tmdb
530743,Instinct (2019 film),https://en.wikipedia.org/wiki/Instinct_(2019_film),tt8386898,Q67022467,tmdb
524047,Greenland (film),https://en.wikipedia.org/wiki/Greenland_(film),tt7737786,Q73897733,tmdb
526702,Black Beauty (2020 film),https://en.wikipedia.org/wiki/Black_Beauty_(2020_film),tt8484160,Q85747484,tmdb
526811,Simple Passion,https://en.wikipedia.org/wiki/Simple_Passion,tt10023172,Q86842943,tmdb
520318,Fatima (2020 film),https://en.wikipedia.org/wiki/Fatima_(2020_film),tt2197936,Q87134762,tmdb
517412,Tesla (2020 film),https://en.wikipedia.org/wiki/Tesla_(2020_film),tt5259822,Q88053410,tmdb
533535,Deadpool & Wolverine,https://en.wikipedia.org/wiki/Deadpool_%26_Wolverine,tt6263850,Q102180106,tmdb
528985,Assimilate,https://en.wikipedia.org/wiki/Assimilate,tt5238904,Q104840559,tmdb
532639,Pinocchio (2022 live-action film),https://en.wikipedia.org/wiki/Pinocchio_(2022_live-action_film),tt4593060,Q105482844,tmdb
551591,Hug! Pretty Cure Futari wa Pretty Cure: All Stars Memories,https://en.wikipedia.org/wiki/Hug!_Pretty_Cure_Futari_wa_Pretty_Cure:_All_Stars_Memories,tt9230958,Q55313412,tmdb
535581,The Dead Don't Die (2019 film),https://en.wikipedia.org/wiki/The_Dead_Don%27t_Die_(2019_film),tt8695030,Q55564530,tmdb
542130,Waikiki (1980 film),https://en.wikipedia.org/wiki/Waikiki_(1980_film),tt0081735,Q55637328,tmdb
537915,After (2019 film),https://en.wikipedia.org/wiki/After_(2019_film),tt4126476,Q55815471,tmdb
537061,Steven Universe: The Movie,https://en.wikipedia.org/wiki/Steven_Universe:_The_Movie,tt10515852,Q55861675,tmdb
539885,Ava (2020 film),https://en.wikipedia.org/wiki/Ava_(2020_film),tt8784956,Q57986045,tmdb
538715,Exit Plan (film),https://en.wikipedia.org/wiki/Exit_Plan_(film),tt8765580,Q58365592,tmdb
535292,21 Bridges,https://en.wikipedia.org/wiki/21_Bridges,tt8688634,Q58411015,tmdb
536869,Cats (2019 film),https://en.wikipedia.org/wiki/Cats_(2019_film),tt5697572,Q58701890,tmdb
539685,Rojo (film),https://en.wikipedia.org/wiki/Rojo_(film),tt8956390,Q55990533,tmdb
547017,Shirley (2020 film),https://en.wikipedia.org/wiki/Shirley_(2020_film),tt8430598,Q56274109,tmdb
536115,Godzilla: The Planet Eater,https://en.wikipedia.org/wiki/Godzilla:_The_Planet_Eater,tt8478602,Q56275759,tmdb
543693,Jabariya Jodi,https://en.wikipedia.org/wiki/Jabariya_Jodi,tt8785426,Q56277377,tmdb
546377,Grace (2018 film),https://en.wikipedia.org/wiki/Grace_(2018_film),tt6163142,Q56615149,tmdb
538528,Pulang (film),https://en.wikipedia.org/wiki/Pulang_(film),tt8595708,Q57240742,tmdb
550104,Yo-kai Watch: Forever Friends,https://en.wikipedia.org/wiki/Yo-kai_Watch:_Forever_Friends,tt9447676,Q57637441,tmdb
546554,Knives Out,https://en.wikipedia.org/wiki/Knives_Out,tt8946378,Q57982486,tmdb
553604,Honest Thief,https://en.wikipedia.org/wiki/Honest_Thief,tt1838556,Q59238943,tmdb
552524,Lilo & Stitch (2025 film),https://en.wikipedia.org/wiki/Lilo_%26_Stitch_(2025_film),tt11655566,Q59395971,tmdb
542178,The French Dispatch,https://en.wikipedia.org/wiki/The_French_Dispatch,tt8847712,Q59551547,tmdb
546347,Her Bodyguard,https://en.wikipedia.org/wiki/Her_Bodyguard,tt0024107,Q3822665,tmdb
540148,Romeo.Juliet,https://en.wikipedia.org/wiki/Romeo.Juliet,tt0100512,Q4793613,tmdb
548758,Betrayal (1929 film),https://en.wikipedia.org/wiki/Betrayal_(1929_film),tt0019687,Q4898190,tmdb
538421,Paid Holidays (film),https://en.wikipedia.org/wiki/Paid_Holidays_(film),tt0202051,Q16029037,tmdb
543955,Hawayein (film),https://en.wikipedia.org/wiki/Hawayein_(film),tt0378025,Q16248857,tmdb
539723,Kellafate,https://en.wikipedia.org/wiki/Kellafate,tt1800704,Q17064464,tmdb
552832,Stormy Weather (1935 film),https://en.wikipedia.org/wiki/Stormy_Weather_(1935_film),tt0028312,Q18924417,tmdb
553749,Shart (1986 film),https://en.wikipedia.org/wiki/Shart_(1986_film),tt0363993,Q20649927,tmdb
550506,Saint Judy,https://en.wikipedia.org/wiki/Saint_Judy,tt5431284,Q29906260,tmdb
537996,The Ballad of Buster Scruggs,https://en.wikipedia.org/wiki/The_Ballad_of_Buster_Scruggs,tt6412452,Q37342034,tmdb
550988,Free Guy,https://en.wikipedia.org/wiki/Free_Guy,tt6264654,Q38685497,tmdb
539181,Relic (2020 film),https://en.wikipedia.org/wiki/Relic_(2020_film),tt9072352,Q87519760,tmdb
548755,Percy (2020 film),https://en.wikipedia.org/wiki/Percy_(2020_film),tt8976696,Q97354145,tmdb
550738,Spycies,https://en.wikipedia.org/wiki/Spycies,tt8028842,Q98815367,tmdb
549509,The Brutalist,https://en.wikipedia.org/wiki/The_Brutalist,tt8999762,Q101112656,tmdb
553087,Oslo (film),https://en.wikipedia.org/wiki/Oslo_(film),tt11790674,Q102118154,tmdb
537946,Wetware (film),https://en.wikipedia.org/wiki/Wetware_(film),tt5613786,Q104875998,tmdb
548511,The Bloodhound (2020 film),https://en.wikipedia.org/wiki/The_Bloodhound_(2020_film),tt6920798,Q105693610,tmdb
556574,Hamilton (2020 film),https://en.wikipedia.org/wiki/Hamilton_(2020_film),tt8503618,Q84323848,tmdb
541671,Ballerina (2025 film),https://en.wikipedia.org/wiki/Ballerina_(2025_film),tt7181546,Q84713105,tmdb
537116,"Tick, Tick... Boom! (film)","https://en.wikipedia.org/wiki/Tick,_Tick..._Boom!_(film)",tt8721424,Q85323361,tmdb
539681,DC League of Super-Pets,https://en.wikipedia.org/wiki/DC_League_of_Super-Pets,tt8912936,Q106953528,tmdb
539972,Kraven the Hunter (film),https://en.wikipedia.org/wiki/Kraven_the_Hunter_(film),tt8790086,Q107390449,tmdb
536437,Hypnotic (2023 film),https://en.wikipedia.org/wiki/Hypnotic_(2023_film),tt8080204,Q108872432,tmdb
552688,The Mother (2023 film),https://en.wikipedia.org/wiki/The_Mother_(2023_film),tt6968614,Q108882357,tmdb
536554,M3GAN,https://en.wikipedia.org/wiki/M3GAN,tt8760708,Q110661062,tmdb
549935,Head Count (2018 film),https://en.wikipedia.org/wiki/Head_Count_(2018_film),tt7350614,Q130582170,tmdb
541927,,,tt0079558,Q10585661,tmdb
535836,,,tt0191762,Q23680530,tmdb
536205,,,,Q31174963,tmdb
544510,,,tt7201846,Q55596753,tmdb
545742,,,tt11744496,Q56346739,tmdb
536593,,,tt8571716,Q56398888,tmdb
547258,,,tt7998848,Q60848523,tmdb
545083,,,tt6712374,Q60855121,tmdb
535736,,,tt9435162,Q61366042,tmdb
549757,,,tt0263507,Q61511775,tmdb
539437,,,tt4183200,Q65129908,tmdb
547747,,,tt6844052,Q77737690,tmdb
549435,,,tt9015188,Q79433115,tmdb
544334,,,tt7388274,Q86662462,tmdb
547523,,,tt8881530,Q86734979,tmdb
540748,,,tt8793606,Q97307791,tmdb
549555,,,tt8507530,Q97662928,tmdb
543749,,,tt7471884,Q100706392,tmdb
545394,,,tt7460870,Q104897799,tmdb
542792,,,tt0087764,Q109026863,tmdb
554294,,,tt9058944,Q110532836,tmdb
539682,,,tt3239162,Q111627868,tmdb
551238,,,tt8318702,Q116974229,tmdb
537919,,,tt6773126,Q116980047,tmdb
542901,,,tt5604446,Q130394929,tmdb
554617,,,tt8709452,Q130465706,tmdb
548541,,,tt6400726,Q132860953,tmdb
549053,Last Christmas (film),https://en.wikipedia.org/wiki/Last_Christmas_(film),tt8623904,Q60370884,tmdb
552178,Dark Waters (2019 film),https://en.wikipedia.org/wiki/Dark_Waters_(2019_film),tt9071322,Q60617937,tmdb
536396,Blackbird (2019 film),https://en.wikipedia.org/wiki/Blackbird_(2019_film),tt8717446,Q60737526,tmdb
538102,The Announcement (film),https://en.wikipedia.org/wiki/The_Announcement_(film),tt8751804,Q61075874,tmdb
539504,Consequences (2018 film),https://en.wikipedia.org/wiki/Consequences_(2018_film),tt8795582,Q61358935,tmdb
550134,Attrition (film),https://en.wikipedia.org/wiki/Attrition_(film),tt5465970,Q61456381,tmdb
535404,Elsewhere (2019 film),https://en.wikipedia.org/wiki/Elsewhere_(2019_film),tt7364522,Q61738771,tmdb
548204,Danger One,https://en.wikipedia.org/wiki/Danger_One,tt6504538,Q61740798,tmdb
550205,Wish Dragon,https://en.wikipedia.org/wiki/Wish_Dragon,tt5562070,Q61740797,tmdb
540901,Hustlers (film),https://en.wikipedia.org/wiki/Hustlers_(film),tt5503686,Q61951916,tmdb
542224,Gretel & Hansel,https://en.wikipedia.org/wiki/Gretel_%26_Hansel,tt9086228,Q63994491,tmdb
547016,The Old Guard (2020 film),https://en.wikipedia.org/wiki/The_Old_Guard_(2020_film),tt7556122,Q65065595,tmdb
549294,Synchronic (film),https://en.wikipedia.org/wiki/Synchronic_(film),tt9016974,Q66828798,tmdb
551804,Freaky (film),https://en.wikipedia.org/wiki/Freaky_(film),tt10919380,Q73536996,tmdb
555604,Guillermo del Toro's Pinocchio,https://en.wikipedia.org/wiki/Guillermo_del_Toro%27s_Pinocchio,tt1488589,Q73895818,tmdb
544401,Cherry (2021 film),https://en.wikipedia.org/wiki/Cherry_(2021_film),tt9130508,Q73896894,tmdb
545611,Everything Everywhere All at Once,https://en.wikipedia.org/wiki/Everything_Everywhere_All_at_Once,tt6710474,Q83808444,tmdb
575094,Abigail (2019 film),https://en.wikipedia.org/wiki/Abigail_(2019_film),tt7025388,Q57927444,tmdb
567609,Ready or Not (2019 film),https://en.wikipedia.org/wiki/Ready_or_Not_(2019_film),tt7798634,Q58815115,tmdb
567965,Misbehaviour (film),https://en.wikipedia.org/wiki/Misbehaviour_(film),tt9148706,Q59214101,tmdb
568160,Weathering with You,https://en.wikipedia.org/wiki/Weathering_with_You,tt9426210,Q59692464,tmdb
563943,Curtiz (film),https://en.wikipedia.org/wiki/Curtiz_(film),tt6774588,Q59732943,tmdb
560992,Koenigsmark (1953 film),https://en.wikipedia.org/wiki/Koenigsmark_(1953_film),tt0044816,Q3201339,tmdb
561742,Zaza (1956 film),https://en.wikipedia.org/wiki/Zaza_(1956_film),tt0128854,Q3574962,tmdb
569846,Betrayal (1978 film),https://en.wikipedia.org/wiki/Betrayal_(1978_film),tt0077227,Q4898196,tmdb
562691,Thirumagan,https://en.wikipedia.org/wiki/Thirumagan,tt10327074,Q7785307,tmdb
562345,"Thank You, Natercia","https://en.wikipedia.org/wiki/Thank_You,_Natercia",tt0158774,Q16028694,tmdb
578022,June Moon (film),https://en.wikipedia.org/wiki/June_Moon_(film),tt0022015,Q19363655,tmdb
565097,Brave Pigeon,https://en.wikipedia.org/wiki/Brave_Pigeon,tt0180035,Q25217792,tmdb
573435,Bad Boys: Ride or Die,https://en.wikipedia.org/wiki/Bad_Boys:_Ride_or_Die,tt4919268,Q31271357,tmdb
569578,Ascharya Fuck It,https://en.wikipedia.org/wiki/Ascharya_Fuck_It,tt6531196,Q48671200,tmdb
564140,Cold Feet (2018 film),https://en.wikipedia.org/wiki/Cold_Feet_(2018_film),tt7883774,Q55773928,tmdb
567410,System Crasher,https://en.wikipedia.org/wiki/System_Crasher,tt8535968,Q56296349,tmdb
575769,4x4 (2019 film),https://en.wikipedia.org/wiki/4x4_(2019_film),tt8561690,Q61698274,tmdb
566236,Untouchable (2019 film),https://en.wikipedia.org/wiki/Untouchable_(2019_film),tt9358228,Q61705128,tmdb
559969,El Camino: A Breaking Bad Movie,https://en.wikipedia.org/wiki/El_Camino:_A_Breaking_Bad_Movie,tt9243946,Q61741521,tmdb
575264,Mission: Impossible – Dead Reckoning Part One,https://en.wikipedia.org/wiki/Mission:_Impossible_%E2%80%93_Dead_Reckoning_Part_One,tt9603212,Q61876370,tmdb
568091,Fractured (2019 film),https://en.wikipedia.org/wiki/Fractured_(2019_film),tt4332232,Q60040460,tmdb
565310,The Farewell (2019 film),https://en.wikipedia.org/wiki/The_Farewell_(2019_film),tt8637428,Q60611804,tmdb
565307,Clemency (film),https://en.wikipedia.org/wiki/Clemency_(film),tt5577494,Q60611826,tmdb
578189,Black and Blue (2019 film),https://en.wikipedia.org/wiki/Black_and_Blue_(2019_film),tt7390646,Q60738666,tmdb
571055,Down (Into the Dark),https://en.wikipedia.org/wiki/Down_(Into_the_Dark),tt9061402,Q60762271,tmdb
566565,Click & Collect,https://en.wikipedia.org/wiki/Click_%26_Collect,tt9217716,Q60765712,tmdb
560910,King Petar the First,https://en.wikipedia.org/wiki/King_Petar_the_First,tt8161166,Q61130768,tmdb
573650,Bangla (2019 film),https://en.wikipedia.org/wiki/Bangla_(2019_film),tt9639274,Q61642203,tmdb
575265,Mission: Impossible – The Final Reckoning,https://en.wikipedia.org/wiki/Mission:_Impossible_%E2%80%93_The_Final_Reckoning,tt9603208,Q61876374,tmdb
576069,Bait (2019 film),https://en.wikipedia.org/wiki/Bait_(2019_film),tt9652782,Q61889586,tmdb
559401,Sibyl (2019 film),https://en.wikipedia.org/wiki/Sibyl_(2019_film),tt9173264,Q63246632,tmdb
578701,Those Who Wish Me Dead,https://en.wikipedia.org/wiki/Those_Who_Wish_Me_Dead,tt3215824,Q63923744,tmdb
576845,Last Night in Soho,https://en.wikipedia.org/wiki/Last_Night_in_Soho,tt9639470,Q63969255,tmdb
572802,Aquaman and the Lost Kingdom,https://en.wikipedia.org/wiki/Aquaman_and_the_Lost_Kingdom,tt9663764,Q91226161,tmdb
569891,Lavender (2019 film),https://en.wikipedia.org/wiki/Lavender_(2019_film),tt9071140,Q96387066,tmdb
567748,The Guilty (2021 film),https://en.wikipedia.org/wiki/The_Guilty_(2021_film),tt9421570,Q101666960,tmdb
568124,Encanto,https://en.wikipedia.org/wiki/Encanto,tt2953050,Q103372692,tmdb
578847,Skyman (film),https://en.wikipedia.org/wiki/Skyman_(film),tt8740780,Q104844897,tmdb
571413,Bainne,https://en.wikipedia.org/wiki/Bainne,tt9344180,Q104876089,tmdb
566675,Remember Me (2019 film),https://en.wikipedia.org/wiki/Remember_Me_(2019_film),tt4999290,Q104876514,tmdb
560016,Monkey Man (film),https://en.wikipedia.org/wiki/Monkey_Man_(film),tt9214772,Q105952623,tmdb
566683,Olympia (2018 documentary film),https://en.wikipedia.org/wiki/Olympia_(2018_documentary_film),tt2713980,Q106578111,tmdb
565770,Blue Beetle (film),https://en.wikipedia.org/wiki/Blue_Beetle_(film),tt9362930,Q107808351,tmdb
562446,Stuntman (2018 film),https://en.wikipedia.org/wiki/Stuntman_(2018_film),tt6539830,Q107862796,tmdb
558915,The Color Purple (2023 film),https://en.wikipedia.org/wiki/The_Color_Purple_(2023_film),tt1200263,Q111270010,tmdb
560057,The Sea Beast (2022 film),https://en.wikipedia.org/wiki/The_Sea_Beast_(2022_film),tt9288046,Q111433290,tmdb
558449,Gladiator II,https://en.wikipedia.org/wiki/Gladiator_II,tt9218128,Q115789958,tmdb
568271,The Hyperions,https://en.wikipedia.org/wiki/The_Hyperions,tt7520568,Q116858191,tmdb
568802,Space Boy (1973 film),https://en.wikipedia.org/wiki/Space_Boy_(1973_film),tt0260385,Q117843185,tmdb
562600,Young Hearts (2020 film),https://en.wikipedia.org/wiki/Young_Hearts_(2020_film),tt9170758,Q118194440,tmdb
574475,Final Destination Bloodlines,https://en.wikipedia.org/wiki/Final_Destination_Bloodlines,tt9619824,Q118212751,tmdb
563714,Puppy Love (2020 film),https://en.wikipedia.org/wiki/Puppy_Love_(2020_film),tt6208828,Q120298449,tmdb
577922,Tenet,https://en.wikipedia.org/wiki/Tenet,tt6723592,Q63985561,tmdb
570670,The Invisible Man (2020 film),https://en.wikipedia.org/wiki/The_Invisible_Man_(2020_film),tt1051906,Q64004122,tmdb
568620,Snake Eyes (2021 film),https://en.wikipedia.org/wiki/Snake_Eyes_(2021_film),tt8404256,Q64027609,tmdb
574060,Gunpowder Milkshake,https://en.wikipedia.org/wiki/Gunpowder_Milkshake,tt8368408,Q65065068,tmdb
556678,Emma (2020 film),https://en.wikipedia.org/wiki/Emma_(2020_film),tt9214832,Q65091224,tmdb
559907,The Green Knight (film),https://en.wikipedia.org/wiki/The_Green_Knight_(film),tt9243804,Q65091255,tmdb
567189,Without Remorse (film),https://en.wikipedia.org/wiki/Without_Remorse_(film),tt0499097,Q65156762,tmdb
576720,Aurora (2019 film),https://en.wikipedia.org/wiki/Aurora_(2019_film),tt8553606,Q65229736,tmdb
571265,Digimon Adventure: Last Evolution Kizuna,https://en.wikipedia.org/wiki/Digimon_Adventure:_Last_Evolution_Kizuna,tt9507234,Q65230836,tmdb
566525,Shang-Chi and the Legend of the Ten Rings,https://en.wikipedia.org/wiki/Shang-Chi_and_the_Legend_of_the_Ten_Rings,tt9376612,Q65768589,tmdb
575563,The Audition (2019 film),https://en.wikipedia.org/wiki/The_Audition_(2019_film),tt8620154,Q66091230,tmdb
575559,The County,https://en.wikipedia.org/wiki/The_County,tt8390612,Q66587557,tmdb
556984,The Trial of the Chicago 7,https://en.wikipedia.org/wiki/The_Trial_of_the_Chicago_7,tt1070874,Q72397975,tmdb
561396,Shrimp (film),https://en.wikipedia.org/wiki/Shrimp_(film),tt8905580,Q73897465,tmdb
574093,Float (2019 film),https://en.wikipedia.org/wiki/Float_(2019_film),tt9536846,Q75507275,tmdb
569094,Spider-Man: Across the Spider-Verse,https://en.wikipedia.org/wiki/Spider-Man:_Across_the_Spider-Verse,tt9362722,Q76448600,tmdb
570358,Exile (2020 film),https://en.wikipedia.org/wiki/Exile_(2020_film),tt8955708,Q77717298,tmdb
579047,Reminiscence (2021 film),https://en.wikipedia.org/wiki/Reminiscence_(2021_film),tt3272066,Q81207836,tmdb
565379,Premature (2019 film),https://en.wikipedia.org/wiki/Premature_(2019_film),tt9133378,Q83962356,tmdb
570480,Trouble (2019 film),https://en.wikipedia.org/wiki/Trouble_(2019_film),tt6772524,Q89400860,tmdb
570780,,,tt0109929,Q3115001,tmdb
565081,,,tt0378375,Q3321343,tmdb
578029,,,tt0133389,Q11853691,tmdb
560884,,,tt0099145,Q16503076,tmdb
558988,,,tt0193940,Q16636134,tmdb
557354,,,tt0195513,Q30727008,tmdb
568465,,,tt0094204,Q30742555,tmdb
567620,,,tt0084394,Q31185307,tmdb
578721,,,tt8174318,Q55597021,tmdb
579755,,,tt0143104,Q59617122,tmdb
565377,,,tt6927492,Q60603536,tmdb
565388,,,tt5545880,Q63034578,tmdb
576681,,,tt0080721,Q63959172,tmdb
570190,,,tt9323966,Q97368159,tmdb
570186,,,tt9287492,Q101835422,tmdb
568629,,,tt0366817,Q104898552,tmdb
562258,,,tt9265300,Q108064954,tmdb
575923,,,tt9271164,Q109332622,tmdb
570701,,,tt9109620,Q122875738,tmdb
563733,,,,Q124650176,tmdb
561757,,,tt3717822,Q140611449,tmdb
597233,Only (film),https://en.wikipedia.org/wiki/Only_(film),tt3984356,Q62082686,tmdb
582014,Promising Young Woman,https://en.wikipedia.org/wiki/Promising_Young_Woman,tt9620292,Q62595383,tmdb
590223,Love and Monsters (film),https://en.wikipedia.org/wiki/Love_and_Monsters_(film),tt2222042,Q62761126,tmdb
581528,"The Gangster, the Cop, the Devil","https://en.wikipedia.org/wiki/The_Gangster,_the_Cop,_the_Devil",tt10208198,Q63198576,tmdb
586863,Les Misérables (2019 film),https://en.wikipedia.org/wiki/Les_Mis%C3%A9rables_(2019_film),tt10199590,Q63246549,tmdb
592834,My Spy,https://en.wikipedia.org/wiki/My_Spy,tt8242084,Q58814579,tmdb
579974,RRR,https://en.wikipedia.org/wiki/RRR,tt8178634,Q60424165,tmdb
580489,Venom: Let There Be Carnage,https://en.wikipedia.org/wiki/Venom:_Let_There_Be_Carnage,tt7097896,Q60498064,tmdb
582570,Sextuplets (film),https://en.wikipedia.org/wiki/Sextuplets_(film),tt8976710,Q60737630,tmdb
581734,Nomadland,https://en.wikipedia.org/wiki/Nomadland,tt9770150,Q61740820,tmdb
601493,The Climbers (2019 film),https://en.wikipedia.org/wiki/The_Climbers_(2019_film),tt9635616,Q61882061,tmdb
600468,Shanghaied Love,https://en.wikipedia.org/wiki/Shanghaied_Love,tt0022369,Q3821480,tmdb
609261,Falsettos,https://en.wikipedia.org/wiki/Falsettos,tt7140738,Q5432757,tmdb
604182,Sagina (film),https://en.wikipedia.org/wiki/Sagina_(film),tt0072109,Q7399247,tmdb
605741,Rahi (film),https://en.wikipedia.org/wiki/Rahi_(film),tt0152133,Q10970719,tmdb
586101,Music (2021 film),https://en.wikipedia.org/wiki/Music_(2021_film),tt7541720,Q21010876,tmdb
595779,Contest (1932 film),https://en.wikipedia.org/wiki/Contest_(1932_film),tt0023085,Q21869254,tmdb
588577,Gabriela (1942 film),https://en.wikipedia.org/wiki/Gabriela_(1942_film),tt0150677,Q39073394,tmdb
600751,Room for Rent (2019 film),https://en.wikipedia.org/wiki/Room_for_Rent_(2019_film),tt6747818,Q40840414,tmdb
603519,Beats (2019 American film),https://en.wikipedia.org/wiki/Beats_(2019_American_film),tt8530978,Q55605100,tmdb
586461,Swallow (2019 film),https://en.wikipedia.org/wiki/Swallow_(2019_film),tt8372298,Q55634470,tmdb
594039,Irca's Romance,https://en.wikipedia.org/wiki/Irca%27s_Romance,tt0151075,Q58411741,tmdb
606856,Togo (film),https://en.wikipedia.org/wiki/Togo_(film),tt5116302,Q58814567,tmdb
599377,Lux Æterna (film),https://en.wikipedia.org/wiki/Lux_%C3%86terna_(film),tt10272534,Q63735869,tmdb
582759,Mr. Local,https://en.wikipedia.org/wiki/Mr._Local,tt9053416,Q63870705,tmdb
585216,Escape Room: Tournament of Champions,https://en.wikipedia.org/wiki/Escape_Room:_Tournament_of_Champions,tt9844522,Q64027971,tmdb
602223,The Forever Purge,https://en.wikipedia.org/wiki/The_Forever_Purge,tt10327252,Q64067279,tmdb
581726,Infinite (film),https://en.wikipedia.org/wiki/Infinite_(film),tt6654210,Q64067920,tmdb
592831,Megalopolis (film),https://en.wikipedia.org/wiki/Megalopolis_(film),tt10128846,Q115175910,tmdb
592435,Watson (film),https://en.wikipedia.org/wiki/Watson_(film),tt10011252,Q119625126,tmdb
604685,Den of Thieves 2: Pantera,https://en.wikipedia.org/wiki/Den_of_Thieves_2:_Pantera,tt8008948,Q121085761,tmdb
604079,The Long Walk (2025 film),https://en.wikipedia.org/wiki/The_Long_Walk_(2025_film),tt10374610,Q126511469,tmdb
581117,,,tt2993384,Q17274323,tmdb
608950,,,tt0143826,Q28064444,tmdb
582494,,,tt8706988,Q62032688,tmdb
608613,,,tt8585418,Q64822038,tmdb
608398,,,tt8383538,Q84146436,tmdb
582763,,,tt9471842,Q85313827,tmdb
583274,,,tt8291312,Q86680355,tmdb
609019,,,tt2049484,Q88385715,tmdb
606227,,,tt8631326,Q106335509,tmdb
610203,,,tt8241138,Q107299910,tmdb
593351,,,tt0113697,Q108774370,tmdb
580187,,,tt10213538,Q116051325,tmdb
606278,,,tt9787524,Q130243329,tmdb
585381,,,tt6473982,Q130647764,tmdb
604782,,,tt8786654,Q132797762,tmdb
583984,,,tt9821834,Q132853338,tmdb
605478,Kroos (film),https://en.wikipedia.org/wiki/Kroos_(film),tt10375886,Q64338500,tmdb
602734,Spiral (2021 film),https://en.wikipedia.org/wiki/Spiral_(2021_film),tt10342730,Q64590532,tmdb
585253,Mr. & Ms. Rowdy,https://en.wikipedia.org/wiki/Mr._%26_Ms._Rowdy,tt8956398,Q64768292,tmdb
606679,The High Note,https://en.wikipedia.org/wiki/The_High_Note,tt9308382,Q64990050,tmdb
581392,Peninsula (film),https://en.wikipedia.org/wiki/Peninsula_(film),tt8850222,Q65061643,tmdb
592798,Perdrix (film),https://en.wikipedia.org/wiki/Perdrix_(film),tt10228204,Q65066173,tmdb
600354,The Father (2020 film),https://en.wikipedia.org/wiki/The_Father_(2020_film),tt10272386,Q65066669,tmdb
587792,Palm Springs (2020 film),https://en.wikipedia.org/wiki/Palm_Springs_(2020_film),tt9484998,Q65084655,tmdb
607447,My Great Grandfather,https://en.wikipedia.org/wiki/My_Great_Grandfather,tt9351220,Q65087917,tmdb
580944,Treehouse (Into the Dark),https://en.wikipedia.org/wiki/Treehouse_(Into_the_Dark),tt9075656,Q65091427,tmdb
581644,The Misfits (2021 film),https://en.wikipedia.org/wiki/The_Misfits_(2021_film),tt4876134,Q65121393,tmdb
600335,Kardec (film),https://en.wikipedia.org/wiki/Kardec_(film),tt9213932,Q65166905,tmdb
587807,Tom and Jerry (2021 American film),https://en.wikipedia.org/wiki/Tom_and_Jerry_(2021_American_film),tt1361336,Q65921361,tmdb
585245,Clifford the Big Red Dog (film),https://en.wikipedia.org/wiki/Clifford_the_Big_Red_Dog_(film),tt2397461,Q65931068,tmdb
585083,Hotel Transylvania: Transformania,https://en.wikipedia.org/wiki/Hotel_Transylvania:_Transformania,tt9848626,Q65973230,tmdb
585244,I Still Believe (film),https://en.wikipedia.org/wiki/I_Still_Believe_(film),tt9779516,Q66828805,tmdb
588228,The Tomorrow War,https://en.wikipedia.org/wiki/The_Tomorrow_War,tt9777666,Q67171072,tmdb
610253,Halloween Kills,https://en.wikipedia.org/wiki/Halloween_Kills,tt10665338,Q67279679,tmdb
580175,Another Round,https://en.wikipedia.org/wiki/Another_Round,tt10288566,Q69303989,tmdb
602269,The Little Things (2021 film),https://en.wikipedia.org/wiki/The_Little_Things_(2021_film),tt10016180,Q70373108,tmdb
586460,Stray Dolls,https://en.wikipedia.org/wiki/Stray_Dolls,tt6690836,Q73535988,tmdb
581387,Ashfall (film),https://en.wikipedia.org/wiki/Ashfall_(film),tt11285908,Q73993691,tmdb
603692,John Wick: Chapter 4,https://en.wikipedia.org/wiki/John_Wick:_Chapter_4,tt10366206,Q80322358,tmdb
597208,Nightmare Alley (2021 film),https://en.wikipedia.org/wiki/Nightmare_Alley_(2021_film),tt7740496,Q82430214,tmdb
583337,Artik (film),https://en.wikipedia.org/wiki/Artik_(film),tt7246106,Q83381923,tmdb
596247,Jailbreak Pact,https://en.wikipedia.org/wiki/Jailbreak_Pact,tt5538670,Q83811588,tmdb
598331,Rumble (2021 film),https://en.wikipedia.org/wiki/Rumble_(2021_film),tt8337158,Q83952024,tmdb
593910,Cinderella (2021 American film),https://en.wikipedia.org/wiki/Cinderella_(2021_American_film),tt10155932,Q83973483,tmdb
582922,Back Home (2019 film),https://en.wikipedia.org/wiki/Back_Home_(2019_film),tt9411900,Q84427462,tmdb
594767,Shazam! Fury of the Gods,https://en.wikipedia.org/wiki/Shazam!_Fury_of_the_Gods,tt10151854,Q84712809,tmdb
608826,Saekano the Movie: Finale,https://en.wikipedia.org/wiki/Saekano_the_Movie:_Finale,tt11203468,Q85799121,tmdb
607426,Tempting Fate (2019 film),https://en.wikipedia.org/wiki/Tempting_Fate_(2019_film),tt8700938,Q89017380,tmdb
609681,The Marvels,https://en.wikipedia.org/wiki/The_Marvels,tt10676048,Q89474225,tmdb
594691,Lovers (2020 film),https://en.wikipedia.org/wiki/Lovers_(2020_film),tt9800670,Q96387642,tmdb
580632,Snatchers,https://en.wikipedia.org/wiki/Snatchers,tt10009030,Q96405876,tmdb
601099,Verotika,https://en.wikipedia.org/wiki/Verotika,tt9425078,Q96413840,tmdb
607383,Aquaslash,https://en.wikipedia.org/wiki/Aquaslash,tt7286836,Q97163482,tmdb
585511,Luck (2022 film),https://en.wikipedia.org/wiki/Luck_(2022_film),tt7214954,Q97359775,tmdb
606154,The Tunnel (2019 film),https://en.wikipedia.org/wiki/The_Tunnel_(2019_film),tt9049042,Q97545058,tmdb
606625,No Escape (2020 film),https://en.wikipedia.org/wiki/No_Escape_(2020_film),tt8160834,Q97999585,tmdb
586695,Baby Done,https://en.wikipedia.org/wiki/Baby_Done,tt9894660,Q100703600,tmdb
602063,Rurouni Kenshin: The Final,https://en.wikipedia.org/wiki/Rurouni_Kenshin:_The_Final,tt11809034,Q103820244,tmdb
605722,Long Distance (2024 film),https://en.wikipedia.org/wiki/Long_Distance_(2024_film),tt9883398,Q104861381,tmdb
593655,Castle Freak (2020 film),https://en.wikipedia.org/wiki/Castle_Freak_(2020_film),tt10701458,Q104878731,tmdb
592695,Pleasure (2021 film),https://en.wikipedia.org/wiki/Pleasure_(2021_film),tt8550054,Q105043940,tmdb
607365,Kandisha (2020 film),https://en.wikipedia.org/wiki/Kandisha_(2020_film),tt11058930,Q105081798,tmdb
605886,To Catch a Killer (2023 film),https://en.wikipedia.org/wiki/To_Catch_a_Killer_(2023_film),tt10275534,Q105123073,tmdb
587996,Below Zero (2021 film),https://en.wikipedia.org/wiki/Below_Zero_(2021_film),tt9845564,Q105165329,tmdb
610150,Dragon Ball Super: Super Hero,https://en.wikipedia.org/wiki/Dragon_Ball_Super:_Super_Hero,tt14614892,Q107656066,tmdb
593643,The Menu (2022 film),https://en.wikipedia.org/wiki/The_Menu_(2022_film),tt9764362,Q108444804,tmdb
609972,Paranormal Activity: Next of Kin,https://en.wikipedia.org/wiki/Paranormal_Activity:_Next_of_Kin,tt10515988,Q108619707,tmdb
601796,Alienoid,https://en.wikipedia.org/wiki/Alienoid,tt20168564,Q111589656,tmdb
592983,Spellbound (2024 film),https://en.wikipedia.org/wiki/Spellbound_(2024_film),tt7215232,Q112683565,tmdb
617502,Jolt (film),https://en.wikipedia.org/wiki/Jolt_(film),tt10228134,Q68831957,tmdb
634649,,,tt10872600,Q113471777,tmdb
614726,Exile (2012 film),https://en.wikipedia.org/wiki/Exile_(2012_film),tt2472712,Q65388323,tmdb
616037,Thor: Love and Thunder,https://en.wikipedia.org/wiki/Thor:_Love_and_Thunder,tt10648342,Q65768604,tmdb
615453,Ne Zha (2019 film),https://en.wikipedia.org/wiki/Ne_Zha_(2019_film),tt10627720,Q65972529,tmdb
613504,After We Collided,https://en.wikipedia.org/wiki/After_We_Collided,tt10362466,Q66498260,tmdb
624405,Brotherhood (2019 film),https://en.wikipedia.org/wiki/Brotherhood_(2019_film),tt7220118,Q66828790,tmdb
620249,The Legend of Hei,https://en.wikipedia.org/wiki/The_Legend_of_Hei,tt10734928,Q67124023,tmdb
619264,The Platform (film),https://en.wikipedia.org/wiki/The_Platform_(film),tt8228288,Q67628998,tmdb
630586,Wrong Turn (2021 film),https://en.wikipedia.org/wiki/Wrong_Turn_(2021_film),tt9110170,Q67718320,tmdb
619778,Malignant (2021 film),https://en.wikipedia.org/wiki/Malignant_(2021_film),tt3811906,Q68549841,tmdb
610445,Mosley (film),https://en.wikipedia.org/wiki/Mosley_(film),tt5815016,Q70627857,tmdb
614488,Street Flow,https://en.wikipedia.org/wiki/Street_Flow,tt10958282,Q71285080,tmdb
614911,The Midnight Sky,https://en.wikipedia.org/wiki/The_Midnight_Sky,tt10539608,Q71767482,tmdb
618228,Moffie (film),https://en.wikipedia.org/wiki/Moffie_(film),tt10699362,Q72697912,tmdb
621746,Zana (film),https://en.wikipedia.org/wiki/Zana_(film),tt6463320,Q72797546,tmdb
614560,Mank,https://en.wikipedia.org/wiki/Mank,tt10618286,Q73093591,tmdb
628860,Shaheed (1948 film),https://en.wikipedia.org/wiki/Shaheed_(1948_film),tt0141819,Q1549110,tmdb
613927,Headlines (1925 film),https://en.wikipedia.org/wiki/Headlines_(1925_film),tt0015901,Q3783893,tmdb
635056,Wine (1924 film),https://en.wikipedia.org/wiki/Wine_(1924_film),tt0015499,Q4020376,tmdb
618323,Neeyat (1980 film),https://en.wikipedia.org/wiki/Neeyat_(1980_film),tt0368068,Q13564886,tmdb
629648,Kalachakram,https://en.wikipedia.org/wiki/Kalachakram,tt0277060,Q14915725,tmdb
620725,Jexi,https://en.wikipedia.org/wiki/Jexi,tt9354944,Q60738303,tmdb
625450,Tall Girl,https://en.wikipedia.org/wiki/Tall_Girl,tt9252508,Q61450800,tmdb
615665,Holidate,https://en.wikipedia.org/wiki/Holidate,tt9866072,Q63864219,tmdb
614479,Insidious: The Red Door,https://en.wikipedia.org/wiki/Insidious:_The_Red_Door,tt13405778,Q113467000,tmdb
614933,Atlas (2024 film),https://en.wikipedia.org/wiki/Atlas_(2024_film),tt14856980,Q115474889,tmdb
628847,Trap House (film),https://en.wikipedia.org/wiki/Trap_House_(film),tt10799690,Q125388230,tmdb
625976,It Feels So Good (film),https://en.wikipedia.org/wiki/It_Feels_So_Good_(film),tt10747038,Q133875356,tmdb
626613,,,tt0109941,Q4093676,tmdb
619432,,,tt1298761,Q11695099,tmdb
629515,,,tt0414928,Q29581181,tmdb
621341,,,tt0076434,Q44868198,tmdb
628443,,,tt1767311,Q51289803,tmdb
617249,,,tt7823906,Q65162835,tmdb
616558,,,tt8435308,Q65665699,tmdb
612048,,,tt0289083,Q79650049,tmdb
613339,,,tt11281142,Q86678552,tmdb
634836,,,tt10685796,Q97235180,tmdb
612895,,,tt10516774,Q105546453,tmdb
634639,,,tt10648656,Q111653010,tmdb
621749,,,tt10651850,Q111678265,tmdb
625913,,,tt0112814,Q114276751,tmdb
630913,,,tt10768328,Q123681005,tmdb
623491,The Babysitter: Killer Queen,https://en.wikipedia.org/wiki/The_Babysitter:_Killer_Queen,tt11024272,Q73536690,tmdb
619979,Deep Water (2022 film),https://en.wikipedia.org/wiki/Deep_Water_(2022_film),tt2180339,Q73537513,tmdb
628900,The Contractor (2022 film),https://en.wikipedia.org/wiki/The_Contractor_(2022_film),tt10323676,Q73549328,tmdb
630566,Clouds (2020 film),https://en.wikipedia.org/wiki/Clouds_(2020_film),tt6473066,Q73549338,tmdb
628707,Trick (2019 film),https://en.wikipedia.org/wiki/Trick_(2019_film),tt9177040,Q73549357,tmdb
616651,Stillwater (film),https://en.wikipedia.org/wiki/Stillwater_(film),tt10696896,Q74586939,tmdb
619441,Bye (film),https://en.wikipedia.org/wiki/Bye_(film),tt9786512,Q75154709,tmdb
624789,Naked Singularity (film),https://en.wikipedia.org/wiki/Naked_Singularity_(film),tt9598214,Q76656215,tmdb
624860,The Matrix Resurrections,https://en.wikipedia.org/wiki/The_Matrix_Resurrections,tt10838180,Q80322391,tmdb
629994,L'Autre (2020 film),https://en.wikipedia.org/wiki/L%27Autre_(2020_film),tt10098442,Q81168681,tmdb
619297,Sweet Girl (film),https://en.wikipedia.org/wiki/Sweet_Girl_(film),tt10731768,Q83957187,tmdb
615457,Nobody (2021 film),https://en.wikipedia.org/wiki/Nobody_(2021_film),tt7888964,Q83965418,tmdb
614917,King Richard (film),https://en.wikipedia.org/wiki/King_Richard_(film),tt9620288,Q84203429,tmdb
614934,Elvis (2022 film),https://en.wikipedia.org/wiki/Elvis_(2022_film),tt3704428,Q84362533,tmdb
617653,The Last Duel (2021 film),https://en.wikipedia.org/wiki/The_Last_Duel_(2021_film),tt4244994,Q85000980,tmdb
614696,Alive (2020 film),https://en.wikipedia.org/wiki/Alive_(2020_film),tt10620868,Q85740993,tmdb
625568,Unhinged (2020 film),https://en.wikipedia.org/wiki/Unhinged_(2020_film),tt10059518,Q85811980,tmdb
616820,Halloween Ends,https://en.wikipedia.org/wiki/Halloween_Ends,tt10665342,Q85997053,tmdb
632357,The Unholy (2021 film),https://en.wikipedia.org/wiki/The_Unholy_(2021_film),tt9419056,Q86751110,tmdb
634524,Badland (2019 film),https://en.wikipedia.org/wiki/Badland_(2019_film),tt10253466,Q96372965,tmdb
624794,Posham Pa,https://en.wikipedia.org/wiki/Posham_Pa,tt10645878,Q96399844,tmdb
629542,The Bad Guys (film),https://en.wikipedia.org/wiki/The_Bad_Guys_(film),tt8115900,Q97288428,tmdb
616331,Adolescents (film),https://en.wikipedia.org/wiki/Adolescents_(film),tt10785618,Q98908707,tmdb
624484,The Predators (film),https://en.wikipedia.org/wiki/The_Predators_(film),tt10948820,Q99690071,tmdb
611605,1BR,https://en.wikipedia.org/wiki/1BR,tt7541106,Q99973585,tmdb
619730,Don't Worry Darling,https://en.wikipedia.org/wiki/Don%27t_Worry_Darling,tt10731256,Q100801718,tmdb
634528,The Marksman (2021 film),https://en.wikipedia.org/wiki/The_Marksman_(2021_film),tt6902332,Q103854727,tmdb
626735,Dog (2022 film),https://en.wikipedia.org/wiki/Dog_(2022_film),tt11252248,Q104843787,tmdb
627915,The Score (2021 film),https://en.wikipedia.org/wiki/The_Score_(2021_film),tt10405022,Q104861681,tmdb
617126,The Fantastic Four: First Steps,https://en.wikipedia.org/wiki/The_Fantastic_Four:_First_Steps,tt10676052,Q105105219,tmdb
630004,The Vault (2021 film),https://en.wikipedia.org/wiki/The_Vault_(2021_film),tt9742794,Q105112819,tmdb
630240,Titane,https://en.wikipedia.org/wiki/Titane,tt10944760,Q105393862,tmdb
619918,Ella Bella Bingo (film),https://en.wikipedia.org/wiki/Ella_Bella_Bingo_(film),tt9537888,Q106959150,tmdb
618746,Tragic Jungle,https://en.wikipedia.org/wiki/Tragic_Jungle,tt12792598,Q107095586,tmdb
620705,Crater (film),https://en.wikipedia.org/wiki/Crater_(film),tt5264838,Q107324772,tmdb
632727,Texas Chainsaw Massacre (2022 film),https://en.wikipedia.org/wiki/Texas_Chainsaw_Massacre_(2022_film),tt11755740,Q108145849,tmdb
616446,Brothers (2024 film),https://en.wikipedia.org/wiki/Brothers_(2024_film),tt9860566,Q108266237,tmdb
616747,Haunted Mansion (2023 film),https://en.wikipedia.org/wiki/Haunted_Mansion_(2023_film),tt1695843,Q108940282,tmdb
619803,The Roundup (2022 film),https://en.wikipedia.org/wiki/The_Roundup_(2022_film),tt15838850,Q109355923,tmdb
634336,Uncanny Annie,https://en.wikipedia.org/wiki/Uncanny_Annie,tt10925782,Q109561750,tmdb
614930,Teenage Mutant Ninja Turtles: Mutant Mayhem,https://en.wikipedia.org/wiki/Teenage_Mutant_Ninja_Turtles:_Mutant_Mayhem,tt8589698,Q110271518,tmdb
615656,Meg 2: The Trench,https://en.wikipedia.org/wiki/Meg_2:_The_Trench,tt9224104,Q110842446,tmdb
630720,Dark Glasses,https://en.wikipedia.org/wiki/Dark_Glasses,tt10935560,Q110874990,tmdb
615173,The Witch: Part 2. The Other One,https://en.wikipedia.org/wiki/The_Witch:_Part_2._The_Other_One,tt13721828,Q111364645,tmdb
634492,Madame Web (film),https://en.wikipedia.org/wiki/Madame_Web_(film),tt11057302,Q111677117,tmdb
631842,Knock at the Cabin,https://en.wikipedia.org/wiki/Knock_at_the_Cabin,tt8272064,Q111684978,tmdb
628922,Asphalt City,https://en.wikipedia.org/wiki/Asphalt_City,tt9663896,Q112057421,tmdb
657955,Happi (film),https://en.wikipedia.org/wiki/Happi_(film),tt1285301,Q5652236,tmdb
653708,Herself (film),https://en.wikipedia.org/wiki/Herself_(film),tt9902160,Q64055218,tmdb
653615,Amulet (film),https://en.wikipedia.org/wiki/Amulet_(film),tt8332802,Q65041276,tmdb
658428,Ladies of Steel,https://en.wikipedia.org/wiki/Ladies_of_Steel,tt11132342,Q65245405,tmdb
646593,Wander (film),https://en.wikipedia.org/wiki/Wander_(film),tt9689696,Q73544204,tmdb
645710,The Voyeurs,https://en.wikipedia.org/wiki/The_Voyeurs,tt11235772,Q73792015,tmdb
637920,Miracle in Cell No. 7 (2019 Turkish film),https://en.wikipedia.org/wiki/Miracle_in_Cell_No._7_(2019_Turkish_film),tt10431500,Q73804850,tmdb
644575,Arracht,https://en.wikipedia.org/wiki/Arracht,tt9620986,Q88271441,tmdb
646385,Scream (2022 film),https://en.wikipedia.org/wiki/Scream_(2022_film),tt11245972,Q88563268,tmdb
645788,The Protégé,https://en.wikipedia.org/wiki/The_Prot%C3%A9g%C3%A9,tt6079772,Q94578366,tmdb
646097,Rebel Ridge,https://en.wikipedia.org/wiki/Rebel_Ridge,tt11301886,Q96334877,tmdb
646453,Ana (2020 film),https://en.wikipedia.org/wiki/Ana_(2020_film),tt6865630,Q96372014,tmdb
653598,Spree (film),https://en.wikipedia.org/wiki/Spree_(film),tt11394332,Q84010760,tmdb
639798,32 Malasana Street,https://en.wikipedia.org/wiki/32_Malasana_Street,tt10952782,Q84235460,tmdb
653643,Scare Me,https://en.wikipedia.org/wiki/Scare_Me,tt10126434,Q85321491,tmdb
635731,Pig (2021 film),https://en.wikipedia.org/wiki/Pig_(2021_film),tt11003218,Q86675328,tmdb
639933,The Northman,https://en.wikipedia.org/wiki/The_Northman,tt11138512,Q87126244,tmdb
648579,The Unbearable Weight of Massive Talent,https://en.wikipedia.org/wiki/The_Unbearable_Weight_of_Massive_Talent,tt11291274,Q87220566,tmdb
637649,Wrath of Man,https://en.wikipedia.org/wiki/Wrath_of_Man,tt11083552,Q74190990,tmdb
660000,Lost Illusions (2021 film),https://en.wikipedia.org/wiki/Lost_Illusions_(2021_film),tt10505316,Q77452795,tmdb
652784,Joshua: Imai Pol Kaakha,https://en.wikipedia.org/wiki/Joshua:_Imai_Pol_Kaakha,tt11216522,Q77905964,tmdb
652483,Airplane Mode (2020 film),https://en.wikipedia.org/wiki/Airplane_Mode_(2020_film),tt10731748,Q78890887,tmdb
638507,How to Train Your Dragon: Homecoming,https://en.wikipedia.org/wiki/How_to_Train_Your_Dragon:_Homecoming,tt11112140,Q80204855,tmdb
653601,Horse Girl,https://en.wikipedia.org/wiki/Horse_Girl,tt11388406,Q83437242,tmdb
644583,The Mauritanian,https://en.wikipedia.org/wiki/The_Mauritanian,tt4761112,Q83726435,tmdb
635302,Demon Slayer: Kimetsu no Yaiba – The Movie: Mugen Train,https://en.wikipedia.org/wiki/Demon_Slayer:_Kimetsu_no_Yaiba_%E2%80%93_The_Movie:_Mugen_Train,tt11032374,Q96376192,tmdb
638965,Mandibles (film),https://en.wikipedia.org/wiki/Mandibles_(film),tt10375106,Q97837011,tmdb
654902,You Came Back,https://en.wikipedia.org/wiki/You_Came_Back,tt9421456,Q97925354,tmdb
642208,Supernova (2020 film),https://en.wikipedia.org/wiki/Supernova_(2020_film),tt11169050,Q98139723,tmdb
654754,Billie Eilish: The World's a Little Blurry,https://en.wikipedia.org/wiki/Billie_Eilish:_The_World%27s_a_Little_Blurry,tt11459366,Q99695342,tmdb
639721,The Addams Family 2,https://en.wikipedia.org/wiki/The_Addams_Family_2,tt11125620,Q100292318,tmdb
658334,,,tt0033116,Q5394454,tmdb
654937,,,tt0376839,Q7261412,tmdb
659882,,,tt0040449,Q11863627,tmdb
658935,,,tt0048246,Q11870561,tmdb
658274,,,tt0133908,Q11873651,tmdb
658939,,,tt0135036,Q11901370,tmdb
658577,,,tt0038029,Q14956659,tmdb
659011,,,tt0134170,Q17384580,tmdb
647741,,,tt10361450,Q19729189,tmdb
641631,,,tt0003002,Q20494050,tmdb
657756,,,tt0091747,Q26483609,tmdb
643236,,,tt10537978,Q55599312,tmdb
649614,,,tt0264671,Q61083572,tmdb
657597,,,tt8757586,Q68091110,tmdb
655297,,,tt7397176,Q73482864,tmdb
656483,,,tt10107222,Q84844242,tmdb
642586,,,tt12072206,Q85873533,tmdb
656279,,,tt7900106,Q87206125,tmdb
659943,,,tt11060092,Q97165685,tmdb
639247,,,tt10553210,Q98227416,tmdb
647745,,,tt10965792,Q98416496,tmdb
652754,,,tt1286785,Q105094936,tmdb
639032,,,tt1221924,Q107293405,tmdb
637675,,,tt9051942,Q110164347,tmdb
657198,,,tt14590650,Q111264510,tmdb
640815,,,tt10934208,Q111709505,tmdb
647121,,,tt19815094,Q118212661,tmdb
643747,,,tt10665734,Q118215311,tmdb
653863,,,tt6069908,Q127600403,tmdb
642751,,,tt11102354,Q127784560,tmdb
648168,,,tt12158538,Q136001877,tmdb
645708,,,tt14697030,Q140502145,tmdb
646380,Don't Look Up,https://en.wikipedia.org/wiki/Don%27t_Look_Up,tt11286314,Q100361490,tmdb
654974,Home Sweet Home Alone,https://en.wikipedia.org/wiki/Home_Sweet_Home_Alone,tt11012066,Q102046208,tmdb
656561,Alien Xmas,https://en.wikipedia.org/wiki/Alien_Xmas,tt11332750,Q102396311,tmdb
647245,Reagan (2024 film),https://en.wikipedia.org/wiki/Reagan_(2024_film),tt1723808,Q104144784,tmdb
646207,The Ice Road,https://en.wikipedia.org/wiki/The_Ice_Road,tt3758814,Q104681809,tmdb
650743,Ad Libitum Corporation,https://en.wikipedia.org/wiki/Ad_Libitum_Corporation,tt13958700,Q105071450,tmdb
640146,Ant-Man and the Wasp: Quantumania,https://en.wikipedia.org/wiki/Ant-Man_and_the_Wasp:_Quantumania,tt10954600,Q105359456,tmdb
644495,House of Gucci,https://en.wikipedia.org/wiki/House_of_Gucci,tt11214590,Q105549749,tmdb
652837,"Josee, the Tiger and the Fish (2020 film)","https://en.wikipedia.org/wiki/Josee,_the_Tiger_and_the_Fish_(2020_film)",tt12879624,Q106452140,tmdb
636706,Spaceman (2024 film),https://en.wikipedia.org/wiki/Spaceman_(2024_film),tt11097384,Q107175474,tmdb
635910,The Last Voyage of the Demeter,https://en.wikipedia.org/wiki/The_Last_Voyage_of_the_Demeter,tt1001520,Q107394970,tmdb
646389,Plane (film),https://en.wikipedia.org/wiki/Plane_(film),tt5884796,Q108131599,tmdb
642885,Hocus Pocus 2,https://en.wikipedia.org/wiki/Hocus_Pocus_2,tt11909878,Q109284173,tmdb
648412,Silo (film),https://en.wikipedia.org/wiki/Silo_(film),tt10306516,Q110263583,tmdb
649609,Renfield (film),https://en.wikipedia.org/wiki/Renfield_(film),tt11358390,Q110811753,tmdb
638974,Murder Mystery 2,https://en.wikipedia.org/wiki/Murder_Mystery_2,tt15255288,Q110833859,tmdb
648457,Deemo: Memorial Keys,https://en.wikipedia.org/wiki/Deemo:_Memorial_Keys,tt12518378,Q111098003,tmdb
639720,IF (film),https://en.wikipedia.org/wiki/IF_(film),tt11152168,Q111918059,tmdb
653346,Kingdom of the Planet of the Apes,https://en.wikipedia.org/wiki/Kingdom_of_the_Planet_of_the_Apes,tt11389872,Q114314695,tmdb
648878,Eddington (film),https://en.wikipedia.org/wiki/Eddington_(film),tt31176520,Q121433282,tmdb
643885,Penduko,https://en.wikipedia.org/wiki/Penduko,tt7248350,Q121436726,tmdb
639988,No Other Choice,https://en.wikipedia.org/wiki/No_Other_Choice,tt1527793,Q129906152,tmdb
645560,Quezon (film),https://en.wikipedia.org/wiki/Quezon_(film),tt35819637,Q133808815,tmdb
656908,Ramayana: Part 1,https://en.wikipedia.org/wiki/Ramayana:_Part_1,tt27988879,Q135196186,tmdb
660982,American Pie Presents: Girls' Rules,https://en.wikipedia.org/wiki/American_Pie_Presents:_Girls%27_Rules,tt11771594,Q86752639,tmdb
668640,Official Competition,https://en.wikipedia.org/wiki/Official_Competition,tt11700260,Q87192572,tmdb
663881,Genius Loci (film),https://en.wikipedia.org/wiki/Genius_Loci_(film),tt11884670,Q87911013,tmdb
665135,Elephant (2020 film),https://en.wikipedia.org/wiki/Elephant_(2020_film),tt12036052,Q89411396,tmdb
695721,The Hunger Games: The Ballad of Songbirds & Snakes,https://en.wikipedia.org/wiki/The_Hunger_Games:_The_Ballad_of_Songbirds_%26_Snakes,tt10545296,Q96377121,tmdb
680829,Master (2022 film),https://en.wikipedia.org/wiki/Master_(2022_film),tt11286210,Q96392222,tmdb
664236,Extinct (film),https://en.wikipedia.org/wiki/Extinct_(film),tt8241000,Q85760113,tmdb
678512,Sound of Freedom (film),https://en.wikipedia.org/wiki/Sound_of_Freedom_(film),tt7599146,Q85847274,tmdb
693827,Lansky (2021 film),https://en.wikipedia.org/wiki/Lansky_(2021_film),tt5078852,Q85853743,tmdb
667520,A Whisker Away,https://en.wikipedia.org/wiki/A_Whisker_Away,tt11958344,Q85881910,tmdb
667312,Agaram (film),https://en.wikipedia.org/wiki/Agaram_(film),tt8479614,Q3536274,tmdb
663711,Chilambu,https://en.wikipedia.org/wiki/Chilambu,tt0155616,Q5097593,tmdb
663127,Love (2008 Indonesian film),https://en.wikipedia.org/wiki/Love_(2008_Indonesian_film),tt1190130,Q6690240,tmdb
670643,Param Dharam,https://en.wikipedia.org/wiki/Param_Dharam,tt0363876,Q7135095,tmdb
670051,Resurrection (1931 Spanish-language film),https://en.wikipedia.org/wiki/Resurrection_(1931_Spanish-language_film),tt0183701,Q7316499,tmdb
676776,Srirasthu Subhamasthu,https://en.wikipedia.org/wiki/Srirasthu_Subhamasthu,tt0246252,Q7586519,tmdb
698003,Getting Married (1955 film),https://en.wikipedia.org/wiki/Getting_Married_(1955_film),tt0048116,Q10504815,tmdb
674614,Savage Breed,https://en.wikipedia.org/wiki/Savage_Breed,tt0198965,Q17066407,tmdb
660263,The Millionaire Recruit,https://en.wikipedia.org/wiki/The_Millionaire_Recruit,tt0046071,Q17382590,tmdb
666365,Killer Punjabi,https://en.wikipedia.org/wiki/Killer_Punjabi,tt5117152,Q24211074,tmdb
666353,Gul Makai,https://en.wikipedia.org/wiki/Gul_Makai,tt8176312,Q56279146,tmdb
680813,Flee (film),https://en.wikipedia.org/wiki/Flee_(film),tt8430054,Q76450209,tmdb
662546,Godmothered,https://en.wikipedia.org/wiki/Godmothered,tt11681250,Q83726410,tmdb
664413,365 Days (2020 film),https://en.wikipedia.org/wiki/365_Days_(2020_film),tt10886166,Q85520182,tmdb
698128,Dual (2022 film),https://en.wikipedia.org/wiki/Dual_(2022_film),tt9005184,Q100724914,tmdb
663712,Terrifier 2,https://en.wikipedia.org/wiki/Terrifier_2,tt10403420,Q101002778,tmdb
696806,The Adam Project,https://en.wikipedia.org/wiki/The_Adam_Project,tt2463208,Q104033835,tmdb
677574,One Careful Owner,https://en.wikipedia.org/wiki/One_Careful_Owner,tt9354422,Q104146990,tmdb
664469,Amsterdam (2022 film),https://en.wikipedia.org/wiki/Amsterdam_(2022_film),tt10304142,Q104830968,tmdb
698508,Redeeming Love (2022 film),https://en.wikipedia.org/wiki/Redeeming_Love_(2022_film),tt11365186,Q97182477,tmdb
675445,Paw Patrol: The Movie,https://en.wikipedia.org/wiki/Paw_Patrol:_The_Movie,tt11832046,Q97609238,tmdb
670428,PG: Psycho Goreman,https://en.wikipedia.org/wiki/PG:_Psycho_Goreman,tt11252440,Q97760291,tmdb
666429,Any Day Now (2020 film),https://en.wikipedia.org/wiki/Any_Day_Now_(2020_film),tt12574632,Q98726040,tmdb
680028,Centigrade (2020 film),https://en.wikipedia.org/wiki/Centigrade_(2020_film),tt8945942,Q98752480,tmdb
684684,Shortcut (2020 film),https://en.wikipedia.org/wiki/Shortcut_(2020_film),tt8960138,Q99883494,tmdb
675319,Zone 414,https://en.wikipedia.org/wiki/Zone_414,tt8545482,Q99938119,tmdb
665828,Bigbug,https://en.wikipedia.org/wiki/Bigbug,tt11541872,Q99982097,tmdb
670461,,,tt0058956,Q9168001,tmdb
691968,,,tt0075226,Q9337746,tmdb
661460,,,tt0133963,Q14956624,tmdb
660273,,,tt0049677,Q14956657,tmdb
665488,,,tt9303772,Q64733269,tmdb
674025,,,tt5237742,Q64995164,tmdb
664593,,,tt11542214,Q82753363,tmdb
662659,,,tt8237272,Q97940688,tmdb
669770,,,tt8997712,Q98213389,tmdb
660327,,,tt10940736,Q111795457,tmdb
660833,,,tt8953768,Q112874910,tmdb
693853,,,tt13871024,Q127684539,tmdb
663124,,,tt10645766,Q130208038,tmdb
680734,,,tt11814788,Q131391928,tmdb
698818,,,,Q139841946,tmdb
672322,Rurouni Kenshin: The Beginning,https://en.wikipedia.org/wiki/Rurouni_Kenshin:_The_Beginning,tt11991748,Q104870018,tmdb
673754,Homecoming (2019 Indonesian film),https://en.wikipedia.org/wiki/Homecoming_(2019_Indonesian_film),tt11289634,Q105728959,tmdb
668461,Slumberland (film),https://en.wikipedia.org/wiki/Slumberland_(film),tt13320662,Q105759872,tmdb
698948,Thirteen Lives,https://en.wikipedia.org/wiki/Thirteen_Lives,tt12262116,Q105962844,tmdb
675353,Sonic the Hedgehog 2 (film),https://en.wikipedia.org/wiki/Sonic_the_Hedgehog_2_(film),tt12412888,Q105970894,tmdb
693158,Proximity (2020 film),https://en.wikipedia.org/wiki/Proximity_(2020_film),tt8718300,Q106091363,tmdb
682507,Where the Crawdads Sing (film),https://en.wikipedia.org/wiki/Where_the_Crawdads_Sing_(film),tt9411972,Q106311043,tmdb
666154,Kayara,https://en.wikipedia.org/wiki/Kayara,tt11846550,Q106436190,tmdb
664596,Funny Face (2020 film),https://en.wikipedia.org/wiki/Funny_Face_(2020_film),tt11638942,Q106506417,tmdb
660120,The Worst Person in the World,https://en.wikipedia.org/wiki/The_Worst_Person_in_the_World,tt10370710,Q107089587,tmdb
687163,Project Hail Mary (film),https://en.wikipedia.org/wiki/Project_Hail_Mary_(film),tt12042730,Q107105860,tmdb
667538,Transformers: Rise of the Beasts,https://en.wikipedia.org/wiki/Transformers:_Rise_of_the_Beasts,tt5090568,Q107174193,tmdb
663260,Black Box (2021 film),https://en.wikipedia.org/wiki/Black_Box_(2021_film),tt10341034,Q107368708,tmdb
665888,Lapsis,https://en.wikipedia.org/wiki/Lapsis,tt11540272,Q107524739,tmdb
668489,Havoc (2025 film),https://en.wikipedia.org/wiki/Havoc_(2025_film),tt14123284,Q107584295,tmdb
674324,The Banshees of Inisherin,https://en.wikipedia.org/wiki/The_Banshees_of_Inisherin,tt11813216,Q108314506,tmdb
697843,Extraction 2,https://en.wikipedia.org/wiki/Extraction_2,tt12263384,Q108690659,tmdb
693134,Dune: Part Two,https://en.wikipedia.org/wiki/Dune:_Part_Two,tt15239678,Q109228991,tmdb
685274,Mobile Suit Gundam: Hathaway,https://en.wikipedia.org/wiki/Mobile_Suit_Gundam:_Hathaway,tt13288678,Q109289213,tmdb
668047,Press Play (film),https://en.wikipedia.org/wiki/Press_Play_(film),tt11116642,Q109649184,tmdb
670292,The Creator (2023 film),https://en.wikipedia.org/wiki/The_Creator_(2023_film),tt11858890,Q110617876,tmdb
677179,Creed III,https://en.wikipedia.org/wiki/Creed_III,tt11145118,Q110664384,tmdb
668482,Matilda the Musical (film),https://en.wikipedia.org/wiki/Matilda_the_Musical_(film),tt3447590,Q111950437,tmdb
696506,Mickey 17,https://en.wikipedia.org/wiki/Mickey_17,tt12299608,Q112977213,tmdb
680493,Return to Silent Hill,https://en.wikipedia.org/wiki/Return_to_Silent_Hill,tt22868010,Q114771310,tmdb
666277,Past Lives (film),https://en.wikipedia.org/wiki/Past_Lives_(film),tt13238346,Q116025865,tmdb
698687,Transformers One,https://en.wikipedia.org/wiki/Transformers_One,tt8864596,Q116638627,tmdb
676727,The Inventor (2023 film),https://en.wikipedia.org/wiki/The_Inventor_(2023_film),tt5822848,Q116733947,tmdb
673593,Mean Girls (2024 film),https://en.wikipedia.org/wiki/Mean_Girls_(2024_film),tt11762114,Q117014906,tmdb
696393,Cold Storage (film),https://en.wikipedia.org/wiki/Cold_Storage_(film),tt8879928,Q117805784,tmdb
661539,A Complete Unknown,https://en.wikipedia.org/wiki/A_Complete_Unknown,tt11563598,Q118175825,tmdb
676843,Rain (2023 film),https://en.wikipedia.org/wiki/Rain_(2023_film),tt10345346,Q125471449,tmdb
682012,Little Amélie or the Character of Rain,https://en.wikipedia.org/wiki/Little_Am%C3%A9lie_or_the_Character_of_Rain,tt29313285,Q132862555,tmdb
662707,Starbright (film),https://en.wikipedia.org/wiki/Starbright_(film),tt1742179,Q137766756,tmdb
710356,2 Hearts (film),https://en.wikipedia.org/wiki/2_Hearts_(film),tt5616176,Q98131145,tmdb
741652,25 Years of Innocence,https://en.wikipedia.org/wiki/25_Years_of_Innocence,tt11368998,Q98298706,tmdb
731110,Finders of the Lost Yacht,https://en.wikipedia.org/wiki/Finders_of_the_Lost_Yacht,tt13243448,Q98652006,tmdb
712150,The Speech (film),https://en.wikipedia.org/wiki/The_Speech_(film),tt12105554,Q99328479,tmdb
740985,Borat Subsequent Moviefilm,https://en.wikipedia.org/wiki/Borat_Subsequent_Moviefilm,tt13143964,Q99671372,tmdb
718930,Bullet Train (film),https://en.wikipedia.org/wiki/Bullet_Train_(film),tt12593682,Q99900595,tmdb
718789,Lightyear (film),https://en.wikipedia.org/wiki/Lightyear_(film),tt10298810,Q104409060,tmdb
739405,Operation Fortune: Ruse de Guerre,https://en.wikipedia.org/wiki/Operation_Fortune:_Ruse_de_Guerre,tt7985704,Q104822312,tmdb
734265,Love Hard,https://en.wikipedia.org/wiki/Love_Hard,tt10752004,Q104858962,tmdb
730621,For Elsie (film),https://en.wikipedia.org/wiki/For_Elsie_(film),tt2091298,Q5466710,tmdb
708042,Gniazdo,https://en.wikipedia.org/wiki/Gniazdo,tt0071559,Q5574231,tmdb
706292,The Ghost Baron,https://en.wikipedia.org/wiki/The_Ghost_Baron,tt0018442,Q10676763,tmdb
737448,Dark Tale,https://en.wikipedia.org/wiki/Dark_Tale,tt0198473,Q20875569,tmdb
729792,Fortuner (film),https://en.wikipedia.org/wiki/Fortuner_(film),tt8938900,Q60737544,tmdb
711017,Enforcement (film),https://en.wikipedia.org/wiki/Enforcement_(film),tt11081050,Q73483444,tmdb
721625,Songbird (2020 film),https://en.wikipedia.org/wiki/Songbird_(2020_film),tt12592252,Q97189755,tmdb
737741,GURL,https://en.wikipedia.org/wiki/GURL,tt11952916,Q97317463,tmdb
727097,Archenemy (film),https://en.wikipedia.org/wiki/Archenemy_(film),tt11274100,Q97609936,tmdb
728123,I Am Greta,https://en.wikipedia.org/wiki/I_Am_Greta,tt10394738,Q98078619,tmdb
723072,Host (film),https://en.wikipedia.org/wiki/Host_(film),tt12749596,Q98114112,tmdb
736203,Ane Is Missing,https://en.wikipedia.org/wiki/Ane_Is_Missing,tt7960322,Q99934643,tmdb
718838,Mothering Sunday (film),https://en.wikipedia.org/wiki/Mothering_Sunday_(film),tt12229370,Q100249839,tmdb
715123,Books of Blood (film),https://en.wikipedia.org/wiki/Books_of_Blood_(film),tt11242218,Q100292174,tmdb
712178,Gagarine,https://en.wikipedia.org/wiki/Gagarine,tt12444424,Q100719246,tmdb
705996,Decision to Leave,https://en.wikipedia.org/wiki/Decision_to_Leave,tt12477480,Q100889636,tmdb
718011,Dracula Sir,https://en.wikipedia.org/wiki/Dracula_Sir,tt11963736,Q101008671,tmdb
740963,"Jump, Darling","https://en.wikipedia.org/wiki/Jump,_Darling",tt9204898,Q101245261,tmdb
743232,Tigers (2020 film),https://en.wikipedia.org/wiki/Tigers_(2020_film),tt9850488,Q101799929,tmdb
718032,Licorice Pizza,https://en.wikipedia.org/wiki/Licorice_Pizza,tt11271038,Q102036245,tmdb
741124,Presidents (film),https://en.wikipedia.org/wiki/Presidents_(film),tt13558724,Q102178337,tmdb
732713,Evil Eye (2020 film),https://en.wikipedia.org/wiki/Evil_Eye_(2020_film),tt12882620,Q102185100,tmdb
725228,David (2020 film),https://en.wikipedia.org/wiki/David_(2020_film),tt12974818,Q102216573,tmdb
738652,Copshop,https://en.wikipedia.org/wiki/Copshop,tt5748448,Q103822078,tmdb
717634,Girl (2020 film),https://en.wikipedia.org/wiki/Girl_(2020_film),tt9392374,Q104055806,tmdb
700391,65 (film),https://en.wikipedia.org/wiki/65_(film),tt12261776,Q104187039,tmdb
710258,Rust (2024 film),https://en.wikipedia.org/wiki/Rust_(2024_film),tt11001074,Q109051190,tmdb
724495,The Woman King,https://en.wikipedia.org/wiki/The_Woman_King,tt8093700,Q109905743,tmdb
743048,Wandering Heart,https://en.wikipedia.org/wiki/Wandering_Heart,tt9471828,Q110101640,tmdb
723347,Robots (2023 film),https://en.wikipedia.org/wiki/Robots_(2023_film),tt12579470,Q110263674,tmdb
710295,Wolf Man (2025 film),https://en.wikipedia.org/wiki/Wolf_Man_(2025_film),tt4216984,Q111464581,tmdb
740049,Enys Men,https://en.wikipedia.org/wiki/Enys_Men,tt11698800,Q111655610,tmdb
726209,Leave the World Behind (film),https://en.wikipedia.org/wiki/Leave_the_World_Behind_(film),tt12747748,Q111670916,tmdb
704239,The Union (2024 film),https://en.wikipedia.org/wiki/The_Union_(2024_film),tt12610390,Q112124771,tmdb
714888,"Argentina, 1985","https://en.wikipedia.org/wiki/Argentina,_1985",tt15301048,Q113450389,tmdb
736526,Troll (2022 film),https://en.wikipedia.org/wiki/Troll_(2022_film),tt11116912,Q113488508,tmdb
720026,Butchers (film),https://en.wikipedia.org/wiki/Butchers_(film),tt8764358,Q113827468,tmdb
706693,Timestalker,https://en.wikipedia.org/wiki/Timestalker,tt7340766,Q115805331,tmdb
718821,Twisters (film),https://en.wikipedia.org/wiki/Twisters_(film),tt12584954,Q115932556,tmdb
712128,Broken Keys,https://en.wikipedia.org/wiki/Broken_Keys,tt11105790,Q104874544,tmdb
709631,Cobweb (2023 American film),https://en.wikipedia.org/wiki/Cobweb_(2023_American_film),tt9100018,Q104876047,tmdb
725201,The Gray Man (2022 film),https://en.wikipedia.org/wiki/The_Gray_Man_(2022_film),tt1649418,Q104891260,tmdb
727293,The Tender Bar (film),https://en.wikipedia.org/wiki/The_Tender_Bar_(film),tt3108894,Q105658212,tmdb
744275,After We Fell,https://en.wikipedia.org/wiki/After_We_Fell,tt13069986,Q105807015,tmdb
744276,After Ever Happy,https://en.wikipedia.org/wiki/After_Ever_Happy,tt13070038,Q105807115,tmdb
726429,Xtreme (2021 film),https://en.wikipedia.org/wiki/Xtreme_(2021_film),tt11658120,Q106505977,tmdb
739990,Nightbooks,https://en.wikipedia.org/wiki/Nightbooks,tt10521144,Q106570651,tmdb
732498,Luz (2020 film),https://en.wikipedia.org/wiki/Luz_(2020_film),tt11357580,Q107104926,tmdb
713704,Evil Dead Rise,https://en.wikipedia.org/wiki/Evil_Dead_Rise,tt13345606,Q107203508,tmdb
715931,Emancipation (2022 film),https://en.wikipedia.org/wiki/Emancipation_(2022_film),tt12530246,Q107803472,tmdb
730769,Some Like It Rare,https://en.wikipedia.org/wiki/Some_Like_It_Rare,tt12887770,Q108490528,tmdb
726139,Project Silence,https://en.wikipedia.org/wiki/Project_Silence,tt25808194,Q117842179,tmdb
727908,Tankhouse (film),https://en.wikipedia.org/wiki/Tankhouse_(film),tt10254960,Q118903301,tmdb
734002,The Peasants (2023 film),https://en.wikipedia.org/wiki/The_Peasants_(2023_film),tt10651230,Q120887437,tmdb
719221,Tarot (2024 American film),https://en.wikipedia.org/wiki/Tarot_(2024_American_film),tt14088510,Q123910753,tmdb
744653,The Thursday Murder Club (film),https://en.wikipedia.org/wiki/The_Thursday_Murder_Club_(film),tt12001534,Q125622191,tmdb
701387,Bugonia (film),https://en.wikipedia.org/wiki/Bugonia_(film),tt12300742,Q125971387,tmdb
713364,Clown in a Cornfield (film),https://en.wikipedia.org/wiki/Clown_in_a_Cornfield_(film),tt23060698,Q127619022,tmdb
744671,,,tt0088894,Q11689658,tmdb
713570,,,tt0376087,Q11826459,tmdb
731247,,,tt0812361,Q19888001,tmdb
741230,,,tt0182752,Q31193355,tmdb
702454,,,,Q65266276,tmdb
712120,,,tt12444642,Q96096721,tmdb
701437,,,tt7438706,Q96775064,tmdb
738968,,,tt11804200,Q97581292,tmdb
733063,,,tt21600496,Q97704986,tmdb
734438,,,tt9861288,Q99211384,tmdb
731842,,,tt8880116,Q108833921,tmdb
719889,,,tt10268708,Q109321219,tmdb
717042,,,tt7713810,Q110114832,tmdb
721741,,,tt2917344,Q113173623,tmdb
741592,,,tt10611992,Q114357879,tmdb
725202,,,tt0047360,Q116291605,tmdb
702699,,,,Q132775112,tmdb
721285,,,tt9679828,Q133042051,tmdb
758009,Shotgun Wedding (2022 film),https://en.wikipedia.org/wiki/Shotgun_Wedding_(2022_film),tt9686790,Q105658294,tmdb
773736,Tina (film),https://en.wikipedia.org/wiki/Tina_(film),tt8399720,Q105697084,tmdb
753342,Napoleon (2023 film),https://en.wikipedia.org/wiki/Napoleon_(2023_film),tt13287846,Q105806948,tmdb
746524,Blood (2022 film),https://en.wikipedia.org/wiki/Blood_(2022_film),tt13280054,Q105820921,tmdb
774825,The Ice Age Adventures of Buck Wild,https://en.wikipedia.org/wiki/The_Ice_Age_Adventures_of_Buck_Wild,tt13634480,Q105992748,tmdb
776503,CODA (2021 film),https://en.wikipedia.org/wiki/CODA_(2021_film),tt10366460,Q104686893,tmdb
761830,The Guest Room (film),https://en.wikipedia.org/wiki/The_Guest_Room_(film),tt13315340,Q104727380,tmdb
763788,Dangerous (2021 film),https://en.wikipedia.org/wiki/Dangerous_(2021_film),tt3876910,Q104834192,tmdb
765245,Swan Song (2021 Benjamin Cleary film),https://en.wikipedia.org/wiki/Swan_Song_(2021_Benjamin_Cleary_film),tt13207508,Q104860449,tmdb
758336,Love Again (2023 film),https://en.wikipedia.org/wiki/Love_Again_(2023_film),tt10276482,Q104872036,tmdb
763261,Carmen (2022 film),https://en.wikipedia.org/wiki/Carmen_(2022_film),tt6875952,Q105038174,tmdb
765068,"Swim Girl, Swim","https://en.wikipedia.org/wiki/Swim_Girl,_Swim",tt0018459,Q16929858,tmdb
761820,Listening (film),https://en.wikipedia.org/wiki/Listening_(film),tt0357865,Q16968067,tmdb
765915,Adavalle Aligithe,https://en.wikipedia.org/wiki/Adavalle_Aligithe,tt0271353,Q25999793,tmdb
761753,Juliya (film),https://en.wikipedia.org/wiki/Juliya_(film),tt7643202,Q30601137,tmdb
773775,Ridin' Thru,https://en.wikipedia.org/wiki/Ridin%27_Thru,tt0025719,Q54020858,tmdb
752564,Maigret (2022 film),https://en.wikipedia.org/wiki/Maigret_(2022_film),tt10545696,Q85854045,tmdb
750466,Wunderschön,https://en.wikipedia.org/wiki/Wundersch%C3%B6n,tt12194006,Q95000026,tmdb
752721,The Evil Next Door,https://en.wikipedia.org/wiki/The_Evil_Next_Door,tt11320192,Q100699177,tmdb
760161,Orphan: First Kill,https://en.wikipedia.org/wiki/Orphan:_First_Kill,tt11851548,Q101229556,tmdb
751496,Baby (2020 film),https://en.wikipedia.org/wiki/Baby_(2020_film),tt9760852,Q104146434,tmdb
776305,Belle (2021 film),https://en.wikipedia.org/wiki/Belle_(2021_film),tt13651628,Q104184744,tmdb
763285,Ambulance (2022 film),https://en.wikipedia.org/wiki/Ambulance_(2022_film),tt4998632,Q105095144,tmdb
756681,Venicephrenia,https://en.wikipedia.org/wiki/Venicephrenia,tt12412166,Q105388407,tmdb
756999,The Black Phone,https://en.wikipedia.org/wiki/The_Black_Phone,tt7144666,Q105584511,tmdb
760104,X (2022 film),https://en.wikipedia.org/wiki/X_(2022_film),tt13560574,Q105605250,tmdb
768362,Missing (2023 film),https://en.wikipedia.org/wiki/Missing_(2023_film),tt10855768,Q106444183,tmdb
757388,Audrey (2020 film),https://en.wikipedia.org/wiki/Audrey_(2020_film),tt10731386,Q106670866,tmdb
755566,Day Shift (film),https://en.wikipedia.org/wiki/Day_Shift_(film),tt13314558,Q106725885,tmdb
774752,The Guardians of the Galaxy Holiday Special,https://en.wikipedia.org/wiki/The_Guardians_of_the_Galaxy_Holiday_Special,tt13623136,Q106729096,tmdb
748230,'Salem's Lot (film),https://en.wikipedia.org/wiki/%27Salem%27s_Lot_(film),tt10245072,Q108552200,tmdb
762079,The Advent Calendar,https://en.wikipedia.org/wiki/The_Advent_Calendar,tt12496706,Q109951347,tmdb
760158,Manticore (2022 film),https://en.wikipedia.org/wiki/Manticore_(2022_film),tt13014746,Q110633742,tmdb
760245,Foe (film),https://en.wikipedia.org/wiki/Foe_(film),tt8258502,Q110732121,tmdb
768447,Motherly (2021 film),https://en.wikipedia.org/wiki/Motherly_(2021_film),tt11464730,Q111915353,tmdb
760741,Beast (2022 American film),https://en.wikipedia.org/wiki/Beast_(2022_American_film),tt13223398,Q111942495,tmdb
759175,The Princess (2022 action film),https://en.wikipedia.org/wiki/The_Princess_(2022_action_film),tt13406136,Q111942703,tmdb
748167,Uglies (film),https://en.wikipedia.org/wiki/Uglies_(film),tt13186604,Q111945633,tmdb
752623,The Lost City (2022 film),https://en.wikipedia.org/wiki/The_Lost_City_(2022_film),tt13320622,Q107040798,tmdb
768744,My Hero Academia: World Heroes' Mission,https://en.wikipedia.org/wiki/My_Hero_Academia:_World_Heroes%27_Mission,tt13544716,Q107130536,tmdb
762504,Nope (film),https://en.wikipedia.org/wiki/Nope_(film),tt10954984,Q107176162,tmdb
744746,Caveat (film),https://en.wikipedia.org/wiki/Caveat_(film),tt7917178,Q107261966,tmdb
767825,Moonshot (2022 film),https://en.wikipedia.org/wiki/Moonshot_(2022_film),tt12585076,Q107404487,tmdb
760747,The Trip (2021 film),https://en.wikipedia.org/wiki/The_Trip_(2021_film),tt13109952,Q107687566,tmdb
764841,Sam (2021 film),https://en.wikipedia.org/wiki/Sam_(2021_film),tt15134088,Q107761080,tmdb
747188,Asteroid City,https://en.wikipedia.org/wiki/Asteroid_City,tt14230388,Q108086029,tmdb
762430,Retribution (2023 film),https://en.wikipedia.org/wiki/Retribution_(2023_film),tt6906292,Q108314793,tmdb
766507,Prey (2022 film),https://en.wikipedia.org/wiki/Prey_(2022_film),tt11866324,Q108329738,tmdb
748756,,,tt0279172,Q6059032,tmdb
757725,Shadow Force (2025 film),https://en.wikipedia.org/wiki/Shadow_Force_(2025_film),tt11092020,Q119625137,tmdb
768117,,,tt1092402,Q12046050,tmdb
758262,,,tt0200408,Q16292529,tmdb
748683,,,tt12155064,Q99239109,tmdb
753756,,,tt12734582,Q101437587,tmdb
754899,,,tt13217694,Q102168329,tmdb
744993,,,tt11123392,Q106111846,tmdb
772388,,,tt12610584,Q107075297,tmdb
763762,,,tt6443118,Q107881191,tmdb
768051,,,tt14111592,Q108556018,tmdb
776151,,,tt6736300,Q109298075,tmdb
746112,,,tt0452739,Q126236230,tmdb
760147,,,tt9422624,Q130421430,tmdb
774531,Young Woman and the Sea,https://en.wikipedia.org/wiki/Young_Woman_and_the_Sea,tt5177114,Q111982520,tmdb
762441,A Quiet Place: Day One,https://en.wikipedia.org/wiki/A_Quiet_Place:_Day_One,tt13433802,Q112183404,tmdb
762975,Purple Hearts (2022 film),https://en.wikipedia.org/wiki/Purple_Hearts_(2022_film),tt4614584,Q112226601,tmdb
763215,Damsel (2024 film),https://en.wikipedia.org/wiki/Damsel_(2024_film),tt13452446,Q112811482,tmdb
772515,Huesera: The Bone Woman,https://en.wikipedia.org/wiki/Huesera:_The_Bone_Woman,tt11718516,Q112939380,tmdb
748783,The Garfield Movie,https://en.wikipedia.org/wiki/The_Garfield_Movie,tt5779228,Q113547547,tmdb
746036,The Fall Guy (2024 film),https://en.wikipedia.org/wiki/The_Fall_Guy_(2024_film),tt1684562,Q113671585,tmdb
758769,Unwelcome (film),https://en.wikipedia.org/wiki/Unwelcome_(film),tt12447796,Q114232000,tmdb
762509,Mufasa: The Lion King,https://en.wikipedia.org/wiki/Mufasa:_The_Lion_King,tt13186482,Q114242678,tmdb
760774,One Life (2023 film),https://en.wikipedia.org/wiki/One_Life_(2023_film),tt13097932,Q114344937,tmdb
754452,The Last Manhunt,https://en.wikipedia.org/wiki/The_Last_Manhunt,tt11399896,Q114674571,tmdb
756397,Hitpig!,https://en.wikipedia.org/wiki/Hitpig!,tt13176330,Q114853077,tmdb
761226,Welcome Home (2020 film),https://en.wikipedia.org/wiki/Welcome_Home_(2020_film),tt13381376,Q116730390,tmdb
758323,The Pope's Exorcist,https://en.wikipedia.org/wiki/The_Pope%27s_Exorcist,tt13375076,Q116733128,tmdb
753336,Origin (film),https://en.wikipedia.org/wiki/Origin_(film),tt13321244,Q116745152,tmdb
749170,Heads of State (film),https://en.wikipedia.org/wiki/Heads_of_State_(film),tt13357520,Q118364834,tmdb
755679,Fast Forever,https://en.wikipedia.org/wiki/Fast_Forever,tt27550022,Q118720041,tmdb
759426,Stoker Hills,https://en.wikipedia.org/wiki/Stoker_Hills,tt6668220,Q119942450,tmdb
767663,72 Hoorain,https://en.wikipedia.org/wiki/72_Hoorain,tt13491678,Q119975270,tmdb
764517,Trigal,https://en.wikipedia.org/wiki/Trigal,tt21650996,Q120299778,tmdb
744857,When Evil Lurks,https://en.wikipedia.org/wiki/When_Evil_Lurks,tt16300962,Q121367826,tmdb
749116,Cidade; Campo,https://en.wikipedia.org/wiki/Cidade;_Campo,tt30858110,Q124350264,tmdb
774370,Dog Man (film),https://en.wikipedia.org/wiki/Dog_Man_(film),tt10954718,Q124464619,tmdb
760329,The Smashing Machine (2025 film),https://en.wikipedia.org/wiki/The_Smashing_Machine_(2025_film),tt11214558,Q126012569,tmdb
766520,Rosemead (film),https://en.wikipedia.org/wiki/Rosemead_(film),tt13109732,Q133889047,tmdb
772462,No me sigas,https://en.wikipedia.org/wiki/No_me_sigas,tt11344566,Q134704470,tmdb
755898,War of the Worlds (2025 film),https://en.wikipedia.org/wiki/War_of_the_Worlds_(2025_film),tt13186306,Q135458343,tmdb
795859,Kid 90,https://en.wikipedia.org/wiki/Kid_90,tt14035292,Q105659357,tmdb
776797,The Sadness,https://en.wikipedia.org/wiki/The_Sadness,tt13872248,Q105697891,tmdb
804150,Cocaine Bear,https://en.wikipedia.org/wiki/Cocaine_Bear,tt14209916,Q105840301,tmdb
785084,The Whale (2022 film),https://en.wikipedia.org/wiki/The_Whale_(2022_film),tt13833688,Q105883400,tmdb
781483,Shanghai 1937,https://en.wikipedia.org/wiki/Shanghai_1937,tt0117618,Q12127431,tmdb
819826,Paraya Ghar,https://en.wikipedia.org/wiki/Paraya_Ghar,tt0232276,Q18386649,tmdb
783252,Doubt (1951 film),https://en.wikipedia.org/wiki/Doubt_(1951_film),tt0043485,Q29454992,tmdb
777141,Veer (1995 film),https://en.wikipedia.org/wiki/Veer_(1995_film),tt1027867,Q56275049,tmdb
799155,Attack: Part 1,https://en.wikipedia.org/wiki/Attack:_Part_1,tt7529298,Q83615923,tmdb
801546,Batang Quiapo,https://en.wikipedia.org/wiki/Batang_Quiapo,tt0443899,Q85745694,tmdb
791373,Zack Snyder's Justice League,https://en.wikipedia.org/wiki/Zack_Snyder%27s_Justice_League,tt12361974,Q94998134,tmdb
786892,Furiosa: A Mad Max Saga,https://en.wikipedia.org/wiki/Furiosa:_A_Mad_Max_Saga,tt12037194,Q100361125,tmdb
780609,Men (2022 film),https://en.wikipedia.org/wiki/Men_(2022_film),tt13841850,Q106514711,tmdb
791568,Settlers (film),https://en.wikipedia.org/wiki/Settlers_(film),tt9373688,Q106778096,tmdb
798286,Beau Is Afraid,https://en.wikipedia.org/wiki/Beau_Is_Afraid,tt13521006,Q106817801,tmdb
786627,Shook (2021 film),https://en.wikipedia.org/wiki/Shook_(2021_film),tt7211648,Q106828779,tmdb
791177,Bones and All,https://en.wikipedia.org/wiki/Bones_and_All,tt10168670,Q107027721,tmdb
782936,Nocebo (film),https://en.wikipedia.org/wiki/Nocebo_(film),tt11212572,Q105905540,tmdb
800279,Corner Office (film),https://en.wikipedia.org/wiki/Corner_Office_(film),tt13849558,Q105962629,tmdb
796185,The Three Musketeers: D'Artagnan,https://en.wikipedia.org/wiki/The_Three_Musketeers:_D%27Artagnan,tt12672536,Q105998710,tmdb
799766,Better Man (film),https://en.wikipedia.org/wiki/Better_Man_(film),tt14260836,Q106261265,tmdb
798141,Doors (film),https://en.wikipedia.org/wiki/Doors_(film),tt12483708,Q106350657,tmdb
800510,Kimi (film),https://en.wikipedia.org/wiki/Kimi_(film),tt14128670,Q106363032,tmdb
818397,Memory (2022 film),https://en.wikipedia.org/wiki/Memory_(2022_film),tt11827628,Q106513312,tmdb
796499,Army of Thieves,https://en.wikipedia.org/wiki/Army_of_Thieves,tt13024674,Q104854877,tmdb
792775,Cop Secret,https://en.wikipedia.org/wiki/Cop_Secret,tt13882736,Q105082058,tmdb
785663,Old Henry,https://en.wikipedia.org/wiki/Old_Henry,tt12731980,Q105102395,tmdb
779782,The School for Good and Evil (film),https://en.wikipedia.org/wiki/The_School_for_Good_and_Evil_(film),tt2935622,Q105103910,tmdb
792678,Cube (2021 film),https://en.wikipedia.org/wiki/Cube_(2021_film),tt13975458,Q105326306,tmdb
776514,Superior (film),https://en.wikipedia.org/wiki/Superior_(film),tt12373414,Q105359560,tmdb
787752,Fresh (2022 film),https://en.wikipedia.org/wiki/Fresh_(2022_film),tt13403046,Q105393880,tmdb
792293,Dumb Money,https://en.wikipedia.org/wiki/Dumb_Money,tt13957560,Q114740513,tmdb
823482,Dream Scenario,https://en.wikipedia.org/wiki/Dream_Scenario,tt21942866,Q115804772,tmdb
799583,The Ministry of Ungentlemanly Warfare,https://en.wikipedia.org/wiki/The_Ministry_of_Ungentlemanly_Warfare,tt5177120,Q115860236,tmdb
820525,After Everything (2023 film),https://en.wikipedia.org/wiki/After_Everything_(2023_film),tt15334488,Q115867383,tmdb
802917,Rounding (film),https://en.wikipedia.org/wiki/Rounding_(film),tt14181328,Q136368828,tmdb
823464,Godzilla x Kong: The New Empire,https://en.wikipedia.org/wiki/Godzilla_x_Kong:_The_New_Empire,tt14539740,Q113360912,tmdb
814800,Goodnight Mommy (2022 film),https://en.wikipedia.org/wiki/Goodnight_Mommy_(2022_film),tt9000184,Q113390817,tmdb
807132,Blueback (film),https://en.wikipedia.org/wiki/Blueback_(film),tt14201576,Q113570329,tmdb
814776,Bottoms (film),https://en.wikipedia.org/wiki/Bottoms_(film),tt17527468,Q114257761,tmdb
777443,The Electric State (film),https://en.wikipedia.org/wiki/The_Electric_State_(film),tt7766378,Q114492769,tmdb
807172,The Exorcist: Believer,https://en.wikipedia.org/wiki/The_Exorcist:_Believer,tt12921446,Q107610336,tmdb
804095,The Fabelmans,https://en.wikipedia.org/wiki/The_Fabelmans,tt14208870,Q107710009,tmdb
777245,Women Talking (film),https://en.wikipedia.org/wiki/Women_Talking_(film),tt13669038,Q108030443,tmdb
787699,Wonka (film),https://en.wikipedia.org/wiki/Wonka_(film),tt6166392,Q108456719,tmdb
817758,Tár,https://en.wikipedia.org/wiki/T%C3%A1r,tt14444726,Q108649516,tmdb
809970,Operation Hyacinth (film),https://en.wikipedia.org/wiki/Operation_Hyacinth_(film),tt14315584,Q108713956,tmdb
792307,Poor Things (film),https://en.wikipedia.org/wiki/Poor_Things_(film),tt14230458,Q108760382,tmdb
788922,The Grandson,https://en.wikipedia.org/wiki/The_Grandson,tt13921588,Q109421691,tmdb
800939,Ticket to Paradise (2022 film),https://en.wikipedia.org/wiki/Ticket_to_Paradise_(2022_film),tt14109724,Q109511080,tmdb
810693,Jujutsu Kaisen 0 (film),https://en.wikipedia.org/wiki/Jujutsu_Kaisen_0_(film),tt14331144,Q109914608,tmdb
823610,Seal Team (film),https://en.wikipedia.org/wiki/Seal_Team_(film),tt8456190,Q110482726,tmdb
818647,Through My Window (film),https://en.wikipedia.org/wiki/Through_My_Window_(film),tt14463484,Q110833192,tmdb
800158,The Killer (2023 film),https://en.wikipedia.org/wiki/The_Killer_(2023_film),tt1136617,Q111008873,tmdb
822119,Captain America: Brave New World,https://en.wikipedia.org/wiki/Captain_America:_Brave_New_World,tt14513804,Q112322116,tmdb
802219,Bob Marley: One Love,https://en.wikipedia.org/wiki/Bob_Marley:_One_Love,tt8521778,Q112341432,tmdb
790861,,,tt0078999,Q2997370,tmdb
784068,,,tt0441850,Q3689335,tmdb
790387,,,tt2902576,Q12485399,tmdb
776717,,,tt11328762,Q87126542,tmdb
817748,,,tt0478693,Q87746124,tmdb
777930,,,tt5492808,Q104972691,tmdb
790806,,,tt14125262,Q105682249,tmdb
783572,,,tt11422136,Q107943719,tmdb
818914,,,tt13667552,Q109046793,tmdb
811072,,,tt12358104,Q110076846,tmdb
792001,,,tt14278608,Q110512968,tmdb
805298,,,tt9750368,Q111510526,tmdb
801335,,,tt13269536,Q111568797,tmdb
800226,,,tt0085439,Q122740321,tmdb
823216,,,tt11944928,Q126956814,tmdb
812583,Wake Up Dead Man,https://en.wikipedia.org/wiki/Wake_Up_Dead_Man,tt14364480,Q115931717,tmdb
781732,Animal (2023 Indian film),https://en.wikipedia.org/wiki/Animal_(2023_Indian_film),tt13751694,Q115947372,tmdb
816904,Mummies (film),https://en.wikipedia.org/wiki/Mummies_(film),tt23177868,Q116005474,tmdb
812225,Black Clover: Sword of the Wizard King,https://en.wikipedia.org/wiki/Black_Clover:_Sword_of_the_Wizard_King,tt22868844,Q116691876,tmdb
809787,Mafia Mamma,https://en.wikipedia.org/wiki/Mafia_Mamma,tt13923456,Q116947362,tmdb
792614,Mr. Blake at Your Service!,https://en.wikipedia.org/wiki/Mr._Blake_at_Your_Service!,tt18224752,Q117354760,tmdb
812037,Last Summer (2023 film),https://en.wikipedia.org/wiki/Last_Summer_(2023_film),tt14550346,Q117600026,tmdb
811941,Devara: Part 1,https://en.wikipedia.org/wiki/Devara:_Part_1,tt11821912,Q118502010,tmdb
798021,Family Switch,https://en.wikipedia.org/wiki/Family_Switch,tt14227048,Q120375705,tmdb
820609,No One Will Save You,https://en.wikipedia.org/wiki/No_One_Will_Save_You,tt14509110,Q122231675,tmdb
798645,The Running Man (2025 film),https://en.wikipedia.org/wiki/The_Running_Man_(2025_film),tt14107334,Q125449414,tmdb
823219,Flow (2024 film),https://en.wikipedia.org/wiki/Flow_(2024_film),tt4772188,Q125622088,tmdb
803796,KPop Demon Hunters,https://en.wikipedia.org/wiki/KPop_Demon_Hunters,tt14205554,Q130268157,tmdb
791042,Levels (film),https://en.wikipedia.org/wiki/Levels_(film),tt10831486,Q131574022,tmdb
803208,Orphan (2025 film),https://en.wikipedia.org/wiki/Orphan_(2025_film),tt31065630,Q133520178,tmdb
801937,"Silent Night, Deadly Night (2025 film)","https://en.wikipedia.org/wiki/Silent_Night,_Deadly_Night_(2025_film)",tt34508974,Q134386480,tmdb
804370,Arco (film),https://en.wikipedia.org/wiki/Arco_(film),tt14883538,Q134571218,tmdb
844398,Shattered (2022 film),https://en.wikipedia.org/wiki/Shattered_(2022_film),tt14923008,Q108101523,tmdb
842945,Supercell (film),https://en.wikipedia.org/wiki/Supercell_(film),tt10559102,Q108101613,tmdb
845956,The Staffroom,https://en.wikipedia.org/wiki/The_Staffroom,tt14950912,Q108124173,tmdb
825808,See for Me,https://en.wikipedia.org/wiki/See_for_Me,tt11209212,Q108166759,tmdb
838150,Întregalde (film),https://en.wikipedia.org/wiki/%C3%8Entregalde_(film),tt14050808,Q108177891,tmdb
843543,Meet Cute (film),https://en.wikipedia.org/wiki/Meet_Cute_(film),tt14900738,Q108293175,tmdb
848058,Piggy (2022 film),https://en.wikipedia.org/wiki/Piggy_(2022_film),tt10399608,Q108329775,tmdb
844143,Jagged (film),https://en.wikipedia.org/wiki/Jagged_(film),tt14911244,Q108402656,tmdb
854239,Till (film),https://en.wikipedia.org/wiki/Till_(film),tt4960748,Q108532414,tmdb
830784,"Lyle, Lyle, Crocodile (film)","https://en.wikipedia.org/wiki/Lyle,_Lyle,_Crocodile_(film)",tt14668630,Q108559256,tmdb
852719,Twenty Something (2021 film),https://en.wikipedia.org/wiki/Twenty_Something_(2021_film),tt14023676,Q108570386,tmdb
842675,The Wandering Earth 2,https://en.wikipedia.org/wiki/The_Wandering_Earth_2,tt13539646,Q108659445,tmdb
829280,Enola Holmes 2,https://en.wikipedia.org/wiki/Enola_Holmes_2,tt14641788,Q108764447,tmdb
842934,Poker Face (2022 film),https://en.wikipedia.org/wiki/Poker_Face_(2022_film),tt14714980,Q109041631,tmdb
833427,Plaza Catedral,https://en.wikipedia.org/wiki/Plaza_Catedral,tt8657700,Q109283515,tmdb
843394,Cat Person (film),https://en.wikipedia.org/wiki/Cat_Person_(film),tt14647404,Q109284836,tmdb
833339,Speak No Evil (2022 film),https://en.wikipedia.org/wiki/Speak_No_Evil_(2022_film),tt14253846,Q110040047,tmdb
839033,The Lord of the Rings: The War of the Rohirrim,https://en.wikipedia.org/wiki/The_Lord_of_the_Rings:_The_War_of_the_Rohirrim,tt14824600,Q107210110,tmdb
843932,Nanny (film),https://en.wikipedia.org/wiki/Nanny_(film),tt10931784,Q107389143,tmdb
848538,Argylle,https://en.wikipedia.org/wiki/Argylle,tt15009428,Q107460063,tmdb
837881,She Said (film),https://en.wikipedia.org/wiki/She_Said_(film),tt11198810,Q107969593,tmdb
826769,Rosaline (film),https://en.wikipedia.org/wiki/Rosaline_(film),tt1777606,Q16673195,tmdb
854194,Gange Gowri,https://en.wikipedia.org/wiki/Gange_Gowri,tt0250400,Q19571897,tmdb
845506,Lakshmi (1982 film),https://en.wikipedia.org/wiki/Lakshmi_(1982_film),tt0877654,Q19720605,tmdb
824436,Passionate Song,https://en.wikipedia.org/wiki/Passionate_Song,tt0045599,Q19788177,tmdb
856289,Creation of the Gods I: Kingdom of Storms,https://en.wikipedia.org/wiki/Creation_of_the_Gods_I:_Kingdom_of_Storms,tt6979756,Q67936237,tmdb
855823,Schumacher (film),https://en.wikipedia.org/wiki/Schumacher_(film),tt10322274,Q72992509,tmdb
823625,Blacklight (film),https://en.wikipedia.org/wiki/Blacklight_(film),tt14060094,Q104889029,tmdb
823631,The Last Race (2022 film),https://en.wikipedia.org/wiki/The_Last_Race_(2022_film),tt13275560,Q104898764,tmdb
826749,Fortress (2021 film),https://en.wikipedia.org/wiki/Fortress_(2021_film),tt14577300,Q106880585,tmdb
829799,Paradise City (film),https://en.wikipedia.org/wiki/Paradise_City_(film),tt14656632,Q106906663,tmdb
852592,Centauro (film),https://en.wikipedia.org/wiki/Centauro_(film),tt13479592,Q107177502,tmdb
834027,Val (film),https://en.wikipedia.org/wiki/Val_(film),tt14731254,Q107202403,tmdb
840326,Sisu (film),https://en.wikipedia.org/wiki/Sisu_(film),tt14846026,Q111803528,tmdb
848439,Firebrand (2023 film),https://en.wikipedia.org/wiki/Firebrand_(2023_film),tt15000156,Q111962660,tmdb
840430,The Holdovers,https://en.wikipedia.org/wiki/The_Holdovers,tt14849194,Q112114745,tmdb
844185,Unfrosted,https://en.wikipedia.org/wiki/Unfrosted,tt14914430,Q112609799,tmdb
851644,20th Century Girl,https://en.wikipedia.org/wiki/20th_Century_Girl,tt15340724,Q110625579,tmdb
848886,Hellbender (film),https://en.wikipedia.org/wiki/Hellbender_(film),tt14905650,Q110825629,tmdb
837745,Small Body,https://en.wikipedia.org/wiki/Small_Body,tt13926310,Q110854681,tmdb
860155,Summering,https://en.wikipedia.org/wiki/Summering,tt15208276,Q111170177,tmdb
829557,365 Days: This Day,https://en.wikipedia.org/wiki/365_Days:_This_Day,tt12996154,Q111526671,tmdb
848326,Rebel Moon,https://en.wikipedia.org/wiki/Rebel_Moon,tt14998742,Q111629600,tmdb
843889,Space Oddity (film),https://en.wikipedia.org/wiki/Space_Oddity_(film),tt6317762,Q111660704,tmdb
832964,Lee (2023 film),https://en.wikipedia.org/wiki/Lee_(2023_film),tt5112584,Q111705663,tmdb
827931,Time Cut,https://en.wikipedia.org/wiki/Time_Cut,tt14857528,Q124393043,tmdb
840464,Greenland 2: Migration,https://en.wikipedia.org/wiki/Greenland_2:_Migration,tt14850054,Q124737605,tmdb
846778,Margaux (film),https://en.wikipedia.org/wiki/Margaux_(film),tt14967618,Q124791304,tmdb
849509,Jade (2024 film),https://en.wikipedia.org/wiki/Jade_(2024_film),tt14469386,Q131154642,tmdb
837016,Claydream,https://en.wikipedia.org/wiki/Claydream,tt4549140,Q136656944,tmdb
829560,The Next 365 Days,https://en.wikipedia.org/wiki/The_Next_365_Days,tt21106646,Q112943746,tmdb
840705,Blink Twice,https://en.wikipedia.org/wiki/Blink_Twice,tt14858658,Q113012523,tmdb
848187,Role Play,https://en.wikipedia.org/wiki/Role_Play,tt12964320,Q113212962,tmdb
852448,I Came By,https://en.wikipedia.org/wiki/I_Came_By,tt15083184,Q113670169,tmdb
858017,I Saw the TV Glow,https://en.wikipedia.org/wiki/I_Saw_the_TV_Glow,tt15574270,Q113903713,tmdb
846422,The Old Guard 2,https://en.wikipedia.org/wiki/The_Old_Guard_2,tt14961624,Q114352640,tmdb
846892,The Balcony Movie,https://en.wikipedia.org/wiki/The_Balcony_Movie,tt15180952,Q114662298,tmdb
845781,Red One (film),https://en.wikipedia.org/wiki/Red_One_(film),tt14948432,Q114876737,tmdb
850165,The Iron Claw (film),https://en.wikipedia.org/wiki/The_Iron_Claw_(film),tt21064584,Q114901506,tmdb
843527,The Idea of You,https://en.wikipedia.org/wiki/The_Idea_of_You,tt9466114,Q115010349,tmdb
839369,May December,https://en.wikipedia.org/wiki/May_December,tt13651794,Q115367024,tmdb
838209,Exhuma,https://en.wikipedia.org/wiki/Exhuma,tt27802490,Q117322466,tmdb
831815,Saving Bikini Bottom: The Sandy Cheeks Movie,https://en.wikipedia.org/wiki/Saving_Bikini_Bottom:_The_Sandy_Cheeks_Movie,tt23063732,Q118196554,tmdb
842931,Sacramento (film),https://en.wikipedia.org/wiki/Sacramento_(film),tt13491834,Q119149787,tmdb
838240,Robot Dreams (film),https://en.wikipedia.org/wiki/Robot_Dreams_(film),tt13429870,Q119786383,tmdb
858024,Hamnet (film),https://en.wikipedia.org/wiki/Hamnet_(film),tt14905854,Q122741016,tmdb
833750,,,tt0308783,Q9283062,tmdb
849328,,,tt0242755,Q17636291,tmdb
856637,,,tt0465765,Q20590983,tmdb
840477,,,tt3494502,Q61608856,tmdb
828080,,,tt14726184,Q107134117,tmdb
850099,,,tt4940336,Q108105456,tmdb
824882,,,tt2246789,Q109254226,tmdb
827168,,,tt14064380,Q110995494,tmdb
860609,,,tt15211080,Q115987675,tmdb
856389,,,tt15135598,Q116285091,tmdb
842544,,,tt14873054,Q118588529,tmdb
843314,,,tt13125004,Q120686957,tmdb
860352,,,tt13903240,Q124714602,tmdb
851925,,,tt11474972,Q130361589,tmdb
859321,,,tt14539026,Q132643515,tmdb
848334,,,tt18264016,Q133884622,tmdb
830524,,,tt14061328,Q134065013,tmdb
843269,,,tt11951334,Q135013057,tmdb
846575,,,tt37678610,Q136552996,tmdb
872170,Zero Contact,https://en.wikipedia.org/wiki/Zero_Contact,tt12359080,Q108101644,tmdb
889737,Joker: Folie à Deux,https://en.wikipedia.org/wiki/Joker:_Folie_%C3%A0_Deux,tt11315808,Q108628759,tmdb
884909,Pelli SandaD,https://en.wikipedia.org/wiki/Pelli_SandaD,tt15427878,Q108805666,tmdb
872585,Oppenheimer (film),https://en.wikipedia.org/wiki/Oppenheimer_(film),tt15398776,Q108839994,tmdb
866463,Reptile (film),https://en.wikipedia.org/wiki/Reptile_(film),tt13274016,Q108913483,tmdb
861653,Unroyal,https://en.wikipedia.org/wiki/Unroyal,tt15526612,Q108933782,tmdb
875029,Barumbadings,https://en.wikipedia.org/wiki/Barumbadings,tt15856942,Q109535822,tmdb
900667,One Piece Film: Red,https://en.wikipedia.org/wiki/One_Piece_Film:_Red,tt16183464,Q109638221,tmdb
882569,Guy Ritchie's The Covenant,https://en.wikipedia.org/wiki/Guy_Ritchie%27s_The_Covenant,tt4873118,Q110819073,tmdb
868759,Ghosted (2023 film),https://en.wikipedia.org/wiki/Ghosted_(2023_film),tt15326988,Q111170185,tmdb
899112,Violent Night,https://en.wikipedia.org/wiki/Violent_Night,tt12003946,Q111170246,tmdb
908327,Frontiers (2023 film),https://en.wikipedia.org/wiki/Frontiers_(2023_film),tt24417030,Q111209129,tmdb
862360,Pirates (2021 film),https://en.wikipedia.org/wiki/Pirates_(2021_film),tt11918288,Q111280008,tmdb
912908,Strays (2023 film),https://en.wikipedia.org/wiki/Strays_(2023_film),tt15153532,Q111340524,tmdb
881164,Boston Strangler (film),https://en.wikipedia.org/wiki/Boston_Strangler_(film),tt2560078,Q110010607,tmdb
888321,Corsage (film),https://en.wikipedia.org/wiki/Corsage_(film),tt11992694,Q110158599,tmdb
899405,Anonymously Yours,https://en.wikipedia.org/wiki/Anonymously_Yours,tt16088568,Q110173645,tmdb
899082,Harry Potter 20th Anniversary: Return to Hogwarts,https://en.wikipedia.org/wiki/Harry_Potter_20th_Anniversary:_Return_to_Hogwarts,tt16116174,Q110207138,tmdb
885110,Amina (2021 film),https://en.wikipedia.org/wiki/Amina_(2021_film),tt15847872,Q110248054,tmdb
879901,Beautiful Beings,https://en.wikipedia.org/wiki/Beautiful_Beings,tt13845660,Q110613399,tmdb
897087,Freelance (2023 film),https://en.wikipedia.org/wiki/Freelance_(2023_film),tt15744298,Q110732481,tmdb
900735,Rigoberto,https://en.wikipedia.org/wiki/Rigoberto,tt0192530,Q7333844,tmdb
893690,Soft Cushions,https://en.wikipedia.org/wiki/Soft_Cushions,tt0018423,Q7553879,tmdb
875781,Nora (1923 film),https://en.wikipedia.org/wiki/Nora_(1923_film),tt0013518,Q14949900,tmdb
884795,Kasak (1992 film),https://en.wikipedia.org/wiki/Kasak_(1992_film),tt0154720,Q17064204,tmdb
898629,Slander (1916 film),https://en.wikipedia.org/wiki/Slander_(1916_film),tt0007300,Q18154096,tmdb
892969,Welcome Home (1935 film),https://en.wikipedia.org/wiki/Welcome_Home_(1935_film),tt0027191,Q21528221,tmdb
913290,Barbarian (2022 film),https://en.wikipedia.org/wiki/Barbarian_(2022_film),tt15791034,Q38526439,tmdb
861298,"I, Maureen","https://en.wikipedia.org/wiki/I,_Maureen",tt0180751,Q47500720,tmdb
900355,Silver Valley (film),https://en.wikipedia.org/wiki/Silver_Valley_(film),tt0018406,Q50280758,tmdb
888097,Slayers (film),https://en.wikipedia.org/wiki/Slayers_(film),tt9365800,Q104869933,tmdb
888268,Anek,https://en.wikipedia.org/wiki/Anek,tt13919802,Q105951056,tmdb
877269,Strange World (film),https://en.wikipedia.org/wiki/Strange_World_(film),tt10298840,Q107473453,tmdb
879067,,,tt0007754,Q10436165,tmdb
884972,,,tt15686614,Q108905808,tmdb
886953,,,tt14441788,Q110542891,tmdb
886894,,,tt12985342,Q111134432,tmdb
879538,,,tt14394620,Q114931668,tmdb
888479,,,tt15397918,Q114982429,tmdb
894246,,,tt21256038,Q115484331,tmdb
879565,,,tt15457622,Q124516509,tmdb
889813,,,tt33022333,Q130493017,tmdb
911835,,,tt18690794,Q139841484,tmdb
865463,,,,Q139841575,tmdb
894205,Werewolf by Night (TV special),https://en.wikipedia.org/wiki/Werewolf_by_Night_(TV_special),tt15318872,Q111426635,tmdb
873797,Pretty Crazy,https://en.wikipedia.org/wiki/Pretty_Crazy,tt35382678,Q111817932,tmdb
894169,Vendetta (2022 film),https://en.wikipedia.org/wiki/Vendetta_(2022_film),tt14849038,Q112074429,tmdb
869597,Reunion (2024 film),https://en.wikipedia.org/wiki/Reunion_(2024_film),tt15338966,Q112190851,tmdb
896499,Fruits Basket: Prelude,https://en.wikipedia.org/wiki/Fruits_Basket:_Prelude,tt15799550,Q112235726,tmdb
906126,Society of the Snow,https://en.wikipedia.org/wiki/Society_of_the_Snow,tt16277242,Q112252419,tmdb
882598,Smile (2022 film),https://en.wikipedia.org/wiki/Smile_(2022_film),tt15474916,Q112623225,tmdb
888195,Hot Seat (film),https://en.wikipedia.org/wiki/Hot_Seat_(film),tt15690300,Q112665799,tmdb
877703,Teen Wolf: The Movie,https://en.wikipedia.org/wiki/Teen_Wolf:_The_Movie,tt15486810,Q112939358,tmdb
912649,Venom: The Last Dance,https://en.wikipedia.org/wiki/Venom:_The_Last_Dance,tt16366836,Q113371337,tmdb
872906,Jawan (film),https://en.wikipedia.org/wiki/Jawan_(film),tt15354916,Q113493289,tmdb
911345,Viking (2022 film),https://en.wikipedia.org/wiki/Viking_(2022_film),tt21440560,Q113549036,tmdb
911430,F1 (film),https://en.wikipedia.org/wiki/F1_(film),tt16311594,Q114246242,tmdb
884605,No Hard Feelings (2023 film),https://en.wikipedia.org/wiki/No_Hard_Feelings_(2023_film),tt15671028,Q114397511,tmdb
892120,Art of Love (2022 film),https://en.wikipedia.org/wiki/Art_of_Love_(2022_film),tt5280052,Q115516938,tmdb
866398,The Beekeeper (2024 film),https://en.wikipedia.org/wiki/The_Beekeeper_(2024_film),tt15314262,Q115766625,tmdb
878961,Look Away (2021 film),https://en.wikipedia.org/wiki/Look_Away_(2021_film),tt21228320,Q115809683,tmdb
877817,Wolfs (film),https://en.wikipedia.org/wiki/Wolfs_(film),tt14257582,Q116470707,tmdb
878361,Big George Foreman,https://en.wikipedia.org/wiki/Big_George_Foreman,tt12226632,Q116600060,tmdb
884184,Consecration (film),https://en.wikipedia.org/wiki/Consecration_(film),tt14993352,Q116736421,tmdb
861451,Martin (2024 film),https://en.wikipedia.org/wiki/Martin_(2024_film),tt15334030,Q116923567,tmdb
901362,Trolls Band Together,https://en.wikipedia.org/wiki/Trolls_Band_Together,tt14362112,Q117323743,tmdb
896536,The Legend of Ochi,https://en.wikipedia.org/wiki/The_Legend_of_Ochi,tt8866456,Q117336433,tmdb
891584,The History of Sound,https://en.wikipedia.org/wiki/The_History_of_Sound,tt15799524,Q118765520,tmdb
871891,Blank (2022 film),https://en.wikipedia.org/wiki/Blank_(2022_film),tt8290476,Q120532447,tmdb
888768,Weekend Rebels,https://en.wikipedia.org/wiki/Weekend_Rebels,tt15740596,Q121470796,tmdb
897160,Brave Citizen,https://en.wikipedia.org/wiki/Brave_Citizen,tt22505214,Q123021582,tmdb
870360,The Day the Earth Blew Up,https://en.wikipedia.org/wiki/The_Day_the_Earth_Blew_Up,tt15352542,Q123234434,tmdb
881415,Love Me (2024 American film),https://en.wikipedia.org/wiki/Love_Me_(2024_American_film),tt21375602,Q123690366,tmdb
875828,Peaky Blinders: The Immortal Man,https://en.wikipedia.org/wiki/Peaky_Blinders:_The_Immortal_Man,tt15574124,Q124355470,tmdb
870028,The Accountant 2,https://en.wikipedia.org/wiki/The_Accountant_2,tt7068946,Q124848369,tmdb
883954,Broke (2025 film),https://en.wikipedia.org/wiki/Broke_(2025_film),tt35048826,Q125445898,tmdb
884882,Revealer (film),https://en.wikipedia.org/wiki/Revealer_(film),tt14661252,Q127868922,tmdb
891644,Zero (2024 film),https://en.wikipedia.org/wiki/Zero_(2024_film),tt13598080,Q133822918,tmdb
875170,Candela (film),https://en.wikipedia.org/wiki/Candela_(film),tt9803454,Q137473423,tmdb
876118,Disfluency (2021 film),https://en.wikipedia.org/wiki/Disfluency_(2021_film),tt10826774,Q138822572,tmdb
939914,Glorious (film),https://en.wikipedia.org/wiki/Glorious_(film),tt12724306,Q112629063,tmdb
917496,Beetlejuice Beetlejuice,https://en.wikipedia.org/wiki/Beetlejuice_Beetlejuice,tt2049403,Q112865900,tmdb
944401,Dogman (2023 film),https://en.wikipedia.org/wiki/Dogman_(2023_film),tt17009348,Q113005247,tmdb
930564,Saltburn (film),https://en.wikipedia.org/wiki/Saltburn_(film),tt17351924,Q113135527,tmdb
955555,The Roundup: No Way Out,https://en.wikipedia.org/wiki/The_Roundup:_No_Way_Out,tt21364552,Q113317051,tmdb
953233,The Taming of the Shrewd,https://en.wikipedia.org/wiki/The_Taming_of_the_Shrewd,tt18970380,Q111685000,tmdb
915523,Wildflower (2022 film),https://en.wikipedia.org/wiki/Wildflower_(2022_film),tt12024308,Q111817285,tmdb
937941,Shelby Oaks,https://en.wikipedia.org/wiki/Shelby_Oaks,tt14999684,Q112039665,tmdb
940139,Here (2024 film),https://en.wikipedia.org/wiki/Here_(2024_film),tt18272208,Q112054756,tmdb
934433,Scream VI,https://en.wikipedia.org/wiki/Scream_VI,tt17663992,Q112183099,tmdb
934452,Thurakkatha Vathil,https://en.wikipedia.org/wiki/Thurakkatha_Vathil,tt0156134,Q16137560,tmdb
950387,A Minecraft Movie,https://en.wikipedia.org/wiki/A_Minecraft_Movie,tt3566834,Q40083273,tmdb
935716,Psychedelia (film),https://en.wikipedia.org/wiki/Psychedelia_(film),tt4385766,Q97473847,tmdb
940812,Kettikaran,https://en.wikipedia.org/wiki/Kettikaran,tt9015484,Q105555554,tmdb
949709,High Forces,https://en.wikipedia.org/wiki/High_Forces,tt17501870,Q108749226,tmdb
930094,"Red, White & Royal Blue (film)","https://en.wikipedia.org/wiki/Red,_White_%26_Royal_Blue_(film)",tt10172266,Q108858400,tmdb
923667,Twilight of the Warriors: Walled In,https://en.wikipedia.org/wiki/Twilight_of_the_Warriors:_Walled_In,tt20316748,Q109984826,tmdb
916728,Slingshot (2024 film),https://en.wikipedia.org/wiki/Slingshot_(2024_film),tt12616480,Q110124069,tmdb
916224,Suzume,https://en.wikipedia.org/wiki/Suzume,tt16428256,Q110126272,tmdb
943930,Tin & Tina,https://en.wikipedia.org/wiki/Tin_%26_Tina,tt7354440,Q110264098,tmdb
923939,The Wonderful Story of Henry Sugar (film),https://en.wikipedia.org/wiki/The_Wonderful_Story_of_Henry_Sugar_(film),tt16968450,Q110519496,tmdb
928358,Grand Jeté,https://en.wikipedia.org/wiki/Grand_Jet%C3%A9,tt13887082,Q110827176,tmdb
931853,Agent Kannayiram,https://en.wikipedia.org/wiki/Agent_Kannayiram,tt22130488,Q110921586,tmdb
934194,Back,https://en.wikipedia.org/wiki/Slash/Back,tt9050310,Q111165689,tmdb
948713,The Last Kingdom: Seven Kings Must Die,https://en.wikipedia.org/wiki/The_Last_Kingdom:_Seven_Kings_Must_Die,tt15767808,Q111201046,tmdb
937287,Challengers (film),https://en.wikipedia.org/wiki/Challengers_(film),tt16426418,Q111458251,tmdb
937278,A Man Called Otto,https://en.wikipedia.org/wiki/A_Man_Called_Otto,tt7405458,Q111608782,tmdb
950282,The Cursed Sanctuary X,https://en.wikipedia.org/wiki/The_Cursed_Sanctuary_X,tt15535428,Q111653619,tmdb
949423,Pearl (2022 film),https://en.wikipedia.org/wiki/Pearl_(2022_film),tt18925334,Q111669794,tmdb
943793,,,tt1650414,Q3176028,tmdb
944831,,,tt0002551,Q4004626,tmdb
926984,,,tt2109157,Q22000402,tmdb
946872,,,tt2993774,Q98108889,tmdb
944303,,,tt17912040,Q102185780,tmdb
928115,,,tt14182742,Q110571514,tmdb
950363,,,tt0124231,Q110645806,tmdb
945382,,,tt14096132,Q111180354,tmdb
947612,,,tt10503988,Q113515823,tmdb
947674,,,tt31863738,Q113634050,tmdb
936374,,,tt14994254,Q114555721,tmdb
939575,,,tt17506016,Q115132941,tmdb
943165,,,tt14328348,Q118187392,tmdb
932738,,,tt10580194,Q122226464,tmdb
944865,,,tt13026738,Q124029649,tmdb
942894,,,tt11151916,Q127544006,tmdb
924307,,,tt15173232,Q130355761,tmdb
919355,,,tt13117446,Q130753803,tmdb
915982,,,tt12186098,Q130753855,tmdb
939628,,,tt0172739,Q131908631,tmdb
934384,,,tt18289752,Q133838882,tmdb
933260,The Substance,https://en.wikipedia.org/wiki/The_Substance,tt17526714,Q113380226,tmdb
937633,Sparta (film),https://en.wikipedia.org/wiki/Sparta_(film),tt18162296,Q113382725,tmdb
948549,Love Lies Bleeding (2024 film),https://en.wikipedia.org/wiki/Love_Lies_Bleeding_(2024_film),tt19637052,Q113488690,tmdb
941019,LOLA (film),https://en.wikipedia.org/wiki/LOLA_(film),tt11366674,Q113557794,tmdb
932086,Horizon: An American Saga – Chapter 1,https://en.wikipedia.org/wiki/Horizon:_An_American_Saga_%E2%80%93_Chapter_1,tt17505010,Q124670101,tmdb
940241,97 Minutes,https://en.wikipedia.org/wiki/97_Minutes,tt16496386,Q114068370,tmdb
916423,Oink (2022 film),https://en.wikipedia.org/wiki/Oink_(2022_film),tt16445248,Q114347957,tmdb
945729,A Haunting in Venice,https://en.wikipedia.org/wiki/A_Haunting_in_Venice,tt22687790,Q114589148,tmdb
926393,The Equalizer 3,https://en.wikipedia.org/wiki/The_Equalizer_3,tt17024450,Q114818951,tmdb
956842,Fly Me to the Moon (2024 film),https://en.wikipedia.org/wiki/Fly_Me_to_the_Moon_(2024_film),tt1896747,Q115057826,tmdb
952217,King Tweety,https://en.wikipedia.org/wiki/King_Tweety,tt18951472,Q115668850,tmdb
951491,Saw X,https://en.wikipedia.org/wiki/Saw_X,tt21807222,Q115734942,tmdb
943934,Dragonflies (film),https://en.wikipedia.org/wiki/Dragonflies_(film),tt15327522,Q115816269,tmdb
939243,Sonic the Hedgehog 3 (film),https://en.wikipedia.org/wiki/Sonic_the_Hedgehog_3_(film),tt18259086,Q115859490,tmdb
945961,Alien: Romulus,https://en.wikipedia.org/wiki/Alien:_Romulus,tt18412256,Q115932544,tmdb
955916,Lift (2024 film),https://en.wikipedia.org/wiki/Lift_(2024_film),tt14371878,Q116431968,tmdb
934207,Sissy (film),https://en.wikipedia.org/wiki/Sissy_(film),tt9602472,Q116621412,tmdb
933419,Champions (2023 film),https://en.wikipedia.org/wiki/Champions_(2023_film),tt15339570,Q116635541,tmdb
936075,Michael (2026 film),https://en.wikipedia.org/wiki/Michael_(2026_film),tt11378946,Q116677364,tmdb
950396,The Gorge (film),https://en.wikipedia.org/wiki/The_Gorge_(film),tt13654226,Q116971304,tmdb
915935,Anatomy of a Fall,https://en.wikipedia.org/wiki/Anatomy_of_a_Fall,tt17009710,Q117037697,tmdb
953713,Parachute (film),https://en.wikipedia.org/wiki/Parachute_(film),tt21057800,Q117130193,tmdb
940551,Migration (2023 film),https://en.wikipedia.org/wiki/Migration_(2023_film),tt6495056,Q117457809,tmdb
957304,Drive-Away Dolls,https://en.wikipedia.org/wiki/Drive-Away_Dolls,tt19356262,Q117769481,tmdb
931285,Mortal Kombat II (film),https://en.wikipedia.org/wiki/Mortal_Kombat_II_(film),tt17490712,Q117830073,tmdb
913673,Nefarious (film),https://en.wikipedia.org/wiki/Nefarious_(film),tt14537248,Q117842622,tmdb
938614,Late Night with the Devil,https://en.wikipedia.org/wiki/Late_Night_with_the_Devil,tt14966898,Q119718080,tmdb
953928,Atrabilious,https://en.wikipedia.org/wiki/Atrabilious,tt17604312,Q119819384,tmdb
927107,The Bricklayer,https://en.wikipedia.org/wiki/The_Bricklayer,tt2016303,Q120001910,tmdb
956262,The Kitchen (2023 film),https://en.wikipedia.org/wiki/The_Kitchen_(2023_film),tt4460800,Q121544678,tmdb
934632,Rebel Moon – Part Two: The Scargiver,https://en.wikipedia.org/wiki/Rebel_Moon_%E2%80%93_Part_Two:_The_Scargiver,tt23137904,Q121741971,tmdb
927254,The Twits (film),https://en.wikipedia.org/wiki/The_Twits_(film),tt0498396,Q122699348,tmdb
926606,The Home (2025 American film),https://en.wikipedia.org/wiki/The_Home_(2025_American_film),tt17023012,Q123050485,tmdb
927342,Amaran (2024 film),https://en.wikipedia.org/wiki/Amaran_(2024_film),tt27118357,Q123119123,tmdb
936245,Hidden Face,https://en.wikipedia.org/wiki/Hidden_Face,tt34490115,Q123354204,tmdb
933131,Badland Hunters,https://en.wikipedia.org/wiki/Badland_Hunters,tt29722855,Q123469290,tmdb
936108,Smurfs (film),https://en.wikipedia.org/wiki/Smurfs_(film),tt18069420,Q124125148,tmdb
941109,Play Dirty (2025 film),https://en.wikipedia.org/wiki/Play_Dirty_(2025_film),tt18392014,Q124353875,tmdb
955783,6 Festivals,https://en.wikipedia.org/wiki/6_Festivals,tt20102688,Q126035353,tmdb
929204,Wallace & Gromit: Vengeance Most Fowl,https://en.wikipedia.org/wiki/Wallace_%26_Gromit:_Vengeance_Most_Fowl,tt17163970,Q126390903,tmdb
920708,Varanasi (film),https://en.wikipedia.org/wiki/Varanasi_(film),tt21438726,Q133231406,tmdb
968051,The Nun II,https://en.wikipedia.org/wiki/The_Nun_II,tt10160976,Q111784581,tmdb
974036,Ordinary Angels (film),https://en.wikipedia.org/wiki/Ordinary_Angels_(film),tt4996328,Q112124784,tmdb
986056,Thunderbolts*,https://en.wikipedia.org/wiki/Thunderbolts*,tt20969586,Q112322474,tmdb
962228,Lambingan,https://en.wikipedia.org/wiki/Lambingan,tt0483031,Q6481480,tmdb
961545,Aadharshila,https://en.wikipedia.org/wiki/Aadharshila,tt0177480,Q11012137,tmdb
992976,Cheaters (1934 film),https://en.wikipedia.org/wiki/Cheaters_(1934_film),tt0024971,Q55607176,tmdb
960875,The Chalk Line,https://en.wikipedia.org/wiki/The_Chalk_Line,tt12683756,Q107093974,tmdb
961323,Nimona (film),https://en.wikipedia.org/wiki/Nimona_(film),tt19500164,Q111165179,tmdb
966220,Sniper: The White Raven,https://en.wikipedia.org/wiki/Sniper:_The_White_Raven,tt19465630,Q111646455,tmdb
965150,Aftersun,https://en.wikipedia.org/wiki/Aftersun,tt19770238,Q111668106,tmdb
961484,Last Seen Alive,https://en.wikipedia.org/wiki/Last_Seen_Alive,tt10242388,Q112343991,tmdb
957457,Moonage Daydream (film),https://en.wikipedia.org/wiki/Moonage_Daydream_(film),tt9883832,Q112454289,tmdb
976573,Elemental (2023 film),https://en.wikipedia.org/wiki/Elemental_(2023_film),tt15789038,Q112801489,tmdb
980489,Gran Turismo (film),https://en.wikipedia.org/wiki/Gran_Turismo_(film),tt4495098,Q112909147,tmdb
957452,The Crow (2024 film),https://en.wikipedia.org/wiki/The_Crow_(2024_film),tt1340094,Q113300899,tmdb
985939,Fall (2022 film),https://en.wikipedia.org/wiki/Fall_(2022_film),tt15325794,Q113470320,tmdb
994108,All of Us Strangers,https://en.wikipedia.org/wiki/All_of_Us_Strangers,tt21192142,Q113516747,tmdb
980026,The Promised Land (2023 film),https://en.wikipedia.org/wiki/The_Promised_Land_(2023_film),tt20561198,Q112977212,tmdb
969681,Spider-Man: Brand New Day,https://en.wikipedia.org/wiki/Spider-Man:_Brand_New_Day,tt22084616,Q113244935,tmdb
967847,Ghostbusters: Frozen Empire,https://en.wikipedia.org/wiki/Ghostbusters:_Frozen_Empire,tt21235248,Q113300586,tmdb
972230,Maybe I Do,https://en.wikipedia.org/wiki/Maybe_I_Do,tt20879602,Q114000249,tmdb
974250,Greedy People (film),https://en.wikipedia.org/wiki/Greedy_People_(film),tt20201748,Q114352426,tmdb
974635,Hit Man (2023 film),https://en.wikipedia.org/wiki/Hit_Man_(2023_film),tt20215968,Q114437078,tmdb
967941,Wicked: For Good,https://en.wikipedia.org/wiki/Wicked:_For_Good,tt19847976,Q114817050,tmdb
990140,Sakra (film),https://en.wikipedia.org/wiki/Sakra_(film),tt22488024,Q115599751,tmdb
964980,Air (2023 American film),https://en.wikipedia.org/wiki/Air_(2023_American_film),tt16419074,Q115625646,tmdb
994143,Skinamarink,https://en.wikipedia.org/wiki/Skinamarink,tt21307994,Q115818765,tmdb
957314,The Passenger (2023 American film),https://en.wikipedia.org/wiki/The_Passenger_(2023_American_film),tt21979910,Q115857593,tmdb
974262,Descendants: The Rise of Red,https://en.wikipedia.org/wiki/Descendants:_The_Rise_of_Red,tt20202136,Q115941750,tmdb
974453,Absolution (2024 film),https://en.wikipedia.org/wiki/Absolution_(2024_film),tt8337290,Q116029515,tmdb
961268,Ballerina (2023 film),https://en.wikipedia.org/wiki/Ballerina_(2023_film),tt26350277,Q116232642,tmdb
976581,Femme (film),https://en.wikipedia.org/wiki/Femme_(film),tt20114686,Q116250318,tmdb
976830,,,tt20452218,Q3119251,tmdb
971355,,,tt0040294,Q10474543,tmdb
975420,,,tt0121535,Q18693427,tmdb
985698,,,tt0130383,Q20729770,tmdb
972951,,,tt0275046,Q24008563,tmdb
976907,,,tt1785579,Q44874168,tmdb
980388,,,tt0012706,Q63986690,tmdb
958569,,,tt0277621,Q104895122,tmdb
965022,,,tt14915600,Q111797767,tmdb
960815,,,tt20383014,Q111906184,tmdb
991610,,,tt21265054,Q112180367,tmdb
984262,,,tt20855776,Q112784712,tmdb
960057,,,tt14200996,Q114081248,tmdb
988078,,,tt21245882,Q114201306,tmdb
986263,,,tt15289678,Q116636278,tmdb
987912,,,tt8933310,Q130696055,tmdb
960486,,,tt13885330,Q130696166,tmdb
982932,,,tt11069220,Q132657291,tmdb
989798,,,,Q136094001,tmdb
977168,,,tt20258222,Q136952667,tmdb
987686,A Family Affair (2024 film),https://en.wikipedia.org/wiki/A_Family_Affair_(2024_film),tt21051906,Q116599963,tmdb
974576,Conclave (film),https://en.wikipedia.org/wiki/Conclave_(film),tt20215234,Q116701124,tmdb
977294,Tin Soldier (film),https://en.wikipedia.org/wiki/Tin_Soldier_(film),tt20258920,Q116735906,tmdb
993710,Back in Action (2025 film),https://en.wikipedia.org/wiki/Back_in_Action_(2025_film),tt21191806,Q116971739,tmdb
974663,200% Wolf,https://en.wikipedia.org/wiki/200%25_Wolf,tt27722575,Q117038174,tmdb
969492,Land of Bad,https://en.wikipedia.org/wiki/Land_of_Bad,tt19864802,Q117176605,tmdb
976893,Perfect Days,https://en.wikipedia.org/wiki/Perfect_Days,tt27503384,Q117663112,tmdb
977871,Even If This Love Disappears From the World Tonight (2022 film),https://en.wikipedia.org/wiki/Even_If_This_Love_Disappears_From_the_World_Tonight_(2022_film),tt21115444,Q117886591,tmdb
959604,Beating Hearts,https://en.wikipedia.org/wiki/Beating_Hearts,tt27490099,Q118567428,tmdb
991494,The SpongeBob Movie: Search for SquarePants,https://en.wikipedia.org/wiki/The_SpongeBob_Movie:_Search_for_SquarePants,tt23572848,Q118847776,tmdb
961718,Medellin (film),https://en.wikipedia.org/wiki/Medellin_(film),tt27714278,Q118945384,tmdb
972533,Last Breath (2025 film),https://en.wikipedia.org/wiki/Last_Breath_(2025_film),tt14403504,Q119225271,tmdb
991754,Swimming Home (film),https://en.wikipedia.org/wiki/Swimming_Home_(film),tt10225378,Q122741027,tmdb
974950,Emilia Pérez,https://en.wikipedia.org/wiki/Emilia_P%C3%A9rez,tt20221436,Q123928072,tmdb
983044,The Arctic Convoy,https://en.wikipedia.org/wiki/The_Arctic_Convoy,tt27724113,Q124305431,tmdb
986355,Girls State (film),https://en.wikipedia.org/wiki/Girls_State_(film),tt30259532,Q124311946,tmdb
971468,Knight of Fortune,https://en.wikipedia.org/wiki/Knight_of_Fortune,tt26600054,Q124341370,tmdb
982843,The Great Flood (film),https://en.wikipedia.org/wiki/The_Great_Flood_(film),tt29927663,Q124436027,tmdb
993708,The Threesome,https://en.wikipedia.org/wiki/The_Threesome,tt21187592,Q124630194,tmdb
974573,Another Simple Favor,https://en.wikipedia.org/wiki/Another_Simple_Favor,tt20214908,Q125371155,tmdb
971968,Being Maria,https://en.wikipedia.org/wiki/Being_Maria,tt19995770,Q125665892,tmdb
988361,Shepherds (film),https://en.wikipedia.org/wiki/Shepherds_(film),tt29634258,Q127312272,tmdb
972232,K-Pops!,https://en.wikipedia.org/wiki/K-Pops!,tt19896510,Q127414328,tmdb
970450,Werewolves (film),https://en.wikipedia.org/wiki/Werewolves_(film),tt15041836,Q127601395,tmdb
989730,Mononoke the Movie: Phantom in the Rain,https://en.wikipedia.org/wiki/Mononoke_the_Movie:_Phantom_in_the_Rain,tt32574149,Q128153071,tmdb
987400,Aztec Batman: Clash of Empires,https://en.wikipedia.org/wiki/Aztec_Batman:_Clash_of_Empires,tt21110654,Q130267916,tmdb
986097,Him (2025 film),https://en.wikipedia.org/wiki/Him_(2025_film),tt20990442,Q130410549,tmdb
965483,Parasakthi (2026 film),https://en.wikipedia.org/wiki/Parasakthi_(2026_film),tt35019998,Q131445677,tmdb
978796,Bagman (2024 film),https://en.wikipedia.org/wiki/Bagman_(2024_film),tt21201300,Q131873061,tmdb
980477,Ne Zha 2,https://en.wikipedia.org/wiki/Ne_Zha_2,tt34956443,Q131937861,tmdb
1019317,Stolen (2024 film),https://en.wikipedia.org/wiki/Stolen_(2024_film),tt21955196,Q113676440,tmdb
1022789,Inside Out 2,https://en.wikipedia.org/wiki/Inside_Out_2,tt22022452,Q113877606,tmdb
1022787,Elio (film),https://en.wikipedia.org/wiki/Elio_(film),tt4900148,Q113879962,tmdb
1022796,Wish (film),https://en.wikipedia.org/wiki/Wish_(film),tt11304740,Q113883193,tmdb
1004642,Amanda (2022 film),https://en.wikipedia.org/wiki/Amanda_(2022_film),tt18469872,Q114031155,tmdb
1010600,The Strangers: Chapter 1,https://en.wikipedia.org/wiki/The_Strangers:_Chapter_1,tt22050754,Q114073140,tmdb
999125,Filip (film),https://en.wikipedia.org/wiki/Filip_(film),tt15460742,Q114095472,tmdb
1022256,Selena Gomez: My Mind & Me,https://en.wikipedia.org/wiki/Selena_Gomez:_My_Mind_%26_Me,tt21819250,Q114315603,tmdb
1029955,Kinds of Kindness,https://en.wikipedia.org/wiki/Kinds_of_Kindness,tt22408160,Q114345051,tmdb
1011985,Kung Fu Panda 4,https://en.wikipedia.org/wiki/Kung_Fu_Panda_4,tt21692408,Q114707487,tmdb
1020006,Priscilla (film),https://en.wikipedia.org/wiki/Priscilla_(film),tt22041854,Q115115152,tmdb
1017163,The Roundup: Punishment,https://en.wikipedia.org/wiki/The_Roundup:_Punishment,tt27811040,Q115283311,tmdb
997955,Fairyland (film),https://en.wikipedia.org/wiki/Fairyland_(film),tt20601972,Q115631713,tmdb
1026463,Girl (2023 film),https://en.wikipedia.org/wiki/Girl_(2023_film),tt8649352,Q115684599,tmdb
1014566,Bruiser (2022 film),https://en.wikipedia.org/wiki/Bruiser_(2022_film),tt21833464,Q115804626,tmdb
1005331,Carry-On,https://en.wikipedia.org/wiki/Carry-On,tt21382296,Q115917655,tmdb
1028196,Nickel Boys,https://en.wikipedia.org/wiki/Nickel_Boys,tt23055660,Q116030637,tmdb
1023922,MaXXXine,https://en.wikipedia.org/wiki/MaXXXine,tt22048412,Q116032682,tmdb
995368,Mr. Theertha,https://en.wikipedia.org/wiki/Mr._Theertha,tt2950478,Q6929245,tmdb
1007638,Rodeo (1952 film),https://en.wikipedia.org/wiki/Rodeo_(1952_film),tt0045096,Q16597656,tmdb
1007159,Disturbance (1942 film),https://en.wikipedia.org/wiki/Disturbance_(1942_film),tt0034316,Q28000824,tmdb
999542,The Customs Judge,https://en.wikipedia.org/wiki/The_Customs_Judge,tt0464199,Q28130528,tmdb
1027073,In the Land of Saints and Sinners,https://en.wikipedia.org/wiki/In_the_Land_of_Saints_and_Sinners,tt15782690,Q112054623,tmdb
1003596,Avengers: Doomsday,https://en.wikipedia.org/wiki/Avengers:_Doomsday,tt21357150,Q113244839,tmdb
1003598,Avengers: Secret Wars,https://en.wikipedia.org/wiki/Avengers:_Secret_Wars,tt21361444,Q113244842,tmdb
1008409,The Bikeriders,https://en.wikipedia.org/wiki/The_Bikeriders,tt21454134,Q113668560,tmdb
1000837,I'm Still Here (2024 film),https://en.wikipedia.org/wiki/I%27m_Still_Here_(2024_film),tt14961016,Q124262351,tmdb
1001311,Under Paris,https://en.wikipedia.org/wiki/Under_Paris,tt13964390,Q124291916,tmdb
1022453,The RajaSaab,https://en.wikipedia.org/wiki/The_RajaSaab,tt23790696,Q124301053,tmdb
1025881,Bobcat Moretti,https://en.wikipedia.org/wiki/Bobcat_Moretti,tt10846008,Q124351037,tmdb
1028248,As Good as Dead (2022 film),https://en.wikipedia.org/wiki/As_Good_as_Dead_(2022_film),tt15131266,Q124532582,tmdb
1024452,French Girl,https://en.wikipedia.org/wiki/French_Girl,tt23319892,Q124605382,tmdb
1026377,Sanctioning Evil,https://en.wikipedia.org/wiki/Sanctioning_Evil,tt12844586,Q125249016,tmdb
1001414,Fear Street: Prom Queen,https://en.wikipedia.org/wiki/Fear_Street:_Prom_Queen,tt31433402,Q125578001,tmdb
1001684,Niki (2024 film),https://en.wikipedia.org/wiki/Niki_(2024_film),tt26656556,Q125751075,tmdb
1009640,Valiant One,https://en.wikipedia.org/wiki/Valiant_One,tt21442114,Q125894001,tmdb
999621,Brats (2024 film),https://en.wikipedia.org/wiki/Brats_(2024_film),tt15823728,Q126289247,tmdb
1007734,Nobody 2,https://en.wikipedia.org/wiki/Nobody_2,tt28996126,Q126682448,tmdb
1002161,Transamazonia,https://en.wikipedia.org/wiki/Transamazonia,tt28523931,Q127386034,tmdb
1008953,Incoming (film),https://en.wikipedia.org/wiki/Incoming_(film),tt21284218,Q127788495,tmdb
1013482,Borderline (2025 film),https://en.wikipedia.org/wiki/Borderline_(2025_film),tt13650814,Q130381570,tmdb
1034716,People We Meet on Vacation (film),https://en.wikipedia.org/wiki/People_We_Meet_on_Vacation_(film),tt22740896,Q130581843,tmdb
1013446,Reflection in a Dead Diamond,https://en.wikipedia.org/wiki/Reflection_in_a_Dead_Diamond,tt32263401,Q131840218,tmdb
999075,Left-Handed Girl,https://en.wikipedia.org/wiki/Left-Handed_Girl,tt27722618,Q133871355,tmdb
1033177,Infinite Summer (film),https://en.wikipedia.org/wiki/Infinite_Summer_(film),tt15553152,Q135618157,tmdb
1006494,,,tt0303265,Q85977050,tmdb
1026951,,,tt0113424,Q101068607,tmdb
1033462,,,tt10210064,Q109345157,tmdb
1033219,,,tt22408766,Q118187296,tmdb
1000094,,,tt24156250,Q118187398,tmdb
1000173,,,tt18939056,Q118187499,tmdb
1018582,,,tt15384378,Q118531053,tmdb
994887,,,tt21189854,Q121373503,tmdb
1027269,,,tt22179870,Q122486968,tmdb
1018728,,,tt28080273,Q124334053,tmdb
1032681,,,tt33292899,Q124482831,tmdb
1025463,,,tt16427902,Q125986111,tmdb
1025763,,,tt0095789,Q129686970,tmdb
1020822,,,tt27503400,Q130335914,tmdb
998390,,,tt15145268,Q130753811,tmdb
1025527,,,tt29610108,Q131560840,tmdb
999140,,,tt32284798,Q134910447,tmdb
1027867,,,tt24354288,Q135054289,tmdb
1008042,Talk to Me (2022 film),https://en.wikipedia.org/wiki/Talk_to_Me_(2022_film),tt10638522,Q116193178,tmdb
1001835,Wifelike,https://en.wikipedia.org/wiki/Wifelike,tt15978956,Q116214062,tmdb
1018754,Shortcomings (film),https://en.wikipedia.org/wiki/Shortcomings_(film),tt14483774,Q116301522,tmdb
998846,Back to Black (film),https://en.wikipedia.org/wiki/Back_to_Black_(film),tt21261712,Q116507926,tmdb
1029575,The Family Plan,https://en.wikipedia.org/wiki/The_Family_Plan,tt16431870,Q116675252,tmdb
1024604,Frozen 3,https://en.wikipedia.org/wiki/Frozen_3,tt26680923,Q116740642,tmdb
1032666,Bunker (2022 film),https://en.wikipedia.org/wiki/Bunker_(2022_film),tt8010064,Q117100822,tmdb
1014590,Upgraded (film),https://en.wikipedia.org/wiki/Upgraded_(film),tt21830902,Q117336418,tmdb
1014505,Overlord: The Sacred Kingdom,https://en.wikipedia.org/wiki/Overlord:_The_Sacred_Kingdom,tt14603848,Q117350228,tmdb
1033148,Die My Love,https://en.wikipedia.org/wiki/Die_My_Love,tt9362736,Q117745793,tmdb
995757,The Rapture (2023 film),https://en.wikipedia.org/wiki/The_Rapture_(2023_film),tt27531109,Q117786027,tmdb
995746,Rosalie (2023 film),https://en.wikipedia.org/wiki/Rosalie_(2023_film),tt26342863,Q118382825,tmdb
1010581,My Fault (film),https://en.wikipedia.org/wiki/My_Fault_(film),tt21909764,Q119205965,tmdb
995926,"I, the Executioner (2024 film)","https://en.wikipedia.org/wiki/I,_the_Executioner_(2024_film)",tt30287778,Q119680224,tmdb
1034541,Terrifier 3,https://en.wikipedia.org/wiki/Terrifier_3,tt27911000,Q119821866,tmdb
1005972,The Hypnosis (film),https://en.wikipedia.org/wiki/The_Hypnosis_(film),tt27789180,Q120186741,tmdb
1019444,Zombie Town,https://en.wikipedia.org/wiki/Zombie_Town,tt21431644,Q120442655,tmdb
1002155,Monsieur Aznavour,https://en.wikipedia.org/wiki/Monsieur_Aznavour,tt26743414,Q121118356,tmdb
1010756,The Strangers – Chapter 2,https://en.wikipedia.org/wiki/The_Strangers_%E2%80%93_Chapter_2,tt28671344,Q122396990,tmdb
1010755,The Strangers – Chapter 3,https://en.wikipedia.org/wiki/The_Strangers_%E2%80%93_Chapter_3,tt28682323,Q122396992,tmdb
1029281,Strange Darling,https://en.wikipedia.org/wiki/Strange_Darling,tt22375054,Q122871525,tmdb
999582,Babes (film),https://en.wikipedia.org/wiki/Babes_(film),tt21276958,Q123144594,tmdb
1012201,Haikyu!! The Dumpster Battle,https://en.wikipedia.org/wiki/Haikyu!!_The_Dumpster_Battle,tt30476486,Q123354229,tmdb
1013850,A Real Pain,https://en.wikipedia.org/wiki/A_Real_Pain,tt21823606,Q123690368,tmdb
1032823,Trap (2024 film),https://en.wikipedia.org/wiki/Trap_(2024_film),tt26753003,Q124077893,tmdb
1032472,Touch (2024 film),https://en.wikipedia.org/wiki/Touch_(2024_film),tt23468836,Q124153295,tmdb
997113,Hedda (2025 film),https://en.wikipedia.org/wiki/Hedda_(2025_film),tt27953589,Q124215661,tmdb
1011477,Karate Kid: Legends,https://en.wikipedia.org/wiki/Karate_Kid:_Legends,tt1674782,Q124246470,tmdb
1072876,Self Reliance (film),https://en.wikipedia.org/wiki/Self_Reliance_(film),tt26084002,Q116178605,tmdb
1071585,M3GAN 2.0,https://en.wikipedia.org/wiki/M3GAN_2.0,tt26342662,Q116258185,tmdb
1061474,Superman (2025 film),https://en.wikipedia.org/wiki/Superman_(2025_film),tt5950044,Q116547790,tmdb
1041613,Immaculate (2024 film),https://en.wikipedia.org/wiki/Immaculate_(2024_film),tt23137390,Q116980365,tmdb
1054867,One Battle After Another,https://en.wikipedia.org/wiki/One_Battle_After_Another,tt30144839,Q117085614,tmdb
1040148,"Ruby Gillman, Teenage Kraken","https://en.wikipedia.org/wiki/Ruby_Gillman,_Teenage_Kraken",tt27155038,Q117188308,tmdb
1072567,Infiesto,https://en.wikipedia.org/wiki/Infiesto,tt15789492,Q117192621,tmdb
1071215,Thanksgiving (2023 film),https://en.wikipedia.org/wiki/Thanksgiving_(2023_film),tt1448754,Q117210104,tmdb
1059064,The Instigators,https://en.wikipedia.org/wiki/The_Instigators,tt24169886,Q117279005,tmdb
1055077,Mustache (film),https://en.wikipedia.org/wiki/Mustache_(film),tt12785062,Q117289883,tmdb
1062807,Spy × Family Code: White,https://en.wikipedia.org/wiki/Spy_%C3%97_Family_Code:_White,tt26684398,Q117305646,tmdb
1056803,Rascal Does Not Dream of a Sister Venturing Out,https://en.wikipedia.org/wiki/Rascal_Does_Not_Dream_of_a_Sister_Venturing_Out,tt27348312,Q116608682,tmdb
1049942,Bambi: The Reckoning,https://en.wikipedia.org/wiki/Bambi:_The_Reckoning,tt23621682,Q116608699,tmdb
1050035,Monster (2023 Japanese film),https://en.wikipedia.org/wiki/Monster_(2023_Japanese_film),tt23736044,Q116687945,tmdb
1058619,Divinity (film),https://en.wikipedia.org/wiki/Divinity_(film),tt15444046,Q116745247,tmdb
1059128,Queer (film),https://en.wikipedia.org/wiki/Queer_(film),tt24176060,Q116771681,tmdb
1064312,Waktu Maghrib,https://en.wikipedia.org/wiki/Waktu_Maghrib,tt25872924,Q116776087,tmdb
1063422,The Strays (film),https://en.wikipedia.org/wiki/The_Strays_(film),tt16437278,Q116783716,tmdb
1068518,Haunted Heart (film),https://en.wikipedia.org/wiki/Haunted_Heart_(film),tt21881904,Q116824715,tmdb
1043905,Dirty Angels,https://en.wikipedia.org/wiki/Dirty_Angels,tt23872640,Q116881172,tmdb
1054855,Monte Carlo (1926 film),https://en.wikipedia.org/wiki/Monte_Carlo_(1926_film),tt0017166,Q3861315,tmdb
1073609,Bhagyavantha,https://en.wikipedia.org/wiki/Bhagyavantha,tt0260737,Q4900716,tmdb
1054848,Mike (1926 film),https://en.wikipedia.org/wiki/Mike_(1926_film),tt0017148,Q6845816,tmdb
1052930,Kvarterets olycksfågel,https://en.wikipedia.org/wiki/Kvarterets_olycksf%C3%A5gel,tt0040518,Q10551025,tmdb
1061230,Barati (1954 film),https://en.wikipedia.org/wiki/Barati_(1954_film),tt0246453,Q10967874,tmdb
1040311,Tingel-Tangel (1927 film),https://en.wikipedia.org/wiki/Tingel-Tangel_(1927_film),tt0205470,Q23012049,tmdb
1059007,Agra (2023 film),https://en.wikipedia.org/wiki/Agra_(2023_film),tt11112532,Q85740122,tmdb
1061010,Eloise (Playhouse 90),https://en.wikipedia.org/wiki/Eloise_(Playhouse_90),tt0675565,Q104858142,tmdb
1064307,Spermageddon,https://en.wikipedia.org/wiki/Spermageddon,tt14828040,Q112131932,tmdb
1038392,The Conjuring: Last Rites,https://en.wikipedia.org/wiki/The_Conjuring:_Last_Rites,tt22898462,Q114802043,tmdb
1057006,Sight (2023 film),https://en.wikipedia.org/wiki/Sight_(2023_film),tt12873300,Q115802711,tmdb
1063307,Pavements (film),https://en.wikipedia.org/wiki/Pavements_(film),tt30253514,Q115866950,tmdb
1064028,Subservience,https://en.wikipedia.org/wiki/Subservience,tt24871974,Q116171325,tmdb
1072278,,,tt0492081,Q6068321,tmdb
1053460,,,tt10397782,Q64213154,tmdb
1052671,,,tt10457390,Q93310766,tmdb
1067208,,,tt23058622,Q112479614,tmdb
1052025,,,tt17351870,Q115443428,tmdb
1053544,,,tt22016156,Q116147037,tmdb
1058906,,,tt25994796,Q122932658,tmdb
1071640,,,tt32272771,Q123330657,tmdb
1071561,,,tt23710508,Q125938925,tmdb
1072890,,,tt7122126,Q126942952,tmdb
1063875,,,tt30192483,Q130610815,tmdb
1056272,,,tt30448039,Q131017364,tmdb
1041513,,,tt22695080,Q131549830,tmdb
1072699,,,tt36265413,Q136800619,tmdb
1048923,,,tt15823456,Q137638878,tmdb
1035048,Elevation (film),https://en.wikipedia.org/wiki/Elevation_(film),tt23558280,Q117455307,tmdb
1066262,The Convert,https://en.wikipedia.org/wiki/The_Convert,tt20113412,Q117599075,tmdb
1073112,The Summer Book (film),https://en.wikipedia.org/wiki/The_Summer_Book_(film),tt26940053,Q117712753,tmdb
1075175,How to Have Sex,https://en.wikipedia.org/wiki/How_to_Have_Sex,tt22890246,Q117753851,tmdb
1072342,Night Swim,https://en.wikipedia.org/wiki/Night_Swim,tt9682428,Q117842595,tmdb
1051896,Arcadian (film),https://en.wikipedia.org/wiki/Arcadian_(film),tt22939186,Q118402587,tmdb
1072790,Anyone but You,https://en.wikipedia.org/wiki/Anyone_but_You,tt26047818,Q118405167,tmdb
1039690,Desperation Road,https://en.wikipedia.org/wiki/Desperation_Road,tt14633464,Q120145267,tmdb
1048241,My Spy: The Eternal City,https://en.wikipedia.org/wiki/My_Spy:_The_Eternal_City,tt12930350,Q120487741,tmdb
1066767,S5 No Exit,https://en.wikipedia.org/wiki/S5_No_Exit,tt15566126,Q120970333,tmdb
1043197,Dust Bunny,https://en.wikipedia.org/wiki/Dust_Bunny,tt23172090,Q121572303,tmdb
1038263,Maria (2024 film),https://en.wikipedia.org/wiki/Maria_(2024_film),tt22893404,Q122203155,tmdb
1039227,Suze (film),https://en.wikipedia.org/wiki/Suze_(film),tt20597364,Q122237683,tmdb
1040892,Slotherhouse,https://en.wikipedia.org/wiki/Slotherhouse,tt15422224,Q122723743,tmdb
1064551,Bela Luna,https://en.wikipedia.org/wiki/Bela_Luna,tt26426489,Q122848109,tmdb
1073547,Victoire (2023 film),https://en.wikipedia.org/wiki/Victoire_(2023_film),tt23831488,Q123010177,tmdb
1068452,Hi Nanna,https://en.wikipedia.org/wiki/Hi_Nanna,tt25433734,Q123169099,tmdb
1064213,Anora,https://en.wikipedia.org/wiki/Anora,tt28607951,Q123185887,tmdb
1042834,Eden (2024 film),https://en.wikipedia.org/wiki/Eden_(2024_film),tt23149780,Q123472177,tmdb
1052280,It's What's Inside,https://en.wikipedia.org/wiki/It%27s_What%27s_Inside,tt14577874,Q124093311,tmdb
1045938,G20 (film),https://en.wikipedia.org/wiki/G20_(film),tt23476986,Q124337176,tmdb
1062722,Frankenstein (2025 film),https://en.wikipedia.org/wiki/Frankenstein_(2025_film),tt1312221,Q124393045,tmdb
1069945,Manjummel Boys,https://en.wikipedia.org/wiki/Manjummel_Boys,tt26458038,Q124636001,tmdb
1045931,Crew (film),https://en.wikipedia.org/wiki/Crew_(film),tt21383812,Q124656178,tmdb
1064486,Memoir of a Snail,https://en.wikipedia.org/wiki/Memoir_of_a_Snail,tt23770030,Q124656179,tmdb
1069905,Jay Kelly,https://en.wikipedia.org/wiki/Jay_Kelly,tt30446847,Q124829697,tmdb
1035259,The Naked Gun (2025 film),https://en.wikipedia.org/wiki/The_Naked_Gun_(2025_film),tt3402138,Q125908027,tmdb
1046183,I Am Kathalan,https://en.wikipedia.org/wiki/I_Am_Kathalan,tt23577326,Q127868831,tmdb
1049082,Jumbo (2025 film),https://en.wikipedia.org/wiki/Jumbo_(2025_film),tt27433995,Q131543063,tmdb
1073973,Dead Lover,https://en.wikipedia.org/wiki/Dead_Lover,tt27378311,Q131920948,tmdb
1063639,Satranic Panic,https://en.wikipedia.org/wiki/Satranic_Panic,tt26921539,Q135919996,tmdb
1062545,OCD (film),https://en.wikipedia.org/wiki/OCD_(film),tt39393751,Q137874897,tmdb
1081003,Supergirl (2026 film),https://en.wikipedia.org/wiki/Supergirl_(2026_film),tt8814476,Q116921951,tmdb
1083658,Scoop (2024 film),https://en.wikipedia.org/wiki/Scoop_(2024_film),tt21279806,Q116954564,tmdb
1094403,Malum (film),https://en.wikipedia.org/wiki/Malum_(film),tt9472334,Q116971485,tmdb
1102493,Small Things like These (film),https://en.wikipedia.org/wiki/Small_Things_like_These_(film),tt27196021,Q117255424,tmdb
1094138,Jackpot! (film),https://en.wikipedia.org/wiki/Jackpot!_(film),tt26940324,Q117312560,tmdb
1093974,Backspot,https://en.wikipedia.org/wiki/Backspot,tt26739710,Q117421907,tmdb
1100099,We Live in Time,https://en.wikipedia.org/wiki/We_Live_in_Time,tt27131358,Q117425181,tmdb
1079091,It Ends with Us (film),https://en.wikipedia.org/wiki/It_Ends_with_Us_(film),tt10655524,Q118641054,tmdb
1087192,How to Train Your Dragon (2025 film),https://en.wikipedia.org/wiki/How_to_Train_Your_Dragon_(2025_film),tt26743210,Q118904382,tmdb
1108427,Moana (2026 film),https://en.wikipedia.org/wiki/Moana_(2026_film),tt27419466,Q118996994,tmdb
1076348,Love (1956 film),https://en.wikipedia.org/wiki/Love_(1956_film),tt0049438,Q83783193,tmdb
1077670,Limbo (2023 film),https://en.wikipedia.org/wiki/Limbo_(2023_film),tt21833834,Q116316729,tmdb
1083862,Resident Evil: Death Island,https://en.wikipedia.org/wiki/Resident_Evil:_Death_Island,tt26674627,Q116728278,tmdb
1084242,Zootopia 2,https://en.wikipedia.org/wiki/Zootopia_2,tt26443597,Q116764712,tmdb
1084145,Hammarskjöld (film),https://en.wikipedia.org/wiki/Hammarskj%C3%B6ld_(film),tt26676104,Q116766507,tmdb
1097311,Echo Valley (film),https://en.wikipedia.org/wiki/Echo_Valley_(film),tt27052633,Q119053380,tmdb
1087891,The Amateur (2025 film),https://en.wikipedia.org/wiki/The_Amateur_(2025_film),tt0899043,Q119206814,tmdb
1075794,Leo (2023 American film),https://en.wikipedia.org/wiki/Leo_(2023_American_film),tt5755238,Q119260191,tmdb
1106739,Juror No. 2,https://en.wikipedia.org/wiki/Juror_No._2,tt27403986,Q119549900,tmdb
1084736,The Count of Monte Cristo (2024 film),https://en.wikipedia.org/wiki/The_Count_of_Monte_Cristo_(2024_film),tt26446278,Q119998666,tmdb
1094274,Y2K (2024 film),https://en.wikipedia.org/wiki/Y2K_(2024_film),tt27218960,Q117481301,tmdb
1088166,Relay (film),https://en.wikipedia.org/wiki/Relay_(film),tt11539996,Q117742969,tmdb
1077782,Old Guy,https://en.wikipedia.org/wiki/Old_Guy,tt26442053,Q117843038,tmdb
1082195,The Order (2024 film),https://en.wikipedia.org/wiki/The_Order_(2024_film),tt26625693,Q118287624,tmdb
1087822,Hellboy: The Crooked Man,https://en.wikipedia.org/wiki/Hellboy:_The_Crooked_Man,tt26757462,Q118384193,tmdb
1084066,Tatami (film),https://en.wikipedia.org/wiki/Tatami_(film),tt26674818,Q118640057,tmdb
1103106,,,tt0078805,Q10422163,tmdb
1084744,,,tt1718917,Q11248512,tmdb
1105371,,,tt0363520,Q31187248,tmdb
1078249,,,tt21909366,Q121268638,tmdb
1104844,,,tt28671146,Q125832972,tmdb
1098938,,,tt26660347,Q130789395,tmdb
1111873,Abigail (2024 film),https://en.wikipedia.org/wiki/Abigail_(2024_film),tt27489557,Q120758628,tmdb
1107325,Witchboard (2024 film),https://en.wikipedia.org/wiki/Witchboard_(2024_film),tt2256055,Q120828163,tmdb
1082942,B.O.Y.: Bruises of Yesterday,https://en.wikipedia.org/wiki/B.O.Y.:_Bruises_of_Yesterday,tt26595192,Q121268664,tmdb
1113120,Sons (2024 film),https://en.wikipedia.org/wiki/Sons_(2024_film),tt27496775,Q121268704,tmdb
1079485,Winnie-the-Pooh: Blood and Honey 2,https://en.wikipedia.org/wiki/Winnie-the-Pooh:_Blood_and_Honey_2,tt23330554,Q121515216,tmdb
1086747,The Watchers (film),https://en.wikipedia.org/wiki/The_Watchers_(film),tt26736843,Q121547814,tmdb
1103437,Please Don't Feed the Children,https://en.wikipedia.org/wiki/Please_Don%27t_Feed_the_Children,tt27208407,Q121572304,tmdb
1083637,Kantara: Chapter 1,https://en.wikipedia.org/wiki/Kantara:_Chapter_1,tt26439764,Q122021056,tmdb
1109146,Jump! (2023 film),https://en.wikipedia.org/wiki/Jump!_(2023_film),tt22059348,Q122265092,tmdb
1113583,"Oh, Canada (film)","https://en.wikipedia.org/wiki/Oh,_Canada_(film)",tt29994753,Q122781655,tmdb
1100782,Smile 2,https://en.wikipedia.org/wiki/Smile_2,tt29268110,Q123472063,tmdb
1097549,Babygirl,https://en.wikipedia.org/wiki/Babygirl,tt30057084,Q123861757,tmdb
1101448,Unstoppable (2024 film),https://en.wikipedia.org/wiki/Unstoppable_(2024_film),tt3864060,Q124117129,tmdb
1098006,Fountain of Youth (film),https://en.wikipedia.org/wiki/Fountain_of_Youth_(film),tt27075958,Q124256460,tmdb
1090874,Mea Culpa (2024 film),https://en.wikipedia.org/wiki/Mea_Culpa_(2024_film),tt26861992,Q124257357,tmdb
1096342,Beautiful Wedding,https://en.wikipedia.org/wiki/Beautiful_Wedding,tt26546123,Q124257974,tmdb
1083968,Locked (film),https://en.wikipedia.org/wiki/Locked_(film),tt26671996,Q124370375,tmdb
1096197,No Way Up,https://en.wikipedia.org/wiki/No_Way_Up,tt16253418,Q124416533,tmdb
1101383,The End of Oak Street,https://en.wikipedia.org/wiki/The_End_of_Oak_Street,tt27165187,Q124804916,tmdb
1109086,War 2 (film),https://en.wikipedia.org/wiki/War_2_(film),tt27425164,Q124852530,tmdb
1087388,Sting (film),https://en.wikipedia.org/wiki/Sting_(film),tt20112746,Q125145603,tmdb
1103621,How to Make Millions Before Grandma Dies,https://en.wikipedia.org/wiki/How_to_Make_Millions_Before_Grandma_Dies,tt31392609,Q125294821,tmdb
1094974,Take Cover (film),https://en.wikipedia.org/wiki/Take_Cover_(film),tt28129054,Q125372921,tmdb
1100988,28 Years Later,https://en.wikipedia.org/wiki/28_Years_Later,tt10548174,Q125392328,tmdb
1078581,Giant (2025 film),https://en.wikipedia.org/wiki/Giant_(2025_film),tt26452616,Q125613304,tmdb
1083420,Adulthood (2025 film),https://en.wikipedia.org/wiki/Adulthood_(2025_film),tt26657977,Q125888131,tmdb
1084199,Companion (film),https://en.wikipedia.org/wiki/Companion_(film),tt26584495,Q125933907,tmdb
1093402,Last Days (2025 film),https://en.wikipedia.org/wiki/Last_Days_(2025_film),tt27977862,Q125962650,tmdb
1104845,Plankton: The Movie,https://en.wikipedia.org/wiki/Plankton:_The_Movie,tt32560777,Q126453844,tmdb
1078605,Weapons (2025 film),https://en.wikipedia.org/wiki/Weapons_(2025_film),tt26581740,Q126487478,tmdb
1082900,Loveable (film),https://en.wikipedia.org/wiki/Loveable_(film),tt26629652,Q128904424,tmdb
1081077,Riefenstahl (film),https://en.wikipedia.org/wiki/Riefenstahl_(film),tt32249940,Q130218549,tmdb
1096642,The Ties That Bind Us,https://en.wikipedia.org/wiki/The_Ties_That_Bind_Us,tt33030403,Q130318145,tmdb
1083433,I Know What You Did Last Summer (2025 film),https://en.wikipedia.org/wiki/I_Know_What_You_Did_Last_Summer_(2025_film),tt4045450,Q130368011,tmdb
1090983,The Beldham (film),https://en.wikipedia.org/wiki/The_Beldham_(film),tt20254992,Q131289297,tmdb
1100998,SuperKlaus,https://en.wikipedia.org/wiki/SuperKlaus,tt24659406,Q131387003,tmdb
1110034,Kraken (2026 film),https://en.wikipedia.org/wiki/Kraken_(2026_film),tt19838566,Q131699191,tmdb
1103857,Juliet & Romeo (film),https://en.wikipedia.org/wiki/Juliet_%26_Romeo_(film),tt26597666,Q132146913,tmdb
1084222,Operation Blood Hunt,https://en.wikipedia.org/wiki/Operation_Blood_Hunt,tt23553640,Q132646704,tmdb
1107216,Falcon Express (film),https://en.wikipedia.org/wiki/Falcon_Express_(film),tt36424914,Q134593912,tmdb
1106243,Deep Fridge,https://en.wikipedia.org/wiki/Deep_Fridge,tt29705996,Q137301314,tmdb
1109406,Compulsion (2024 film),https://en.wikipedia.org/wiki/Compulsion_(2024_film),tt26744645,Q139962210,tmdb
1119090,I Am Frankelda,https://en.wikipedia.org/wiki/I_Am_Frankelda,tt36639986,Q123050446,tmdb
1124641,Classified (2024 film),https://en.wikipedia.org/wiki/Classified_(2024_film),tt27714840,Q123353614,tmdb
1126166,Flight Risk (film),https://en.wikipedia.org/wiki/Flight_Risk_(film),tt10078772,Q123353613,tmdb
1116465,A Legend,https://en.wikipedia.org/wiki/A_Legend,tt27589902,Q123354214,tmdb
1147710,Hijack 1971,https://en.wikipedia.org/wiki/Hijack_1971,tt31624258,Q123354220,tmdb
1125899,Cleaner (2025 film),https://en.wikipedia.org/wiki/Cleaner_(2025_film),tt27812086,Q123370370,tmdb
1150112,Like or Die,https://en.wikipedia.org/wiki/Like_or_Die,tt28282020,Q123397634,tmdb
1127767,Riff Raff (2024 film),https://en.wikipedia.org/wiki/Riff_Raff_(2024_film),tt27775403,Q123511612,tmdb
1148713,The Courier (2024 film),https://en.wikipedia.org/wiki/The_Courier_(2024_film),tt27050277,Q123530882,tmdb
1125510,The Platform 2,https://en.wikipedia.org/wiki/The_Platform_2,tt27729779,Q124651039,tmdb
1129598,Prey (2024 film),https://en.wikipedia.org/wiki/Prey_(2024_film),tt27682129,Q124736440,tmdb
1137350,The Phoenician Scheme,https://en.wikipedia.org/wiki/The_Phoenician_Scheme,tt30840798,Q124758337,tmdb
1120911,Saturday Night (2024 film),https://en.wikipedia.org/wiki/Saturday_Night_(2024_film),tt27657135,Q124785550,tmdb
1127110,Diablo (2025 film),https://en.wikipedia.org/wiki/Diablo_(2025_film),tt27757546,Q124818558,tmdb
1124620,The Monkey (film),https://en.wikipedia.org/wiki/The_Monkey_(film),tt27714946,Q124841936,tmdb
1115030,Animal Friends,https://en.wikipedia.org/wiki/Animal_Friends,tt16911616,Q124946981,tmdb
1151039,Nonnas,https://en.wikipedia.org/wiki/Nonnas,tt28309594,Q120881724,tmdb
1153714,Death of a Unicorn,https://en.wikipedia.org/wiki/Death_of_a_Unicorn,tt28443655,Q120887939,tmdb
1130818,Sheroes,https://en.wikipedia.org/wiki/Sheroes,tt16970906,Q121008352,tmdb
1134433,Death Whisperer,https://en.wikipedia.org/wiki/Death_Whisperer,tt29609422,Q121322451,tmdb
1143319,Puppy Love (2023 film),https://en.wikipedia.org/wiki/Puppy_Love_(2023_film),tt28182736,Q121602814,tmdb
1157275,Photophobia (film),https://en.wikipedia.org/wiki/Photophobia_(film),tt28635495,Q122740889,tmdb
1127166,The Tearsmith,https://en.wikipedia.org/wiki/The_Tearsmith,tt29114029,Q122879312,tmdb
1138194,Heretic (film),https://en.wikipedia.org/wiki/Heretic_(film),tt28015403,Q122933268,tmdb
1140535,Presence (2024 film),https://en.wikipedia.org/wiki/Presence_(2024_film),tt28249919,Q123690382,tmdb
1154304,Buffalo Kids,https://en.wikipedia.org/wiki/Buffalo_Kids,tt26530493,Q123762993,tmdb
1128614,A Nice Indian Boy,https://en.wikipedia.org/wiki/A_Nice_Indian_Boy,tt16431330,Q124255913,tmdb
1124619,Bride Hard,https://en.wikipedia.org/wiki/Bride_Hard,tt21317634,Q124289803,tmdb
1119878,Ice Road: Vengeance,https://en.wikipedia.org/wiki/Ice_Road:_Vengeance,tt27621210,Q124323597,tmdb
1149504,Honey Don't!,https://en.wikipedia.org/wiki/Honey_Don%27t!,tt30645201,Q124352605,tmdb
1114967,Good Fortune (film),https://en.wikipedia.org/wiki/Good_Fortune_(film),tt27543578,Q124364757,tmdb
1149763,Goldilocks (film),https://en.wikipedia.org/wiki/Goldilocks_(film),tt0285582,Q5580197,tmdb
1152588,Desert Dust,https://en.wikipedia.org/wiki/Desert_Dust,tt0017802,Q65552671,tmdb
1151609,The Time Thing,https://en.wikipedia.org/wiki/The_Time_Thing,tt3327506,Q112300574,tmdb
1116201,Iron Lung (film),https://en.wikipedia.org/wiki/Iron_Lung_(film),tt27564844,Q117815027,tmdb
1114513,Speak No Evil (2024 film),https://en.wikipedia.org/wiki/Speak_No_Evil_(2024_film),tt27534307,Q119064873,tmdb
1139829,Orion and the Dark,https://en.wikipedia.org/wiki/Orion_and_the_Dark,tt28066777,Q119455303,tmdb
1134865,Wham! (film),https://en.wikipedia.org/wiki/Wham!_(film),tt27726927,Q119997722,tmdb
1148677,Doraemon: Nobita's Earth Symphony,https://en.wikipedia.org/wiki/Doraemon:_Nobita%27s_Earth_Symphony,tt29402528,Q120379797,tmdb
1126336,Anniversary (2025 film),https://en.wikipedia.org/wiki/Anniversary_(2025_film),tt12583926,Q120758667,tmdb
1132977,,,tt3039732,Q19801536,tmdb
1147400,,,tt29259099,Q123158267,tmdb
1155089,,,tt29195117,Q123268896,tmdb
1139566,,,tt28105944,Q123457721,tmdb
1134754,,,tt28005338,Q123537139,tmdb
1145758,,,tt21253186,Q123695688,tmdb
1131279,,,tt32658488,Q124351048,tmdb
1154215,,,tt28336131,Q125970628,tmdb
1145899,,,tt33029380,Q129344299,tmdb
1155238,,,tt27827704,Q130372064,tmdb
1130276,,,tt13778486,Q130387893,tmdb
1139937,,,tt21377766,Q132171521,tmdb
1154725,,,tt29516588,Q133454352,tmdb
1144577,,,tt27493378,Q133864426,tmdb
1132079,,,tt17080412,Q135719316,tmdb
1150366,,,tt10504264,Q136658380,tmdb
1146344,,,tt6374142,Q138193904,tmdb
1151766,,,tt37718411,Q140575514,tmdb
1136867,Materialists (film),https://en.wikipedia.org/wiki/Materialists_(film),tt30253473,Q125726790,tmdb
1123282,Depravity (film),https://en.wikipedia.org/wiki/Depravity_(film),tt1659324,Q125750470,tmdb
1119449,"Good Luck, Have Fun, Don't Die","https://en.wikipedia.org/wiki/Good_Luck,_Have_Fun,_Don%27t_Die",tt1341338,Q125843356,tmdb
1140692,The Channel (film),https://en.wikipedia.org/wiki/The_Channel_(film),tt15665274,Q126417305,tmdb
1131759,Omniscient Reader: The Prophecy,https://en.wikipedia.org/wiki/Omniscient_Reader:_The_Prophecy,tt30254719,Q126724933,tmdb
1125257,Freakier Friday,https://en.wikipedia.org/wiki/Freakier_Friday,tt31956415,Q126897811,tmdb
1144911,Skincare (film),https://en.wikipedia.org/wiki/Skincare_(film),tt28223926,Q126902119,tmdb
1151031,Bring Her Back,https://en.wikipedia.org/wiki/Bring_Her_Back,tt32246771,Q127602379,tmdb
1151244,Vermiglio (film),https://en.wikipedia.org/wiki/Vermiglio_(film),tt28618488,Q127699542,tmdb
1156593,Your Fault (film),https://en.wikipedia.org/wiki/Your_Fault_(film),tt28510079,Q128787041,tmdb
1132634,Finalement,https://en.wikipedia.org/wiki/Finalement,tt27819140,Q130024713,tmdb
1151334,Eenie Meanie (film),https://en.wikipedia.org/wiki/Eenie_Meanie_(film),tt15514498,Q130123022,tmdb
1128650,The Prosecutor,https://en.wikipedia.org/wiki/The_Prosecutor,tt30024043,Q130272144,tmdb
1124566,Sentimental Value,https://en.wikipedia.org/wiki/Sentimental_Value,tt27714581,Q130284179,tmdb
1118031,Apocalypse Z: The Beginning of the End,https://en.wikipedia.org/wiki/Apocalypse_Z:_The_Beginning_of_the_End,tt27599851,Q130447150,tmdb
1134463,Dreams (2025 film),https://en.wikipedia.org/wiki/Dreams_(2025_film),tt31710990,Q131109042,tmdb
1156594,Our Fault,https://en.wikipedia.org/wiki/Our_Fault,tt33311244,Q131703775,tmdb
1155281,Creation of the Gods II: Demon Force,https://en.wikipedia.org/wiki/Creation_of_the_Gods_II:_Demon_Force,tt32843325,Q131802561,tmdb
1140498,Is This Thing On?,https://en.wikipedia.org/wiki/Is_This_Thing_On%3F,tt28083456,Q132189965,tmdb
1127674,Forbidden City (film),https://en.wikipedia.org/wiki/Forbidden_City_(film),tt27766538,Q132797604,tmdb
1134048,Marshmallow (film),https://en.wikipedia.org/wiki/Marshmallow_(film),tt15220066,Q132802213,tmdb
1149167,High Rollers (film),https://en.wikipedia.org/wiki/High_Rollers_(film),tt27829510,Q133141256,tmdb
1117857,In Your Dreams (film),https://en.wikipedia.org/wiki/In_Your_Dreams_(film),tt27604215,Q133261063,tmdb
1151272,Sirāt,https://en.wikipedia.org/wiki/Sir%C4%81t,tt32298285,Q133850188,tmdb
1137179,Yadang: The Snitch,https://en.wikipedia.org/wiki/Yadang:_The_Snitch,tt35851026,Q133917515,tmdb
1144107,The Legend of Hei II,https://en.wikipedia.org/wiki/The_Legend_of_Hei_II,tt37284198,Q135420006,tmdb
1161290,Spare Me (film),https://en.wikipedia.org/wiki/Spare_Me_(film),tt0108200,Q7573558,tmdb
1166551,Singhasan,https://en.wikipedia.org/wiki/Singhasan,tt0234739,Q11029822,tmdb
1195229,Yarın Ağlayacağım,https://en.wikipedia.org/wiki/Yar%C4%B1n_A%C4%9Flayaca%C4%9F%C4%B1m,tt1956706,Q19600502,tmdb
1167351,Longing (2024 film),https://en.wikipedia.org/wiki/Longing_(2024_film),tt8442220,Q115804754,tmdb
1179231,Men Up,https://en.wikipedia.org/wiki/Men_Up,tt26930838,Q118640059,tmdb
1166133,Bramayugam,https://en.wikipedia.org/wiki/Bramayugam,tt27431598,Q121842080,tmdb
1160164,Taylor Swift: The Eras Tour,https://en.wikipedia.org/wiki/Taylor_Swift:_The_Eras_Tour,tt28814949,Q122160859,tmdb
1187050,Partygate (film),https://en.wikipedia.org/wiki/Partygate_(film),tt27541315,Q122794678,tmdb
1168719,Silent Friend,https://en.wikipedia.org/wiki/Silent_Friend,tt27811632,Q122827342,tmdb
1180417,The Dutchman (2025 film),https://en.wikipedia.org/wiki/The_Dutchman_(2025_film),tt29214162,Q123169096,tmdb
1195631,William Tell (2024 film),https://en.wikipedia.org/wiki/William_Tell_(2024_film),tt22478818,Q123181935,tmdb
1195518,The Unholy Trinity,https://en.wikipedia.org/wiki/The_Unholy_Trinity,tt6300910,Q123185886,tmdb
1189798,Squealer (2023 film),https://en.wikipedia.org/wiki/Squealer_(2023_film),tt14768616,Q123221812,tmdb
1182047,The Apprentice (2024 film),https://en.wikipedia.org/wiki/The_Apprentice_(2024_film),tt8368368,Q123582987,tmdb
1180629,Kneecap (film),https://en.wikipedia.org/wiki/Kneecap_(film),tt27367464,Q123701240,tmdb
1182387,Armor (film),https://en.wikipedia.org/wiki/Armor_(film),tt29252358,Q124098393,tmdb
1193128,I Was a Stranger,https://en.wikipedia.org/wiki/I_Was_a_Stranger,tt21272942,Q124354651,tmdb
1159206,Father Mother Sister Brother,https://en.wikipedia.org/wiki/Father_Mother_Sister_Brother,tt31189315,Q124364048,tmdb
1184918,The Wild Robot,https://en.wikipedia.org/wiki/The_Wild_Robot,tt29623480,Q124378349,tmdb
1198984,We Bury the Dead,https://en.wikipedia.org/wiki/We_Bury_the_Dead,tt29713093,Q124615876,tmdb
1195506,Novocaine (2025 film),https://en.wikipedia.org/wiki/Novocaine_(2025_film),tt29603959,Q124707042,tmdb
1170608,Dune: Part Three,https://en.wikipedia.org/wiki/Dune:_Part_Three,tt31378509,Q124714245,tmdb
1159831,The Bride!,https://en.wikipedia.org/wiki/The_Bride!,tt30851137,Q124735657,tmdb
1159311,My Hero Academia: You're Next,https://en.wikipedia.org/wiki/My_Hero_Academia:_You%27re_Next,tt32176689,Q124388041,tmdb
1197137,Black Phone 2,https://en.wikipedia.org/wiki/Black_Phone_2,tt29644189,Q124435493,tmdb
1160360,If I Had Legs I'd Kick You,https://en.wikipedia.org/wiki/If_I_Had_Legs_I%27d_Kick_You,tt18382850,Q124450734,tmdb
1196573,She Rides Shotgun,https://en.wikipedia.org/wiki/She_Rides_Shotgun,tt27986457,Q124464617,tmdb
1159559,Scream 7,https://en.wikipedia.org/wiki/Scream_7,tt27047903,Q124758309,tmdb
1186563,The Friend (2024 film),https://en.wikipedia.org/wiki/The_Friend_(2024_film),tt18108824,Q124853968,tmdb
1196067,World Breaker,https://en.wikipedia.org/wiki/World_Breaker,tt14264694,Q124948054,tmdb
1160018,Kill (film),https://en.wikipedia.org/wiki/Kill_(film),tt28259207,Q125207809,tmdb
1175942,The Bad Guys 2,https://en.wikipedia.org/wiki/The_Bad_Guys_2,tt30017619,Q125363929,tmdb
1197306,A Working Man,https://en.wikipedia.org/wiki/A_Working_Man,tt9150192,Q125495342,tmdb
1183419,,,tt0129873,Q20496172,tmdb
1168560,,,tt23782634,Q116141854,tmdb
1172676,,,tt28912885,Q122889419,tmdb
1173558,,,tt26787296,Q123230345,tmdb
1186661,,,tt17939670,Q123664842,tmdb
1170574,,,tt16900896,Q126092919,tmdb
1177375,,,tt9209388,Q126855579,tmdb
1181678,,,tt27391124,Q128790915,tmdb
1165466,,,tt28662887,Q130357631,tmdb
1194388,,,tt31174024,Q130379726,tmdb
1181765,,,tt32241578,Q130381683,tmdb
1196470,,,tt27032708,Q130417812,tmdb
1196632,,,tt29795594,Q132658969,tmdb
1192174,,,tt31702278,Q133254416,tmdb
1178464,,,tt29580825,Q133444049,tmdb
1183886,,,tt18690296,Q134007709,tmdb
1164355,,,tt29899715,Q134081286,tmdb
1188761,,,tt26244290,Q140421027,tmdb
1179521,Calamity Jane (2024 film),https://en.wikipedia.org/wiki/Calamity_Jane_(2024_film),tt28015371,Q125523353,tmdb
1190511,Sitaare Zameen Par,https://en.wikipedia.org/wiki/Sitaare_Zameen_Par,tt27235410,Q125637377,tmdb
1198899,Agent Recon,https://en.wikipedia.org/wiki/Agent_Recon,tt26743864,Q125993682,tmdb
1175174,Fackham Hall,https://en.wikipedia.org/wiki/Fackham_Hall,tt29008225,Q126004530,tmdb
1170944,Heist 88,https://en.wikipedia.org/wiki/Heist_88,tt7718100,Q126096049,tmdb
1193501,Whistle (2025 film),https://en.wikipedia.org/wiki/Whistle_(2025_film),tt29550683,Q126285101,tmdb
1198426,Captain Avispa,https://en.wikipedia.org/wiki/Captain_Avispa,tt17423376,Q126287725,tmdb
1171145,Crime 101 (2026 film),https://en.wikipedia.org/wiki/Crime_101_(2026_film),tt32430579,Q126394034,tmdb
1186350,Marco (2024 film),https://en.wikipedia.org/wiki/Marco_(2024_film),tt29383379,Q126734383,tmdb
1189588,Shook (2024 film),https://en.wikipedia.org/wiki/Shook_(2024_film),tt10239112,Q128034248,tmdb
1175842,Momo (2025 film),https://en.wikipedia.org/wiki/Momo_(2025_film),tt26325131,Q128711557,tmdb
1182861,Romería (film),https://en.wikipedia.org/wiki/Romer%C3%ADa_(film),tt32538648,Q128787358,tmdb
1196995,Bha Bha Ba,https://en.wikipedia.org/wiki/Bha_Bha_Ba,tt28551273,Q130164696,tmdb
1185528,Legends of the Condor Heroes: The Gallants,https://en.wikipedia.org/wiki/Legends_of_the_Condor_Heroes:_The_Gallants,tt28131433,Q130494024,tmdb
1177908,Flies (2023 film),https://en.wikipedia.org/wiki/Flies_(2023_film),tt29299997,Q130526910,tmdb
1168190,The Wrecking Crew (2026 film),https://en.wikipedia.org/wiki/The_Wrecking_Crew_(2026_film),tt33046197,Q130552470,tmdb
1193120,Les Cadeaux,https://en.wikipedia.org/wiki/Les_Cadeaux,tt31501832,Q131288020,tmdb
1160981,Hear Me: Our Summer,https://en.wikipedia.org/wiki/Hear_Me:_Our_Summer,tt31450914,Q131290723,tmdb
1181107,The King of Kings (2025 film),https://en.wikipedia.org/wiki/The_King_of_Kings_(2025_film),tt7967302,Q131382798,tmdb
1160956,Panda Plan,https://en.wikipedia.org/wiki/Panda_Plan,tt28630624,Q131690947,tmdb
1172265,The Blue Trail,https://en.wikipedia.org/wiki/The_Blue_Trail,tt35340614,Q131840191,tmdb
1162858,The Other (2025 film),https://en.wikipedia.org/wiki/The_Other_(2025_film),tt28498159,Q131860504,tmdb
1198994,Send Help,https://en.wikipedia.org/wiki/Send_Help,tt8036976,Q132200341,tmdb
1180831,Troll 2 (2025 film),https://en.wikipedia.org/wiki/Troll_2_(2025_film),tt29232158,Q133458191,tmdb
1194963,Noise (2024 film),https://en.wikipedia.org/wiki/Noise_(2024_film),tt29845247,Q133575909,tmdb
1181540,Guns Up (film),https://en.wikipedia.org/wiki/Guns_Up_(film),tt28026215,Q133849869,tmdb
1178602,Miroirs No. 3,https://en.wikipedia.org/wiki/Miroirs_No._3,tt32247943,Q133875448,tmdb
1199869,Eye for an Eye (2025 film),https://en.wikipedia.org/wiki/Eye_for_an_Eye_(2025_film),tt28088571,Q134457172,tmdb
1188423,Site (film),https://en.wikipedia.org/wiki/Site_(film),tt10278542,Q135902002,tmdb
1167307,David (2025 film),https://en.wikipedia.org/wiki/David_(2025_film),tt15678738,Q136565787,tmdb
1169210,The Mannequin,https://en.wikipedia.org/wiki/The_Mannequin,tt11261532,Q138757810,tmdb
1239360,Casey Jones (film),https://en.wikipedia.org/wiki/Casey_Jones_(film),tt2061604,Q5048523,tmdb
1211725,Thudar Katha,https://en.wikipedia.org/wiki/Thudar_Katha,tt0354108,Q18394292,tmdb
1219383,Durgi (film),https://en.wikipedia.org/wiki/Durgi_(film),tt27201036,Q19571515,tmdb
1226578,Longlegs,https://en.wikipedia.org/wiki/Longlegs,tt23468450,Q116470610,tmdb
1214478,Reinas (film),https://en.wikipedia.org/wiki/Reinas_(film),tt11220024,Q123690383,tmdb
1214454,Union (film),https://en.wikipedia.org/wiki/Union_(film),tt30319916,Q123738054,tmdb
1213243,Toxic (2026 film),https://en.wikipedia.org/wiki/Toxic_(2026_film),tt27530512,Q123740702,tmdb
1214469,Ghostlight (2024 film),https://en.wikipedia.org/wiki/Ghostlight_(2024_film),tt30321095,Q123786283,tmdb
1214138,Fureru,https://en.wikipedia.org/wiki/Fureru,tt30317151,Q123857583,tmdb
1218925,Chainsaw Man – The Movie: Reze Arc,https://en.wikipedia.org/wiki/Chainsaw_Man_%E2%80%93_The_Movie:_Reze_Arc,tt30472557,Q123906765,tmdb
1220522,Dacoit: A Love Story,https://en.wikipedia.org/wiki/Dacoit:_A_Love_Story,tt30413898,Q123987197,tmdb
1225572,Screamboat,https://en.wikipedia.org/wiki/Screamboat,tt30766582,Q124131345,tmdb
1219556,Chime (film),https://en.wikipedia.org/wiki/Chime_(film),tt30516366,Q124355779,tmdb
1219158,Lover (2024 film),https://en.wikipedia.org/wiki/Lover_(2024_film),tt28566478,Q124364755,tmdb
1233575,Black Bag,https://en.wikipedia.org/wiki/Black_Bag,tt30988739,Q124373035,tmdb
1234821,Jurassic World Rebirth,https://en.wikipedia.org/wiki/Jurassic_World_Rebirth,tt31036941,Q124380480,tmdb
1214931,Nuremberg (2025 film),https://en.wikipedia.org/wiki/Nuremberg_(2025_film),tt29567915,Q124393313,tmdb
1228246,Five Nights at Freddy's 2 (film),https://en.wikipedia.org/wiki/Five_Nights_at_Freddy%27s_2_(film),tt30274401,Q124216482,tmdb
1228710,The Mandalorian and Grogu,https://en.wikipedia.org/wiki/The_Mandalorian_and_Grogu,tt30825738,Q124246549,tmdb
1232449,Young Hearts (2024 film),https://en.wikipedia.org/wiki/Young_Hearts_(2024_film),tt15245268,Q124308286,tmdb
1214509,In a Violent Nature,https://en.wikipedia.org/wiki/In_a_Violent_Nature,tt30321146,Q124353841,tmdb
1206008,Ella McCay,https://en.wikipedia.org/wiki/Ella_McCay,tt30096221,Q124408474,tmdb
1239193,Deep Cover (2025 film),https://en.wikipedia.org/wiki/Deep_Cover_(2025_film),tt31121295,Q124439306,tmdb
1241982,Moana 2,https://en.wikipedia.org/wiki/Moana_2,tt13622970,Q124457266,tmdb
1241921,A Big Bold Beautiful Journey,https://en.wikipedia.org/wiki/A_Big_Bold_Beautiful_Journey,tt13650700,Q124497778,tmdb
1236153,Mercy (2026 film),https://en.wikipedia.org/wiki/Mercy_(2026_film),tt31050594,Q124566659,tmdb
1241470,Osiris (film),https://en.wikipedia.org/wiki/Osiris_(film),tt31179712,Q124625067,tmdb
1217602,London Calling (film),https://en.wikipedia.org/wiki/London_Calling_(film),tt30425872,Q124652747,tmdb
1226863,The Super Mario Galaxy Movie,https://en.wikipedia.org/wiki/The_Super_Mario_Galaxy_Movie,tt28650488,Q124806421,tmdb
1241933,Bardejov (film),https://en.wikipedia.org/wiki/Bardejov_(film),tt30486099,Q124816329,tmdb
1229910,Kryptic,https://en.wikipedia.org/wiki/Kryptic,tt22697898,Q124852786,tmdb
1216191,Oddity (film),https://en.wikipedia.org/wiki/Oddity_(film),tt26470109,Q124852795,tmdb
1232546,Until Dawn (film),https://en.wikipedia.org/wiki/Until_Dawn_(film),tt30955489,Q128602012,tmdb
1228682,Dreams (Sex Love),https://en.wikipedia.org/wiki/Dreams_(Sex_Love),tt30810787,Q129759798,tmdb
1213199,Bakemono (film),https://en.wikipedia.org/wiki/Bakemono_(film),tt21308824,Q130014186,tmdb
1212742,The Rule of Jenny Pen,https://en.wikipedia.org/wiki/The_Rule_of_Jenny_Pen,tt6874690,Q130409671,tmdb
1205229,Night of the Zoopocalypse,https://en.wikipedia.org/wiki/Night_of_the_Zoopocalypse,tt29544253,Q130477367,tmdb
1212855,Fight or Flight (2025 film),https://en.wikipedia.org/wiki/Fight_or_Flight_(2025_film),tt13652286,Q131431712,tmdb
1205515,"Sorry, Baby (2025 film)","https://en.wikipedia.org/wiki/Sorry,_Baby_(2025_film)",tt32843349,Q131450483,tmdb
1234731,Anaconda (2025 film),https://en.wikipedia.org/wiki/Anaconda_(2025_film),tt33244668,Q131549006,tmdb
1217585,Outbreak (2024 film),https://en.wikipedia.org/wiki/Outbreak_(2024_film),tt27791972,Q131592877,tmdb
1219555,Wunderschöner,https://en.wikipedia.org/wiki/Wundersch%C3%B6ner,tt33041296,Q131764936,tmdb
1201262,Grafted (film),https://en.wikipedia.org/wiki/Grafted_(film),tt11162260,Q131904445,tmdb
1220564,The Secret Agent (2025 film),https://en.wikipedia.org/wiki/The_Secret_Agent_(2025_film),tt27847051,Q132531438,tmdb
1233069,Exterritorial,https://en.wikipedia.org/wiki/Exterritorial,tt30876483,Q133286664,tmdb
1237601,Papers (film),https://en.wikipedia.org/wiki/Papers_(film),tt27869819,Q133934138,tmdb
1223690,Pretty Thing (film),https://en.wikipedia.org/wiki/Pretty_Thing_(film),tt29474633,Q134540616,tmdb
1241624,Ghost Train (2025 film),https://en.wikipedia.org/wiki/Ghost_Train_(2025_film),tt33083649,Q134620646,tmdb
1241634,Saiyaara (film),https://en.wikipedia.org/wiki/Saiyaara_(film),tt28037987,Q135393743,tmdb
1214130,Stitch Head,https://en.wikipedia.org/wiki/Stitch_Head,tt26720001,Q135440423,tmdb
1227694,Snow Bear,https://en.wikipedia.org/wiki/Snow_Bear,tt35664086,Q136229962,tmdb
1214140,Orang Ikan,https://en.wikipedia.org/wiki/Orang_Ikan,tt29262075,Q137133145,tmdb
1208348,Rental Family,https://en.wikipedia.org/wiki/Rental_Family,tt14142060,Q124947229,tmdb
1235746,Dead of Winter (2025 film),https://en.wikipedia.org/wiki/Dead_of_Winter_(2025_film),tt7574556,Q124947655,tmdb
1223601,Sisu: Road to Revenge,https://en.wikipedia.org/wiki/Sisu:_Road_to_Revenge,tt31844586,Q125020375,tmdb
1236470,The Lost Bus,https://en.wikipedia.org/wiki/The_Lost_Bus,tt21103218,Q125153299,tmdb
1230368,Springsteen: Deliver Me from Nowhere,https://en.wikipedia.org/wiki/Springsteen:_Deliver_Me_from_Nowhere,tt31923069,Q125401070,tmdb
1217690,Homestead (film),https://en.wikipedia.org/wiki/Homestead_(film),tt29137778,Q125424056,tmdb
1233413,Sinners (2025 film),https://en.wikipedia.org/wiki/Sinners_(2025_film),tt31193180,Q125473145,tmdb
1238188,The Captive (2025 film),https://en.wikipedia.org/wiki/The_Captive_(2025_film),tt31101921,Q125728863,tmdb
1241983,Train Dreams (film),https://en.wikipedia.org/wiki/Train_Dreams_(film),tt29768334,Q126086662,tmdb
1200320,Killing Faith,https://en.wikipedia.org/wiki/Killing_Faith,tt29101725,Q126095340,tmdb
1213898,Border 2,https://en.wikipedia.org/wiki/Border_2,tt30387012,Q126734387,tmdb
1223460,Her Drunken Diary,https://en.wikipedia.org/wiki/Her_Drunken_Diary,tt32228803,Q127413923,tmdb
1210043,,,tt4907198,Q29957438,tmdb
1212690,,,tt2316004,Q33557731,tmdb
1219020,,,tt6894968,Q104893640,tmdb
1230085,,,tt21308718,Q118212691,tmdb
1221896,,,tt27204558,Q120333267,tmdb
1208284,,,tt28833698,Q124169125,tmdb
1214489,,,tt28500076,Q124304717,tmdb
1202863,,,tt29416620,Q124684313,tmdb
1235431,,,tt31031808,Q125864296,tmdb
1233506,,,tt32642156,Q127778663,tmdb
1241894,,,tt30398905,Q129571549,tmdb
1229831,,,tt24075348,Q130416362,tmdb
1217379,,,tt22489042,Q130739137,tmdb
1215316,,,tt28972075,Q132890040,tmdb
1241405,,,tt21442952,Q133864148,tmdb
1201387,,,tt32576588,Q134170322,tmdb
1223422,,,tt28628125,Q136655081,tmdb
1239115,,,tt35042637,Q139659041,tmdb
1255775,Merv (film),https://en.wikipedia.org/wiki/Merv_(film),tt31281659,Q125825858,tmdb
1254808,Nouvelle Vague (2025 film),https://en.wikipedia.org/wiki/Nouvelle_Vague_(2025_film),tt31688586,Q125867250,tmdb
1257407,When the Light Breaks,https://en.wikipedia.org/wiki/When_the_Light_Breaks,tt27476906,Q125940265,tmdb
1249213,Drop (film),https://en.wikipedia.org/wiki/Drop_(film),tt32149847,Q125983478,tmdb
1253000,Deathstalker (2025 film),https://en.wikipedia.org/wiki/Deathstalker_(2025_film),tt33996087,Q126008203,tmdb
1259102,Eternity (2025 film),https://en.wikipedia.org/wiki/Eternity_(2025_film),tt24950660,Q126203157,tmdb
1248226,Playdate (film),https://en.wikipedia.org/wiki/Playdate_(film),tt31425731,Q126209905,tmdb
1261631,Ghamandee,https://en.wikipedia.org/wiki/Ghamandee,tt0380384,Q5555303,tmdb
1245827,Tango Bar (2024 film),https://en.wikipedia.org/wiki/Tango_Bar_(2024_film),tt9533434,Q102225439,tmdb
1242434,Highest 2 Lowest,https://en.wikipedia.org/wiki/Highest_2_Lowest,tt31194612,Q124512337,tmdb
1243124,Raajadhani Files,https://en.wikipedia.org/wiki/Raajadhani_Files,tt31186842,Q124537360,tmdb
1247538,The Last Romantics,https://en.wikipedia.org/wiki/The_Last_Romantics,tt15469016,Q124544726,tmdb
1242404,Steve (2025 film),https://en.wikipedia.org/wiki/Steve_(2025_film),tt32985279,Q124608269,tmdb
1244872,Nina (2024 film),https://en.wikipedia.org/wiki/Nina_(2024_film),tt13239062,Q124615875,tmdb
1267248,MyLek (film),https://en.wikipedia.org/wiki/MyLek_(film),tt29352471,Q124642833,tmdb
1272149,Bridget Jones: Mad About the Boy,https://en.wikipedia.org/wiki/Bridget_Jones:_Mad_About_the_Boy,tt32063050,Q124706420,tmdb
1243460,Joe's College Road Trip,https://en.wikipedia.org/wiki/Joe%27s_College_Road_Trip,tt33603921,Q124739611,tmdb
1243650,Free Falling (film),https://en.wikipedia.org/wiki/Free_Falling_(film),tt31190009,Q124805574,tmdb
1251717,Vicious (film),https://en.wikipedia.org/wiki/Vicious_(film),tt31511689,Q124856152,tmdb
1263421,Baki Hanma vs. Kengan Ashura,https://en.wikipedia.org/wiki/Baki_Hanma_vs._Kengan_Ashura,tt31869664,Q126393619,tmdb
1242898,Predator: Badlands,https://en.wikipedia.org/wiki/Predator:_Badlands,tt31227572,Q126396314,tmdb
1267905,The Roses (film),https://en.wikipedia.org/wiki/The_Roses_(film),tt31973693,Q126810973,tmdb
1262815,The Choral,https://en.wikipedia.org/wiki/The_Choral,tt31851518,Q127162841,tmdb
1265063,After the Hunt,https://en.wikipedia.org/wiki/After_the_Hunt,tt32159989,Q127382372,tmdb
1242454,Mr Burton,https://en.wikipedia.org/wiki/Mr_Burton,tt5171016,Q127602137,tmdb
1269838,Sunshine (2024 film),https://en.wikipedia.org/wiki/Sunshine_(2024_film),tt31711171,Q128787363,tmdb
1252309,Ask Me What You Want,https://en.wikipedia.org/wiki/Ask_Me_What_You_Want,tt31723358,Q128826994,tmdb
1272837,28 Years Later: The Bone Temple,https://en.wikipedia.org/wiki/28_Years_Later:_The_Bone_Temple,tt32141377,Q129423731,tmdb
1245347,Twinless,https://en.wikipedia.org/wiki/Twinless,tt31322753,Q129978691,tmdb
1245993,Caught Stealing,https://en.wikipedia.org/wiki/Caught_Stealing,tt1493274,Q130248726,tmdb
1263256,Happy Gilmore 2,https://en.wikipedia.org/wiki/Happy_Gilmore_2,tt31868189,Q130269576,tmdb
1256408,Manas (film),https://en.wikipedia.org/wiki/Manas_(film),tt27911420,Q130269583,tmdb
1265609,War Machine (2026 film),https://en.wikipedia.org/wiki/War_Machine_(2026_film),tt15940132,Q130375767,tmdb
1261333,Samsara (2024 film),https://en.wikipedia.org/wiki/Samsara_(2024_film),tt30809858,Q130581835,tmdb
1247002,The Old Woman with the Knife,https://en.wikipedia.org/wiki/The_Old_Woman_with_the_Knife,tt34509472,Q130598232,tmdb
1262426,Tinā,https://en.wikipedia.org/wiki/Tin%C4%81,tt29120447,Q130646754,tmdb
1242419,Roofman,https://en.wikipedia.org/wiki/Roofman,tt4627382,Q130742503,tmdb
1242332,Normal (2025 film),https://en.wikipedia.org/wiki/Normal_(2025_film),tt31195136,Q130907516,tmdb
1261501,Ad Vitam (film),https://en.wikipedia.org/wiki/Ad_Vitam_(film),tt32138452,Q131338272,tmdb
1250786,Technoboys,https://en.wikipedia.org/wiki/Technoboys,tt31487553,Q131355398,tmdb
1255788,The Gardener (2025 film),https://en.wikipedia.org/wiki/The_Gardener_(2025_film),tt30973842,Q131408526,tmdb
1268127,Humint (film),https://en.wikipedia.org/wiki/Humint_(film),tt32606470,Q131466792,tmdb
1258157,Lakeview (film),https://en.wikipedia.org/wiki/Lakeview_(film),tt30446590,Q131581558,tmdb
1252106,,,tt0459494,Q14956556,tmdb
1245782,,,tt0561105,Q16648399,tmdb
1251236,,,tt1144093,Q31187116,tmdb
1249344,,,tt0259840,Q104895546,tmdb
1252428,,,tt11668530,Q125188483,tmdb
1252037,,,tt31495504,Q130739674,tmdb
1254720,,,tt32766330,Q131198984,tmdb
1254754,,,tt21257364,Q131581642,tmdb
1265623,,,tt35434840,Q131940989,tmdb
1260004,,,tt31474662,Q134081217,tmdb
1266839,,,tt31957398,Q135005970,tmdb
1272890,,,tt31499750,Q136432932,tmdb
1252552,,,tt11749154,Q136658497,tmdb
1244876,,,tt27504545,Q141241740,tmdb
1249289,Alarum (film),https://en.wikipedia.org/wiki/Alarum_(film),tt31456973,Q124979080,tmdb
1255718,Plainclothes (film),https://en.wikipedia.org/wiki/Plainclothes_(film),tt27550504,Q125102928,tmdb
1246049,Dracula (2025 French film),https://en.wikipedia.org/wiki/Dracula_(2025_French_film),tt31434030,Q125187519,tmdb
1243341,Zombies 4: Dawn of the Vampires,https://en.wikipedia.org/wiki/Zombies_4:_Dawn_of_the_Vampires,tt31241595,Q125201436,tmdb
1244517,Tow (film),https://en.wikipedia.org/wiki/Tow_(film),tt21045208,Q125408538,tmdb
1242501,Icefall (film),https://en.wikipedia.org/wiki/Icefall_(film),tt29780866,Q125627194,tmdb
1244244,Cloud (film),https://en.wikipedia.org/wiki/Cloud_(film),tt32828123,Q125660067,tmdb
1261825,Oh. What. Fun.,https://en.wikipedia.org/wiki/Oh._What._Fun.,tt31998881,Q125758998,tmdb
1242011,Together (2025 film),https://en.wikipedia.org/wiki/Together_(2025_film),tt31184028,Q131870558,tmdb
1267319,Mantis (film),https://en.wikipedia.org/wiki/Mantis_(film),tt33312131,Q132731541,tmdb
1242015,Young Mothers,https://en.wikipedia.org/wiki/Young_Mothers,tt32909489,Q133520177,tmdb
1269644,Amrum (film),https://en.wikipedia.org/wiki/Amrum_(film),tt22507216,Q133525486,tmdb
1261543,Pengantin Iblis,https://en.wikipedia.org/wiki/Pengantin_Iblis,tt30877614,Q133896126,tmdb
1266127,Ready or Not 2: Here I Come,https://en.wikipedia.org/wiki/Ready_or_Not_2:_Here_I_Come,tt33978029,Q134054683,tmdb
1259983,Guru (2025 film),https://en.wikipedia.org/wiki/Guru_(2025_film),tt31777964,Q134457252,tmdb
1255674,Crazy Old Lady,https://en.wikipedia.org/wiki/Crazy_Old_Lady,tt31613162,Q135220008,tmdb
1258112,Egghead Republic,https://en.wikipedia.org/wiki/Egghead_Republic,tt26749593,Q135458102,tmdb
1257009,Primitive War,https://en.wikipedia.org/wiki/Primitive_War,tt18312380,Q135472084,tmdb
1262983,Mads (film),https://en.wikipedia.org/wiki/Mads_(film),tt28821371,Q135765136,tmdb
1271895,96 Minutes (2025 film),https://en.wikipedia.org/wiki/96_Minutes_(2025_film),tt34381460,Q136230962,tmdb
1259211,Moonglow (film),https://en.wikipedia.org/wiki/Moonglow_(film),tt31722480,Q137432257,tmdb
1245084,Undercard (film),https://en.wikipedia.org/wiki/Undercard_(film),tt6105814,Q137546022,tmdb
1249508,Grizzly Night,https://en.wikipedia.org/wiki/Grizzly_Night,tt28500290,Q137757843,tmdb
1255832,Forelock (film),https://en.wikipedia.org/wiki/Forelock_(film),tt27196509,Q138638238,tmdb
1244531,Beast of War,https://en.wikipedia.org/wiki/Beast_of_War,tt29468874,Q141108432,tmdb
1299372,The Wailing (2024 film),https://en.wikipedia.org/wiki/The_Wailing_(2024_film),tt26750774,Q117253366,tmdb
1282960,Detained (2024 film),https://en.wikipedia.org/wiki/Detained_(2024_film),tt8178762,Q118384191,tmdb
1276210,Last Stop: Rocafort St.,https://en.wikipedia.org/wiki/Last_Stop:_Rocafort_St.,tt24695266,Q121225275,tmdb
1274214,Papa Zola The Movie,https://en.wikipedia.org/wiki/Papa_Zola_The_Movie,tt30761647,Q124743737,tmdb
1278263,The Seed of the Sacred Fig,https://en.wikipedia.org/wiki/The_Seed_of_the_Sacred_Fig,tt32178949,Q125563776,tmdb
1278950,The Ritual (2025 film),https://en.wikipedia.org/wiki/The_Ritual_(2025_film),tt32194932,Q125578090,tmdb
1286185,The Carpenter's Son,https://en.wikipedia.org/wiki/The_Carpenter%27s_Son,tt32304349,Q125911900,tmdb
1290287,Hot Frosty,https://en.wikipedia.org/wiki/Hot_Frosty,tt32359447,Q125948108,tmdb
1287141,Pillion (film),https://en.wikipedia.org/wiki/Pillion_(film),tt32321317,Q125975336,tmdb
1288194,Karmapolice,https://en.wikipedia.org/wiki/Karmapolice,tt23398784,Q127271763,tmdb
1285834,Sad Jokes,https://en.wikipedia.org/wiki/Sad_Jokes,tt31036505,Q127328252,tmdb
1291202,Duse (film),https://en.wikipedia.org/wiki/Duse_(film),tt31415482,Q127692200,tmdb
1290568,Margie Claus,https://en.wikipedia.org/wiki/Margie_Claus,tt7008874,Q129504248,tmdb
1290182,You Are the Apple of My Eye (2024 film),https://en.wikipedia.org/wiki/You_Are_the_Apple_of_My_Eye_(2024_film),tt33381920,Q130265921,tmdb
1305781,Blades of the Guardians,https://en.wikipedia.org/wiki/Blades_of_the_Guardians,tt32649961,Q130301952,tmdb
1307078,My Oxford Year,https://en.wikipedia.org/wiki/My_Oxford_Year,tt4978342,Q130383564,tmdb
1287322,Christy (2025 American film),https://en.wikipedia.org/wiki/Christy_(2025_American_film),tt32323252,Q130403642,tmdb
1280990,Consumed (2024 film),https://en.wikipedia.org/wiki/Consumed_(2024_film),tt13374480,Q130526908,tmdb
1288072,Keeper (2025 film),https://en.wikipedia.org/wiki/Keeper_(2025_film),tt32332404,Q130753385,tmdb
1307373,Wasteman,https://en.wikipedia.org/wiki/Wasteman,tt29028515,Q130979735,tmdb
1282138,Justice (2024 film),https://en.wikipedia.org/wiki/Justice_(2024_film),tt32245158,Q131043720,tmdb
1306368,The Rip (film),https://en.wikipedia.org/wiki/The_Rip_(film),tt32642706,Q131189949,tmdb
1287536,Dora and the Search for Sol Dorado,https://en.wikipedia.org/wiki/Dora_and_the_Search_for_Sol_Dorado,tt32621553,Q131197530,tmdb
1284120,The Ugly Stepsister,https://en.wikipedia.org/wiki/The_Ugly_Stepsister,tt29344903,Q131429164,tmdb
1303613,Deaf (film),https://en.wikipedia.org/wiki/Deaf_(film),tt26923797,Q131462624,tmdb
1283515,Verity (film),https://en.wikipedia.org/wiki/Verity_(film),tt32261958,Q131523413,tmdb
1299046,Diamonds (2024 film),https://en.wikipedia.org/wiki/Diamonds_(2024_film),tt32810496,Q131545404,tmdb
1290159,A House of Dynamite,https://en.wikipedia.org/wiki/A_House_of_Dynamite,tt32376165,Q131686066,tmdb
1297763,Batman Ninja vs. Yakuza League,https://en.wikipedia.org/wiki/Batman_Ninja_vs._Yakuza_League,tt32508210,Q126680699,tmdb
1275779,Disclosure Day,https://en.wikipedia.org/wiki/Disclosure_Day,tt15047880,Q126683577,tmdb
1291559,Drawing Closer,https://en.wikipedia.org/wiki/Drawing_Closer,tt31078761,Q126912636,tmdb
1299655,Blue Moon (2025 film),https://en.wikipedia.org/wiki/Blue_Moon_(2025_film),tt32536315,Q127118129,tmdb
1302916,Heart Eyes,https://en.wikipedia.org/wiki/Heart_Eyes,tt32558992,Q127163221,tmdb
1280483,Faye (film),https://en.wikipedia.org/wiki/Faye_(film),tt32220386,Q125983496,tmdb
1279229,The Man Who Could Not Remain Silent,https://en.wikipedia.org/wiki/The_Man_Who_Could_Not_Remain_Silent,tt20519854,Q126099154,tmdb
1290879,The Woman in Cabin 10 (film),https://en.wikipedia.org/wiki/The_Woman_in_Cabin_10_(film),tt7130300,Q126119788,tmdb
1289936,Downton Abbey: The Grand Finale,https://en.wikipedia.org/wiki/Downton_Abbey:_The_Grand_Finale,tt31888477,Q126164193,tmdb
1305575,Love Li,https://en.wikipedia.org/wiki/Love_Li,tt27051027,Q126373271,tmdb
1301421,The Sheep Detectives,https://en.wikipedia.org/wiki/The_Sheep_Detectives,tt32565993,Q126405648,tmdb
1280282,Gabby's Dollhouse: The Movie,https://en.wikipedia.org/wiki/Gabby%27s_Dollhouse:_The_Movie,tt32214143,Q126414863,tmdb
1286026,,,tt0241728,Q123287846,tmdb
1289888,,,tt32360696,Q125919092,tmdb
1292252,,,tt32376668,Q126492744,tmdb
1276086,,,tt33053428,Q128091487,tmdb
1305631,,,tt27011374,Q129498450,tmdb
1290547,,,tt33355143,Q131324201,tmdb
1284496,,,tt33323667,Q136357793,tmdb
1285479,,,tt34458346,Q136374160,tmdb
1304625,,,tt32616813,Q136719161,tmdb
1278101,Big World (film),https://en.wikipedia.org/wiki/Big_World_(film),tt30476518,Q131708466,tmdb
1296404,Good News (2025 film),https://en.wikipedia.org/wiki/Good_News_(2025_film),tt33550069,Q131859817,tmdb
1282774,Magic Hour (2025 film),https://en.wikipedia.org/wiki/Magic_Hour_(2025_film),tt32134256,Q132151700,tmdb
1306284,Wolfgang (2025 film),https://en.wikipedia.org/wiki/Wolfgang_(2025_film),tt32676674,Q132154433,tmdb
1284460,Alpha (2025 film),https://en.wikipedia.org/wiki/Alpha_(2025_film),tt32275943,Q132192625,tmdb
1290432,A Private Life,https://en.wikipedia.org/wiki/A_Private_Life,tt33852162,Q132456674,tmdb
1297842,Goat (2026 film),https://en.wikipedia.org/wiki/Goat_(2026_film),tt27613895,Q132456673,tmdb
1297028,Rosario (2025 film),https://en.wikipedia.org/wiki/Rosario_(2025_film),tt27674700,Q132672654,tmdb
1293286,Gunslingers (2025 film),https://en.wikipedia.org/wiki/Gunslingers_(2025_film),tt24850708,Q133055066,tmdb
1291321,Sweetheart!,https://en.wikipedia.org/wiki/Sweetheart!,tt33051459,Q133202868,tmdb
1290821,Shelter (2026 film),https://en.wikipedia.org/wiki/Shelter_(2026_film),tt32357218,Q133448995,tmdb
1283671,Peak Everything,https://en.wikipedia.org/wiki/Peak_Everything,tt33335204,Q133882633,tmdb
1285965,Dangerous Animals,https://en.wikipedia.org/wiki/Dangerous_Animals,tt32299316,Q133885811,tmdb
1295026,100 Meters (film),https://en.wikipedia.org/wiki/100_Meters_(film),tt32600395,Q134007355,tmdb
1300116,Fall for Me,https://en.wikipedia.org/wiki/Fall_for_Me,tt32543884,Q134489638,tmdb
1289601,Life After Fighting,https://en.wikipedia.org/wiki/Life_After_Fighting,tt21478426,Q134517507,tmdb
1291335,Solo Mio,https://en.wikipedia.org/wiki/Solo_Mio,tt32306991,Q134644415,tmdb
1290190,Lokah Chapter 1: Chandra,https://en.wikipedia.org/wiki/Lokah_Chapter_1:_Chandra,tt33372494,Q134972728,tmdb
1291608,Dhurandhar,https://en.wikipedia.org/wiki/Dhurandhar,tt33014583,Q135230927,tmdb
1297953,My Friend Eva,https://en.wikipedia.org/wiki/My_Friend_Eva,tt32372983,Q135273858,tmdb
1295400,The Last Viking (2025 film),https://en.wikipedia.org/wiki/The_Last_Viking_(2025_film),tt27817389,Q135438510,tmdb
1304434,Nobody (2025 film),https://en.wikipedia.org/wiki/Nobody_(2025_film),tt36733027,Q135479882,tmdb
1290183,The First Ride,https://en.wikipedia.org/wiki/The_First_Ride,tt38644831,Q135523224,tmdb
1301844,Belén (film),https://en.wikipedia.org/wiki/Bel%C3%A9n_(film),tt37531036,Q136311777,tmdb
1306525,The Elixir,https://en.wikipedia.org/wiki/The_Elixir,tt32643830,Q136385500,tmdb
1280450,Stolen Girl (2025 film),https://en.wikipedia.org/wiki/Stolen_Girl_(2025_film),tt4682810,Q136386270,tmdb
1277988,Caramelo (film),https://en.wikipedia.org/wiki/Caramelo_(film),tt32549601,Q136468798,tmdb
1292695,They Will Kill You,https://en.wikipedia.org/wiki/They_Will_Kill_You,tt31728330,Q136522037,tmdb
1294457,Singular (film),https://en.wikipedia.org/wiki/Singular_(film),tt32410269,Q136650074,tmdb
1287571,Agak Laen: Menyala Pantiku!,https://en.wikipedia.org/wiki/Agak_Laen:_Menyala_Pantiku!,tt32351597,Q137127209,tmdb
1282440,Happy Patel: Khatarnak Jasoos,https://en.wikipedia.org/wiki/Happy_Patel:_Khatarnak_Jasoos,tt32245870,Q137799437,tmdb
1316147,Grand Prix of Europe (film),https://en.wikipedia.org/wiki/Grand_Prix_of_Europe_(film),tt32897929,Q128208470,tmdb
1327819,Hoppers (film),https://en.wikipedia.org/wiki/Hoppers_(film),tt26443616,Q128798957,tmdb
1317288,Marty Supreme,https://en.wikipedia.org/wiki/Marty_Supreme,tt32916440,Q130118681,tmdb
1351046,The Talent,https://en.wikipedia.org/wiki/The_Talent,tt33326026,Q130262270,tmdb
1359229,Hiawatha (1909 film),https://en.wikipedia.org/wiki/Hiawatha_(1909_film),tt0233864,Q3785449,tmdb
1312297,Defenseless,https://en.wikipedia.org/wiki/Defenseless,tt0099397,Q4080748,tmdb
1317302,Ada (2019 film),https://en.wikipedia.org/wiki/Ada_(2019_film),tt9908948,Q97193520,tmdb
1353117,Home Sweet Home Rebirth,https://en.wikipedia.org/wiki/Home_Sweet_Home_Rebirth,tt29425792,Q123468575,tmdb
1311031,Demon Slayer: Kimetsu no Yaiba – The Movie: Infinity Castle,https://en.wikipedia.org/wiki/Demon_Slayer:_Kimetsu_no_Yaiba_%E2%80%93_The_Movie:_Infinity_Castle,tt32820897,Q126948105,tmdb
1323784,Bad Influence (2025 film),https://en.wikipedia.org/wiki/Bad_Influence_(2025_film),tt23558084,Q126952961,tmdb
1315772,Minions & Monsters,https://en.wikipedia.org/wiki/Minions_%26_Monsters,tt32890033,Q127605787,tmdb
1319473,Feeling Better,https://en.wikipedia.org/wiki/Feeling_Better,tt29429122,Q128035005,tmdb
1322752,Colorful Stage! The Movie: A Miku Who Can't Sing,https://en.wikipedia.org/wiki/Colorful_Stage!_The_Movie:_A_Miku_Who_Can%27t_Sing,tt33050528,Q128041782,tmdb
1319969,Sketch (2024 film),https://en.wikipedia.org/wiki/Sketch_(2024_film),tt26238710,Q130276120,tmdb
1325425,Home Free (2024 film),https://en.wikipedia.org/wiki/Home_Free_(2024_film),tt27790926,Q130298069,tmdb
1358491,Yoroï,https://en.wikipedia.org/wiki/Yoro%C3%AF,tt33402929,Q130321426,tmdb
1359607,Miss Kobayashi's Dragon Maid: A Lonely Dragon Wants to Be Loved,https://en.wikipedia.org/wiki/Miss_Kobayashi%27s_Dragon_Maid:_A_Lonely_Dragon_Wants_to_Be_Loved,tt36592985,Q130337103,tmdb
1318933,Chain Reactions (film),https://en.wikipedia.org/wiki/Chain_Reactions_(film),tt33029845,Q130355854,tmdb
1315245,Algiers (2024 film),https://en.wikipedia.org/wiki/Algiers_(2024_film),tt32260733,Q130375729,tmdb
1316092,Wuthering Heights (2026 film),https://en.wikipedia.org/wiki/Wuthering_Heights_(2026_film),tt32897959,Q130393881,tmdb
1364608,Anemone (film),https://en.wikipedia.org/wiki/Anemone_(film),tt33549447,Q130394023,tmdb
1353467,Mongrels (2024 film),https://en.wikipedia.org/wiki/Mongrels_(2024_film),tt33269198,Q130421168,tmdb
1317218,Mr. Crocket,https://en.wikipedia.org/wiki/Mr._Crocket,tt32916093,Q130616239,tmdb
1340206,Tuner (film),https://en.wikipedia.org/wiki/Tuner_(film),tt33296751,Q130660452,tmdb
1325678,Sarah's Oil,https://en.wikipedia.org/wiki/Sarah%27s_Oil,tt31727267,Q130693545,tmdb
1337562,Splitsville (film),https://en.wikipedia.org/wiki/Splitsville_(film),tt33247023,Q131004938,tmdb
1316070,Gangstas (film),https://en.wikipedia.org/wiki/Gangstas_(film),tt10380908,Q131056367,tmdb
1313001,Sauna (2025 film),https://en.wikipedia.org/wiki/Sauna_(2025_film),tt32605679,Q131428106,tmdb
1339658,"Oh, Hi!","https://en.wikipedia.org/wiki/Oh,_Hi!",tt33292655,Q131429514,tmdb
1309012,Altered (2024 film),https://en.wikipedia.org/wiki/Altered_(2024_film),tt32123395,Q131456643,tmdb
1310568,Murder at the Embassy,https://en.wikipedia.org/wiki/Murder_at_the_Embassy,tt22772712,Q131523345,tmdb
1364953,Mārama (film),https://en.wikipedia.org/wiki/M%C4%81rama_(film),tt15284556,Q131613343,tmdb
1312946,The Map That Leads to You,https://en.wikipedia.org/wiki/The_Map_That_Leads_to_You,tt33549478,Q131760056,tmdb
1356670,Late Shift (film),https://en.wikipedia.org/wiki/Late_Shift_(film),tt32204858,Q131820884,tmdb
1355666,Love Untangled,https://en.wikipedia.org/wiki/Love_Untangled,tt33549683,Q131858995,tmdb
1340110,Redux Redux,https://en.wikipedia.org/wiki/Redux_Redux,tt33295741,Q132125845,tmdb
1363123,The Family Plan 2,https://en.wikipedia.org/wiki/The_Family_Plan_2,tt34276058,Q132682968,tmdb
1327862,Regretting You,https://en.wikipedia.org/wiki/Regretting_You,tt33088452,Q132816896,tmdb
1328803,Prisoner of War (2025 film),https://en.wikipedia.org/wiki/Prisoner_of_War_(2025_film),tt33057137,Q133202863,tmdb
1318917,Chasing the Wind (film),https://en.wikipedia.org/wiki/Chasing_the_Wind_(film),tt32730754,Q133262076,tmdb
1313003,Close to Me (film),https://en.wikipedia.org/wiki/Close_to_Me_(film),tt32478708,Q133306326,tmdb
1362315,The Hand That Rocks the Cradle (2025 film),https://en.wikipedia.org/wiki/The_Hand_That_Rocks_the_Cradle_(2025_film),tt33502160,Q133627078,tmdb
1356039,Counterstrike (2025 film),https://en.wikipedia.org/wiki/Counterstrike_(2025_film),tt23648788,Q133830802,tmdb
1355126,Sugar Mill,https://en.wikipedia.org/wiki/Sugar_Mill,tt33349807,Q133844344,tmdb
1310830,Fuori,https://en.wikipedia.org/wiki/Fuori,tt34768402,Q133848234,tmdb
1315303,Primate (2025 film),https://en.wikipedia.org/wiki/Primate_(2025_film),tt33028778,Q133857446,tmdb
1337985,A Pale View of Hills (film),https://en.wikipedia.org/wiki/A_Pale_View_of_Hills_(film),tt33253688,Q133871350,tmdb
1364904,A Useful Ghost,https://en.wikipedia.org/wiki/A_Useful_Ghost,tt22530226,Q134285377,tmdb
1314481,The Devil Wears Prada 2,https://en.wikipedia.org/wiki/The_Devil_Wears_Prada_2,tt33612209,Q134611972,tmdb
1356604,,,tt1754558,Q69055752,tmdb
1317358,,,tt0392229,Q118212658,tmdb
1309745,,,tt30807200,Q130245117,tmdb
1333100,,,tt33175825,Q130598228,tmdb
1363767,,,tt32058950,Q131300646,tmdb
1331375,,,tt14972766,Q131399311,tmdb
1312646,,,tt32118587,Q131453813,tmdb
1315986,,,tt31974129,Q131870380,tmdb
1342341,,,tt33540970,Q133500414,tmdb
1360946,,,tt29731040,Q135206173,tmdb
1359375,,,tt35350087,Q135321218,tmdb
1319895,,,tt31727397,Q135853334,tmdb
1366745,,,tt33728446,Q136340102,tmdb
1309129,,,tt29728906,Q136375188,tmdb
1329643,,,tt33111253,Q136691872,tmdb
1330400,,,tt33113422,Q137103841,tmdb
1326522,,,tt33295270,Q138795162,tmdb
1353847,,,tt29686669,Q141545303,tmdb
1357449,Idols (2026 film),https://en.wikipedia.org/wiki/Idols_(2026_film),tt33397910,Q134893933,tmdb
1314452,Other (film),https://en.wikipedia.org/wiki/Other_(film),tt34207924,Q135156298,tmdb
1317149,I Swear (film),https://en.wikipedia.org/wiki/I_Swear_(film),tt31514146,Q135321335,tmdb
1318691,The Mortimers,https://en.wikipedia.org/wiki/The_Mortimers,tt33023309,Q135436742,tmdb
1330421,Bone Lake (film),https://en.wikipedia.org/wiki/Bone_Lake_(film),tt26783625,Q135443289,tmdb
1319482,Traumatika,https://en.wikipedia.org/wiki/Traumatika,tt32903867,Q135488873,tmdb
1354700,The Ghost Game,https://en.wikipedia.org/wiki/The_Ghost_Game,tt37285917,Q135653079,tmdb
1316427,7 Dogs,https://en.wikipedia.org/wiki/7_Dogs,tt35512499,Q136006050,tmdb
1315657,Yellow Letters,https://en.wikipedia.org/wiki/Yellow_Letters,tt32888226,Q136163095,tmdb
1323625,Night Patrol (2025 film),https://en.wikipedia.org/wiki/Night_Patrol_(2025_film),tt8637438,Q136339271,tmdb
1309770,Clear Cut (2024 film),https://en.wikipedia.org/wiki/Clear_Cut_(2024_film),tt28637902,Q136658222,tmdb
1321179,The King's Warden,https://en.wikipedia.org/wiki/The_King%27s_Warden,tt38626703,Q137592424,tmdb
1317672,Love Me Love Me (film),https://en.wikipedia.org/wiki/Love_Me_Love_Me_(film),tt36331860,Q137786118,tmdb
1317877,Dream Eater (film),https://en.wikipedia.org/wiki/Dream_Eater_(film),tt27861297,Q137856622,tmdb
1403271,Serena (2026 film),https://en.wikipedia.org/wiki/Serena_(2026_film),tt35047940,Q139995550,tmdb
1396986,Big Game (1921 film),https://en.wikipedia.org/wiki/Big_Game_(1921_film),tt0011967,Q65069879,tmdb
1367125,Gaua (film),https://en.wikipedia.org/wiki/Gaua_(film),tt35610805,Q130465951,tmdb
1371185,Song Sung Blue (2025 film),https://en.wikipedia.org/wiki/Song_Sung_Blue_(2025_film),tt30343021,Q130532687,tmdb
1376434,Predator: Killer of Killers,https://en.wikipedia.org/wiki/Predator:_Killer_of_Killers,tt36463894,Q130639284,tmdb
1370702,Treasure Hunters (2024 film),https://en.wikipedia.org/wiki/Treasure_Hunters_(2024_film),tt30136715,Q131338655,tmdb
1395140,Lupin the IIIrd the Movie: The Immortal Bloodline,https://en.wikipedia.org/wiki/Lupin_the_IIIrd_the_Movie:_The_Immortal_Bloodline,tt34812090,Q131352280,tmdb
1396965,Detective Conan: One-eyed Flashback,https://en.wikipedia.org/wiki/Detective_Conan:_One-eyed_Flashback,tt35444710,Q131358956,tmdb
1401281,The Testament of Ann Lee,https://en.wikipedia.org/wiki/The_Testament_of_Ann_Lee,tt34819091,Q131441164,tmdb
1404404,Crayon Shin-chan the Movie: Super Hot! The Spicy Kasukabe Dancers,https://en.wikipedia.org/wiki/Crayon_Shin-chan_the_Movie:_Super_Hot!_The_Spicy_Kasukabe_Dancers,tt35009463,Q131444653,tmdb
1403735,Laila (2025 film),https://en.wikipedia.org/wiki/Laila_(2025_film),tt32831759,Q131456650,tmdb
1400940,Clayface (film),https://en.wikipedia.org/wiki/Clayface_(film),tt34890576,Q131460936,tmdb
1401586,Sonic the Hedgehog 4 (film),https://en.wikipedia.org/wiki/Sonic_the_Hedgehog_4_(film),tt16744566,Q131495871,tmdb
1373198,Twisted (2026 film),https://en.wikipedia.org/wiki/Twisted_(2026_film),tt14201728,Q131538146,tmdb
1406657,Scarlet (2025 film),https://en.wikipedia.org/wiki/Scarlet_(2025_film),tt35114460,Q131542846,tmdb
1368337,The Odyssey (2026 film),https://en.wikipedia.org/wiki/The_Odyssey_(2026_film),tt33764258,Q131547207,tmdb
1368166,The Housemaid (2025 film),https://en.wikipedia.org/wiki/The_Housemaid_(2025_film),tt27543632,Q131630491,tmdb
1400244,Fabula (film),https://en.wikipedia.org/wiki/Fabula_(film),tt31325532,Q131689437,tmdb
1370123,"Aida, the Movie","https://en.wikipedia.org/wiki/Aida,_the_Movie",tt33797166,Q131705756,tmdb
1419826,The World Will Tremble,https://en.wikipedia.org/wiki/The_World_Will_Tremble,tt26595906,Q131820586,tmdb
1388808,Into the Deep (2025 film),https://en.wikipedia.org/wiki/Into_the_Deep_(2025_film),tt28637027,Q131844396,tmdb
1400782,The Perfect Neighbor,https://en.wikipedia.org/wiki/The_Perfect_Neighbor,tt34962891,Q131905847,tmdb
1400763,Touch Me (2025 film),https://en.wikipedia.org/wiki/Touch_Me_(2025_film),tt34967068,Q131985708,tmdb
1405338,Demon City (film),https://en.wikipedia.org/wiki/Demon_City_(film),tt35111035,Q132083406,tmdb
1410399,Death Whisperer 3,https://en.wikipedia.org/wiki/Death_Whisperer_3,tt34704729,Q132659065,tmdb
1371202,IHostage,https://en.wikipedia.org/wiki/IHostage,tt31181421,Q133284146,tmdb
1417059,Mountainhead,https://en.wikipedia.org/wiki/Mountainhead,tt35396529,Q133750993,tmdb
1377237,Runner (2026 American film),https://en.wikipedia.org/wiki/Runner_(2026_American_film),tt31349844,Q133809675,tmdb
1373445,Halloween,https://en.wikipedia.org/wiki/V/H/S/Halloween,tt37676033,Q133939679,tmdb
1370814,The Plague (2025 film),https://en.wikipedia.org/wiki/The_Plague_(2025_film),tt32792934,Q134052834,tmdb
1400768,Enigma (2025 film),https://en.wikipedia.org/wiki/Enigma_(2025_film),tt34965984,Q134079546,tmdb
1378756,On Your Lap,https://en.wikipedia.org/wiki/On_Your_Lap,tt34375730,Q134099080,tmdb
1408208,Exit 8 (film),https://en.wikipedia.org/wiki/Exit_8_(film),tt35222590,Q134480207,tmdb
1397364,La grazia,https://en.wikipedia.org/wiki/La_grazia,tt34886821,Q134542577,tmdb
1380651,All in Favor,https://en.wikipedia.org/wiki/All_in_Favor,tt34383359,Q134707813,tmdb
1379266,Kokuho (film),https://en.wikipedia.org/wiki/Kokuho_(film),tt35231039,Q134906322,tmdb
1395251,,,tt0305625,Q6048820,tmdb
1373313,,,tt1294183,Q6726055,tmdb
1401860,,,tt0498224,Q14755185,tmdb
1397486,,,tt1595835,Q18500395,tmdb
1383636,,,tt26680867,Q119489636,tmdb
1385363,,,tt34541277,Q131401509,tmdb
1410082,,,tt34910018,Q131574408,tmdb
1392117,,,tt33305511,Q132175492,tmdb
1399208,,,tt33481587,Q132890184,tmdb
1411695,,,tt35401814,Q133284683,tmdb
1381634,,,tt35671696,Q133869822,tmdb
1380486,,,tt33311826,Q134080995,tmdb
1374534,,,tt27675583,Q135001832,tmdb
1371789,,,tt32810511,Q135953382,tmdb
1383321,,,tt13358302,Q136658560,tmdb
1379458,,,tt37837345,Q137786409,tmdb
1383330,,,tt17346570,Q140411311,tmdb
1368338,,,tt33342314,Q140583750,tmdb
1418736,,,tt36454958,Q141192558,tmdb
1384027,Spit (2025 film),https://en.wikipedia.org/wiki/Spit_(2025_film),tt34748740,Q135236501,tmdb
1385536,Sore: A Wife from the Future,https://en.wikipedia.org/wiki/Sore:_A_Wife_from_the_Future,tt34548722,Q135265916,tmdb
1401542,Project Y (film),https://en.wikipedia.org/wiki/Project_Y_(film),tt37658798,Q135437367,tmdb
1397375,Life Goes This Way,https://en.wikipedia.org/wiki/Life_Goes_This_Way,tt34905624,Q135649046,tmdb
1419406,The Shadow's Edge,https://en.wikipedia.org/wiki/The_Shadow%27s_Edge,tt34610311,Q135919148,tmdb
1374686,Light of the World (film),https://en.wikipedia.org/wiki/Light_of_the_World_(film),tt33235979,Q135967774,tmdb
1420733,The Cursed (2025 film),https://en.wikipedia.org/wiki/The_Cursed_(2025_film),tt37024184,Q135967778,tmdb
1374462,A Woman Called Mother,https://en.wikipedia.org/wiki/A_Woman_Called_Mother,tt33479841,Q136389006,tmdb
1370124,A Family Knight-Mare,https://en.wikipedia.org/wiki/A_Family_Knight-Mare,tt33586306,Q136561341,tmdb
1400032,10Dance,https://en.wikipedia.org/wiki/10Dance,tt34762360,Q136793304,tmdb
1407523,Tu Meri Main Tera Main Tera Tu Meri,https://en.wikipedia.org/wiki/Tu_Meri_Main_Tera_Main_Tera_Tu_Meri,tt35146696,Q137133130,tmdb
1387382,Hunting Season (2025 film),https://en.wikipedia.org/wiki/Hunting_Season_(2025_film),tt32537226,Q137215321,tmdb
1379963,Tell Me Softly,https://en.wikipedia.org/wiki/Tell_Me_Softly,tt34434461,Q137374882,tmdb
1413097,Melania (film),https://en.wikipedia.org/wiki/Melania_(film),tt35291758,Q137441669,tmdb
1407432,Anaganaga Oka Raju,https://en.wikipedia.org/wiki/Anaganaga_Oka_Raju,tt15427952,Q137713080,tmdb
1412598,Killer Whale (2026 film),https://en.wikipedia.org/wiki/Killer_Whale_(2026_film),tt33479805,Q137757840,tmdb
1403737,Funky (film),https://en.wikipedia.org/wiki/Funky_(film),tt33083471,Q138241325,tmdb
1445698,The Pearl Comb,https://en.wikipedia.org/wiki/The_Pearl_Comb,tt33019528,Q138357518,tmdb
1429520,Sidelined 2: Intercepted,https://en.wikipedia.org/wiki/Sidelined_2:_Intercepted,tt35672930,Q140964027,tmdb
1435315,Klingende toner,https://en.wikipedia.org/wiki/Klingende_toner,tt0170113,Q6421028,tmdb
1444723,Mundadugu,https://en.wikipedia.org/wiki/Mundadugu,tt0154914,Q6935716,tmdb
1448560,Wildcat (2025 film),https://en.wikipedia.org/wiki/Wildcat_(2025_film),tt36153493,Q133273687,tmdb
1422562,The Moment (2026 film),https://en.wikipedia.org/wiki/The_Moment_(2026_film),tt35524793,Q133341560,tmdb
1450527,Forbidden Fruits,https://en.wikipedia.org/wiki/Forbidden_Fruits,tt30691214,Q133341595,tmdb
1422096,Good Boy (2025 Leonberg film),https://en.wikipedia.org/wiki/Good_Boy_(2025_Leonberg_film),tt35521922,Q133427678,tmdb
1425122,A Very Jonas Christmas Movie,https://en.wikipedia.org/wiki/A_Very_Jonas_Christmas_Movie,tt35600079,Q133502685,tmdb
1450257,Clika,https://en.wikipedia.org/wiki/Clika,tt28334938,Q133525488,tmdb
1429605,F*ck Valentine's Day,https://en.wikipedia.org/wiki/F*ck_Valentine%27s_Day,tt34622232,Q133779921,tmdb
1456349,It Was Just an Accident,https://en.wikipedia.org/wiki/It_Was_Just_an_Accident,tt36491653,Q133866932,tmdb
1465585,Yanuni,https://en.wikipedia.org/wiki/Yanuni,tt36590218,Q133886442,tmdb
1464883,The President's Cake,https://en.wikipedia.org/wiki/The_President%27s_Cake,tt36580119,Q134285375,tmdb
1426776,Straw (film),https://en.wikipedia.org/wiki/Straw_(film),tt32550101,Q134300783,tmdb
1475174,Amruthamathi,https://en.wikipedia.org/wiki/Amruthamathi,tt35929540,Q134392191,tmdb
1438229,Princess Principal: Crown Handler – Chapter 4,https://en.wikipedia.org/wiki/Princess_Principal:_Crown_Handler_%E2%80%93_Chapter_4,tt35720302,Q134562310,tmdb
1433719,High Ground (2025 film),https://en.wikipedia.org/wiki/High_Ground_(2025_film),tt35669717,Q134590320,tmdb
1425859,Remain (film),https://en.wikipedia.org/wiki/Remain_(film),tt35621542,Q134979717,tmdb
1484453,Snoopy Presents: A Summer Musical,https://en.wikipedia.org/wiki/Snoopy_Presents:_A_Summer_Musical,tt36988583,Q134997724,tmdb
1480382,The Voice of Hind Rajab,https://en.wikipedia.org/wiki/The_Voice_of_Hind_Rajab,tt36943034,Q135038882,tmdb
1478289,Bulk (film),https://en.wikipedia.org/wiki/Bulk_(film),tt36873832,Q135193259,tmdb
1479178,Don't Call Me Mama,https://en.wikipedia.org/wiki/Don%27t_Call_Me_Mama,tt32454750,Q135209203,tmdb
1455079,"You, Me & Tuscany","https://en.wikipedia.org/wiki/You,_Me_%26_Tuscany",tt36352591,Q135458339,tmdb
1423512,,,,Q11500888,tmdb
1431566,,,tt0073016,Q43303162,tmdb
1469354,,,tt32565484,Q130370500,tmdb
1422179,,,tt31828532,Q131917656,tmdb
1426674,,,tt33501878,Q131938839,tmdb
1424572,,,tt35590754,Q132234910,tmdb
1461911,,,tt36580117,Q133879477,tmdb
1477638,,,tt37150856,Q134233349,tmdb
1438973,,,tt35591777,Q134281054,tmdb
1427838,,,tt36586751,Q134487219,tmdb
1425045,,,tt31806049,Q134588454,tmdb
1450599,,,tt36240772,Q134605205,tmdb
1450529,,,tt35974872,Q135963230,tmdb
1475637,,,tt35046877,Q136102735,tmdb
1468057,,,tt37998920,Q136691850,tmdb
1489187,,,tt33086385,Q136805944,tmdb
1436061,,,tt35829169,Q138026054,tmdb
1436835,,,tt18375626,Q138660620,tmdb
1432046,,,,Q139841571,tmdb
1439713,Mana Shankara Vara Prasad Garu,https://en.wikipedia.org/wiki/Mana_Shankara_Vara_Prasad_Garu,tt28629017,Q135647565,tmdb
1471345,Homo Argentum,https://en.wikipedia.org/wiki/Homo_Argentum,tt34996428,Q135726447,tmdb
1445363,EPiC: Elvis Presley in Concert,https://en.wikipedia.org/wiki/EPiC:_Elvis_Presley_in_Concert,tt35003538,Q135853698,tmdb
1493009,Copper (2025 film),https://en.wikipedia.org/wiki/Copper_(2025_film),tt37579637,Q135902008,tmdb
1421642,Middle Life,https://en.wikipedia.org/wiki/Middle_Life,tt35502094,Q136087543,tmdb
1423983,Sham (2025 film),https://en.wikipedia.org/wiki/Sham_(2025_film),tt34459901,Q136274823,tmdb
1447109,Ghich Pich,https://en.wikipedia.org/wiki/Ghich_Pich,tt36014845,Q136358513,tmdb
1439112,Muzzle: City of Wolves,https://en.wikipedia.org/wiki/Muzzle:_City_of_Wolves,tt32395062,Q136432677,tmdb
1432306,Sleepwalker (2026 film),https://en.wikipedia.org/wiki/Sleepwalker_(2026_film),tt35672651,Q136565786,tmdb
1423191,Resident Evil (2026 film),https://en.wikipedia.org/wiki/Resident_Evil_(2026_film),tt35538033,Q136565785,tmdb
1466115,Even If This Love Disappears From the World Tonight (2025 film),https://en.wikipedia.org/wiki/Even_If_This_Love_Disappears_From_the_World_Tonight_(2025_film),tt39049192,Q136691853,tmdb
1473354,Sarvam Maya,https://en.wikipedia.org/wiki/Sarvam_Maya,tt32362695,Q136908272,tmdb
1472638,Buen Camino,https://en.wikipedia.org/wiki/Buen_Camino,tt38350059,Q137211198,tmdb
1443762,The Big Fake,https://en.wikipedia.org/wiki/The_Big_Fake,tt36741457,Q137428545,tmdb
1457080,Ado (film),https://en.wikipedia.org/wiki/Ado_(film),tt32536334,Q137652512,tmdb
1433842,Relationship Goals (film),https://en.wikipedia.org/wiki/Relationship_Goals_(film),tt35718349,Q137805147,tmdb
1461211,Mimics (film),https://en.wikipedia.org/wiki/Mimics_(film),tt32165741,Q138018502,tmdb
1465063,Forgotten Island,https://en.wikipedia.org/wiki/Forgotten_Island,tt36583977,Q138335503,tmdb
1571470,,,tt28283547,Q120279954,tmdb
1507020,,,tt32166167,Q136655054,tmdb
1541356,,,tt38285001,Q136661453,tmdb
1507275,,,tt37671699,Q136708302,tmdb
1522377,,,tt36499994,Q136983137,tmdb
1601243,,,tt27674706,Q137766758,tmdb
1608982,,,tt36398562,Q138011277,tmdb
1620991,,,tt39389929,Q138188863,tmdb
1570282,,,tt39196792,Q138299163,tmdb
1600421,,,tt39216314,Q138391491,tmdb
1523145,,,tt38190257,Q139499171,tmdb
1584215,,,tt38238651,Q140225877,tmdb
1602705,,,tt39240255,Q140306984,tmdb
1522925,My Man (1924 film),https://en.wikipedia.org/wiki/My_Man_(1924_film),tt0015155,Q56322626,tmdb
1528660,Holy Ghost (2025 film),https://en.wikipedia.org/wiki/Holy_Ghost_(2025_film),tt36364273,Q135112482,tmdb
1516391,Cover-Up (2025 film),https://en.wikipedia.org/wiki/Cover-Up_(2025_film),tt37660887,Q135654172,tmdb
1530875,All the Devils Are Here (film),https://en.wikipedia.org/wiki/All_the_Devils_Are_Here_(film),tt26896414,Q135906912,tmdb
1511417,Baahubali: The Epic,https://en.wikipedia.org/wiki/Baahubali:_The_Epic,tt37893389,Q136222258,tmdb
1522923,Safe House (2025 film),https://en.wikipedia.org/wiki/Safe_House_(2025_film),tt30954952,Q136238688,tmdb
1539104,Jujutsu Kaisen: Execution,https://en.wikipedia.org/wiki/Jujutsu_Kaisen:_Execution,tt38121182,Q136436677,tmdb
1575337,Cosmic Princess Kaguya!,https://en.wikipedia.org/wiki/Cosmic_Princess_Kaguya!,tt38872297,Q136708889,tmdb
1566269,The First Snow of Fraggle Rock,https://en.wikipedia.org/wiki/The_First_Snow_of_Fraggle_Rock,tt39089423,Q137186847,tmdb
1561955,Stephen (film),https://en.wikipedia.org/wiki/Stephen_(film),tt38681567,Q137259415,tmdb
1596291,Queen of Chess,https://en.wikipedia.org/wiki/Queen_of_Chess,tt39162904,Q137594246,tmdb
1538718,Disneyland Handcrafted,https://en.wikipedia.org/wiki/Disneyland_Handcrafted,tt39308381,Q137771918,tmdb
1616993,Safdar,https://en.wikipedia.org/wiki/Safia/Safdar,tt39392710,Q137863964,tmdb
1548113,The Muppet Show (2026 TV special),https://en.wikipedia.org/wiki/The_Muppet_Show_(2026_TV_special),tt37969426,Q137993434,tmdb
1582770,Dhurandhar: The Revenge,https://en.wikipedia.org/wiki/Dhurandhar:_The_Revenge,tt39139925,Q137998501,tmdb
