movie_id,reason,wikidata_id
9572,wikidata_item_without_english_wikipedia_link,Q877948
12137,wikidata_item_without_english_wikipedia_link,Q477570
13304,wikidata_item_without_english_wikipedia_link,Q1170882
12693,wikidata_item_without_english_wikipedia_link,Q3441735
14830,wikidata_item_without_english_wikipedia_link,Q2320247
15571,wikidata_item_without_english_wikipedia_link,Q3704678
15595,wikidata_item_without_english_wikipedia_link,Q108412197
22623,wikidata_item_without_english_wikipedia_link,Q3433055
22817,wikidata_item_without_english_wikipedia_link,Q11856150
22243,wikidata_item_without_english_wikipedia_link,Q12307829
19888,wikidata_item_without_english_wikipedia_link,Q118188978
26550,wikidata_item_without_english_wikipedia_link,Q3902599
24950,wikidata_item_without_english_wikipedia_link,Q25416010
28976,wikidata_item_without_english_wikipedia_link,Q139731
27696,wikidata_item_without_english_wikipedia_link,Q3522997
28412,wikidata_item_without_english_wikipedia_link,Q4375174
27710,wikidata_item_without_english_wikipedia_link,Q4925880
29556,wikidata_item_without_english_wikipedia_link,Q5073407
29315,wikidata_item_without_english_wikipedia_link,Q5256333
27485,wikidata_item_without_english_wikipedia_link,Q20022638
29944,wikidata_item_without_english_wikipedia_link,Q102187928
30567,wikidata_item_without_english_wikipedia_link,Q104050802
30883,wikidata_item_without_english_wikipedia_link,Q130658686
35818,wikidata_item_without_english_wikipedia_link,Q3234444
33322,wikidata_item_without_english_wikipedia_link,Q3623143
36294,wikidata_item_without_english_wikipedia_link,Q5416096
36409,wikidata_item_without_english_wikipedia_link,Q9386780
34754,wikidata_item_without_english_wikipedia_link,Q10470038
36565,wikidata_item_without_english_wikipedia_link,Q18335274
33120,wikidata_item_without_english_wikipedia_link,Q18693436
32343,wikidata_item_without_english_wikipedia_link,Q47456738
36184,wikidata_item_without_english_wikipedia_link,Q120653555
38183,wikidata_item_without_english_wikipedia_link,Q460104
37970,wikidata_item_without_english_wikipedia_link,Q2220324
36984,wikidata_item_without_english_wikipedia_link,Q2451868
39478,wikidata_item_without_english_wikipedia_link,Q28498989
39758,wikidata_item_without_english_wikipedia_link,Q117814147
39054,wikidata_item_without_english_wikipedia_link,Q129676910
40472,wikidata_item_without_english_wikipedia_link,Q2067241
41150,wikidata_item_without_english_wikipedia_link,Q3345002
40900,wikidata_item_without_english_wikipedia_link,Q10271782
42747,wikidata_item_without_english_wikipedia_link,Q10725907
41289,wikidata_item_without_english_wikipedia_link,Q11331873
41567,wikidata_item_without_english_wikipedia_link,Q20077062
41170,wikidata_item_without_english_wikipedia_link,Q74512817
44881,wikidata_item_without_english_wikipedia_link,Q2411784
46848,wikidata_item_without_english_wikipedia_link,Q3682832
46651,wikidata_item_without_english_wikipedia_link,Q10364206
45613,wikidata_item_without_english_wikipedia_link,Q12031499
47116,wikidata_item_without_english_wikipedia_link,Q12779022
46899,wikidata_item_without_english_wikipedia_link,Q15270755
46835,wikidata_item_without_english_wikipedia_link,Q19516271
45288,wikidata_item_without_english_wikipedia_link,Q116163656
51776,wikidata_item_without_english_wikipedia_link,Q185999
49129,wikidata_item_without_english_wikipedia_link,Q2414765
49886,wikidata_item_without_english_wikipedia_link,Q3223005
47645,wikidata_item_without_english_wikipedia_link,Q9266683
51827,wikidata_item_without_english_wikipedia_link,Q10424040
50714,wikidata_item_without_english_wikipedia_link,Q11795844
49469,wikidata_item_without_english_wikipedia_link,Q50781528
48468,wikidata_item_without_english_wikipedia_link,Q110103697
50388,wikidata_item_without_english_wikipedia_link,Q112132987
55224,wikidata_item_without_english_wikipedia_link,Q828244
53977,wikidata_item_without_english_wikipedia_link,Q2371894
52225,wikidata_item_without_english_wikipedia_link,Q2404247
53389,wikidata_item_without_english_wikipedia_link,Q2410168
52215,wikidata_item_without_english_wikipedia_link,Q2804182
54551,wikidata_item_without_english_wikipedia_link,Q2881864
54553,wikidata_item_without_english_wikipedia_link,Q3139613
52373,wikidata_item_without_english_wikipedia_link,Q12492963
55346,wikidata_item_without_english_wikipedia_link,Q17615921
54612,wikidata_item_without_english_wikipedia_link,Q17639610
54476,wikidata_item_without_english_wikipedia_link,Q30751145
56301,wikidata_item_without_english_wikipedia_link,Q55171197
53064,wikidata_item_without_english_wikipedia_link,Q105096519
61492,wikidata_item_without_english_wikipedia_link,Q55736446
59992,wikidata_item_without_english_wikipedia_link,Q920970
59555,wikidata_item_without_english_wikipedia_link,Q1197796
63784,wikidata_item_without_english_wikipedia_link,Q2033458
60628,wikidata_item_without_english_wikipedia_link,Q2999025
59346,wikidata_item_without_english_wikipedia_link,Q3016384
64479,wikidata_item_without_english_wikipedia_link,Q3522543
65100,wikidata_item_without_english_wikipedia_link,Q4171457
59493,wikidata_item_without_english_wikipedia_link,Q6123273
59715,wikidata_item_without_english_wikipedia_link,Q9263314
61786,wikidata_item_without_english_wikipedia_link,Q10518417
62826,wikidata_item_without_english_wikipedia_link,Q10638197
60495,wikidata_item_without_english_wikipedia_link,Q20004946
64084,wikidata_item_without_english_wikipedia_link,Q64825090
60120,wikidata_item_without_english_wikipedia_link,Q114024600
63706,wikidata_item_without_english_wikipedia_link,Q32723
69437,wikidata_item_without_english_wikipedia_link,Q113392
67628,wikidata_item_without_english_wikipedia_link,Q860071
65864,wikidata_item_without_english_wikipedia_link,Q1060400
68992,wikidata_item_without_english_wikipedia_link,Q2058556
69795,wikidata_item_without_english_wikipedia_link,Q3221559
65556,wikidata_item_without_english_wikipedia_link,Q3479828
65997,wikidata_item_without_english_wikipedia_link,Q3554365
67630,wikidata_item_without_english_wikipedia_link,Q4224590
67613,wikidata_item_without_english_wikipedia_link,Q10293821
65771,wikidata_item_without_english_wikipedia_link,Q12308937
65693,wikidata_item_without_english_wikipedia_link,Q12709056
69371,wikidata_item_without_english_wikipedia_link,Q16062410
65364,wikidata_item_without_english_wikipedia_link,Q16115781
66470,wikidata_item_without_english_wikipedia_link,Q16707830
67868,wikidata_item_without_english_wikipedia_link,Q20091623
68254,wikidata_item_without_english_wikipedia_link,Q20653143
66045,wikidata_item_without_english_wikipedia_link,Q112800336
65869,wikidata_item_without_english_wikipedia_link,Q120979864
69282,wikidata_item_without_english_wikipedia_link,Q127600137
74950,wikidata_item_without_english_wikipedia_link,Q903915
73517,wikidata_item_without_english_wikipedia_link,Q2761746
75020,wikidata_item_without_english_wikipedia_link,Q3532554
73196,wikidata_item_without_english_wikipedia_link,Q3617560
73452,wikidata_item_without_english_wikipedia_link,Q5057087
74078,wikidata_item_without_english_wikipedia_link,Q6411180
75828,wikidata_item_without_english_wikipedia_link,Q9254813
77085,wikidata_item_without_english_wikipedia_link,Q9556546
76143,wikidata_item_without_english_wikipedia_link,Q10593153
75230,wikidata_item_without_english_wikipedia_link,Q16171115
73774,wikidata_item_without_english_wikipedia_link,Q106717978
77429,wikidata_item_without_english_wikipedia_link,Q108535361
73256,wikidata_item_without_english_wikipedia_link,Q114273311
72073,wikidata_item_without_english_wikipedia_link,Q140836224
79890,wikidata_item_without_english_wikipedia_link,Q1193254
80136,wikidata_item_without_english_wikipedia_link,Q2095644
78657,wikidata_item_without_english_wikipedia_link,Q2876227
78549,wikidata_item_without_english_wikipedia_link,Q3030651
78112,wikidata_item_without_english_wikipedia_link,Q3313181
79165,wikidata_item_without_english_wikipedia_link,Q4182083
81179,wikidata_item_without_english_wikipedia_link,Q4425560
81671,wikidata_item_without_english_wikipedia_link,Q5961248
79909,wikidata_item_without_english_wikipedia_link,Q11191611
78428,wikidata_item_without_english_wikipedia_link,Q11583521
82927,wikidata_item_without_english_wikipedia_link,Q12709553
81622,wikidata_item_without_english_wikipedia_link,Q12744942
81853,wikidata_item_without_english_wikipedia_link,Q13824269
80788,wikidata_item_without_english_wikipedia_link,Q30898236
78085,wikidata_item_without_english_wikipedia_link,Q116978214
80762,wikidata_item_without_english_wikipedia_link,Q120333590
79296,wikidata_item_without_english_wikipedia_link,Q127600135
85375,wikidata_item_without_english_wikipedia_link,Q1989715
89440,wikidata_item_without_english_wikipedia_link,Q2300417
87022,wikidata_item_without_english_wikipedia_link,Q2525577
89249,wikidata_item_without_english_wikipedia_link,Q3024227
90430,wikidata_item_without_english_wikipedia_link,Q3086769
86762,wikidata_item_without_english_wikipedia_link,Q3090583
85665,wikidata_item_without_english_wikipedia_link,Q3314778
85730,wikidata_item_without_english_wikipedia_link,Q3484771
89366,wikidata_item_without_english_wikipedia_link,Q4179470
86647,wikidata_item_without_english_wikipedia_link,Q4185877
85423,wikidata_item_without_english_wikipedia_link,Q4780060
86753,wikidata_item_without_english_wikipedia_link,Q11259024
91875,wikidata_item_without_english_wikipedia_link,Q15215990
91950,wikidata_item_without_english_wikipedia_link,Q15730627
86728,wikidata_item_without_english_wikipedia_link,Q18286143
93407,wikidata_item_without_english_wikipedia_link,Q2849995
105803,wikidata_item_without_english_wikipedia_link,Q3285738
106799,wikidata_item_without_english_wikipedia_link,Q3486302
95429,wikidata_item_without_english_wikipedia_link,Q4528043
96153,wikidata_item_without_english_wikipedia_link,Q9668273
100521,wikidata_item_without_english_wikipedia_link,Q10712546
97930,wikidata_item_without_english_wikipedia_link,Q11791945
105825,wikidata_item_without_english_wikipedia_link,Q15914024
106523,wikidata_item_without_english_wikipedia_link,Q16720277
106271,wikidata_item_without_english_wikipedia_link,Q32859510
102331,wikidata_item_without_english_wikipedia_link,Q50083980
98383,wikidata_item_without_english_wikipedia_link,Q96657986
98584,wikidata_item_without_english_wikipedia_link,Q110312209
102703,wikidata_item_without_english_wikipedia_link,Q124315896
103733,wikidata_item_without_english_wikipedia_link,Q132820698
112059,wikidata_item_without_english_wikipedia_link,Q1195247
109911,wikidata_item_without_english_wikipedia_link,Q2267080
112473,wikidata_item_without_english_wikipedia_link,Q2866956
107554,wikidata_item_without_english_wikipedia_link,Q3505216
108097,wikidata_item_without_english_wikipedia_link,Q3941222
112708,wikidata_item_without_english_wikipedia_link,Q5495498
116538,wikidata_item_without_english_wikipedia_link,Q5705433
115753,wikidata_item_without_english_wikipedia_link,Q5863747
108710,wikidata_item_without_english_wikipedia_link,Q9391560
116919,wikidata_item_without_english_wikipedia_link,Q12393274
111075,wikidata_item_without_english_wikipedia_link,Q14733105
117209,wikidata_item_without_english_wikipedia_link,Q16465862
116560,wikidata_item_without_english_wikipedia_link,Q25415146
112963,wikidata_item_without_english_wikipedia_link,Q65150637
113210,wikidata_item_without_english_wikipedia_link,Q114511094
109100,wikidata_item_without_english_wikipedia_link,Q124435902
116521,wikidata_item_without_english_wikipedia_link,Q125622797
117509,wikidata_item_without_english_wikipedia_link,Q125622817
112720,wikidata_item_without_english_wikipedia_link,Q59660
126475,wikidata_item_without_english_wikipedia_link,Q2017186
126058,wikidata_item_without_english_wikipedia_link,Q2551207
119903,wikidata_item_without_english_wikipedia_link,Q3897215
120437,wikidata_item_without_english_wikipedia_link,Q4022713
128819,wikidata_item_without_english_wikipedia_link,Q6163306
135326,wikidata_item_without_english_wikipedia_link,Q10562386
135348,wikidata_item_without_english_wikipedia_link,Q10689518
129877,wikidata_item_without_english_wikipedia_link,Q10713478
119632,wikidata_item_without_english_wikipedia_link,Q17993112
135216,wikidata_item_without_english_wikipedia_link,Q18286978
129530,wikidata_item_without_english_wikipedia_link,Q57315507
127445,wikidata_item_without_english_wikipedia_link,Q65770121
125149,wikidata_item_without_english_wikipedia_link,Q104898532
127963,wikidata_item_without_english_wikipedia_link,Q107352618
122095,wikidata_item_without_english_wikipedia_link,Q108085261
124821,wikidata_item_without_english_wikipedia_link,Q120077399
119786,wikidata_item_without_english_wikipedia_link,Q120392984
120595,wikidata_item_without_english_wikipedia_link,Q123288526
132495,wikidata_item_without_english_wikipedia_link,Q123495982
123992,wikidata_item_without_english_wikipedia_link,Q130370910
163431,wikidata_item_without_english_wikipedia_link,Q10478816
143914,wikidata_item_without_english_wikipedia_link,Q10686319
147979,wikidata_item_without_english_wikipedia_link,Q11240493
162346,wikidata_item_without_english_wikipedia_link,Q15974037
166701,wikidata_item_without_english_wikipedia_link,Q16324723
155508,wikidata_item_without_english_wikipedia_link,Q19854868
182908,wikidata_item_without_english_wikipedia_link,Q1267980
170563,wikidata_item_without_english_wikipedia_link,Q3149186
186000,wikidata_item_without_english_wikipedia_link,Q3492370
171942,wikidata_item_without_english_wikipedia_link,Q3514284
169664,wikidata_item_without_english_wikipedia_link,Q3922192
182769,wikidata_item_without_english_wikipedia_link,Q4340290
180975,wikidata_item_without_english_wikipedia_link,Q4530753
174234,wikidata_item_without_english_wikipedia_link,Q6073226
187826,wikidata_item_without_english_wikipedia_link,Q9661482
184002,wikidata_item_without_english_wikipedia_link,Q11875877
171292,wikidata_item_without_english_wikipedia_link,Q18642027
182545,wikidata_item_without_english_wikipedia_link,Q18818678
172457,wikidata_item_without_english_wikipedia_link,Q21004173
176132,wikidata_item_without_english_wikipedia_link,Q23564091
177838,wikidata_item_without_english_wikipedia_link,Q25447846
190452,wikidata_item_without_english_wikipedia_link,Q71748462
177123,wikidata_item_without_english_wikipedia_link,Q78650829
176542,wikidata_item_without_english_wikipedia_link,Q123581667
174007,wikidata_item_without_english_wikipedia_link,Q128601207
184677,wikidata_item_without_english_wikipedia_link,Q136089582
186850,wikidata_item_without_english_wikipedia_link,Q136452060
206521,wikidata_item_without_english_wikipedia_link,Q3660203
205270,wikidata_item_without_english_wikipedia_link,Q3664379
191152,wikidata_item_without_english_wikipedia_link,Q6072221
204178,wikidata_item_without_english_wikipedia_link,Q16652911
192823,wikidata_item_without_english_wikipedia_link,Q16720724
202497,wikidata_item_without_english_wikipedia_link,Q21517588
197530,wikidata_item_without_english_wikipedia_link,Q25395769
207270,wikidata_item_without_english_wikipedia_link,Q27189854
207508,wikidata_item_without_english_wikipedia_link,Q37804711
192982,wikidata_item_without_english_wikipedia_link,Q60854539
208802,wikidata_item_without_english_wikipedia_link,Q64796906
207490,wikidata_item_without_english_wikipedia_link,Q92093137
194894,wikidata_item_without_english_wikipedia_link,Q106718800
206635,wikidata_item_without_english_wikipedia_link,Q124299993
191231,wikidata_item_without_english_wikipedia_link,Q130647751
222018,wikidata_item_without_english_wikipedia_link,Q1072050
213439,wikidata_item_without_english_wikipedia_link,Q1148174
222953,wikidata_item_without_english_wikipedia_link,Q1706216
220339,wikidata_item_without_english_wikipedia_link,Q2948628
226305,wikidata_item_without_english_wikipedia_link,Q3023909
223376,wikidata_item_without_english_wikipedia_link,Q4055389
225997,wikidata_item_without_english_wikipedia_link,Q5840347
219998,wikidata_item_without_english_wikipedia_link,Q6093302
219051,wikidata_item_without_english_wikipedia_link,Q8822227
213390,wikidata_item_without_english_wikipedia_link,Q11290757
217625,wikidata_item_without_english_wikipedia_link,Q11872929
216919,wikidata_item_without_english_wikipedia_link,Q19516178
210052,wikidata_item_without_english_wikipedia_link,Q21146310
218746,wikidata_item_without_english_wikipedia_link,Q22974874
226074,wikidata_item_without_english_wikipedia_link,Q30727712
227071,wikidata_item_without_english_wikipedia_link,Q30919027
218329,wikidata_item_without_english_wikipedia_link,Q48673940
226801,wikidata_item_without_english_wikipedia_link,Q56300922
215341,wikidata_item_without_english_wikipedia_link,Q92285661
220098,wikidata_item_without_english_wikipedia_link,Q114277964
215158,wikidata_item_without_english_wikipedia_link,Q123287542
214126,wikidata_item_without_english_wikipedia_link,Q123517562
222380,wikidata_item_without_english_wikipedia_link,Q126870843
226282,wikidata_item_without_english_wikipedia_link,Q141504885
243856,wikidata_item_without_english_wikipedia_link,Q2440383
233861,wikidata_item_without_english_wikipedia_link,Q3536504
232425,wikidata_item_without_english_wikipedia_link,Q9747157
240206,wikidata_item_without_english_wikipedia_link,Q11141292
246265,wikidata_item_without_english_wikipedia_link,Q11694910
230151,wikidata_item_without_english_wikipedia_link,Q11786172
232047,wikidata_item_without_english_wikipedia_link,Q12749795
230213,wikidata_item_without_english_wikipedia_link,Q15392164
242182,wikidata_item_without_english_wikipedia_link,Q16232081
229794,wikidata_item_without_english_wikipedia_link,Q16466166
237427,wikidata_item_without_english_wikipedia_link,Q16690034
246790,wikidata_item_without_english_wikipedia_link,Q18415059
235107,wikidata_item_without_english_wikipedia_link,Q20004206
228794,wikidata_item_without_english_wikipedia_link,Q22078277
243037,wikidata_item_without_english_wikipedia_link,Q22336741
227546,wikidata_item_without_english_wikipedia_link,Q30804850
239578,wikidata_item_without_english_wikipedia_link,Q111431055
235765,wikidata_item_without_english_wikipedia_link,Q138773115
235866,wikidata_item_without_english_wikipedia_link,Q138784553
259130,wikidata_item_without_english_wikipedia_link,Q3358659
259873,wikidata_item_without_english_wikipedia_link,Q3832529
256422,wikidata_item_without_english_wikipedia_link,Q5651822
256675,wikidata_item_without_english_wikipedia_link,Q10397511
252345,wikidata_item_without_english_wikipedia_link,Q10678056
251796,wikidata_item_without_english_wikipedia_link,Q11795593
247150,wikidata_item_without_english_wikipedia_link,Q12508291
259931,wikidata_item_without_english_wikipedia_link,Q13728839
257049,wikidata_item_without_english_wikipedia_link,Q17633131
248127,wikidata_item_without_english_wikipedia_link,Q18519731
249397,wikidata_item_without_english_wikipedia_link,Q21468405
260605,wikidata_item_without_english_wikipedia_link,Q22000082
254961,wikidata_item_without_english_wikipedia_link,Q23755148
257439,wikidata_item_without_english_wikipedia_link,Q25646533
251412,wikidata_item_without_english_wikipedia_link,Q30320791
250140,wikidata_item_without_english_wikipedia_link,Q30927788
250394,wikidata_item_without_english_wikipedia_link,Q63344927
252254,wikidata_item_without_english_wikipedia_link,Q114564459
259975,wikidata_item_without_english_wikipedia_link,Q126436347
256509,wikidata_item_without_english_wikipedia_link,Q130349254
262597,wikidata_item_without_english_wikipedia_link,Q331983
263990,wikidata_item_without_english_wikipedia_link,Q1025600
262522,wikidata_item_without_english_wikipedia_link,Q1171017
266367,wikidata_item_without_english_wikipedia_link,Q3223571
263076,wikidata_item_without_english_wikipedia_link,Q3264185
271758,wikidata_item_without_english_wikipedia_link,Q6052859
261450,wikidata_item_without_english_wikipedia_link,Q10272975
268513,wikidata_item_without_english_wikipedia_link,Q10337226
264464,wikidata_item_without_english_wikipedia_link,Q12337658
266088,wikidata_item_without_english_wikipedia_link,Q12749647
266626,wikidata_item_without_english_wikipedia_link,Q12759909
266618,wikidata_item_without_english_wikipedia_link,Q12760303
266468,wikidata_item_without_english_wikipedia_link,Q12835565
270857,wikidata_item_without_english_wikipedia_link,Q15087495
267770,wikidata_item_without_english_wikipedia_link,Q15718610
267458,wikidata_item_without_english_wikipedia_link,Q16499943
271487,wikidata_item_without_english_wikipedia_link,Q18713284
271856,wikidata_item_without_english_wikipedia_link,Q55598379
262866,wikidata_item_without_english_wikipedia_link,Q56310975
265272,wikidata_item_without_english_wikipedia_link,Q108051701
265526,wikidata_item_without_english_wikipedia_link,Q118346823
266526,wikidata_item_without_english_wikipedia_link,Q123287799
271709,wikidata_item_without_english_wikipedia_link,Q128450094
270763,wikidata_item_without_english_wikipedia_link,Q135719378
269065,wikidata_item_without_english_wikipedia_link,Q138603766
275615,wikidata_item_without_english_wikipedia_link,Q126123
289426,wikidata_item_without_english_wikipedia_link,Q1763619
281272,wikidata_item_without_english_wikipedia_link,Q3204020
282199,wikidata_item_without_english_wikipedia_link,Q3221066
277523,wikidata_item_without_english_wikipedia_link,Q3842804
278079,wikidata_item_without_english_wikipedia_link,Q7037521
291543,wikidata_item_without_english_wikipedia_link,Q10344648
288620,wikidata_item_without_english_wikipedia_link,Q15836519
286821,wikidata_item_without_english_wikipedia_link,Q15990809
280101,wikidata_item_without_english_wikipedia_link,Q16027890
279147,wikidata_item_without_english_wikipedia_link,Q16321214
290715,wikidata_item_without_english_wikipedia_link,Q16590569
291548,wikidata_item_without_english_wikipedia_link,Q16703334
286687,wikidata_item_without_english_wikipedia_link,Q18142638
278296,wikidata_item_without_english_wikipedia_link,Q18290575
276570,wikidata_item_without_english_wikipedia_link,Q18511275
280511,wikidata_item_without_english_wikipedia_link,Q20972531
276126,wikidata_item_without_english_wikipedia_link,Q22974875
291412,wikidata_item_without_english_wikipedia_link,Q27229728
275337,wikidata_item_without_english_wikipedia_link,Q71983931
291302,wikidata_item_without_english_wikipedia_link,Q120669653
279710,wikidata_item_without_english_wikipedia_link,Q129686619
291541,wikidata_item_without_english_wikipedia_link,Q141188704
299127,wikidata_item_without_english_wikipedia_link,Q888429
294076,wikidata_item_without_english_wikipedia_link,Q2282229
305849,wikidata_item_without_english_wikipedia_link,Q2759069
295943,wikidata_item_without_english_wikipedia_link,Q3514299
299540,wikidata_item_without_english_wikipedia_link,Q3703884
299050,wikidata_item_without_english_wikipedia_link,Q5772687
300510,wikidata_item_without_english_wikipedia_link,Q6063357
301233,wikidata_item_without_english_wikipedia_link,Q6143281
296264,wikidata_item_without_english_wikipedia_link,Q7196064
306629,wikidata_item_without_english_wikipedia_link,Q12686407
302624,wikidata_item_without_english_wikipedia_link,Q16535180
301633,wikidata_item_without_english_wikipedia_link,Q18616812
299796,wikidata_item_without_english_wikipedia_link,Q20001157
299553,wikidata_item_without_english_wikipedia_link,Q22814359
295485,wikidata_item_without_english_wikipedia_link,Q23686237
307012,wikidata_item_without_english_wikipedia_link,Q27832314
302988,wikidata_item_without_english_wikipedia_link,Q61067464
293354,wikidata_item_without_english_wikipedia_link,Q92748318
296918,wikidata_item_without_english_wikipedia_link,Q97007783
305949,wikidata_item_without_english_wikipedia_link,Q98807351
301906,wikidata_item_without_english_wikipedia_link,Q129105044
297090,wikidata_item_without_english_wikipedia_link,Q140473571
316940,wikidata_item_without_english_wikipedia_link,Q10542383
316938,wikidata_item_without_english_wikipedia_link,Q10682908
313113,wikidata_item_without_english_wikipedia_link,Q10855439
322334,wikidata_item_without_english_wikipedia_link,Q10949989
322838,wikidata_item_without_english_wikipedia_link,Q11191885
319151,wikidata_item_without_english_wikipedia_link,Q11400744
324777,wikidata_item_without_english_wikipedia_link,Q12758596
325765,wikidata_item_without_english_wikipedia_link,Q12807130
324631,wikidata_item_without_english_wikipedia_link,Q16946988
323592,wikidata_item_without_english_wikipedia_link,Q18287246
316762,wikidata_item_without_english_wikipedia_link,Q18647013
308817,wikidata_item_without_english_wikipedia_link,Q18745437
308624,wikidata_item_without_english_wikipedia_link,Q19794868
316391,wikidata_item_without_english_wikipedia_link,Q20729750
321530,wikidata_item_without_english_wikipedia_link,Q20740344
315112,wikidata_item_without_english_wikipedia_link,Q20742863
322127,wikidata_item_without_english_wikipedia_link,Q21008502
314996,wikidata_item_without_english_wikipedia_link,Q21707056
323710,wikidata_item_without_english_wikipedia_link,Q22000572
315999,wikidata_item_without_english_wikipedia_link,Q33554204
322061,wikidata_item_without_english_wikipedia_link,Q51221650
315140,wikidata_item_without_english_wikipedia_link,Q120598133
321487,wikidata_item_without_english_wikipedia_link,Q128450096
323707,wikidata_item_without_english_wikipedia_link,Q130367647
322332,wikidata_item_without_english_wikipedia_link,Q141124288
331168,wikidata_item_without_english_wikipedia_link,Q2882642
329518,wikidata_item_without_english_wikipedia_link,Q4003136
337782,wikidata_item_without_english_wikipedia_link,Q11968249
335304,wikidata_item_without_english_wikipedia_link,Q21575737
337556,wikidata_item_without_english_wikipedia_link,Q22000661
335080,wikidata_item_without_english_wikipedia_link,Q24263055
328454,wikidata_item_without_english_wikipedia_link,Q27120524
326381,wikidata_item_without_english_wikipedia_link,Q27941637
326530,wikidata_item_without_english_wikipedia_link,Q68013084
338650,wikidata_item_without_english_wikipedia_link,Q104967680
340382,wikidata_item_without_english_wikipedia_link,Q115921828
328070,wikidata_item_without_english_wikipedia_link,Q130404736
339648,wikidata_item_without_english_wikipedia_link,Q131981757
329497,wikidata_item_without_english_wikipedia_link,Q132180548
329496,wikidata_item_without_english_wikipedia_link,Q138446033
349796,wikidata_item_without_english_wikipedia_link,Q3433355
348554,wikidata_item_without_english_wikipedia_link,Q3790820
341023,wikidata_item_without_english_wikipedia_link,Q12754580
349223,wikidata_item_without_english_wikipedia_link,Q16164101
346900,wikidata_item_without_english_wikipedia_link,Q17382751
346111,wikidata_item_without_english_wikipedia_link,Q19473410
343807,wikidata_item_without_english_wikipedia_link,Q21648846
342125,wikidata_item_without_english_wikipedia_link,Q23565731
350717,wikidata_item_without_english_wikipedia_link,Q24258557
345466,wikidata_item_without_english_wikipedia_link,Q27104696
349795,wikidata_item_without_english_wikipedia_link,Q104771804
353257,wikidata_item_without_english_wikipedia_link,Q106764546
347647,wikidata_item_without_english_wikipedia_link,Q122052344
355499,wikidata_item_without_english_wikipedia_link,Q123013261
354401,wikidata_item_without_english_wikipedia_link,Q129082740
362364,wikidata_item_without_english_wikipedia_link,Q2866803
366233,wikidata_item_without_english_wikipedia_link,Q3650562
359087,wikidata_item_without_english_wikipedia_link,Q3657868
363157,wikidata_item_without_english_wikipedia_link,Q10448345
369008,wikidata_item_without_english_wikipedia_link,Q11869097
360248,wikidata_item_without_english_wikipedia_link,Q12750887
364390,wikidata_item_without_english_wikipedia_link,Q20005671
372910,wikidata_item_without_english_wikipedia_link,Q20076479
367976,wikidata_item_without_english_wikipedia_link,Q21127402
365324,wikidata_item_without_english_wikipedia_link,Q24265169
372443,wikidata_item_without_english_wikipedia_link,Q28517160
360901,wikidata_item_without_english_wikipedia_link,Q28663158
369069,wikidata_item_without_english_wikipedia_link,Q30750665
369056,wikidata_item_without_english_wikipedia_link,Q60835649
356808,wikidata_item_without_english_wikipedia_link,Q61273551
359220,wikidata_item_without_english_wikipedia_link,Q65425221
363476,wikidata_item_without_english_wikipedia_link,Q76434637
370009,wikidata_item_without_english_wikipedia_link,Q96335516
362579,wikidata_item_without_english_wikipedia_link,Q108908083
359768,wikidata_item_without_english_wikipedia_link,Q110906074
366755,wikidata_item_without_english_wikipedia_link,Q114209499
369390,wikidata_item_without_english_wikipedia_link,Q120966442
365962,wikidata_item_without_english_wikipedia_link,Q122165323
372439,wikidata_item_without_english_wikipedia_link,Q124435809
372758,wikidata_item_without_english_wikipedia_link,Q128450098
358702,wikidata_item_without_english_wikipedia_link,Q132819680
361553,wikidata_item_without_english_wikipedia_link,Q135641714
377399,wikidata_item_without_english_wikipedia_link,Q1582649
388903,wikidata_item_without_english_wikipedia_link,Q3613575
388568,wikidata_item_without_english_wikipedia_link,Q9583742
373494,wikidata_item_without_english_wikipedia_link,Q11828414
381136,wikidata_item_without_english_wikipedia_link,Q12513269
381352,wikidata_item_without_english_wikipedia_link,Q12751269
373466,wikidata_item_without_english_wikipedia_link,Q12883220
380936,wikidata_item_without_english_wikipedia_link,Q19733188
373758,wikidata_item_without_english_wikipedia_link,Q21452213
387824,wikidata_item_without_english_wikipedia_link,Q21710025
387834,wikidata_item_without_english_wikipedia_link,Q21710213
372921,wikidata_item_without_english_wikipedia_link,Q21824793
387848,wikidata_item_without_english_wikipedia_link,Q21825216
374908,wikidata_item_without_english_wikipedia_link,Q21953196
385317,wikidata_item_without_english_wikipedia_link,Q23900124
375256,wikidata_item_without_english_wikipedia_link,Q23991085
378350,wikidata_item_without_english_wikipedia_link,Q25461436
378552,wikidata_item_without_english_wikipedia_link,Q26839254
375154,wikidata_item_without_english_wikipedia_link,Q27058177
393003,wikidata_item_without_english_wikipedia_link,Q30087721
375745,wikidata_item_without_english_wikipedia_link,Q30903830
386465,wikidata_item_without_english_wikipedia_link,Q47524670
380109,wikidata_item_without_english_wikipedia_link,Q60849793
389021,wikidata_item_without_english_wikipedia_link,Q85853792
375846,wikidata_item_without_english_wikipedia_link,Q96276549
381092,wikidata_item_without_english_wikipedia_link,Q103426817
373234,wikidata_item_without_english_wikipedia_link,Q104895320
372962,wikidata_item_without_english_wikipedia_link,Q128600841
378961,wikidata_item_without_english_wikipedia_link,Q130370984
373841,wikidata_item_without_english_wikipedia_link,Q141379003
410685,wikidata_item_without_english_wikipedia_link,Q4117314
398103,wikidata_item_without_english_wikipedia_link,Q4378847
405340,wikidata_item_without_english_wikipedia_link,Q11314890
397873,wikidata_item_without_english_wikipedia_link,Q23707678
395000,wikidata_item_without_english_wikipedia_link,Q24000750
407789,wikidata_item_without_english_wikipedia_link,Q24596670
405817,wikidata_item_without_english_wikipedia_link,Q25842460
410216,wikidata_item_without_english_wikipedia_link,Q26702898
402370,wikidata_item_without_english_wikipedia_link,Q29316143
404516,wikidata_item_without_english_wikipedia_link,Q33026815
398588,wikidata_item_without_english_wikipedia_link,Q60851104
399905,wikidata_item_without_english_wikipedia_link,Q61961308
397469,wikidata_item_without_english_wikipedia_link,Q93738527
407624,wikidata_item_without_english_wikipedia_link,Q93870175
403056,wikidata_item_without_english_wikipedia_link,Q100774550
410118,wikidata_item_without_english_wikipedia_link,Q105105843
400291,wikidata_item_without_english_wikipedia_link,Q111080124
408567,wikidata_item_without_english_wikipedia_link,Q115436974
406240,wikidata_item_without_english_wikipedia_link,Q135667930
414002,wikidata_item_without_english_wikipedia_link,Q2439309
424110,wikidata_item_without_english_wikipedia_link,Q2460123
423181,wikidata_item_without_english_wikipedia_link,Q4284289
417448,wikidata_item_without_english_wikipedia_link,Q9182512
415257,wikidata_item_without_english_wikipedia_link,Q23045249
415772,wikidata_item_without_english_wikipedia_link,Q24203135
414977,wikidata_item_without_english_wikipedia_link,Q26198148
413666,wikidata_item_without_english_wikipedia_link,Q27516292
414651,wikidata_item_without_english_wikipedia_link,Q28496701
422931,wikidata_item_without_english_wikipedia_link,Q28530484
412092,wikidata_item_without_english_wikipedia_link,Q28699303
416113,wikidata_item_without_english_wikipedia_link,Q28925710
412013,wikidata_item_without_english_wikipedia_link,Q29017122
417784,wikidata_item_without_english_wikipedia_link,Q31078098
416599,wikidata_item_without_english_wikipedia_link,Q45315363
419148,wikidata_item_without_english_wikipedia_link,Q56303859
424722,wikidata_item_without_english_wikipedia_link,Q57305201
412380,wikidata_item_without_english_wikipedia_link,Q66105246
423230,wikidata_item_without_english_wikipedia_link,Q110996927
419261,wikidata_item_without_english_wikipedia_link,Q115103606
423502,wikidata_item_without_english_wikipedia_link,Q139840806
419116,wikidata_item_without_english_wikipedia_link,Q139840828
430275,wikidata_item_without_english_wikipedia_link,Q3360746
433843,wikidata_item_without_english_wikipedia_link,Q6093767
432707,wikidata_item_without_english_wikipedia_link,Q9090241
426159,wikidata_item_without_english_wikipedia_link,Q10550194
440431,wikidata_item_without_english_wikipedia_link,Q11742415
425623,wikidata_item_without_english_wikipedia_link,Q12506758
428024,wikidata_item_without_english_wikipedia_link,Q23999848
440911,wikidata_item_without_english_wikipedia_link,Q27592529
431594,wikidata_item_without_english_wikipedia_link,Q27962511
441168,wikidata_item_without_english_wikipedia_link,Q29110182
438660,wikidata_item_without_english_wikipedia_link,Q29546940
433092,wikidata_item_without_english_wikipedia_link,Q56604330
435107,wikidata_item_without_english_wikipedia_link,Q104726289
436053,wikidata_item_without_english_wikipedia_link,Q113558201
439905,wikidata_item_without_english_wikipedia_link,Q116978344
430293,wikidata_item_without_english_wikipedia_link,Q130395485
450744,wikidata_item_without_english_wikipedia_link,Q1876321
450374,wikidata_item_without_english_wikipedia_link,Q24706505
447236,wikidata_item_without_english_wikipedia_link,Q28974159
444100,wikidata_item_without_english_wikipedia_link,Q30522317
446040,wikidata_item_without_english_wikipedia_link,Q30740598
443398,wikidata_item_without_english_wikipedia_link,Q30742364
447335,wikidata_item_without_english_wikipedia_link,Q30889904
449664,wikidata_item_without_english_wikipedia_link,Q39843662
455483,wikidata_item_without_english_wikipedia_link,Q42048234
445962,wikidata_item_without_english_wikipedia_link,Q47091955
448763,wikidata_item_without_english_wikipedia_link,Q48862028
452728,wikidata_item_without_english_wikipedia_link,Q57400952
452895,wikidata_item_without_english_wikipedia_link,Q105799591
456974,wikidata_item_without_english_wikipedia_link,Q115621393
451964,wikidata_item_without_english_wikipedia_link,Q117210426
452386,wikidata_item_without_english_wikipedia_link,Q117774914
447655,wikidata_item_without_english_wikipedia_link,Q130349145
452410,wikidata_item_without_english_wikipedia_link,Q132775191
453133,wikidata_item_without_english_wikipedia_link,Q139838792
460907,wikidata_item_without_english_wikipedia_link,Q3338746
464967,wikidata_item_without_english_wikipedia_link,Q3427475
464267,wikidata_item_without_english_wikipedia_link,Q3778078
471018,wikidata_item_without_english_wikipedia_link,Q4010286
458521,wikidata_item_without_english_wikipedia_link,Q5857596
463121,wikidata_item_without_english_wikipedia_link,Q9275100
458137,wikidata_item_without_english_wikipedia_link,Q16243658
468669,wikidata_item_without_english_wikipedia_link,Q16355858
469996,wikidata_item_without_english_wikipedia_link,Q19599606
466476,wikidata_item_without_english_wikipedia_link,Q26856862
461158,wikidata_item_without_english_wikipedia_link,Q39074479
472612,wikidata_item_without_english_wikipedia_link,Q54760163
459926,wikidata_item_without_english_wikipedia_link,Q56402526
467097,wikidata_item_without_english_wikipedia_link,Q56683249
468085,wikidata_item_without_english_wikipedia_link,Q107538741
463354,wikidata_item_without_english_wikipedia_link,Q109597675
464111,wikidata_item_without_english_wikipedia_link,Q111177862
463833,wikidata_item_without_english_wikipedia_link,Q112264107
459687,wikidata_item_without_english_wikipedia_link,Q118431420
464745,wikidata_item_without_english_wikipedia_link,Q130349246
461257,wikidata_item_without_english_wikipedia_link,Q132853335
499535,wikidata_item_without_english_wikipedia_link,Q2215288
482758,wikidata_item_without_english_wikipedia_link,Q3080259
477898,wikidata_item_without_english_wikipedia_link,Q10492827
478415,wikidata_item_without_english_wikipedia_link,Q12758807
476907,wikidata_item_without_english_wikipedia_link,Q22341027
474766,wikidata_item_without_english_wikipedia_link,Q28750074
477284,wikidata_item_without_english_wikipedia_link,Q42330890
487741,wikidata_item_without_english_wikipedia_link,Q48656261
489634,wikidata_item_without_english_wikipedia_link,Q48756853
492126,wikidata_item_without_english_wikipedia_link,Q48910904
498214,wikidata_item_without_english_wikipedia_link,Q53477854
481871,wikidata_item_without_english_wikipedia_link,Q55105666
479093,wikidata_item_without_english_wikipedia_link,Q65247464
498301,wikidata_item_without_english_wikipedia_link,Q77711492
480681,wikidata_item_without_english_wikipedia_link,Q81664257
473388,wikidata_item_without_english_wikipedia_link,Q97213885
481773,wikidata_item_without_english_wikipedia_link,Q106658210
479198,wikidata_item_without_english_wikipedia_link,Q110268947
499191,wikidata_item_without_english_wikipedia_link,Q130760065
479965,wikidata_item_without_english_wikipedia_link,Q132732823
482600,wikidata_item_without_english_wikipedia_link,Q139840775
501318,wikidata_item_without_english_wikipedia_link,Q6049034
501503,wikidata_item_without_english_wikipedia_link,Q9176393
503093,wikidata_item_without_english_wikipedia_link,Q9203082
514302,wikidata_item_without_english_wikipedia_link,Q9393904
517352,wikidata_item_without_english_wikipedia_link,Q10585840
508849,wikidata_item_without_english_wikipedia_link,Q12490895
502480,wikidata_item_without_english_wikipedia_link,Q16085457
514353,wikidata_item_without_english_wikipedia_link,Q16680471
514250,wikidata_item_without_english_wikipedia_link,Q31187012
515485,wikidata_item_without_english_wikipedia_link,Q51882983
508152,wikidata_item_without_english_wikipedia_link,Q108914073
512338,wikidata_item_without_english_wikipedia_link,Q112079278
510583,wikidata_item_without_english_wikipedia_link,Q119955005
513536,wikidata_item_without_english_wikipedia_link,Q130582186
515597,wikidata_item_without_english_wikipedia_link,Q132048165
509312,wikidata_item_without_english_wikipedia_link,Q132182404
507476,wikidata_item_without_english_wikipedia_link,Q132797839
515300,wikidata_item_without_english_wikipedia_link,Q136894298
511082,wikidata_item_without_english_wikipedia_link,Q140569952
518966,wikidata_item_without_english_wikipedia_link,Q5905291
527983,wikidata_item_without_english_wikipedia_link,Q6051788
525586,wikidata_item_without_english_wikipedia_link,Q12848786
520198,wikidata_item_without_english_wikipedia_link,Q21780555
521929,wikidata_item_without_english_wikipedia_link,Q52777280
532794,wikidata_item_without_english_wikipedia_link,Q55105834
532654,wikidata_item_without_english_wikipedia_link,Q55631230
518245,wikidata_item_without_english_wikipedia_link,Q55766090
533048,wikidata_item_without_english_wikipedia_link,Q56448240
529213,wikidata_item_without_english_wikipedia_link,Q56692111
524323,wikidata_item_without_english_wikipedia_link,Q57260200
518471,wikidata_item_without_english_wikipedia_link,Q60537973
518092,wikidata_item_without_english_wikipedia_link,Q109451670
534283,wikidata_item_without_english_wikipedia_link,Q123527741
529499,wikidata_item_without_english_wikipedia_link,Q125316263
525655,wikidata_item_without_english_wikipedia_link,Q127694747
529697,wikidata_item_without_english_wikipedia_link,Q132047638
541927,wikidata_item_without_english_wikipedia_link,Q10585661
535836,wikidata_item_without_english_wikipedia_link,Q23680530
536205,wikidata_item_without_english_wikipedia_link,Q31174963
544510,wikidata_item_without_english_wikipedia_link,Q55596753
545742,wikidata_item_without_english_wikipedia_link,Q56346739
536593,wikidata_item_without_english_wikipedia_link,Q56398888
547258,wikidata_item_without_english_wikipedia_link,Q60848523
545083,wikidata_item_without_english_wikipedia_link,Q60855121
535736,wikidata_item_without_english_wikipedia_link,Q61366042
549757,wikidata_item_without_english_wikipedia_link,Q61511775
539437,wikidata_item_without_english_wikipedia_link,Q65129908
547747,wikidata_item_without_english_wikipedia_link,Q77737690
549435,wikidata_item_without_english_wikipedia_link,Q79433115
544334,wikidata_item_without_english_wikipedia_link,Q86662462
547523,wikidata_item_without_english_wikipedia_link,Q86734979
540748,wikidata_item_without_english_wikipedia_link,Q97307791
549555,wikidata_item_without_english_wikipedia_link,Q97662928
543749,wikidata_item_without_english_wikipedia_link,Q100706392
545394,wikidata_item_without_english_wikipedia_link,Q104897799
542792,wikidata_item_without_english_wikipedia_link,Q109026863
554294,wikidata_item_without_english_wikipedia_link,Q110532836
539682,wikidata_item_without_english_wikipedia_link,Q111627868
551238,wikidata_item_without_english_wikipedia_link,Q116974229
537919,wikidata_item_without_english_wikipedia_link,Q116980047
542901,wikidata_item_without_english_wikipedia_link,Q130394929
554617,wikidata_item_without_english_wikipedia_link,Q130465706
548541,wikidata_item_without_english_wikipedia_link,Q132860953
570780,wikidata_item_without_english_wikipedia_link,Q3115001
565081,wikidata_item_without_english_wikipedia_link,Q3321343
578029,wikidata_item_without_english_wikipedia_link,Q11853691
560884,wikidata_item_without_english_wikipedia_link,Q16503076
558988,wikidata_item_without_english_wikipedia_link,Q16636134
557354,wikidata_item_without_english_wikipedia_link,Q30727008
568465,wikidata_item_without_english_wikipedia_link,Q30742555
567620,wikidata_item_without_english_wikipedia_link,Q31185307
578721,wikidata_item_without_english_wikipedia_link,Q55597021
579755,wikidata_item_without_english_wikipedia_link,Q59617122
565377,wikidata_item_without_english_wikipedia_link,Q60603536
565388,wikidata_item_without_english_wikipedia_link,Q63034578
576681,wikidata_item_without_english_wikipedia_link,Q63959172
570190,wikidata_item_without_english_wikipedia_link,Q97368159
570186,wikidata_item_without_english_wikipedia_link,Q101835422
568629,wikidata_item_without_english_wikipedia_link,Q104898552
562258,wikidata_item_without_english_wikipedia_link,Q108064954
575923,wikidata_item_without_english_wikipedia_link,Q109332622
570701,wikidata_item_without_english_wikipedia_link,Q122875738
563733,wikidata_item_without_english_wikipedia_link,Q124650176
561757,wikidata_item_without_english_wikipedia_link,Q140611449
581117,wikidata_item_without_english_wikipedia_link,Q17274323
608950,wikidata_item_without_english_wikipedia_link,Q28064444
582494,wikidata_item_without_english_wikipedia_link,Q62032688
608613,wikidata_item_without_english_wikipedia_link,Q64822038
608398,wikidata_item_without_english_wikipedia_link,Q84146436
582763,wikidata_item_without_english_wikipedia_link,Q85313827
583274,wikidata_item_without_english_wikipedia_link,Q86680355
609019,wikidata_item_without_english_wikipedia_link,Q88385715
606227,wikidata_item_without_english_wikipedia_link,Q106335509
610203,wikidata_item_without_english_wikipedia_link,Q107299910
593351,wikidata_item_without_english_wikipedia_link,Q108774370
580187,wikidata_item_without_english_wikipedia_link,Q116051325
606278,wikidata_item_without_english_wikipedia_link,Q130243329
585381,wikidata_item_without_english_wikipedia_link,Q130647764
604782,wikidata_item_without_english_wikipedia_link,Q132797762
583984,wikidata_item_without_english_wikipedia_link,Q132853338
634649,wikidata_item_without_english_wikipedia_link,Q113471777
626613,wikidata_item_without_english_wikipedia_link,Q4093676
619432,wikidata_item_without_english_wikipedia_link,Q11695099
629515,wikidata_item_without_english_wikipedia_link,Q29581181
621341,wikidata_item_without_english_wikipedia_link,Q44868198
628443,wikidata_item_without_english_wikipedia_link,Q51289803
617249,wikidata_item_without_english_wikipedia_link,Q65162835
616558,wikidata_item_without_english_wikipedia_link,Q65665699
612048,wikidata_item_without_english_wikipedia_link,Q79650049
613339,wikidata_item_without_english_wikipedia_link,Q86678552
634836,wikidata_item_without_english_wikipedia_link,Q97235180
612895,wikidata_item_without_english_wikipedia_link,Q105546453
634639,wikidata_item_without_english_wikipedia_link,Q111653010
621749,wikidata_item_without_english_wikipedia_link,Q111678265
625913,wikidata_item_without_english_wikipedia_link,Q114276751
630913,wikidata_item_without_english_wikipedia_link,Q123681005
658334,wikidata_item_without_english_wikipedia_link,Q5394454
654937,wikidata_item_without_english_wikipedia_link,Q7261412
659882,wikidata_item_without_english_wikipedia_link,Q11863627
658935,wikidata_item_without_english_wikipedia_link,Q11870561
658274,wikidata_item_without_english_wikipedia_link,Q11873651
658939,wikidata_item_without_english_wikipedia_link,Q11901370
658577,wikidata_item_without_english_wikipedia_link,Q14956659
659011,wikidata_item_without_english_wikipedia_link,Q17384580
647741,wikidata_item_without_english_wikipedia_link,Q19729189
641631,wikidata_item_without_english_wikipedia_link,Q20494050
657756,wikidata_item_without_english_wikipedia_link,Q26483609
643236,wikidata_item_without_english_wikipedia_link,Q55599312
649614,wikidata_item_without_english_wikipedia_link,Q61083572
657597,wikidata_item_without_english_wikipedia_link,Q68091110
655297,wikidata_item_without_english_wikipedia_link,Q73482864
656483,wikidata_item_without_english_wikipedia_link,Q84844242
642586,wikidata_item_without_english_wikipedia_link,Q85873533
656279,wikidata_item_without_english_wikipedia_link,Q87206125
659943,wikidata_item_without_english_wikipedia_link,Q97165685
639247,wikidata_item_without_english_wikipedia_link,Q98227416
647745,wikidata_item_without_english_wikipedia_link,Q98416496
652754,wikidata_item_without_english_wikipedia_link,Q105094936
639032,wikidata_item_without_english_wikipedia_link,Q107293405
637675,wikidata_item_without_english_wikipedia_link,Q110164347
657198,wikidata_item_without_english_wikipedia_link,Q111264510
640815,wikidata_item_without_english_wikipedia_link,Q111709505
647121,wikidata_item_without_english_wikipedia_link,Q118212661
643747,wikidata_item_without_english_wikipedia_link,Q118215311
653863,wikidata_item_without_english_wikipedia_link,Q127600403
642751,wikidata_item_without_english_wikipedia_link,Q127784560
648168,wikidata_item_without_english_wikipedia_link,Q136001877
645708,wikidata_item_without_english_wikipedia_link,Q140502145
670461,wikidata_item_without_english_wikipedia_link,Q9168001
691968,wikidata_item_without_english_wikipedia_link,Q9337746
661460,wikidata_item_without_english_wikipedia_link,Q14956624
660273,wikidata_item_without_english_wikipedia_link,Q14956657
665488,wikidata_item_without_english_wikipedia_link,Q64733269
674025,wikidata_item_without_english_wikipedia_link,Q64995164
664593,wikidata_item_without_english_wikipedia_link,Q82753363
662659,wikidata_item_without_english_wikipedia_link,Q97940688
669770,wikidata_item_without_english_wikipedia_link,Q98213389
660327,wikidata_item_without_english_wikipedia_link,Q111795457
660833,wikidata_item_without_english_wikipedia_link,Q112874910
693853,wikidata_item_without_english_wikipedia_link,Q127684539
663124,wikidata_item_without_english_wikipedia_link,Q130208038
680734,wikidata_item_without_english_wikipedia_link,Q131391928
698818,wikidata_item_without_english_wikipedia_link,Q139841946
744671,wikidata_item_without_english_wikipedia_link,Q11689658
713570,wikidata_item_without_english_wikipedia_link,Q11826459
731247,wikidata_item_without_english_wikipedia_link,Q19888001
741230,wikidata_item_without_english_wikipedia_link,Q31193355
702454,wikidata_item_without_english_wikipedia_link,Q65266276
712120,wikidata_item_without_english_wikipedia_link,Q96096721
701437,wikidata_item_without_english_wikipedia_link,Q96775064
738968,wikidata_item_without_english_wikipedia_link,Q97581292
733063,wikidata_item_without_english_wikipedia_link,Q97704986
734438,wikidata_item_without_english_wikipedia_link,Q99211384
731842,wikidata_item_without_english_wikipedia_link,Q108833921
719889,wikidata_item_without_english_wikipedia_link,Q109321219
717042,wikidata_item_without_english_wikipedia_link,Q110114832
721741,wikidata_item_without_english_wikipedia_link,Q113173623
741592,wikidata_item_without_english_wikipedia_link,Q114357879
725202,wikidata_item_without_english_wikipedia_link,Q116291605
702699,wikidata_item_without_english_wikipedia_link,Q132775112
721285,wikidata_item_without_english_wikipedia_link,Q133042051
748756,wikidata_item_without_english_wikipedia_link,Q6059032
768117,wikidata_item_without_english_wikipedia_link,Q12046050
758262,wikidata_item_without_english_wikipedia_link,Q16292529
748683,wikidata_item_without_english_wikipedia_link,Q99239109
753756,wikidata_item_without_english_wikipedia_link,Q101437587
754899,wikidata_item_without_english_wikipedia_link,Q102168329
744993,wikidata_item_without_english_wikipedia_link,Q106111846
772388,wikidata_item_without_english_wikipedia_link,Q107075297
763762,wikidata_item_without_english_wikipedia_link,Q107881191
768051,wikidata_item_without_english_wikipedia_link,Q108556018
776151,wikidata_item_without_english_wikipedia_link,Q109298075
746112,wikidata_item_without_english_wikipedia_link,Q126236230
760147,wikidata_item_without_english_wikipedia_link,Q130421430
790861,wikidata_item_without_english_wikipedia_link,Q2997370
784068,wikidata_item_without_english_wikipedia_link,Q3689335
790387,wikidata_item_without_english_wikipedia_link,Q12485399
776717,wikidata_item_without_english_wikipedia_link,Q87126542
817748,wikidata_item_without_english_wikipedia_link,Q87746124
777930,wikidata_item_without_english_wikipedia_link,Q104972691
790806,wikidata_item_without_english_wikipedia_link,Q105682249
783572,wikidata_item_without_english_wikipedia_link,Q107943719
818914,wikidata_item_without_english_wikipedia_link,Q109046793
811072,wikidata_item_without_english_wikipedia_link,Q110076846
792001,wikidata_item_without_english_wikipedia_link,Q110512968
805298,wikidata_item_without_english_wikipedia_link,Q111510526
801335,wikidata_item_without_english_wikipedia_link,Q111568797
800226,wikidata_item_without_english_wikipedia_link,Q122740321
823216,wikidata_item_without_english_wikipedia_link,Q126956814
833750,wikidata_item_without_english_wikipedia_link,Q9283062
849328,wikidata_item_without_english_wikipedia_link,Q17636291
856637,wikidata_item_without_english_wikipedia_link,Q20590983
840477,wikidata_item_without_english_wikipedia_link,Q61608856
828080,wikidata_item_without_english_wikipedia_link,Q107134117
850099,wikidata_item_without_english_wikipedia_link,Q108105456
824882,wikidata_item_without_english_wikipedia_link,Q109254226
827168,wikidata_item_without_english_wikipedia_link,Q110995494
860609,wikidata_item_without_english_wikipedia_link,Q115987675
856389,wikidata_item_without_english_wikipedia_link,Q116285091
842544,wikidata_item_without_english_wikipedia_link,Q118588529
843314,wikidata_item_without_english_wikipedia_link,Q120686957
860352,wikidata_item_without_english_wikipedia_link,Q124714602
851925,wikidata_item_without_english_wikipedia_link,Q130361589
859321,wikidata_item_without_english_wikipedia_link,Q132643515
848334,wikidata_item_without_english_wikipedia_link,Q133884622
830524,wikidata_item_without_english_wikipedia_link,Q134065013
843269,wikidata_item_without_english_wikipedia_link,Q135013057
846575,wikidata_item_without_english_wikipedia_link,Q136552996
879067,wikidata_item_without_english_wikipedia_link,Q10436165
884972,wikidata_item_without_english_wikipedia_link,Q108905808
886953,wikidata_item_without_english_wikipedia_link,Q110542891
886894,wikidata_item_without_english_wikipedia_link,Q111134432
879538,wikidata_item_without_english_wikipedia_link,Q114931668
888479,wikidata_item_without_english_wikipedia_link,Q114982429
894246,wikidata_item_without_english_wikipedia_link,Q115484331
879565,wikidata_item_without_english_wikipedia_link,Q124516509
889813,wikidata_item_without_english_wikipedia_link,Q130493017
911835,wikidata_item_without_english_wikipedia_link,Q139841484
865463,wikidata_item_without_english_wikipedia_link,Q139841575
943793,wikidata_item_without_english_wikipedia_link,Q3176028
944831,wikidata_item_without_english_wikipedia_link,Q4004626
926984,wikidata_item_without_english_wikipedia_link,Q22000402
946872,wikidata_item_without_english_wikipedia_link,Q98108889
944303,wikidata_item_without_english_wikipedia_link,Q102185780
928115,wikidata_item_without_english_wikipedia_link,Q110571514
950363,wikidata_item_without_english_wikipedia_link,Q110645806
945382,wikidata_item_without_english_wikipedia_link,Q111180354
947612,wikidata_item_without_english_wikipedia_link,Q113515823
947674,wikidata_item_without_english_wikipedia_link,Q113634050
936374,wikidata_item_without_english_wikipedia_link,Q114555721
939575,wikidata_item_without_english_wikipedia_link,Q115132941
943165,wikidata_item_without_english_wikipedia_link,Q118187392
932738,wikidata_item_without_english_wikipedia_link,Q122226464
944865,wikidata_item_without_english_wikipedia_link,Q124029649
942894,wikidata_item_without_english_wikipedia_link,Q127544006
924307,wikidata_item_without_english_wikipedia_link,Q130355761
919355,wikidata_item_without_english_wikipedia_link,Q130753803
915982,wikidata_item_without_english_wikipedia_link,Q130753855
939628,wikidata_item_without_english_wikipedia_link,Q131908631
934384,wikidata_item_without_english_wikipedia_link,Q133838882
976830,wikidata_item_without_english_wikipedia_link,Q3119251
971355,wikidata_item_without_english_wikipedia_link,Q10474543
975420,wikidata_item_without_english_wikipedia_link,Q18693427
985698,wikidata_item_without_english_wikipedia_link,Q20729770
972951,wikidata_item_without_english_wikipedia_link,Q24008563
976907,wikidata_item_without_english_wikipedia_link,Q44874168
980388,wikidata_item_without_english_wikipedia_link,Q63986690
958569,wikidata_item_without_english_wikipedia_link,Q104895122
965022,wikidata_item_without_english_wikipedia_link,Q111797767
960815,wikidata_item_without_english_wikipedia_link,Q111906184
991610,wikidata_item_without_english_wikipedia_link,Q112180367
984262,wikidata_item_without_english_wikipedia_link,Q112784712
960057,wikidata_item_without_english_wikipedia_link,Q114081248
988078,wikidata_item_without_english_wikipedia_link,Q114201306
986263,wikidata_item_without_english_wikipedia_link,Q116636278
987912,wikidata_item_without_english_wikipedia_link,Q130696055
960486,wikidata_item_without_english_wikipedia_link,Q130696166
982932,wikidata_item_without_english_wikipedia_link,Q132657291
989798,wikidata_item_without_english_wikipedia_link,Q136094001
977168,wikidata_item_without_english_wikipedia_link,Q136952667
1006494,wikidata_item_without_english_wikipedia_link,Q85977050
1026951,wikidata_item_without_english_wikipedia_link,Q101068607
1033462,wikidata_item_without_english_wikipedia_link,Q109345157
1033219,wikidata_item_without_english_wikipedia_link,Q118187296
1000094,wikidata_item_without_english_wikipedia_link,Q118187398
1000173,wikidata_item_without_english_wikipedia_link,Q118187499
1018582,wikidata_item_without_english_wikipedia_link,Q118531053
994887,wikidata_item_without_english_wikipedia_link,Q121373503
1027269,wikidata_item_without_english_wikipedia_link,Q122486968
1018728,wikidata_item_without_english_wikipedia_link,Q124334053
1032681,wikidata_item_without_english_wikipedia_link,Q124482831
1025463,wikidata_item_without_english_wikipedia_link,Q125986111
1025763,wikidata_item_without_english_wikipedia_link,Q129686970
1020822,wikidata_item_without_english_wikipedia_link,Q130335914
998390,wikidata_item_without_english_wikipedia_link,Q130753811
1025527,wikidata_item_without_english_wikipedia_link,Q131560840
999140,wikidata_item_without_english_wikipedia_link,Q134910447
1027867,wikidata_item_without_english_wikipedia_link,Q135054289
1072278,wikidata_item_without_english_wikipedia_link,Q6068321
1053460,wikidata_item_without_english_wikipedia_link,Q64213154
1052671,wikidata_item_without_english_wikipedia_link,Q93310766
1067208,wikidata_item_without_english_wikipedia_link,Q112479614
1052025,wikidata_item_without_english_wikipedia_link,Q115443428
1053544,wikidata_item_without_english_wikipedia_link,Q116147037
1058906,wikidata_item_without_english_wikipedia_link,Q122932658
1071640,wikidata_item_without_english_wikipedia_link,Q123330657
1071561,wikidata_item_without_english_wikipedia_link,Q125938925
1072890,wikidata_item_without_english_wikipedia_link,Q126942952
1063875,wikidata_item_without_english_wikipedia_link,Q130610815
1056272,wikidata_item_without_english_wikipedia_link,Q131017364
1041513,wikidata_item_without_english_wikipedia_link,Q131549830
1072699,wikidata_item_without_english_wikipedia_link,Q136800619
1048923,wikidata_item_without_english_wikipedia_link,Q137638878
1103106,wikidata_item_without_english_wikipedia_link,Q10422163
1084744,wikidata_item_without_english_wikipedia_link,Q11248512
1105371,wikidata_item_without_english_wikipedia_link,Q31187248
1078249,wikidata_item_without_english_wikipedia_link,Q121268638
1104844,wikidata_item_without_english_wikipedia_link,Q125832972
1098938,wikidata_item_without_english_wikipedia_link,Q130789395
1132977,wikidata_item_without_english_wikipedia_link,Q19801536
1147400,wikidata_item_without_english_wikipedia_link,Q123158267
1155089,wikidata_item_without_english_wikipedia_link,Q123268896
1139566,wikidata_item_without_english_wikipedia_link,Q123457721
1134754,wikidata_item_without_english_wikipedia_link,Q123537139
1145758,wikidata_item_without_english_wikipedia_link,Q123695688
1131279,wikidata_item_without_english_wikipedia_link,Q124351048
1154215,wikidata_item_without_english_wikipedia_link,Q125970628
1145899,wikidata_item_without_english_wikipedia_link,Q129344299
1155238,wikidata_item_without_english_wikipedia_link,Q130372064
1130276,wikidata_item_without_english_wikipedia_link,Q130387893
1139937,wikidata_item_without_english_wikipedia_link,Q132171521
1154725,wikidata_item_without_english_wikipedia_link,Q133454352
1144577,wikidata_item_without_english_wikipedia_link,Q133864426
1132079,wikidata_item_without_english_wikipedia_link,Q135719316
1150366,wikidata_item_without_english_wikipedia_link,Q136658380
1146344,wikidata_item_without_english_wikipedia_link,Q138193904
1151766,wikidata_item_without_english_wikipedia_link,Q140575514
1183419,wikidata_item_without_english_wikipedia_link,Q20496172
1168560,wikidata_item_without_english_wikipedia_link,Q116141854
1172676,wikidata_item_without_english_wikipedia_link,Q122889419
1173558,wikidata_item_without_english_wikipedia_link,Q123230345
1186661,wikidata_item_without_english_wikipedia_link,Q123664842
1170574,wikidata_item_without_english_wikipedia_link,Q126092919
1177375,wikidata_item_without_english_wikipedia_link,Q126855579
1181678,wikidata_item_without_english_wikipedia_link,Q128790915
1165466,wikidata_item_without_english_wikipedia_link,Q130357631
1194388,wikidata_item_without_english_wikipedia_link,Q130379726
1181765,wikidata_item_without_english_wikipedia_link,Q130381683
1196470,wikidata_item_without_english_wikipedia_link,Q130417812
1196632,wikidata_item_without_english_wikipedia_link,Q132658969
1192174,wikidata_item_without_english_wikipedia_link,Q133254416
1178464,wikidata_item_without_english_wikipedia_link,Q133444049
1183886,wikidata_item_without_english_wikipedia_link,Q134007709
1164355,wikidata_item_without_english_wikipedia_link,Q134081286
1188761,wikidata_item_without_english_wikipedia_link,Q140421027
1210043,wikidata_item_without_english_wikipedia_link,Q29957438
1212690,wikidata_item_without_english_wikipedia_link,Q33557731
1219020,wikidata_item_without_english_wikipedia_link,Q104893640
1230085,wikidata_item_without_english_wikipedia_link,Q118212691
1221896,wikidata_item_without_english_wikipedia_link,Q120333267
1208284,wikidata_item_without_english_wikipedia_link,Q124169125
1214489,wikidata_item_without_english_wikipedia_link,Q124304717
1202863,wikidata_item_without_english_wikipedia_link,Q124684313
1235431,wikidata_item_without_english_wikipedia_link,Q125864296
1233506,wikidata_item_without_english_wikipedia_link,Q127778663
1241894,wikidata_item_without_english_wikipedia_link,Q129571549
1229831,wikidata_item_without_english_wikipedia_link,Q130416362
1217379,wikidata_item_without_english_wikipedia_link,Q130739137
1215316,wikidata_item_without_english_wikipedia_link,Q132890040
1241405,wikidata_item_without_english_wikipedia_link,Q133864148
1201387,wikidata_item_without_english_wikipedia_link,Q134170322
1223422,wikidata_item_without_english_wikipedia_link,Q136655081
1239115,wikidata_item_without_english_wikipedia_link,Q139659041
1252106,wikidata_item_without_english_wikipedia_link,Q14956556
1245782,wikidata_item_without_english_wikipedia_link,Q16648399
1251236,wikidata_item_without_english_wikipedia_link,Q31187116
1249344,wikidata_item_without_english_wikipedia_link,Q104895546
1252428,wikidata_item_without_english_wikipedia_link,Q125188483
1252037,wikidata_item_without_english_wikipedia_link,Q130739674
1254720,wikidata_item_without_english_wikipedia_link,Q131198984
1254754,wikidata_item_without_english_wikipedia_link,Q131581642
1265623,wikidata_item_without_english_wikipedia_link,Q131940989
1260004,wikidata_item_without_english_wikipedia_link,Q134081217
1266839,wikidata_item_without_english_wikipedia_link,Q135005970
1272890,wikidata_item_without_english_wikipedia_link,Q136432932
1252552,wikidata_item_without_english_wikipedia_link,Q136658497
1244876,wikidata_item_without_english_wikipedia_link,Q141241740
1286026,wikidata_item_without_english_wikipedia_link,Q123287846
1289888,wikidata_item_without_english_wikipedia_link,Q125919092
1292252,wikidata_item_without_english_wikipedia_link,Q126492744
1276086,wikidata_item_without_english_wikipedia_link,Q128091487
1305631,wikidata_item_without_english_wikipedia_link,Q129498450
1290547,wikidata_item_without_english_wikipedia_link,Q131324201
1284496,wikidata_item_without_english_wikipedia_link,Q136357793
1285479,wikidata_item_without_english_wikipedia_link,Q136374160
1304625,wikidata_item_without_english_wikipedia_link,Q136719161
1356604,wikidata_item_without_english_wikipedia_link,Q69055752
1317358,wikidata_item_without_english_wikipedia_link,Q118212658
1309745,wikidata_item_without_english_wikipedia_link,Q130245117
1333100,wikidata_item_without_english_wikipedia_link,Q130598228
1363767,wikidata_item_without_english_wikipedia_link,Q131300646
1331375,wikidata_item_without_english_wikipedia_link,Q131399311
1312646,wikidata_item_without_english_wikipedia_link,Q131453813
1315986,wikidata_item_without_english_wikipedia_link,Q131870380
1342341,wikidata_item_without_english_wikipedia_link,Q133500414
1360946,wikidata_item_without_english_wikipedia_link,Q135206173
1359375,wikidata_item_without_english_wikipedia_link,Q135321218
1319895,wikidata_item_without_english_wikipedia_link,Q135853334
1366745,wikidata_item_without_english_wikipedia_link,Q136340102
1309129,wikidata_item_without_english_wikipedia_link,Q136375188
1329643,wikidata_item_without_english_wikipedia_link,Q136691872
1330400,wikidata_item_without_english_wikipedia_link,Q137103841
1326522,wikidata_item_without_english_wikipedia_link,Q138795162
1353847,wikidata_item_without_english_wikipedia_link,Q141545303
1395251,wikidata_item_without_english_wikipedia_link,Q6048820
1373313,wikidata_item_without_english_wikipedia_link,Q6726055
1401860,wikidata_item_without_english_wikipedia_link,Q14755185
1397486,wikidata_item_without_english_wikipedia_link,Q18500395
1383636,wikidata_item_without_english_wikipedia_link,Q119489636
1385363,wikidata_item_without_english_wikipedia_link,Q131401509
1410082,wikidata_item_without_english_wikipedia_link,Q131574408
1392117,wikidata_item_without_english_wikipedia_link,Q132175492
1399208,wikidata_item_without_english_wikipedia_link,Q132890184
1411695,wikidata_item_without_english_wikipedia_link,Q133284683
1381634,wikidata_item_without_english_wikipedia_link,Q133869822
1380486,wikidata_item_without_english_wikipedia_link,Q134080995
1374534,wikidata_item_without_english_wikipedia_link,Q135001832
1371789,wikidata_item_without_english_wikipedia_link,Q135953382
1383321,wikidata_item_without_english_wikipedia_link,Q136658560
1379458,wikidata_item_without_english_wikipedia_link,Q137786409
1383330,wikidata_item_without_english_wikipedia_link,Q140411311
1368338,wikidata_item_without_english_wikipedia_link,Q140583750
1418736,wikidata_item_without_english_wikipedia_link,Q141192558
1423512,wikidata_item_without_english_wikipedia_link,Q11500888
1431566,wikidata_item_without_english_wikipedia_link,Q43303162
1469354,wikidata_item_without_english_wikipedia_link,Q130370500
1422179,wikidata_item_without_english_wikipedia_link,Q131917656
1426674,wikidata_item_without_english_wikipedia_link,Q131938839
1424572,wikidata_item_without_english_wikipedia_link,Q132234910
1461911,wikidata_item_without_english_wikipedia_link,Q133879477
1477638,wikidata_item_without_english_wikipedia_link,Q134233349
1438973,wikidata_item_without_english_wikipedia_link,Q134281054
1427838,wikidata_item_without_english_wikipedia_link,Q134487219
1425045,wikidata_item_without_english_wikipedia_link,Q134588454
1450599,wikidata_item_without_english_wikipedia_link,Q134605205
1450529,wikidata_item_without_english_wikipedia_link,Q135963230
1475637,wikidata_item_without_english_wikipedia_link,Q136102735
1468057,wikidata_item_without_english_wikipedia_link,Q136691850
1489187,wikidata_item_without_english_wikipedia_link,Q136805944
1436061,wikidata_item_without_english_wikipedia_link,Q138026054
1436835,wikidata_item_without_english_wikipedia_link,Q138660620
1432046,wikidata_item_without_english_wikipedia_link,Q139841571
1571470,wikidata_item_without_english_wikipedia_link,Q120279954
1507020,wikidata_item_without_english_wikipedia_link,Q136655054
1541356,wikidata_item_without_english_wikipedia_link,Q136661453
1507275,wikidata_item_without_english_wikipedia_link,Q136708302
1522377,wikidata_item_without_english_wikipedia_link,Q136983137
1601243,wikidata_item_without_english_wikipedia_link,Q137766758
1608982,wikidata_item_without_english_wikipedia_link,Q138011277
1620991,wikidata_item_without_english_wikipedia_link,Q138188863
1570282,wikidata_item_without_english_wikipedia_link,Q138299163
1600421,wikidata_item_without_english_wikipedia_link,Q138391491
1523145,wikidata_item_without_english_wikipedia_link,Q139499171
1584215,wikidata_item_without_english_wikipedia_link,Q140225877
1602705,wikidata_item_without_english_wikipedia_link,Q140306984
6621,no_wikidata_item_by_tmdb_or_imdb,
16802,no_wikidata_item_by_tmdb_or_imdb,
21431,no_wikidata_item_by_tmdb_or_imdb,
23594,no_wikidata_item_by_tmdb_or_imdb,
25446,no_wikidata_item_by_tmdb_or_imdb,
28079,no_wikidata_item_by_tmdb_or_imdb,
28420,no_wikidata_item_by_tmdb_or_imdb,
29671,no_wikidata_item_by_tmdb_or_imdb,
29945,no_wikidata_item_by_tmdb_or_imdb,
30389,no_wikidata_item_by_tmdb_or_imdb,
30820,no_wikidata_item_by_tmdb_or_imdb,
35713,no_wikidata_item_by_tmdb_or_imdb,
38413,no_wikidata_item_by_tmdb_or_imdb,
42348,no_wikidata_item_by_tmdb_or_imdb,
44738,no_wikidata_item_by_tmdb_or_imdb,
45118,no_wikidata_item_by_tmdb_or_imdb,
45146,no_wikidata_item_by_tmdb_or_imdb,
46958,no_wikidata_item_by_tmdb_or_imdb,
51482,no_wikidata_item_by_tmdb_or_imdb,
51780,no_wikidata_item_by_tmdb_or_imdb,
52242,no_wikidata_item_by_tmdb_or_imdb,
52791,no_wikidata_item_by_tmdb_or_imdb,
53073,no_wikidata_item_by_tmdb_or_imdb,
54493,no_wikidata_item_by_tmdb_or_imdb,
56253,no_wikidata_item_by_tmdb_or_imdb,
56425,no_wikidata_item_by_tmdb_or_imdb,
57782,no_wikidata_item_by_tmdb_or_imdb,
59212,no_wikidata_item_by_tmdb_or_imdb,
60224,no_wikidata_item_by_tmdb_or_imdb,
60447,no_wikidata_item_by_tmdb_or_imdb,
61568,no_wikidata_item_by_tmdb_or_imdb,
62583,no_wikidata_item_by_tmdb_or_imdb,
66039,no_wikidata_item_by_tmdb_or_imdb,
67078,no_wikidata_item_by_tmdb_or_imdb,
67376,no_wikidata_item_by_tmdb_or_imdb,
68141,no_wikidata_item_by_tmdb_or_imdb,
68329,no_wikidata_item_by_tmdb_or_imdb,
68555,no_wikidata_item_by_tmdb_or_imdb,
70059,no_wikidata_item_by_tmdb_or_imdb,
71449,no_wikidata_item_by_tmdb_or_imdb,
71848,no_wikidata_item_by_tmdb_or_imdb,
71927,no_wikidata_item_by_tmdb_or_imdb,
76325,no_wikidata_item_by_tmdb_or_imdb,
76620,no_wikidata_item_by_tmdb_or_imdb,
78369,no_wikidata_item_by_tmdb_or_imdb,
79111,no_wikidata_item_by_tmdb_or_imdb,
81383,no_wikidata_item_by_tmdb_or_imdb,
81469,no_wikidata_item_by_tmdb_or_imdb,
81476,no_wikidata_item_by_tmdb_or_imdb,
84181,no_wikidata_item_by_tmdb_or_imdb,
84807,no_wikidata_item_by_tmdb_or_imdb,
85311,no_wikidata_item_by_tmdb_or_imdb,
89093,no_wikidata_item_by_tmdb_or_imdb,
90760,no_wikidata_item_by_tmdb_or_imdb,
92613,no_wikidata_item_by_tmdb_or_imdb,
94360,no_wikidata_item_by_tmdb_or_imdb,
94503,no_wikidata_item_by_tmdb_or_imdb,
96085,no_wikidata_item_by_tmdb_or_imdb,
96140,no_wikidata_item_by_tmdb_or_imdb,
100279,no_wikidata_item_by_tmdb_or_imdb,
107956,no_wikidata_item_by_tmdb_or_imdb,
108439,no_wikidata_item_by_tmdb_or_imdb,
111753,no_wikidata_item_by_tmdb_or_imdb,
112039,no_wikidata_item_by_tmdb_or_imdb,
113987,no_wikidata_item_by_tmdb_or_imdb,
114452,no_wikidata_item_by_tmdb_or_imdb,
114455,no_wikidata_item_by_tmdb_or_imdb,
116253,no_wikidata_item_by_tmdb_or_imdb,
117697,no_wikidata_item_by_tmdb_or_imdb,
119029,no_wikidata_item_by_tmdb_or_imdb,
121244,no_wikidata_item_by_tmdb_or_imdb,
122235,no_wikidata_item_by_tmdb_or_imdb,
122576,no_wikidata_item_by_tmdb_or_imdb,
122817,no_wikidata_item_by_tmdb_or_imdb,
124880,no_wikidata_item_by_tmdb_or_imdb,
125445,no_wikidata_item_by_tmdb_or_imdb,
126821,no_wikidata_item_by_tmdb_or_imdb,
127601,no_wikidata_item_by_tmdb_or_imdb,
129674,no_wikidata_item_by_tmdb_or_imdb,
129958,no_wikidata_item_by_tmdb_or_imdb,
135056,no_wikidata_item_by_tmdb_or_imdb,
135451,no_wikidata_item_by_tmdb_or_imdb,
135877,no_wikidata_item_by_tmdb_or_imdb,
138097,no_wikidata_item_by_tmdb_or_imdb,
138592,no_wikidata_item_by_tmdb_or_imdb,
142534,no_wikidata_item_by_tmdb_or_imdb,
142869,no_wikidata_item_by_tmdb_or_imdb,
145832,no_wikidata_item_by_tmdb_or_imdb,
150445,no_wikidata_item_by_tmdb_or_imdb,
151476,no_wikidata_item_by_tmdb_or_imdb,
153104,no_wikidata_item_by_tmdb_or_imdb,
156682,no_wikidata_item_by_tmdb_or_imdb,
158601,no_wikidata_item_by_tmdb_or_imdb,
165435,no_wikidata_item_by_tmdb_or_imdb,
165785,no_wikidata_item_by_tmdb_or_imdb,
166207,no_wikidata_item_by_tmdb_or_imdb,
168647,no_wikidata_item_by_tmdb_or_imdb,
169572,no_wikidata_item_by_tmdb_or_imdb,
171106,no_wikidata_item_by_tmdb_or_imdb,
171888,no_wikidata_item_by_tmdb_or_imdb,
172349,no_wikidata_item_by_tmdb_or_imdb,
173416,no_wikidata_item_by_tmdb_or_imdb,
173561,no_wikidata_item_by_tmdb_or_imdb,
174611,no_wikidata_item_by_tmdb_or_imdb,
179091,no_wikidata_item_by_tmdb_or_imdb,
184127,no_wikidata_item_by_tmdb_or_imdb,
185652,no_wikidata_item_by_tmdb_or_imdb,
186342,no_wikidata_item_by_tmdb_or_imdb,
186477,no_wikidata_item_by_tmdb_or_imdb,
186787,no_wikidata_item_by_tmdb_or_imdb,
187916,no_wikidata_item_by_tmdb_or_imdb,
188972,no_wikidata_item_by_tmdb_or_imdb,
189179,no_wikidata_item_by_tmdb_or_imdb,
189916,no_wikidata_item_by_tmdb_or_imdb,
192574,no_wikidata_item_by_tmdb_or_imdb,
197626,no_wikidata_item_by_tmdb_or_imdb,
200606,no_wikidata_item_by_tmdb_or_imdb,
201912,no_wikidata_item_by_tmdb_or_imdb,
202967,no_wikidata_item_by_tmdb_or_imdb,
203101,no_wikidata_item_by_tmdb_or_imdb,
204065,no_wikidata_item_by_tmdb_or_imdb,
204667,no_wikidata_item_by_tmdb_or_imdb,
205818,no_wikidata_item_by_tmdb_or_imdb,
206824,no_wikidata_item_by_tmdb_or_imdb,
207691,no_wikidata_item_by_tmdb_or_imdb,
210179,no_wikidata_item_by_tmdb_or_imdb,
212014,no_wikidata_item_by_tmdb_or_imdb,
212220,no_wikidata_item_by_tmdb_or_imdb,
212334,no_wikidata_item_by_tmdb_or_imdb,
213576,no_wikidata_item_by_tmdb_or_imdb,
213734,no_wikidata_item_by_tmdb_or_imdb,
215495,no_wikidata_item_by_tmdb_or_imdb,
215575,no_wikidata_item_by_tmdb_or_imdb,
215634,no_wikidata_item_by_tmdb_or_imdb,
215670,no_wikidata_item_by_tmdb_or_imdb,
215672,no_wikidata_item_by_tmdb_or_imdb,
215675,no_wikidata_item_by_tmdb_or_imdb,
216604,no_wikidata_item_by_tmdb_or_imdb,
216881,no_wikidata_item_by_tmdb_or_imdb,
216913,no_wikidata_item_by_tmdb_or_imdb,
217504,no_wikidata_item_by_tmdb_or_imdb,
218152,no_wikidata_item_by_tmdb_or_imdb,
218375,no_wikidata_item_by_tmdb_or_imdb,
219041,no_wikidata_item_by_tmdb_or_imdb,
219152,no_wikidata_item_by_tmdb_or_imdb,
220860,no_wikidata_item_by_tmdb_or_imdb,
220861,no_wikidata_item_by_tmdb_or_imdb,
221174,no_wikidata_item_by_tmdb_or_imdb,
221245,no_wikidata_item_by_tmdb_or_imdb,
221944,no_wikidata_item_by_tmdb_or_imdb,
222621,no_wikidata_item_by_tmdb_or_imdb,
223015,no_wikidata_item_by_tmdb_or_imdb,
223319,no_wikidata_item_by_tmdb_or_imdb,
224073,no_wikidata_item_by_tmdb_or_imdb,
224078,no_wikidata_item_by_tmdb_or_imdb,
225055,no_wikidata_item_by_tmdb_or_imdb,
225945,no_wikidata_item_by_tmdb_or_imdb,
226369,no_wikidata_item_by_tmdb_or_imdb,
227213,no_wikidata_item_by_tmdb_or_imdb,
227823,no_wikidata_item_by_tmdb_or_imdb,
228280,no_wikidata_item_by_tmdb_or_imdb,
228505,no_wikidata_item_by_tmdb_or_imdb,
228573,no_wikidata_item_by_tmdb_or_imdb,
228653,no_wikidata_item_by_tmdb_or_imdb,
228666,no_wikidata_item_by_tmdb_or_imdb,
229785,no_wikidata_item_by_tmdb_or_imdb,
231507,no_wikidata_item_by_tmdb_or_imdb,
232064,no_wikidata_item_by_tmdb_or_imdb,
232453,no_wikidata_item_by_tmdb_or_imdb,
233837,no_wikidata_item_by_tmdb_or_imdb,
234684,no_wikidata_item_by_tmdb_or_imdb,
235820,no_wikidata_item_by_tmdb_or_imdb,
236930,no_wikidata_item_by_tmdb_or_imdb,
239526,no_wikidata_item_by_tmdb_or_imdb,
239860,no_wikidata_item_by_tmdb_or_imdb,
242334,no_wikidata_item_by_tmdb_or_imdb,
244821,no_wikidata_item_by_tmdb_or_imdb,
244998,no_wikidata_item_by_tmdb_or_imdb,
246218,no_wikidata_item_by_tmdb_or_imdb,
246688,no_wikidata_item_by_tmdb_or_imdb,
246895,no_wikidata_item_by_tmdb_or_imdb,
246984,no_wikidata_item_by_tmdb_or_imdb,
247819,no_wikidata_item_by_tmdb_or_imdb,
248460,no_wikidata_item_by_tmdb_or_imdb,
250095,no_wikidata_item_by_tmdb_or_imdb,
250102,no_wikidata_item_by_tmdb_or_imdb,
250564,no_wikidata_item_by_tmdb_or_imdb,
252272,no_wikidata_item_by_tmdb_or_imdb,
252355,no_wikidata_item_by_tmdb_or_imdb,
252962,no_wikidata_item_by_tmdb_or_imdb,
252976,no_wikidata_item_by_tmdb_or_imdb,
253460,no_wikidata_item_by_tmdb_or_imdb,
253889,no_wikidata_item_by_tmdb_or_imdb,
254111,no_wikidata_item_by_tmdb_or_imdb,
254429,no_wikidata_item_by_tmdb_or_imdb,
255298,no_wikidata_item_by_tmdb_or_imdb,
255396,no_wikidata_item_by_tmdb_or_imdb,
256564,no_wikidata_item_by_tmdb_or_imdb,
257486,no_wikidata_item_by_tmdb_or_imdb,
257610,no_wikidata_item_by_tmdb_or_imdb,
259384,no_wikidata_item_by_tmdb_or_imdb,
260648,no_wikidata_item_by_tmdb_or_imdb,
261861,no_wikidata_item_by_tmdb_or_imdb,
264210,no_wikidata_item_by_tmdb_or_imdb,
264248,no_wikidata_item_by_tmdb_or_imdb,
264561,no_wikidata_item_by_tmdb_or_imdb,
265746,no_wikidata_item_by_tmdb_or_imdb,
266797,no_wikidata_item_by_tmdb_or_imdb,
266798,no_wikidata_item_by_tmdb_or_imdb,
267366,no_wikidata_item_by_tmdb_or_imdb,
267915,no_wikidata_item_by_tmdb_or_imdb,
268744,no_wikidata_item_by_tmdb_or_imdb,
268874,no_wikidata_item_by_tmdb_or_imdb,
269586,no_wikidata_item_by_tmdb_or_imdb,
270185,no_wikidata_item_by_tmdb_or_imdb,
270413,no_wikidata_item_by_tmdb_or_imdb,
271116,no_wikidata_item_by_tmdb_or_imdb,
271130,no_wikidata_item_by_tmdb_or_imdb,
271389,no_wikidata_item_by_tmdb_or_imdb,
272140,no_wikidata_item_by_tmdb_or_imdb,
272658,no_wikidata_item_by_tmdb_or_imdb,
272918,no_wikidata_item_by_tmdb_or_imdb,
273223,no_wikidata_item_by_tmdb_or_imdb,
273417,no_wikidata_item_by_tmdb_or_imdb,
274983,no_wikidata_item_by_tmdb_or_imdb,
275580,no_wikidata_item_by_tmdb_or_imdb,
276384,no_wikidata_item_by_tmdb_or_imdb,
276531,no_wikidata_item_by_tmdb_or_imdb,
277486,no_wikidata_item_by_tmdb_or_imdb,
278695,no_wikidata_item_by_tmdb_or_imdb,
279581,no_wikidata_item_by_tmdb_or_imdb,
279988,no_wikidata_item_by_tmdb_or_imdb,
281702,no_wikidata_item_by_tmdb_or_imdb,
282915,no_wikidata_item_by_tmdb_or_imdb,
288373,no_wikidata_item_by_tmdb_or_imdb,
289571,no_wikidata_item_by_tmdb_or_imdb,
290426,no_wikidata_item_by_tmdb_or_imdb,
290477,no_wikidata_item_by_tmdb_or_imdb,
291379,no_wikidata_item_by_tmdb_or_imdb,
293751,no_wikidata_item_by_tmdb_or_imdb,
296989,no_wikidata_item_by_tmdb_or_imdb,
297302,no_wikidata_item_by_tmdb_or_imdb,
297304,no_wikidata_item_by_tmdb_or_imdb,
299566,no_wikidata_item_by_tmdb_or_imdb,
299589,no_wikidata_item_by_tmdb_or_imdb,
301005,no_wikidata_item_by_tmdb_or_imdb,
302186,no_wikidata_item_by_tmdb_or_imdb,
306139,no_wikidata_item_by_tmdb_or_imdb,
306372,no_wikidata_item_by_tmdb_or_imdb,
306517,no_wikidata_item_by_tmdb_or_imdb,
306522,no_wikidata_item_by_tmdb_or_imdb,
306583,no_wikidata_item_by_tmdb_or_imdb,
307231,no_wikidata_item_by_tmdb_or_imdb,
307696,no_wikidata_item_by_tmdb_or_imdb,
308887,no_wikidata_item_by_tmdb_or_imdb,
309008,no_wikidata_item_by_tmdb_or_imdb,
309539,no_wikidata_item_by_tmdb_or_imdb,
310076,no_wikidata_item_by_tmdb_or_imdb,
310366,no_wikidata_item_by_tmdb_or_imdb,
313685,no_wikidata_item_by_tmdb_or_imdb,
316176,no_wikidata_item_by_tmdb_or_imdb,
316825,no_wikidata_item_by_tmdb_or_imdb,
316841,no_wikidata_item_by_tmdb_or_imdb,
317578,no_wikidata_item_by_tmdb_or_imdb,
317942,no_wikidata_item_by_tmdb_or_imdb,
318093,no_wikidata_item_by_tmdb_or_imdb,
320585,no_wikidata_item_by_tmdb_or_imdb,
320956,no_wikidata_item_by_tmdb_or_imdb,
322876,no_wikidata_item_by_tmdb_or_imdb,
323954,no_wikidata_item_by_tmdb_or_imdb,
325676,no_wikidata_item_by_tmdb_or_imdb,
326524,no_wikidata_item_by_tmdb_or_imdb,
326550,no_wikidata_item_by_tmdb_or_imdb,
326736,no_wikidata_item_by_tmdb_or_imdb,
327933,no_wikidata_item_by_tmdb_or_imdb,
328349,no_wikidata_item_by_tmdb_or_imdb,
330117,no_wikidata_item_by_tmdb_or_imdb,
330388,no_wikidata_item_by_tmdb_or_imdb,
331463,no_wikidata_item_by_tmdb_or_imdb,
331590,no_wikidata_item_by_tmdb_or_imdb,
331893,no_wikidata_item_by_tmdb_or_imdb,
331985,no_wikidata_item_by_tmdb_or_imdb,
332739,no_wikidata_item_by_tmdb_or_imdb,
333579,no_wikidata_item_by_tmdb_or_imdb,
333932,no_wikidata_item_by_tmdb_or_imdb,
336498,no_wikidata_item_by_tmdb_or_imdb,
337083,no_wikidata_item_by_tmdb_or_imdb,
337648,no_wikidata_item_by_tmdb_or_imdb,
338011,no_wikidata_item_by_tmdb_or_imdb,
340145,no_wikidata_item_by_tmdb_or_imdb,
340315,no_wikidata_item_by_tmdb_or_imdb,
340625,no_wikidata_item_by_tmdb_or_imdb,
342065,no_wikidata_item_by_tmdb_or_imdb,
342394,no_wikidata_item_by_tmdb_or_imdb,
342434,no_wikidata_item_by_tmdb_or_imdb,
343662,no_wikidata_item_by_tmdb_or_imdb,
343810,no_wikidata_item_by_tmdb_or_imdb,
345227,no_wikidata_item_by_tmdb_or_imdb,
345839,no_wikidata_item_by_tmdb_or_imdb,
347609,no_wikidata_item_by_tmdb_or_imdb,
348453,no_wikidata_item_by_tmdb_or_imdb,
348552,no_wikidata_item_by_tmdb_or_imdb,
348835,no_wikidata_item_by_tmdb_or_imdb,
349012,no_wikidata_item_by_tmdb_or_imdb,
350662,no_wikidata_item_by_tmdb_or_imdb,
351337,no_wikidata_item_by_tmdb_or_imdb,
352506,no_wikidata_item_by_tmdb_or_imdb,
352582,no_wikidata_item_by_tmdb_or_imdb,
352892,no_wikidata_item_by_tmdb_or_imdb,
352986,no_wikidata_item_by_tmdb_or_imdb,
354794,no_wikidata_item_by_tmdb_or_imdb,
355797,no_wikidata_item_by_tmdb_or_imdb,
355825,no_wikidata_item_by_tmdb_or_imdb,
356015,no_wikidata_item_by_tmdb_or_imdb,
356753,no_wikidata_item_by_tmdb_or_imdb,
357397,no_wikidata_item_by_tmdb_or_imdb,
358069,no_wikidata_item_by_tmdb_or_imdb,
358835,no_wikidata_item_by_tmdb_or_imdb,
359029,no_wikidata_item_by_tmdb_or_imdb,
360123,no_wikidata_item_by_tmdb_or_imdb,
360778,no_wikidata_item_by_tmdb_or_imdb,
361846,no_wikidata_item_by_tmdb_or_imdb,
362147,no_wikidata_item_by_tmdb_or_imdb,
362587,no_wikidata_item_by_tmdb_or_imdb,
362901,no_wikidata_item_by_tmdb_or_imdb,
362998,no_wikidata_item_by_tmdb_or_imdb,
364956,no_wikidata_item_by_tmdb_or_imdb,
365134,no_wikidata_item_by_tmdb_or_imdb,
365465,no_wikidata_item_by_tmdb_or_imdb,
366092,no_wikidata_item_by_tmdb_or_imdb,
366142,no_wikidata_item_by_tmdb_or_imdb,
366450,no_wikidata_item_by_tmdb_or_imdb,
366817,no_wikidata_item_by_tmdb_or_imdb,
367611,no_wikidata_item_by_tmdb_or_imdb,
368178,no_wikidata_item_by_tmdb_or_imdb,
368411,no_wikidata_item_by_tmdb_or_imdb,
368451,no_wikidata_item_by_tmdb_or_imdb,
368768,no_wikidata_item_by_tmdb_or_imdb,
369421,no_wikidata_item_by_tmdb_or_imdb,
369588,no_wikidata_item_by_tmdb_or_imdb,
369868,no_wikidata_item_by_tmdb_or_imdb,
371176,no_wikidata_item_by_tmdb_or_imdb,
371250,no_wikidata_item_by_tmdb_or_imdb,
371491,no_wikidata_item_by_tmdb_or_imdb,
372548,no_wikidata_item_by_tmdb_or_imdb,
372961,no_wikidata_item_by_tmdb_or_imdb,
373632,no_wikidata_item_by_tmdb_or_imdb,
374004,no_wikidata_item_by_tmdb_or_imdb,
374328,no_wikidata_item_by_tmdb_or_imdb,
375558,no_wikidata_item_by_tmdb_or_imdb,
376121,no_wikidata_item_by_tmdb_or_imdb,
377037,no_wikidata_item_by_tmdb_or_imdb,
377573,no_wikidata_item_by_tmdb_or_imdb,
378389,no_wikidata_item_by_tmdb_or_imdb,
378509,no_wikidata_item_by_tmdb_or_imdb,
381369,no_wikidata_item_by_tmdb_or_imdb,
381564,no_wikidata_item_by_tmdb_or_imdb,
383044,no_wikidata_item_by_tmdb_or_imdb,
385452,no_wikidata_item_by_tmdb_or_imdb,
385999,no_wikidata_item_by_tmdb_or_imdb,
386813,no_wikidata_item_by_tmdb_or_imdb,
386890,no_wikidata_item_by_tmdb_or_imdb,
387235,no_wikidata_item_by_tmdb_or_imdb,
389647,no_wikidata_item_by_tmdb_or_imdb,
391443,no_wikidata_item_by_tmdb_or_imdb,
392732,no_wikidata_item_by_tmdb_or_imdb,
393989,no_wikidata_item_by_tmdb_or_imdb,
394900,no_wikidata_item_by_tmdb_or_imdb,
396612,no_wikidata_item_by_tmdb_or_imdb,
398613,no_wikidata_item_by_tmdb_or_imdb,
400038,no_wikidata_item_by_tmdb_or_imdb,
400185,no_wikidata_item_by_tmdb_or_imdb,
400976,no_wikidata_item_by_tmdb_or_imdb,
402293,no_wikidata_item_by_tmdb_or_imdb,
402381,no_wikidata_item_by_tmdb_or_imdb,
402677,no_wikidata_item_by_tmdb_or_imdb,
403341,no_wikidata_item_by_tmdb_or_imdb,
404001,no_wikidata_item_by_tmdb_or_imdb,
405261,no_wikidata_item_by_tmdb_or_imdb,
406127,no_wikidata_item_by_tmdb_or_imdb,
407455,no_wikidata_item_by_tmdb_or_imdb,
407830,no_wikidata_item_by_tmdb_or_imdb,
408387,no_wikidata_item_by_tmdb_or_imdb,
409397,no_wikidata_item_by_tmdb_or_imdb,
409674,no_wikidata_item_by_tmdb_or_imdb,
410119,no_wikidata_item_by_tmdb_or_imdb,
410311,no_wikidata_item_by_tmdb_or_imdb,
411784,no_wikidata_item_by_tmdb_or_imdb,
412160,no_wikidata_item_by_tmdb_or_imdb,
414207,no_wikidata_item_by_tmdb_or_imdb,
414990,no_wikidata_item_by_tmdb_or_imdb,
415666,no_wikidata_item_by_tmdb_or_imdb,
416011,no_wikidata_item_by_tmdb_or_imdb,
416289,no_wikidata_item_by_tmdb_or_imdb,
416713,no_wikidata_item_by_tmdb_or_imdb,
417160,no_wikidata_item_by_tmdb_or_imdb,
417455,no_wikidata_item_by_tmdb_or_imdb,
417978,no_wikidata_item_by_tmdb_or_imdb,
418218,no_wikidata_item_by_tmdb_or_imdb,
418630,no_wikidata_item_by_tmdb_or_imdb,
418709,no_wikidata_item_by_tmdb_or_imdb,
419027,no_wikidata_item_by_tmdb_or_imdb,
419630,no_wikidata_item_by_tmdb_or_imdb,
420187,no_wikidata_item_by_tmdb_or_imdb,
420833,no_wikidata_item_by_tmdb_or_imdb,
421377,no_wikidata_item_by_tmdb_or_imdb,
421492,no_wikidata_item_by_tmdb_or_imdb,
421561,no_wikidata_item_by_tmdb_or_imdb,
421679,no_wikidata_item_by_tmdb_or_imdb,
421724,no_wikidata_item_by_tmdb_or_imdb,
421987,no_wikidata_item_by_tmdb_or_imdb,
423030,no_wikidata_item_by_tmdb_or_imdb,
423789,no_wikidata_item_by_tmdb_or_imdb,
424487,no_wikidata_item_by_tmdb_or_imdb,
424873,no_wikidata_item_by_tmdb_or_imdb,
425773,no_wikidata_item_by_tmdb_or_imdb,
426006,no_wikidata_item_by_tmdb_or_imdb,
426032,no_wikidata_item_by_tmdb_or_imdb,
426207,no_wikidata_item_by_tmdb_or_imdb,
428416,no_wikidata_item_by_tmdb_or_imdb,
428916,no_wikidata_item_by_tmdb_or_imdb,
429589,no_wikidata_item_by_tmdb_or_imdb,
429850,no_wikidata_item_by_tmdb_or_imdb,
430051,no_wikidata_item_by_tmdb_or_imdb,
430731,no_wikidata_item_by_tmdb_or_imdb,
431653,no_wikidata_item_by_tmdb_or_imdb,
432731,no_wikidata_item_by_tmdb_or_imdb,
433112,no_wikidata_item_by_tmdb_or_imdb,
433701,no_wikidata_item_by_tmdb_or_imdb,
433969,no_wikidata_item_by_tmdb_or_imdb,
434216,no_wikidata_item_by_tmdb_or_imdb,
434218,no_wikidata_item_by_tmdb_or_imdb,
434495,no_wikidata_item_by_tmdb_or_imdb,
434677,no_wikidata_item_by_tmdb_or_imdb,
436687,no_wikidata_item_by_tmdb_or_imdb,
436972,no_wikidata_item_by_tmdb_or_imdb,
437440,no_wikidata_item_by_tmdb_or_imdb,
438090,no_wikidata_item_by_tmdb_or_imdb,
438280,no_wikidata_item_by_tmdb_or_imdb,
438679,no_wikidata_item_by_tmdb_or_imdb,
440793,no_wikidata_item_by_tmdb_or_imdb,
441351,no_wikidata_item_by_tmdb_or_imdb,
441719,no_wikidata_item_by_tmdb_or_imdb,
441744,no_wikidata_item_by_tmdb_or_imdb,
443316,no_wikidata_item_by_tmdb_or_imdb,
444970,no_wikidata_item_by_tmdb_or_imdb,
445218,no_wikidata_item_by_tmdb_or_imdb,
445480,no_wikidata_item_by_tmdb_or_imdb,
446571,no_wikidata_item_by_tmdb_or_imdb,
446827,no_wikidata_item_by_tmdb_or_imdb,
446841,no_wikidata_item_by_tmdb_or_imdb,
447501,no_wikidata_item_by_tmdb_or_imdb,
447848,no_wikidata_item_by_tmdb_or_imdb,
448441,no_wikidata_item_by_tmdb_or_imdb,
448509,no_wikidata_item_by_tmdb_or_imdb,
450087,no_wikidata_item_by_tmdb_or_imdb,
450668,no_wikidata_item_by_tmdb_or_imdb,
450829,no_wikidata_item_by_tmdb_or_imdb,
451143,no_wikidata_item_by_tmdb_or_imdb,
451718,no_wikidata_item_by_tmdb_or_imdb,
452585,no_wikidata_item_by_tmdb_or_imdb,
453443,no_wikidata_item_by_tmdb_or_imdb,
453452,no_wikidata_item_by_tmdb_or_imdb,
454869,no_wikidata_item_by_tmdb_or_imdb,
454999,no_wikidata_item_by_tmdb_or_imdb,
455081,no_wikidata_item_by_tmdb_or_imdb,
455219,no_wikidata_item_by_tmdb_or_imdb,
455942,no_wikidata_item_by_tmdb_or_imdb,
456475,no_wikidata_item_by_tmdb_or_imdb,
457338,no_wikidata_item_by_tmdb_or_imdb,
Of the domestic exploration for finding my voice.,no_wikidata_item_by_tmdb_or_imdb,
457965,no_wikidata_item_by_tmdb_or_imdb,
460054,no_wikidata_item_by_tmdb_or_imdb,
460275,no_wikidata_item_by_tmdb_or_imdb,
460494,no_wikidata_item_by_tmdb_or_imdb,
460941,no_wikidata_item_by_tmdb_or_imdb,
461123,no_wikidata_item_by_tmdb_or_imdb,
462183,no_wikidata_item_by_tmdb_or_imdb,
462272,no_wikidata_item_by_tmdb_or_imdb,
464154,no_wikidata_item_by_tmdb_or_imdb,
464198,no_wikidata_item_by_tmdb_or_imdb,
465078,no_wikidata_item_by_tmdb_or_imdb,
465926,no_wikidata_item_by_tmdb_or_imdb,
467102,no_wikidata_item_by_tmdb_or_imdb,
467972,no_wikidata_item_by_tmdb_or_imdb,
468091,no_wikidata_item_by_tmdb_or_imdb,
468142,no_wikidata_item_by_tmdb_or_imdb,
468241,no_wikidata_item_by_tmdb_or_imdb,
468540,no_wikidata_item_by_tmdb_or_imdb,
470806,no_wikidata_item_by_tmdb_or_imdb,
470808,no_wikidata_item_by_tmdb_or_imdb,
470893,no_wikidata_item_by_tmdb_or_imdb,
471519,no_wikidata_item_by_tmdb_or_imdb,
471988,no_wikidata_item_by_tmdb_or_imdb,
472881,no_wikidata_item_by_tmdb_or_imdb,
473004,no_wikidata_item_by_tmdb_or_imdb,
473509,no_wikidata_item_by_tmdb_or_imdb,
474950,no_wikidata_item_by_tmdb_or_imdb,
475354,no_wikidata_item_by_tmdb_or_imdb,
475406,no_wikidata_item_by_tmdb_or_imdb,
475463,no_wikidata_item_by_tmdb_or_imdb,
475964,no_wikidata_item_by_tmdb_or_imdb,
476424,no_wikidata_item_by_tmdb_or_imdb,
477704,no_wikidata_item_by_tmdb_or_imdb,
478741,no_wikidata_item_by_tmdb_or_imdb,
478906,no_wikidata_item_by_tmdb_or_imdb,
480010,no_wikidata_item_by_tmdb_or_imdb,
480407,no_wikidata_item_by_tmdb_or_imdb,
480753,no_wikidata_item_by_tmdb_or_imdb,
482104,no_wikidata_item_by_tmdb_or_imdb,
482917,no_wikidata_item_by_tmdb_or_imdb,
483169,no_wikidata_item_by_tmdb_or_imdb,
485336,no_wikidata_item_by_tmdb_or_imdb,
485804,no_wikidata_item_by_tmdb_or_imdb,
485990,no_wikidata_item_by_tmdb_or_imdb,
487045,no_wikidata_item_by_tmdb_or_imdb,
488651,no_wikidata_item_by_tmdb_or_imdb,
488659,no_wikidata_item_by_tmdb_or_imdb,
489280,no_wikidata_item_by_tmdb_or_imdb,
489740,no_wikidata_item_by_tmdb_or_imdb,
490929,no_wikidata_item_by_tmdb_or_imdb,
490964,no_wikidata_item_by_tmdb_or_imdb,
494013,no_wikidata_item_by_tmdb_or_imdb,
495397,no_wikidata_item_by_tmdb_or_imdb,
495954,no_wikidata_item_by_tmdb_or_imdb,
496149,no_wikidata_item_by_tmdb_or_imdb,
496869,no_wikidata_item_by_tmdb_or_imdb,
500437,no_wikidata_item_by_tmdb_or_imdb,
502175,no_wikidata_item_by_tmdb_or_imdb,
503913,no_wikidata_item_by_tmdb_or_imdb,
504181,no_wikidata_item_by_tmdb_or_imdb,
505394,no_wikidata_item_by_tmdb_or_imdb,
505406,no_wikidata_item_by_tmdb_or_imdb,
505596,no_wikidata_item_by_tmdb_or_imdb,
505981,no_wikidata_item_by_tmdb_or_imdb,
506899,no_wikidata_item_by_tmdb_or_imdb,
507732,no_wikidata_item_by_tmdb_or_imdb,
508036,no_wikidata_item_by_tmdb_or_imdb,
508361,no_wikidata_item_by_tmdb_or_imdb,
510002,no_wikidata_item_by_tmdb_or_imdb,
510334,no_wikidata_item_by_tmdb_or_imdb,
510637,no_wikidata_item_by_tmdb_or_imdb,
511820,no_wikidata_item_by_tmdb_or_imdb,
513504,no_wikidata_item_by_tmdb_or_imdb,
513798,no_wikidata_item_by_tmdb_or_imdb,
513945,no_wikidata_item_by_tmdb_or_imdb,
514782,no_wikidata_item_by_tmdb_or_imdb,
515332,no_wikidata_item_by_tmdb_or_imdb,
517146,no_wikidata_item_by_tmdb_or_imdb,
518804,no_wikidata_item_by_tmdb_or_imdb,
519193,no_wikidata_item_by_tmdb_or_imdb,
519747,no_wikidata_item_by_tmdb_or_imdb,
519959,no_wikidata_item_by_tmdb_or_imdb,
521011,no_wikidata_item_by_tmdb_or_imdb,
522236,no_wikidata_item_by_tmdb_or_imdb,
523518,no_wikidata_item_by_tmdb_or_imdb,
523580,no_wikidata_item_by_tmdb_or_imdb,
524279,no_wikidata_item_by_tmdb_or_imdb,
525018,no_wikidata_item_by_tmdb_or_imdb,
525957,no_wikidata_item_by_tmdb_or_imdb,
526136,no_wikidata_item_by_tmdb_or_imdb,
526558,no_wikidata_item_by_tmdb_or_imdb,
526574,no_wikidata_item_by_tmdb_or_imdb,
527376,no_wikidata_item_by_tmdb_or_imdb,
527893,no_wikidata_item_by_tmdb_or_imdb,
527969,no_wikidata_item_by_tmdb_or_imdb,
527977,no_wikidata_item_by_tmdb_or_imdb,
528432,no_wikidata_item_by_tmdb_or_imdb,
528612,no_wikidata_item_by_tmdb_or_imdb,
529362,no_wikidata_item_by_tmdb_or_imdb,
529972,no_wikidata_item_by_tmdb_or_imdb,
532675,no_wikidata_item_by_tmdb_or_imdb,
533135,no_wikidata_item_by_tmdb_or_imdb,
533618,no_wikidata_item_by_tmdb_or_imdb,
535180,no_wikidata_item_by_tmdb_or_imdb,
535738,no_wikidata_item_by_tmdb_or_imdb,
536271,no_wikidata_item_by_tmdb_or_imdb,
537723,no_wikidata_item_by_tmdb_or_imdb,
537971,no_wikidata_item_by_tmdb_or_imdb,
538649,no_wikidata_item_by_tmdb_or_imdb,
538977,no_wikidata_item_by_tmdb_or_imdb,
540966,no_wikidata_item_by_tmdb_or_imdb,
541580,no_wikidata_item_by_tmdb_or_imdb,
542194,no_wikidata_item_by_tmdb_or_imdb,
542621,no_wikidata_item_by_tmdb_or_imdb,
543000,no_wikidata_item_by_tmdb_or_imdb,
543028,no_wikidata_item_by_tmdb_or_imdb,
544533,no_wikidata_item_by_tmdb_or_imdb,
544537,no_wikidata_item_by_tmdb_or_imdb,
544768,no_wikidata_item_by_tmdb_or_imdb,
545749,no_wikidata_item_by_tmdb_or_imdb,
546188,no_wikidata_item_by_tmdb_or_imdb,
546726,no_wikidata_item_by_tmdb_or_imdb,
547064,no_wikidata_item_by_tmdb_or_imdb,
547091,no_wikidata_item_by_tmdb_or_imdb,
547514,no_wikidata_item_by_tmdb_or_imdb,
547998,no_wikidata_item_by_tmdb_or_imdb,
548098,no_wikidata_item_by_tmdb_or_imdb,
549325,no_wikidata_item_by_tmdb_or_imdb,
549775,no_wikidata_item_by_tmdb_or_imdb,
550132,no_wikidata_item_by_tmdb_or_imdb,
550677,no_wikidata_item_by_tmdb_or_imdb,
550765,no_wikidata_item_by_tmdb_or_imdb,
551142,no_wikidata_item_by_tmdb_or_imdb,
552011,no_wikidata_item_by_tmdb_or_imdb,
552658,no_wikidata_item_by_tmdb_or_imdb,
553004,no_wikidata_item_by_tmdb_or_imdb,
554579,no_wikidata_item_by_tmdb_or_imdb,
555022,no_wikidata_item_by_tmdb_or_imdb,
557326,no_wikidata_item_by_tmdb_or_imdb,
557615,no_wikidata_item_by_tmdb_or_imdb,
558422,no_wikidata_item_by_tmdb_or_imdb,
558569,no_wikidata_item_by_tmdb_or_imdb,
560365,no_wikidata_item_by_tmdb_or_imdb,
562677,no_wikidata_item_by_tmdb_or_imdb,
564341,no_wikidata_item_by_tmdb_or_imdb,
564530,no_wikidata_item_by_tmdb_or_imdb,
565009,no_wikidata_item_by_tmdb_or_imdb,
566977,no_wikidata_item_by_tmdb_or_imdb,
567008,no_wikidata_item_by_tmdb_or_imdb,
567360,no_wikidata_item_by_tmdb_or_imdb,
567937,no_wikidata_item_by_tmdb_or_imdb,
568461,no_wikidata_item_by_tmdb_or_imdb,
568479,no_wikidata_item_by_tmdb_or_imdb,
569233,no_wikidata_item_by_tmdb_or_imdb,
569323,no_wikidata_item_by_tmdb_or_imdb,
571509,no_wikidata_item_by_tmdb_or_imdb,
572281,no_wikidata_item_by_tmdb_or_imdb,
572647,no_wikidata_item_by_tmdb_or_imdb,
573010,no_wikidata_item_by_tmdb_or_imdb,
573102,no_wikidata_item_by_tmdb_or_imdb,
573907,no_wikidata_item_by_tmdb_or_imdb,
574489,no_wikidata_item_by_tmdb_or_imdb,
574783,no_wikidata_item_by_tmdb_or_imdb,
574815,no_wikidata_item_by_tmdb_or_imdb,
577005,no_wikidata_item_by_tmdb_or_imdb,
577171,no_wikidata_item_by_tmdb_or_imdb,
578297,no_wikidata_item_by_tmdb_or_imdb,
578392,no_wikidata_item_by_tmdb_or_imdb,
579167,no_wikidata_item_by_tmdb_or_imdb,
579759,no_wikidata_item_by_tmdb_or_imdb,
580592,no_wikidata_item_by_tmdb_or_imdb,
580642,no_wikidata_item_by_tmdb_or_imdb,
580914,no_wikidata_item_by_tmdb_or_imdb,
581527,no_wikidata_item_by_tmdb_or_imdb,
581931,no_wikidata_item_by_tmdb_or_imdb,
582417,no_wikidata_item_by_tmdb_or_imdb,
582666,no_wikidata_item_by_tmdb_or_imdb,
583269,no_wikidata_item_by_tmdb_or_imdb,
583315,no_wikidata_item_by_tmdb_or_imdb,
583688,no_wikidata_item_by_tmdb_or_imdb,
586187,no_wikidata_item_by_tmdb_or_imdb,
586298,no_wikidata_item_by_tmdb_or_imdb,
586441,no_wikidata_item_by_tmdb_or_imdb,
589846,no_wikidata_item_by_tmdb_or_imdb,
590435,no_wikidata_item_by_tmdb_or_imdb,
593341,no_wikidata_item_by_tmdb_or_imdb,
594277,no_wikidata_item_by_tmdb_or_imdb,
596925,no_wikidata_item_by_tmdb_or_imdb,
597389,no_wikidata_item_by_tmdb_or_imdb,
598810,no_wikidata_item_by_tmdb_or_imdb,
605777,no_wikidata_item_by_tmdb_or_imdb,
607043,no_wikidata_item_by_tmdb_or_imdb,
609695,no_wikidata_item_by_tmdb_or_imdb,
609963,no_wikidata_item_by_tmdb_or_imdb,
610947,no_wikidata_item_by_tmdb_or_imdb,
611456,no_wikidata_item_by_tmdb_or_imdb,
611903,no_wikidata_item_by_tmdb_or_imdb,
612727,no_wikidata_item_by_tmdb_or_imdb,
613203,no_wikidata_item_by_tmdb_or_imdb,
616336,no_wikidata_item_by_tmdb_or_imdb,
616846,no_wikidata_item_by_tmdb_or_imdb,
618740,no_wikidata_item_by_tmdb_or_imdb,
620014,no_wikidata_item_by_tmdb_or_imdb,
620802,no_wikidata_item_by_tmdb_or_imdb,
620900,no_wikidata_item_by_tmdb_or_imdb,
622341,no_wikidata_item_by_tmdb_or_imdb,
623715,no_wikidata_item_by_tmdb_or_imdb,
625296,no_wikidata_item_by_tmdb_or_imdb,
625456,no_wikidata_item_by_tmdb_or_imdb,
625632,no_wikidata_item_by_tmdb_or_imdb,
625705,no_wikidata_item_by_tmdb_or_imdb,
626958,no_wikidata_item_by_tmdb_or_imdb,
627064,no_wikidata_item_by_tmdb_or_imdb,
628297,no_wikidata_item_by_tmdb_or_imdb,
628622,no_wikidata_item_by_tmdb_or_imdb,
628748,no_wikidata_item_by_tmdb_or_imdb,
629173,no_wikidata_item_by_tmdb_or_imdb,
629627,no_wikidata_item_by_tmdb_or_imdb,
629819,no_wikidata_item_by_tmdb_or_imdb,
630594,no_wikidata_item_by_tmdb_or_imdb,
630868,no_wikidata_item_by_tmdb_or_imdb,
631148,no_wikidata_item_by_tmdb_or_imdb,
631404,no_wikidata_item_by_tmdb_or_imdb,
631557,no_wikidata_item_by_tmdb_or_imdb,
632076,no_wikidata_item_by_tmdb_or_imdb,
633296,no_wikidata_item_by_tmdb_or_imdb,
633585,no_wikidata_item_by_tmdb_or_imdb,
635198,no_wikidata_item_by_tmdb_or_imdb,
635289,no_wikidata_item_by_tmdb_or_imdb,
635492,no_wikidata_item_by_tmdb_or_imdb,
636049,no_wikidata_item_by_tmdb_or_imdb,
637619,no_wikidata_item_by_tmdb_or_imdb,
637645,no_wikidata_item_by_tmdb_or_imdb,
637676,no_wikidata_item_by_tmdb_or_imdb,
639009,no_wikidata_item_by_tmdb_or_imdb,
639302,no_wikidata_item_by_tmdb_or_imdb,
639538,no_wikidata_item_by_tmdb_or_imdb,
641212,no_wikidata_item_by_tmdb_or_imdb,
642040,no_wikidata_item_by_tmdb_or_imdb,
643024,no_wikidata_item_by_tmdb_or_imdb,
643216,no_wikidata_item_by_tmdb_or_imdb,
643284,no_wikidata_item_by_tmdb_or_imdb,
644064,no_wikidata_item_by_tmdb_or_imdb,
645105,no_wikidata_item_by_tmdb_or_imdb,
646494,no_wikidata_item_by_tmdb_or_imdb,
646695,no_wikidata_item_by_tmdb_or_imdb,
646832,no_wikidata_item_by_tmdb_or_imdb,
646858,no_wikidata_item_by_tmdb_or_imdb,
647398,no_wikidata_item_by_tmdb_or_imdb,
647892,no_wikidata_item_by_tmdb_or_imdb,
648281,no_wikidata_item_by_tmdb_or_imdb,
648627,no_wikidata_item_by_tmdb_or_imdb,
648701,no_wikidata_item_by_tmdb_or_imdb,
649078,no_wikidata_item_by_tmdb_or_imdb,
650084,no_wikidata_item_by_tmdb_or_imdb,
651222,no_wikidata_item_by_tmdb_or_imdb,
653145,no_wikidata_item_by_tmdb_or_imdb,
653208,no_wikidata_item_by_tmdb_or_imdb,
653418,no_wikidata_item_by_tmdb_or_imdb,
653970,no_wikidata_item_by_tmdb_or_imdb,
654554,no_wikidata_item_by_tmdb_or_imdb,
654896,no_wikidata_item_by_tmdb_or_imdb,
655587,no_wikidata_item_by_tmdb_or_imdb,
656531,no_wikidata_item_by_tmdb_or_imdb,
658795,no_wikidata_item_by_tmdb_or_imdb,
659121,no_wikidata_item_by_tmdb_or_imdb,
660070,no_wikidata_item_by_tmdb_or_imdb,
662114,no_wikidata_item_by_tmdb_or_imdb,
662740,no_wikidata_item_by_tmdb_or_imdb,
663865,no_wikidata_item_by_tmdb_or_imdb,
664561,no_wikidata_item_by_tmdb_or_imdb,
665806,no_wikidata_item_by_tmdb_or_imdb,
666433,no_wikidata_item_by_tmdb_or_imdb,
667193,no_wikidata_item_by_tmdb_or_imdb,
668409,no_wikidata_item_by_tmdb_or_imdb,
668794,no_wikidata_item_by_tmdb_or_imdb,
669444,no_wikidata_item_by_tmdb_or_imdb,
669632,no_wikidata_item_by_tmdb_or_imdb,
670217,no_wikidata_item_by_tmdb_or_imdb,
670466,no_wikidata_item_by_tmdb_or_imdb,
671664,no_wikidata_item_by_tmdb_or_imdb,
672050,no_wikidata_item_by_tmdb_or_imdb,
672517,no_wikidata_item_by_tmdb_or_imdb,
674704,no_wikidata_item_by_tmdb_or_imdb,
675237,no_wikidata_item_by_tmdb_or_imdb,
675424,no_wikidata_item_by_tmdb_or_imdb,
675954,no_wikidata_item_by_tmdb_or_imdb,
676336,no_wikidata_item_by_tmdb_or_imdb,
677391,no_wikidata_item_by_tmdb_or_imdb,
678393,no_wikidata_item_by_tmdb_or_imdb,
679497,no_wikidata_item_by_tmdb_or_imdb,
680136,no_wikidata_item_by_tmdb_or_imdb,
680751,no_wikidata_item_by_tmdb_or_imdb,
681430,no_wikidata_item_by_tmdb_or_imdb,
681547,no_wikidata_item_by_tmdb_or_imdb,
681771,no_wikidata_item_by_tmdb_or_imdb,
682987,no_wikidata_item_by_tmdb_or_imdb,
683565,no_wikidata_item_by_tmdb_or_imdb,
685604,no_wikidata_item_by_tmdb_or_imdb,
686684,no_wikidata_item_by_tmdb_or_imdb,
687936,no_wikidata_item_by_tmdb_or_imdb,
688241,no_wikidata_item_by_tmdb_or_imdb,
693356,no_wikidata_item_by_tmdb_or_imdb,
696483,no_wikidata_item_by_tmdb_or_imdb,
699111,no_wikidata_item_by_tmdb_or_imdb,
701859,no_wikidata_item_by_tmdb_or_imdb,
706281,no_wikidata_item_by_tmdb_or_imdb,
710545,no_wikidata_item_by_tmdb_or_imdb,
712024,no_wikidata_item_by_tmdb_or_imdb,
713053,no_wikidata_item_by_tmdb_or_imdb,
713380,no_wikidata_item_by_tmdb_or_imdb,
713509,no_wikidata_item_by_tmdb_or_imdb,
714237,no_wikidata_item_by_tmdb_or_imdb,
714323,no_wikidata_item_by_tmdb_or_imdb,
714412,no_wikidata_item_by_tmdb_or_imdb,
714528,no_wikidata_item_by_tmdb_or_imdb,
714834,no_wikidata_item_by_tmdb_or_imdb,
714878,no_wikidata_item_by_tmdb_or_imdb,
715266,no_wikidata_item_by_tmdb_or_imdb,
715284,no_wikidata_item_by_tmdb_or_imdb,
715756,no_wikidata_item_by_tmdb_or_imdb,
715949,no_wikidata_item_by_tmdb_or_imdb,
716518,no_wikidata_item_by_tmdb_or_imdb,
717276,no_wikidata_item_by_tmdb_or_imdb,
717372,no_wikidata_item_by_tmdb_or_imdb,
717510,no_wikidata_item_by_tmdb_or_imdb,
720977,no_wikidata_item_by_tmdb_or_imdb,
722802,no_wikidata_item_by_tmdb_or_imdb,
723789,no_wikidata_item_by_tmdb_or_imdb,
724313,no_wikidata_item_by_tmdb_or_imdb,
725744,no_wikidata_item_by_tmdb_or_imdb,
726960,no_wikidata_item_by_tmdb_or_imdb,
729157,no_wikidata_item_by_tmdb_or_imdb,
729483,no_wikidata_item_by_tmdb_or_imdb,
730537,no_wikidata_item_by_tmdb_or_imdb,
730749,no_wikidata_item_by_tmdb_or_imdb,
731586,no_wikidata_item_by_tmdb_or_imdb,
731829,no_wikidata_item_by_tmdb_or_imdb,
734056,no_wikidata_item_by_tmdb_or_imdb,
734454,no_wikidata_item_by_tmdb_or_imdb,
736076,no_wikidata_item_by_tmdb_or_imdb,
736451,no_wikidata_item_by_tmdb_or_imdb,
736643,no_wikidata_item_by_tmdb_or_imdb,
737621,no_wikidata_item_by_tmdb_or_imdb,
741919,no_wikidata_item_by_tmdb_or_imdb,
744803,no_wikidata_item_by_tmdb_or_imdb,
747055,no_wikidata_item_by_tmdb_or_imdb,
747429,no_wikidata_item_by_tmdb_or_imdb,
749047,no_wikidata_item_by_tmdb_or_imdb,
750008,no_wikidata_item_by_tmdb_or_imdb,
750109,no_wikidata_item_by_tmdb_or_imdb,
750591,no_wikidata_item_by_tmdb_or_imdb,
750638,no_wikidata_item_by_tmdb_or_imdb,
752144,no_wikidata_item_by_tmdb_or_imdb,
752657,no_wikidata_item_by_tmdb_or_imdb,
753623,no_wikidata_item_by_tmdb_or_imdb,
755817,no_wikidata_item_by_tmdb_or_imdb,
756400,no_wikidata_item_by_tmdb_or_imdb,
756801,no_wikidata_item_by_tmdb_or_imdb,
757468,no_wikidata_item_by_tmdb_or_imdb,
758269,no_wikidata_item_by_tmdb_or_imdb,
760830,no_wikidata_item_by_tmdb_or_imdb,
761211,no_wikidata_item_by_tmdb_or_imdb,
761248,no_wikidata_item_by_tmdb_or_imdb,
761534,no_wikidata_item_by_tmdb_or_imdb,
761986,no_wikidata_item_by_tmdb_or_imdb,
762769,no_wikidata_item_by_tmdb_or_imdb,
763717,no_wikidata_item_by_tmdb_or_imdb,
763810,no_wikidata_item_by_tmdb_or_imdb,
764520,no_wikidata_item_by_tmdb_or_imdb,
764656,no_wikidata_item_by_tmdb_or_imdb,
767460,no_wikidata_item_by_tmdb_or_imdb,
768499,no_wikidata_item_by_tmdb_or_imdb,
770034,no_wikidata_item_by_tmdb_or_imdb,
771111,no_wikidata_item_by_tmdb_or_imdb,
771264,no_wikidata_item_by_tmdb_or_imdb,
772335,no_wikidata_item_by_tmdb_or_imdb,
772701,no_wikidata_item_by_tmdb_or_imdb,
773471,no_wikidata_item_by_tmdb_or_imdb,
775324,no_wikidata_item_by_tmdb_or_imdb,
776291,no_wikidata_item_by_tmdb_or_imdb,
778042,no_wikidata_item_by_tmdb_or_imdb,
778579,no_wikidata_item_by_tmdb_or_imdb,
779565,no_wikidata_item_by_tmdb_or_imdb,
782177,no_wikidata_item_by_tmdb_or_imdb,
783333,no_wikidata_item_by_tmdb_or_imdb,
784040,no_wikidata_item_by_tmdb_or_imdb,
784092,no_wikidata_item_by_tmdb_or_imdb,
784594,no_wikidata_item_by_tmdb_or_imdb,
784752,no_wikidata_item_by_tmdb_or_imdb,
786006,no_wikidata_item_by_tmdb_or_imdb,
787174,no_wikidata_item_by_tmdb_or_imdb,
787933,no_wikidata_item_by_tmdb_or_imdb,
788892,no_wikidata_item_by_tmdb_or_imdb,
789530,no_wikidata_item_by_tmdb_or_imdb,
790430,no_wikidata_item_by_tmdb_or_imdb,
791043,no_wikidata_item_by_tmdb_or_imdb,
791702,no_wikidata_item_by_tmdb_or_imdb,
793470,no_wikidata_item_by_tmdb_or_imdb,
794850,no_wikidata_item_by_tmdb_or_imdb,
795403,no_wikidata_item_by_tmdb_or_imdb,
797793,no_wikidata_item_by_tmdb_or_imdb,
799197,no_wikidata_item_by_tmdb_or_imdb,
799551,no_wikidata_item_by_tmdb_or_imdb,
799982,no_wikidata_item_by_tmdb_or_imdb,
800247,no_wikidata_item_by_tmdb_or_imdb,
800559,no_wikidata_item_by_tmdb_or_imdb,
802194,no_wikidata_item_by_tmdb_or_imdb,
807856,no_wikidata_item_by_tmdb_or_imdb,
807979,no_wikidata_item_by_tmdb_or_imdb,
808064,no_wikidata_item_by_tmdb_or_imdb,
813959,no_wikidata_item_by_tmdb_or_imdb,
817471,no_wikidata_item_by_tmdb_or_imdb,
818516,no_wikidata_item_by_tmdb_or_imdb,
819727,no_wikidata_item_by_tmdb_or_imdb,
820672,no_wikidata_item_by_tmdb_or_imdb,
822067,no_wikidata_item_by_tmdb_or_imdb,
822511,no_wikidata_item_by_tmdb_or_imdb,
826805,no_wikidata_item_by_tmdb_or_imdb,
829036,no_wikidata_item_by_tmdb_or_imdb,
830579,no_wikidata_item_by_tmdb_or_imdb,
830700,no_wikidata_item_by_tmdb_or_imdb,
832075,no_wikidata_item_by_tmdb_or_imdb,
834143,no_wikidata_item_by_tmdb_or_imdb,
835579,no_wikidata_item_by_tmdb_or_imdb,
837997,no_wikidata_item_by_tmdb_or_imdb,
839305,no_wikidata_item_by_tmdb_or_imdb,
840431,no_wikidata_item_by_tmdb_or_imdb,
841594,no_wikidata_item_by_tmdb_or_imdb,
842486,no_wikidata_item_by_tmdb_or_imdb,
842712,no_wikidata_item_by_tmdb_or_imdb,
842814,no_wikidata_item_by_tmdb_or_imdb,
843475,no_wikidata_item_by_tmdb_or_imdb,
844251,no_wikidata_item_by_tmdb_or_imdb,
844482,no_wikidata_item_by_tmdb_or_imdb,
845885,no_wikidata_item_by_tmdb_or_imdb,
848494,no_wikidata_item_by_tmdb_or_imdb,
849065,no_wikidata_item_by_tmdb_or_imdb,
849271,no_wikidata_item_by_tmdb_or_imdb,
850046,no_wikidata_item_by_tmdb_or_imdb,
850277,no_wikidata_item_by_tmdb_or_imdb,
850839,no_wikidata_item_by_tmdb_or_imdb,
850992,no_wikidata_item_by_tmdb_or_imdb,
852317,no_wikidata_item_by_tmdb_or_imdb,
852696,no_wikidata_item_by_tmdb_or_imdb,
854527,no_wikidata_item_by_tmdb_or_imdb,
854649,no_wikidata_item_by_tmdb_or_imdb,
854723,no_wikidata_item_by_tmdb_or_imdb,
855055,no_wikidata_item_by_tmdb_or_imdb,
855569,no_wikidata_item_by_tmdb_or_imdb,
856625,no_wikidata_item_by_tmdb_or_imdb,
857403,no_wikidata_item_by_tmdb_or_imdb,
857879,no_wikidata_item_by_tmdb_or_imdb,
857942,no_wikidata_item_by_tmdb_or_imdb,
858071,no_wikidata_item_by_tmdb_or_imdb,
858356,no_wikidata_item_by_tmdb_or_imdb,
859548,no_wikidata_item_by_tmdb_or_imdb,
860626,no_wikidata_item_by_tmdb_or_imdb,
860650,no_wikidata_item_by_tmdb_or_imdb,
861043,no_wikidata_item_by_tmdb_or_imdb,
861810,no_wikidata_item_by_tmdb_or_imdb,
862120,no_wikidata_item_by_tmdb_or_imdb,
863767,no_wikidata_item_by_tmdb_or_imdb,
864544,no_wikidata_item_by_tmdb_or_imdb,
865553,no_wikidata_item_by_tmdb_or_imdb,
865626,no_wikidata_item_by_tmdb_or_imdb,
869754,no_wikidata_item_by_tmdb_or_imdb,
876355,no_wikidata_item_by_tmdb_or_imdb,
876515,no_wikidata_item_by_tmdb_or_imdb,
877225,no_wikidata_item_by_tmdb_or_imdb,
878357,no_wikidata_item_by_tmdb_or_imdb,
878678,no_wikidata_item_by_tmdb_or_imdb,
879003,no_wikidata_item_by_tmdb_or_imdb,
879849,no_wikidata_item_by_tmdb_or_imdb,
879945,no_wikidata_item_by_tmdb_or_imdb,
880264,no_wikidata_item_by_tmdb_or_imdb,
880921,no_wikidata_item_by_tmdb_or_imdb,
881053,no_wikidata_item_by_tmdb_or_imdb,
882159,no_wikidata_item_by_tmdb_or_imdb,
882575,no_wikidata_item_by_tmdb_or_imdb,
883640,no_wikidata_item_by_tmdb_or_imdb,
885691,no_wikidata_item_by_tmdb_or_imdb,
885792,no_wikidata_item_by_tmdb_or_imdb,
886845,no_wikidata_item_by_tmdb_or_imdb,
887689,no_wikidata_item_by_tmdb_or_imdb,
889184,no_wikidata_item_by_tmdb_or_imdb,
889796,no_wikidata_item_by_tmdb_or_imdb,
890717,no_wikidata_item_by_tmdb_or_imdb,
891891,no_wikidata_item_by_tmdb_or_imdb,
892452,no_wikidata_item_by_tmdb_or_imdb,
892837,no_wikidata_item_by_tmdb_or_imdb,
893710,no_wikidata_item_by_tmdb_or_imdb,
894735,no_wikidata_item_by_tmdb_or_imdb,
895704,no_wikidata_item_by_tmdb_or_imdb,
897560,no_wikidata_item_by_tmdb_or_imdb,
898768,no_wikidata_item_by_tmdb_or_imdb,
898830,no_wikidata_item_by_tmdb_or_imdb,
901383,no_wikidata_item_by_tmdb_or_imdb,
901454,no_wikidata_item_by_tmdb_or_imdb,
910760,no_wikidata_item_by_tmdb_or_imdb,
911126,no_wikidata_item_by_tmdb_or_imdb,
912607,no_wikidata_item_by_tmdb_or_imdb,
913339,no_wikidata_item_by_tmdb_or_imdb,
916588,no_wikidata_item_by_tmdb_or_imdb,
916697,no_wikidata_item_by_tmdb_or_imdb,
918000,no_wikidata_item_by_tmdb_or_imdb,
926378,no_wikidata_item_by_tmdb_or_imdb,
926612,no_wikidata_item_by_tmdb_or_imdb,
926746,no_wikidata_item_by_tmdb_or_imdb,
927892,no_wikidata_item_by_tmdb_or_imdb,
930092,no_wikidata_item_by_tmdb_or_imdb,
930982,no_wikidata_item_by_tmdb_or_imdb,
931333,no_wikidata_item_by_tmdb_or_imdb,
931541,no_wikidata_item_by_tmdb_or_imdb,
933067,no_wikidata_item_by_tmdb_or_imdb,
933187,no_wikidata_item_by_tmdb_or_imdb,
934139,no_wikidata_item_by_tmdb_or_imdb,
934501,no_wikidata_item_by_tmdb_or_imdb,
935464,no_wikidata_item_by_tmdb_or_imdb,
935585,no_wikidata_item_by_tmdb_or_imdb,
937804,no_wikidata_item_by_tmdb_or_imdb,
938167,no_wikidata_item_by_tmdb_or_imdb,
938449,no_wikidata_item_by_tmdb_or_imdb,
938495,no_wikidata_item_by_tmdb_or_imdb,
945208,no_wikidata_item_by_tmdb_or_imdb,
945386,no_wikidata_item_by_tmdb_or_imdb,
945400,no_wikidata_item_by_tmdb_or_imdb,
948797,no_wikidata_item_by_tmdb_or_imdb,
949234,no_wikidata_item_by_tmdb_or_imdb,
949252,no_wikidata_item_by_tmdb_or_imdb,
950172,no_wikidata_item_by_tmdb_or_imdb,
950475,no_wikidata_item_by_tmdb_or_imdb,
952394,no_wikidata_item_by_tmdb_or_imdb,
953740,no_wikidata_item_by_tmdb_or_imdb,
954781,no_wikidata_item_by_tmdb_or_imdb,
955144,no_wikidata_item_by_tmdb_or_imdb,
955945,no_wikidata_item_by_tmdb_or_imdb,
958160,no_wikidata_item_by_tmdb_or_imdb,
958712,no_wikidata_item_by_tmdb_or_imdb,
959005,no_wikidata_item_by_tmdb_or_imdb,
959624,no_wikidata_item_by_tmdb_or_imdb,
959929,no_wikidata_item_by_tmdb_or_imdb,
959986,no_wikidata_item_by_tmdb_or_imdb,
960082,no_wikidata_item_by_tmdb_or_imdb,
961330,no_wikidata_item_by_tmdb_or_imdb,
961331,no_wikidata_item_by_tmdb_or_imdb,
963864,no_wikidata_item_by_tmdb_or_imdb,
963989,no_wikidata_item_by_tmdb_or_imdb,
965187,no_wikidata_item_by_tmdb_or_imdb,
965657,no_wikidata_item_by_tmdb_or_imdb,
966731,no_wikidata_item_by_tmdb_or_imdb,
966736,no_wikidata_item_by_tmdb_or_imdb,
966773,no_wikidata_item_by_tmdb_or_imdb,
969257,no_wikidata_item_by_tmdb_or_imdb,
969424,no_wikidata_item_by_tmdb_or_imdb,
970332,no_wikidata_item_by_tmdb_or_imdb,
973122,no_wikidata_item_by_tmdb_or_imdb,
975112,no_wikidata_item_by_tmdb_or_imdb,
975714,no_wikidata_item_by_tmdb_or_imdb,
978372,no_wikidata_item_by_tmdb_or_imdb,
979807,no_wikidata_item_by_tmdb_or_imdb,
980950,no_wikidata_item_by_tmdb_or_imdb,
981304,no_wikidata_item_by_tmdb_or_imdb,
981545,no_wikidata_item_by_tmdb_or_imdb,
981594,no_wikidata_item_by_tmdb_or_imdb,
982467,no_wikidata_item_by_tmdb_or_imdb,
983224,no_wikidata_item_by_tmdb_or_imdb,
985892,no_wikidata_item_by_tmdb_or_imdb,
986206,no_wikidata_item_by_tmdb_or_imdb,
986677,no_wikidata_item_by_tmdb_or_imdb,
987200,no_wikidata_item_by_tmdb_or_imdb,
987434,no_wikidata_item_by_tmdb_or_imdb,
987959,no_wikidata_item_by_tmdb_or_imdb,
988576,no_wikidata_item_by_tmdb_or_imdb,
989917,no_wikidata_item_by_tmdb_or_imdb,
990009,no_wikidata_item_by_tmdb_or_imdb,
991005,no_wikidata_item_by_tmdb_or_imdb,
992667,no_wikidata_item_by_tmdb_or_imdb,
994246,no_wikidata_item_by_tmdb_or_imdb,
994315,no_wikidata_item_by_tmdb_or_imdb,
996666,no_wikidata_item_by_tmdb_or_imdb,
997383,no_wikidata_item_by_tmdb_or_imdb,
997517,no_wikidata_item_by_tmdb_or_imdb,
997877,no_wikidata_item_by_tmdb_or_imdb,
999444,no_wikidata_item_by_tmdb_or_imdb,
1000772,no_wikidata_item_by_tmdb_or_imdb,
1002398,no_wikidata_item_by_tmdb_or_imdb,
1003102,no_wikidata_item_by_tmdb_or_imdb,
1003557,no_wikidata_item_by_tmdb_or_imdb,
1003570,no_wikidata_item_by_tmdb_or_imdb,
1004992,no_wikidata_item_by_tmdb_or_imdb,
1005197,no_wikidata_item_by_tmdb_or_imdb,
1005854,no_wikidata_item_by_tmdb_or_imdb,
1006851,no_wikidata_item_by_tmdb_or_imdb,
1007132,no_wikidata_item_by_tmdb_or_imdb,
1007878,no_wikidata_item_by_tmdb_or_imdb,
1008431,no_wikidata_item_by_tmdb_or_imdb,
1009722,no_wikidata_item_by_tmdb_or_imdb,
1011033,no_wikidata_item_by_tmdb_or_imdb,
1015539,no_wikidata_item_by_tmdb_or_imdb,
1015957,no_wikidata_item_by_tmdb_or_imdb,
1017189,no_wikidata_item_by_tmdb_or_imdb,
1018317,no_wikidata_item_by_tmdb_or_imdb,
1019972,no_wikidata_item_by_tmdb_or_imdb,
1021290,no_wikidata_item_by_tmdb_or_imdb,
1022017,no_wikidata_item_by_tmdb_or_imdb,
1022929,no_wikidata_item_by_tmdb_or_imdb,
1023859,no_wikidata_item_by_tmdb_or_imdb,
1025535,no_wikidata_item_by_tmdb_or_imdb,
1026743,no_wikidata_item_by_tmdb_or_imdb,
1027389,no_wikidata_item_by_tmdb_or_imdb,
1029445,no_wikidata_item_by_tmdb_or_imdb,
1033557,no_wikidata_item_by_tmdb_or_imdb,
1034985,no_wikidata_item_by_tmdb_or_imdb,
1035916,no_wikidata_item_by_tmdb_or_imdb,
1036888,no_wikidata_item_by_tmdb_or_imdb,
1036900,no_wikidata_item_by_tmdb_or_imdb,
1041700,no_wikidata_item_by_tmdb_or_imdb,
1043219,no_wikidata_item_by_tmdb_or_imdb,
1043922,no_wikidata_item_by_tmdb_or_imdb,
1044451,no_wikidata_item_by_tmdb_or_imdb,
1044771,no_wikidata_item_by_tmdb_or_imdb,
1045143,no_wikidata_item_by_tmdb_or_imdb,
1047408,no_wikidata_item_by_tmdb_or_imdb,
1048177,no_wikidata_item_by_tmdb_or_imdb,
1049267,no_wikidata_item_by_tmdb_or_imdb,
1050128,no_wikidata_item_by_tmdb_or_imdb,
1050829,no_wikidata_item_by_tmdb_or_imdb,
1051942,no_wikidata_item_by_tmdb_or_imdb,
1052564,no_wikidata_item_by_tmdb_or_imdb,
1053541,no_wikidata_item_by_tmdb_or_imdb,
1053630,no_wikidata_item_by_tmdb_or_imdb,
1053673,no_wikidata_item_by_tmdb_or_imdb,
1055432,no_wikidata_item_by_tmdb_or_imdb,
1055703,no_wikidata_item_by_tmdb_or_imdb,
1056234,no_wikidata_item_by_tmdb_or_imdb,
1056237,no_wikidata_item_by_tmdb_or_imdb,
1057835,no_wikidata_item_by_tmdb_or_imdb,
1058645,no_wikidata_item_by_tmdb_or_imdb,
1060060,no_wikidata_item_by_tmdb_or_imdb,
1065250,no_wikidata_item_by_tmdb_or_imdb,
1065681,no_wikidata_item_by_tmdb_or_imdb,
1066342,no_wikidata_item_by_tmdb_or_imdb,
1066784,no_wikidata_item_by_tmdb_or_imdb,
1067135,no_wikidata_item_by_tmdb_or_imdb,
1067341,no_wikidata_item_by_tmdb_or_imdb,
1068449,no_wikidata_item_by_tmdb_or_imdb,
1068607,no_wikidata_item_by_tmdb_or_imdb,
1069546,no_wikidata_item_by_tmdb_or_imdb,
1069688,no_wikidata_item_by_tmdb_or_imdb,
1070223,no_wikidata_item_by_tmdb_or_imdb,
1070463,no_wikidata_item_by_tmdb_or_imdb,
1071038,no_wikidata_item_by_tmdb_or_imdb,
1073385,no_wikidata_item_by_tmdb_or_imdb,
1073948,no_wikidata_item_by_tmdb_or_imdb,
1074260,no_wikidata_item_by_tmdb_or_imdb,
1074328,no_wikidata_item_by_tmdb_or_imdb,
1075209,no_wikidata_item_by_tmdb_or_imdb,
1075515,no_wikidata_item_by_tmdb_or_imdb,
1075536,no_wikidata_item_by_tmdb_or_imdb,
1076446,no_wikidata_item_by_tmdb_or_imdb,
1077700,no_wikidata_item_by_tmdb_or_imdb,
1078023,no_wikidata_item_by_tmdb_or_imdb,
1078763,no_wikidata_item_by_tmdb_or_imdb,
1080569,no_wikidata_item_by_tmdb_or_imdb,
1080980,no_wikidata_item_by_tmdb_or_imdb,
1081422,no_wikidata_item_by_tmdb_or_imdb,
1082173,no_wikidata_item_by_tmdb_or_imdb,
1083026,no_wikidata_item_by_tmdb_or_imdb,
1084126,no_wikidata_item_by_tmdb_or_imdb,
1085068,no_wikidata_item_by_tmdb_or_imdb,
1085501,no_wikidata_item_by_tmdb_or_imdb,
1085853,no_wikidata_item_by_tmdb_or_imdb,
1086532,no_wikidata_item_by_tmdb_or_imdb,
1086725,no_wikidata_item_by_tmdb_or_imdb,
1086778,no_wikidata_item_by_tmdb_or_imdb,
1086910,no_wikidata_item_by_tmdb_or_imdb,
1087231,no_wikidata_item_by_tmdb_or_imdb,
1088602,no_wikidata_item_by_tmdb_or_imdb,
1091494,no_wikidata_item_by_tmdb_or_imdb,
1093762,no_wikidata_item_by_tmdb_or_imdb,
1094481,no_wikidata_item_by_tmdb_or_imdb,
1095697,no_wikidata_item_by_tmdb_or_imdb,
1096563,no_wikidata_item_by_tmdb_or_imdb,
1096757,no_wikidata_item_by_tmdb_or_imdb,
1097046,no_wikidata_item_by_tmdb_or_imdb,
1097949,no_wikidata_item_by_tmdb_or_imdb,
1098501,no_wikidata_item_by_tmdb_or_imdb,
1100249,no_wikidata_item_by_tmdb_or_imdb,
1100284,no_wikidata_item_by_tmdb_or_imdb,
1100709,no_wikidata_item_by_tmdb_or_imdb,
1103500,no_wikidata_item_by_tmdb_or_imdb,
1103501,no_wikidata_item_by_tmdb_or_imdb,
1103835,no_wikidata_item_by_tmdb_or_imdb,
1104764,no_wikidata_item_by_tmdb_or_imdb,
1104917,no_wikidata_item_by_tmdb_or_imdb,
1106246,no_wikidata_item_by_tmdb_or_imdb,
1106587,no_wikidata_item_by_tmdb_or_imdb,
1106717,no_wikidata_item_by_tmdb_or_imdb,
1107034,no_wikidata_item_by_tmdb_or_imdb,
1107436,no_wikidata_item_by_tmdb_or_imdb,
1107978,no_wikidata_item_by_tmdb_or_imdb,
1108771,no_wikidata_item_by_tmdb_or_imdb,
1109456,no_wikidata_item_by_tmdb_or_imdb,
1109973,no_wikidata_item_by_tmdb_or_imdb,
1111210,no_wikidata_item_by_tmdb_or_imdb,
1111839,no_wikidata_item_by_tmdb_or_imdb,
1112676,no_wikidata_item_by_tmdb_or_imdb,
1112803,no_wikidata_item_by_tmdb_or_imdb,
1113951,no_wikidata_item_by_tmdb_or_imdb,
1114035,no_wikidata_item_by_tmdb_or_imdb,
1115396,no_wikidata_item_by_tmdb_or_imdb,
1115830,no_wikidata_item_by_tmdb_or_imdb,
1117061,no_wikidata_item_by_tmdb_or_imdb,
1117614,no_wikidata_item_by_tmdb_or_imdb,
1118070,no_wikidata_item_by_tmdb_or_imdb,
1123106,no_wikidata_item_by_tmdb_or_imdb,
1127235,no_wikidata_item_by_tmdb_or_imdb,
1128241,no_wikidata_item_by_tmdb_or_imdb,
1131673,no_wikidata_item_by_tmdb_or_imdb,
1132302,no_wikidata_item_by_tmdb_or_imdb,
1132985,no_wikidata_item_by_tmdb_or_imdb,
1134055,no_wikidata_item_by_tmdb_or_imdb,
1134278,no_wikidata_item_by_tmdb_or_imdb,
1135630,no_wikidata_item_by_tmdb_or_imdb,
1135861,no_wikidata_item_by_tmdb_or_imdb,
1135873,no_wikidata_item_by_tmdb_or_imdb,
1142101,no_wikidata_item_by_tmdb_or_imdb,
1143512,no_wikidata_item_by_tmdb_or_imdb,
1144738,no_wikidata_item_by_tmdb_or_imdb,
1144827,no_wikidata_item_by_tmdb_or_imdb,
1146578,no_wikidata_item_by_tmdb_or_imdb,
1146731,no_wikidata_item_by_tmdb_or_imdb,
1147266,no_wikidata_item_by_tmdb_or_imdb,
1147411,no_wikidata_item_by_tmdb_or_imdb,
1147416,no_wikidata_item_by_tmdb_or_imdb,
1147542,no_wikidata_item_by_tmdb_or_imdb,
1147598,no_wikidata_item_by_tmdb_or_imdb,
1149494,no_wikidata_item_by_tmdb_or_imdb,
1149779,no_wikidata_item_by_tmdb_or_imdb,
1150179,no_wikidata_item_by_tmdb_or_imdb,
1151448,no_wikidata_item_by_tmdb_or_imdb,
1152491,no_wikidata_item_by_tmdb_or_imdb,
1152619,no_wikidata_item_by_tmdb_or_imdb,
1155090,no_wikidata_item_by_tmdb_or_imdb,
1155813,no_wikidata_item_by_tmdb_or_imdb,
1156829,no_wikidata_item_by_tmdb_or_imdb,
1156991,no_wikidata_item_by_tmdb_or_imdb,
1157301,no_wikidata_item_by_tmdb_or_imdb,
1157372,no_wikidata_item_by_tmdb_or_imdb,
1157737,no_wikidata_item_by_tmdb_or_imdb,
1157844,no_wikidata_item_by_tmdb_or_imdb,
1157960,no_wikidata_item_by_tmdb_or_imdb,
1158424,no_wikidata_item_by_tmdb_or_imdb,
1160209,no_wikidata_item_by_tmdb_or_imdb,
1160748,no_wikidata_item_by_tmdb_or_imdb,
1163472,no_wikidata_item_by_tmdb_or_imdb,
1166589,no_wikidata_item_by_tmdb_or_imdb,
1167360,no_wikidata_item_by_tmdb_or_imdb,
1169765,no_wikidata_item_by_tmdb_or_imdb,
1170719,no_wikidata_item_by_tmdb_or_imdb,
1171230,no_wikidata_item_by_tmdb_or_imdb,
1171320,no_wikidata_item_by_tmdb_or_imdb,
1172136,no_wikidata_item_by_tmdb_or_imdb,
1174276,no_wikidata_item_by_tmdb_or_imdb,
1175258,no_wikidata_item_by_tmdb_or_imdb,
1177450,no_wikidata_item_by_tmdb_or_imdb,
1177583,no_wikidata_item_by_tmdb_or_imdb,
1177593,no_wikidata_item_by_tmdb_or_imdb,
1177603,no_wikidata_item_by_tmdb_or_imdb,
1177607,no_wikidata_item_by_tmdb_or_imdb,
1177811,no_wikidata_item_by_tmdb_or_imdb,
1179141,no_wikidata_item_by_tmdb_or_imdb,
1180906,no_wikidata_item_by_tmdb_or_imdb,
1181403,no_wikidata_item_by_tmdb_or_imdb,
1182045,no_wikidata_item_by_tmdb_or_imdb,
1183768,no_wikidata_item_by_tmdb_or_imdb,
1185339,no_wikidata_item_by_tmdb_or_imdb,
1185652,no_wikidata_item_by_tmdb_or_imdb,
1186964,no_wikidata_item_by_tmdb_or_imdb,
1189246,no_wikidata_item_by_tmdb_or_imdb,
1189885,no_wikidata_item_by_tmdb_or_imdb,
1189923,no_wikidata_item_by_tmdb_or_imdb,
1190154,no_wikidata_item_by_tmdb_or_imdb,
1192575,no_wikidata_item_by_tmdb_or_imdb,
1193186,no_wikidata_item_by_tmdb_or_imdb,
1193662,no_wikidata_item_by_tmdb_or_imdb,
1194025,no_wikidata_item_by_tmdb_or_imdb,
1195553,no_wikidata_item_by_tmdb_or_imdb,
1196109,no_wikidata_item_by_tmdb_or_imdb,
1197031,no_wikidata_item_by_tmdb_or_imdb,
1197633,no_wikidata_item_by_tmdb_or_imdb,
1198748,no_wikidata_item_by_tmdb_or_imdb,
1199878,no_wikidata_item_by_tmdb_or_imdb,
1200071,no_wikidata_item_by_tmdb_or_imdb,
1201338,no_wikidata_item_by_tmdb_or_imdb,
1201835,no_wikidata_item_by_tmdb_or_imdb,
1203097,no_wikidata_item_by_tmdb_or_imdb,
1204041,no_wikidata_item_by_tmdb_or_imdb,
1204360,no_wikidata_item_by_tmdb_or_imdb,
1204813,no_wikidata_item_by_tmdb_or_imdb,
1205021,no_wikidata_item_by_tmdb_or_imdb,
1206083,no_wikidata_item_by_tmdb_or_imdb,
1207136,no_wikidata_item_by_tmdb_or_imdb,
1207853,no_wikidata_item_by_tmdb_or_imdb,
1208458,no_wikidata_item_by_tmdb_or_imdb,
1208561,no_wikidata_item_by_tmdb_or_imdb,
1208808,no_wikidata_item_by_tmdb_or_imdb,
1208900,no_wikidata_item_by_tmdb_or_imdb,
1209575,no_wikidata_item_by_tmdb_or_imdb,
1209625,no_wikidata_item_by_tmdb_or_imdb,
1209770,no_wikidata_item_by_tmdb_or_imdb,
1210027,no_wikidata_item_by_tmdb_or_imdb,
1210132,no_wikidata_item_by_tmdb_or_imdb,
1210234,no_wikidata_item_by_tmdb_or_imdb,
1210254,no_wikidata_item_by_tmdb_or_imdb,
1211233,no_wikidata_item_by_tmdb_or_imdb,
1213881,no_wikidata_item_by_tmdb_or_imdb,
1214888,no_wikidata_item_by_tmdb_or_imdb,
1215106,no_wikidata_item_by_tmdb_or_imdb,
1217048,no_wikidata_item_by_tmdb_or_imdb,
1217956,no_wikidata_item_by_tmdb_or_imdb,
1218637,no_wikidata_item_by_tmdb_or_imdb,
1219066,no_wikidata_item_by_tmdb_or_imdb,
1219377,no_wikidata_item_by_tmdb_or_imdb,
1219694,no_wikidata_item_by_tmdb_or_imdb,
1220565,no_wikidata_item_by_tmdb_or_imdb,
1221451,no_wikidata_item_by_tmdb_or_imdb,
1226299,no_wikidata_item_by_tmdb_or_imdb,
1227274,no_wikidata_item_by_tmdb_or_imdb,
1229301,no_wikidata_item_by_tmdb_or_imdb,
1235727,no_wikidata_item_by_tmdb_or_imdb,
1236648,no_wikidata_item_by_tmdb_or_imdb,
1241063,no_wikidata_item_by_tmdb_or_imdb,
1241742,no_wikidata_item_by_tmdb_or_imdb,
1241750,no_wikidata_item_by_tmdb_or_imdb,
1241752,no_wikidata_item_by_tmdb_or_imdb,
1242590,no_wikidata_item_by_tmdb_or_imdb,
1242886,no_wikidata_item_by_tmdb_or_imdb,
1242996,no_wikidata_item_by_tmdb_or_imdb,
1243172,no_wikidata_item_by_tmdb_or_imdb,
1243890,no_wikidata_item_by_tmdb_or_imdb,
1244568,no_wikidata_item_by_tmdb_or_imdb,
1245512,no_wikidata_item_by_tmdb_or_imdb,
1246470,no_wikidata_item_by_tmdb_or_imdb,
1247417,no_wikidata_item_by_tmdb_or_imdb,
1247648,no_wikidata_item_by_tmdb_or_imdb,
1252896,no_wikidata_item_by_tmdb_or_imdb,
1255140,no_wikidata_item_by_tmdb_or_imdb,
1255651,no_wikidata_item_by_tmdb_or_imdb,
1256604,no_wikidata_item_by_tmdb_or_imdb,
1256658,no_wikidata_item_by_tmdb_or_imdb,
1257485,no_wikidata_item_by_tmdb_or_imdb,
1257623,no_wikidata_item_by_tmdb_or_imdb,
1258405,no_wikidata_item_by_tmdb_or_imdb,
1259448,no_wikidata_item_by_tmdb_or_imdb,
1263868,no_wikidata_item_by_tmdb_or_imdb,
1265986,no_wikidata_item_by_tmdb_or_imdb,
1266251,no_wikidata_item_by_tmdb_or_imdb,
1266356,no_wikidata_item_by_tmdb_or_imdb,
1266361,no_wikidata_item_by_tmdb_or_imdb,
1266372,no_wikidata_item_by_tmdb_or_imdb,
1266528,no_wikidata_item_by_tmdb_or_imdb,
1266868,no_wikidata_item_by_tmdb_or_imdb,
1266872,no_wikidata_item_by_tmdb_or_imdb,
1266990,no_wikidata_item_by_tmdb_or_imdb,
1266992,no_wikidata_item_by_tmdb_or_imdb,
1267129,no_wikidata_item_by_tmdb_or_imdb,
1267203,no_wikidata_item_by_tmdb_or_imdb,
1267206,no_wikidata_item_by_tmdb_or_imdb,
1269012,no_wikidata_item_by_tmdb_or_imdb,
1269021,no_wikidata_item_by_tmdb_or_imdb,
1269030,no_wikidata_item_by_tmdb_or_imdb,
1270342,no_wikidata_item_by_tmdb_or_imdb,
1270384,no_wikidata_item_by_tmdb_or_imdb,
1270409,no_wikidata_item_by_tmdb_or_imdb,
1270456,no_wikidata_item_by_tmdb_or_imdb,
1272948,no_wikidata_item_by_tmdb_or_imdb,
1273024,no_wikidata_item_by_tmdb_or_imdb,
1273100,no_wikidata_item_by_tmdb_or_imdb,
1273680,no_wikidata_item_by_tmdb_or_imdb,
1273948,no_wikidata_item_by_tmdb_or_imdb,
1276169,no_wikidata_item_by_tmdb_or_imdb,
1276385,no_wikidata_item_by_tmdb_or_imdb,
1277186,no_wikidata_item_by_tmdb_or_imdb,
1277712,no_wikidata_item_by_tmdb_or_imdb,
1278853,no_wikidata_item_by_tmdb_or_imdb,
1280287,no_wikidata_item_by_tmdb_or_imdb,
1280452,no_wikidata_item_by_tmdb_or_imdb,
1280468,no_wikidata_item_by_tmdb_or_imdb,
1280655,no_wikidata_item_by_tmdb_or_imdb,
1280869,no_wikidata_item_by_tmdb_or_imdb,
1280875,no_wikidata_item_by_tmdb_or_imdb,
1281723,no_wikidata_item_by_tmdb_or_imdb,
1281895,no_wikidata_item_by_tmdb_or_imdb,
1281982,no_wikidata_item_by_tmdb_or_imdb,
1284363,no_wikidata_item_by_tmdb_or_imdb,
1284637,no_wikidata_item_by_tmdb_or_imdb,
1284813,no_wikidata_item_by_tmdb_or_imdb,
1285660,no_wikidata_item_by_tmdb_or_imdb,
1286449,no_wikidata_item_by_tmdb_or_imdb,
1286594,no_wikidata_item_by_tmdb_or_imdb,
1286824,no_wikidata_item_by_tmdb_or_imdb,
1287766,no_wikidata_item_by_tmdb_or_imdb,
1291499,no_wikidata_item_by_tmdb_or_imdb,
1292281,no_wikidata_item_by_tmdb_or_imdb,
1293166,no_wikidata_item_by_tmdb_or_imdb,
1293375,no_wikidata_item_by_tmdb_or_imdb,
1293981,no_wikidata_item_by_tmdb_or_imdb,
1296504,no_wikidata_item_by_tmdb_or_imdb,
1298145,no_wikidata_item_by_tmdb_or_imdb,
1299672,no_wikidata_item_by_tmdb_or_imdb,
1301122,no_wikidata_item_by_tmdb_or_imdb,
1302001,no_wikidata_item_by_tmdb_or_imdb,
1302011,no_wikidata_item_by_tmdb_or_imdb,
1302017,no_wikidata_item_by_tmdb_or_imdb,
1302846,no_wikidata_item_by_tmdb_or_imdb,
1303090,no_wikidata_item_by_tmdb_or_imdb,
1303259,no_wikidata_item_by_tmdb_or_imdb,
1303312,no_wikidata_item_by_tmdb_or_imdb,
1304145,no_wikidata_item_by_tmdb_or_imdb,
1305717,no_wikidata_item_by_tmdb_or_imdb,
1306476,no_wikidata_item_by_tmdb_or_imdb,
1308761,no_wikidata_item_by_tmdb_or_imdb,
1308821,no_wikidata_item_by_tmdb_or_imdb,
1308839,no_wikidata_item_by_tmdb_or_imdb,
1310088,no_wikidata_item_by_tmdb_or_imdb,
1310182,no_wikidata_item_by_tmdb_or_imdb,
1312193,no_wikidata_item_by_tmdb_or_imdb,
1312867,no_wikidata_item_by_tmdb_or_imdb,
1313330,no_wikidata_item_by_tmdb_or_imdb,
1315988,no_wikidata_item_by_tmdb_or_imdb,
1318096,no_wikidata_item_by_tmdb_or_imdb,
1321902,no_wikidata_item_by_tmdb_or_imdb,
1322623,no_wikidata_item_by_tmdb_or_imdb,
1325230,no_wikidata_item_by_tmdb_or_imdb,
1326106,no_wikidata_item_by_tmdb_or_imdb,
1326878,no_wikidata_item_by_tmdb_or_imdb,
1327556,no_wikidata_item_by_tmdb_or_imdb,
1327881,no_wikidata_item_by_tmdb_or_imdb,
1328983,no_wikidata_item_by_tmdb_or_imdb,
1332994,no_wikidata_item_by_tmdb_or_imdb,
1336189,no_wikidata_item_by_tmdb_or_imdb,
1337395,no_wikidata_item_by_tmdb_or_imdb,
1337397,no_wikidata_item_by_tmdb_or_imdb,
1338799,no_wikidata_item_by_tmdb_or_imdb,
1339195,no_wikidata_item_by_tmdb_or_imdb,
1341770,no_wikidata_item_by_tmdb_or_imdb,
1352757,no_wikidata_item_by_tmdb_or_imdb,
1352788,no_wikidata_item_by_tmdb_or_imdb,
1353328,no_wikidata_item_by_tmdb_or_imdb,
1355140,no_wikidata_item_by_tmdb_or_imdb,
1356070,no_wikidata_item_by_tmdb_or_imdb,
1356236,no_wikidata_item_by_tmdb_or_imdb,
1357288,no_wikidata_item_by_tmdb_or_imdb,
1357535,no_wikidata_item_by_tmdb_or_imdb,
1357633,no_wikidata_item_by_tmdb_or_imdb,
1357886,no_wikidata_item_by_tmdb_or_imdb,
1358903,no_wikidata_item_by_tmdb_or_imdb,
1360111,no_wikidata_item_by_tmdb_or_imdb,
1360304,no_wikidata_item_by_tmdb_or_imdb,
1360389,no_wikidata_item_by_tmdb_or_imdb,
1360417,no_wikidata_item_by_tmdb_or_imdb,
1361232,no_wikidata_item_by_tmdb_or_imdb,
1362008,no_wikidata_item_by_tmdb_or_imdb,
1363662,no_wikidata_item_by_tmdb_or_imdb,
1365413,no_wikidata_item_by_tmdb_or_imdb,
1366794,no_wikidata_item_by_tmdb_or_imdb,
1366830,no_wikidata_item_by_tmdb_or_imdb,
1366841,no_wikidata_item_by_tmdb_or_imdb,
1367575,no_wikidata_item_by_tmdb_or_imdb,
1367922,no_wikidata_item_by_tmdb_or_imdb,
1369630,no_wikidata_item_by_tmdb_or_imdb,
1369907,no_wikidata_item_by_tmdb_or_imdb,
1369965,no_wikidata_item_by_tmdb_or_imdb,
1370497,no_wikidata_item_by_tmdb_or_imdb,
1371347,no_wikidata_item_by_tmdb_or_imdb,
1372059,no_wikidata_item_by_tmdb_or_imdb,
1373136,no_wikidata_item_by_tmdb_or_imdb,
1374049,no_wikidata_item_by_tmdb_or_imdb,
1374584,no_wikidata_item_by_tmdb_or_imdb,
1375599,no_wikidata_item_by_tmdb_or_imdb,
1381705,no_wikidata_item_by_tmdb_or_imdb,
1381944,no_wikidata_item_by_tmdb_or_imdb,
1382135,no_wikidata_item_by_tmdb_or_imdb,
1382406,no_wikidata_item_by_tmdb_or_imdb,
1383557,no_wikidata_item_by_tmdb_or_imdb,
1387421,no_wikidata_item_by_tmdb_or_imdb,
1388456,no_wikidata_item_by_tmdb_or_imdb,
1389255,no_wikidata_item_by_tmdb_or_imdb,
1391483,no_wikidata_item_by_tmdb_or_imdb,
1392908,no_wikidata_item_by_tmdb_or_imdb,
1393375,no_wikidata_item_by_tmdb_or_imdb,
1394039,no_wikidata_item_by_tmdb_or_imdb,
1396431,no_wikidata_item_by_tmdb_or_imdb,
1396794,no_wikidata_item_by_tmdb_or_imdb,
1396888,no_wikidata_item_by_tmdb_or_imdb,
1396930,no_wikidata_item_by_tmdb_or_imdb,
1398451,no_wikidata_item_by_tmdb_or_imdb,
1399111,no_wikidata_item_by_tmdb_or_imdb,
1400224,no_wikidata_item_by_tmdb_or_imdb,
1401161,no_wikidata_item_by_tmdb_or_imdb,
1401403,no_wikidata_item_by_tmdb_or_imdb,
1402269,no_wikidata_item_by_tmdb_or_imdb,
1403475,no_wikidata_item_by_tmdb_or_imdb,
1404815,no_wikidata_item_by_tmdb_or_imdb,
1404948,no_wikidata_item_by_tmdb_or_imdb,
1405222,no_wikidata_item_by_tmdb_or_imdb,
1405700,no_wikidata_item_by_tmdb_or_imdb,
1405923,no_wikidata_item_by_tmdb_or_imdb,
1406656,no_wikidata_item_by_tmdb_or_imdb,
1407011,no_wikidata_item_by_tmdb_or_imdb,
1409218,no_wikidata_item_by_tmdb_or_imdb,
1409536,no_wikidata_item_by_tmdb_or_imdb,
1409580,no_wikidata_item_by_tmdb_or_imdb,
1411810,no_wikidata_item_by_tmdb_or_imdb,
1414696,no_wikidata_item_by_tmdb_or_imdb,
1415894,no_wikidata_item_by_tmdb_or_imdb,
1417096,no_wikidata_item_by_tmdb_or_imdb,
1421198,no_wikidata_item_by_tmdb_or_imdb,
1421355,no_wikidata_item_by_tmdb_or_imdb,
1421489,no_wikidata_item_by_tmdb_or_imdb,
1421542,no_wikidata_item_by_tmdb_or_imdb,
1422007,no_wikidata_item_by_tmdb_or_imdb,
1423331,no_wikidata_item_by_tmdb_or_imdb,
1425252,no_wikidata_item_by_tmdb_or_imdb,
1426964,no_wikidata_item_by_tmdb_or_imdb,
1426968,no_wikidata_item_by_tmdb_or_imdb,
1429738,no_wikidata_item_by_tmdb_or_imdb,
1429786,no_wikidata_item_by_tmdb_or_imdb,
1433044,no_wikidata_item_by_tmdb_or_imdb,
1433124,no_wikidata_item_by_tmdb_or_imdb,
1438030,no_wikidata_item_by_tmdb_or_imdb,
1439026,no_wikidata_item_by_tmdb_or_imdb,
1443260,no_wikidata_item_by_tmdb_or_imdb,
1448539,no_wikidata_item_by_tmdb_or_imdb,
1448938,no_wikidata_item_by_tmdb_or_imdb,
1450432,no_wikidata_item_by_tmdb_or_imdb,
1450539,no_wikidata_item_by_tmdb_or_imdb,
1454741,no_wikidata_item_by_tmdb_or_imdb,
1456224,no_wikidata_item_by_tmdb_or_imdb,
1457779,no_wikidata_item_by_tmdb_or_imdb,
1457822,no_wikidata_item_by_tmdb_or_imdb,
1458029,no_wikidata_item_by_tmdb_or_imdb,
1458894,no_wikidata_item_by_tmdb_or_imdb,
1459233,no_wikidata_item_by_tmdb_or_imdb,
1459280,no_wikidata_item_by_tmdb_or_imdb,
1461294,no_wikidata_item_by_tmdb_or_imdb,
1462449,no_wikidata_item_by_tmdb_or_imdb,
1464029,no_wikidata_item_by_tmdb_or_imdb,
1465726,no_wikidata_item_by_tmdb_or_imdb,
1466120,no_wikidata_item_by_tmdb_or_imdb,
1468417,no_wikidata_item_by_tmdb_or_imdb,
1469226,no_wikidata_item_by_tmdb_or_imdb,
1470086,no_wikidata_item_by_tmdb_or_imdb,
1472898,no_wikidata_item_by_tmdb_or_imdb,
1474338,no_wikidata_item_by_tmdb_or_imdb,
1475490,no_wikidata_item_by_tmdb_or_imdb,
1476922,no_wikidata_item_by_tmdb_or_imdb,
1478146,no_wikidata_item_by_tmdb_or_imdb,
1479679,no_wikidata_item_by_tmdb_or_imdb,
1481331,no_wikidata_item_by_tmdb_or_imdb,
1482072,no_wikidata_item_by_tmdb_or_imdb,
1483088,no_wikidata_item_by_tmdb_or_imdb,
1483631,no_wikidata_item_by_tmdb_or_imdb,
1485104,no_wikidata_item_by_tmdb_or_imdb,
1485490,no_wikidata_item_by_tmdb_or_imdb,
1487369,no_wikidata_item_by_tmdb_or_imdb,
1489510,no_wikidata_item_by_tmdb_or_imdb,
1490281,no_wikidata_item_by_tmdb_or_imdb,
1491612,no_wikidata_item_by_tmdb_or_imdb,
1491902,no_wikidata_item_by_tmdb_or_imdb,
1492108,no_wikidata_item_by_tmdb_or_imdb,
1492113,no_wikidata_item_by_tmdb_or_imdb,
1493213,no_wikidata_item_by_tmdb_or_imdb,
1493990,no_wikidata_item_by_tmdb_or_imdb,
1494265,no_wikidata_item_by_tmdb_or_imdb,
1494423,no_wikidata_item_by_tmdb_or_imdb,
1495694,no_wikidata_item_by_tmdb_or_imdb,
1496147,no_wikidata_item_by_tmdb_or_imdb,
1497017,no_wikidata_item_by_tmdb_or_imdb,
1497328,no_wikidata_item_by_tmdb_or_imdb,
1497495,no_wikidata_item_by_tmdb_or_imdb,
1497687,no_wikidata_item_by_tmdb_or_imdb,
1502076,no_wikidata_item_by_tmdb_or_imdb,
1503327,no_wikidata_item_by_tmdb_or_imdb,
1504268,no_wikidata_item_by_tmdb_or_imdb,
1507445,no_wikidata_item_by_tmdb_or_imdb,
1508394,no_wikidata_item_by_tmdb_or_imdb,
1510168,no_wikidata_item_by_tmdb_or_imdb,
1511207,no_wikidata_item_by_tmdb_or_imdb,
1511789,no_wikidata_item_by_tmdb_or_imdb,
1512129,no_wikidata_item_by_tmdb_or_imdb,
1512623,no_wikidata_item_by_tmdb_or_imdb,
1513001,no_wikidata_item_by_tmdb_or_imdb,
1513797,no_wikidata_item_by_tmdb_or_imdb,
1514803,no_wikidata_item_by_tmdb_or_imdb,
1515120,no_wikidata_item_by_tmdb_or_imdb,
1515185,no_wikidata_item_by_tmdb_or_imdb,
1515509,no_wikidata_item_by_tmdb_or_imdb,
1515787,no_wikidata_item_by_tmdb_or_imdb,
1516527,no_wikidata_item_by_tmdb_or_imdb,
1518121,no_wikidata_item_by_tmdb_or_imdb,
1519168,no_wikidata_item_by_tmdb_or_imdb,
1519486,no_wikidata_item_by_tmdb_or_imdb,
1520531,no_wikidata_item_by_tmdb_or_imdb,
1522496,no_wikidata_item_by_tmdb_or_imdb,
1522547,no_wikidata_item_by_tmdb_or_imdb,
1523596,no_wikidata_item_by_tmdb_or_imdb,
1523662,no_wikidata_item_by_tmdb_or_imdb,
1524561,no_wikidata_item_by_tmdb_or_imdb,
1526789,no_wikidata_item_by_tmdb_or_imdb,
1528196,no_wikidata_item_by_tmdb_or_imdb,
1529476,no_wikidata_item_by_tmdb_or_imdb,
1530102,no_wikidata_item_by_tmdb_or_imdb,
1530486,no_wikidata_item_by_tmdb_or_imdb,
1531924,no_wikidata_item_by_tmdb_or_imdb,
1549519,no_wikidata_item_by_tmdb_or_imdb,
1551538,no_wikidata_item_by_tmdb_or_imdb,
1552473,no_wikidata_item_by_tmdb_or_imdb,
1555112,no_wikidata_item_by_tmdb_or_imdb,
1556279,no_wikidata_item_by_tmdb_or_imdb,
1556324,no_wikidata_item_by_tmdb_or_imdb,
1564939,no_wikidata_item_by_tmdb_or_imdb,
1578018,no_wikidata_item_by_tmdb_or_imdb,
1588846,no_wikidata_item_by_tmdb_or_imdb,
1589891,no_wikidata_item_by_tmdb_or_imdb,
1590097,no_wikidata_item_by_tmdb_or_imdb,
1591822,no_wikidata_item_by_tmdb_or_imdb,
1592947,no_wikidata_item_by_tmdb_or_imdb,
1597646,no_wikidata_item_by_tmdb_or_imdb,
1599090,no_wikidata_item_by_tmdb_or_imdb,
1600028,no_wikidata_item_by_tmdb_or_imdb,
1601195,no_wikidata_item_by_tmdb_or_imdb,
1601797,no_wikidata_item_by_tmdb_or_imdb,
1610413,no_wikidata_item_by_tmdb_or_imdb,
1611487,no_wikidata_item_by_tmdb_or_imdb,
1614061,no_wikidata_item_by_tmdb_or_imdb,
1614077,no_wikidata_item_by_tmdb_or_imdb,
1618945,no_wikidata_item_by_tmdb_or_imdb,
1627792,no_wikidata_item_by_tmdb_or_imdb,
1627796,no_wikidata_item_by_tmdb_or_imdb,
1630155,no_wikidata_item_by_tmdb_or_imdb,
