movie_id,wiki_title,status,plot
115,The Big Lebowski,ok,"In 1991,[11][12] slacker and bowler Jeffrey ""The Dude"" Lebowski, is attacked in his Los Angeles home by two enforcers for porn kingpin Jackie Treehorn, to whom a different Jeffrey Lebowski's wife owes money. One enforcer urinates on the Dude's rug before they realize they have the wrong man, and leave. After consulting his bowling partners, Walter Sobchak, a Vietnam veteran with PTSD, and Donny Kerabatsos, the Dude visits philanthropist Jeffrey Lebowski (""the big Lebowski""), who is paralyzed from the waist down and uses a wheelchair, requesting compensation for the rug. Lebowski refuses, but the Dude tricks his assistant Brandt into letting him take a similar rug from the mansion. Outside, he meets Lebowski's much younger trophy wife, Bunny, and her German nihilist friend, Uli. Soon afterward, Bunny is apparently kidnapped, and Lebowski hires the Dude to deliver a ransom. That night, another group of thugs ambushes the Dude, taking his replacement rug on behalf of Lebowski's daughter, Maude. Convinced the kidnap was a ruse by Bunny, Walter fakes the ransom drop. He and the Dude return to the bowling alley, leaving the briefcase of money in the Dude's car. While they are bowling, the car is stolen. The Dude is confronted by Lebowski, who has an envelope from the kidnappers containing a severed toe, supposedly Bunny's. Maude asks the Dude to help recover the money her father illegally withdrew from the family's charity foundation. The police recover the Dude's car. The briefcase is missing, but the Dude finds a sheet of homework, signed by a teenager named Larry Sellers. Walter learns that Larry is the son of Arthur Digby Sellers, a writer for the television show Branded, which Walter reveres. The Dude, Walter, and Donny visit Larry but get no information from him. An enraged Walter destroys a Corvette he thinks is Larry's with a crowbar, only to find out it belongs to a Mexican-American neighbor, who vandalizes the Dude's car in retaliation. Treehorn's thugs abduct the Dude and bring him to the porn kingpin, who demands to know where Bunny is. The Dude says Bunny faked her kidnapping and Larry has the money, then passes out from a spiked drink Treehorn gave him. He is briefly arrested while wandering intoxicated in Malibu. On his way home, Bunny, all of her toes intact, drives by, unnoticed by the Dude. Maude is waiting for the Dude at his home and has sex with him, wishing to become pregnant by a father with whom she will not have to interact. She tells the Dude that her father has no money of his own; he is dependent on an allowance that Maude gives him out of her inheritance from her late mother. The Dude and Walter confront Lebowski and find that Bunny has returned, having simply gone out of town. Bunny's nihilist friends took the opportunity to blackmail her husband, who in turn had tried to embezzle money from the family charity, blaming its disappearance on the blackmailers. The Dude believes the briefcase never contained any money. Angered by these revelations, Walter suspects that Lebowski is faking his paralysis and lifts him out of his wheelchair to prove it, but quickly discovers that his condition is real. Walter and the Dude are bowling when a rival bowler, Jesus Quintana, interrupts them. Walter had previously stated that he could not bowl on Saturdays since he is shomer Shabbos. Quintana implies that he does not believe Walter's excuse for not bowling on Saturday, threatens Walter and the Dude, and storms out. Outside the bowling alley, the nihilists set fire to the Dude's car and demand the ransom money. Walter fights them off, but Donny dies from a heart attack in the commotion. Unwilling to rent out an expensive receptacle at the funeral home, the Dude and Walter opt to put Donny's ashes in a coffee can instead. On a cliff overlooking the Pacific Ocean, Walter eulogizes Donny's death but ruins the moment by referring to his fallen comrades in Vietnam. As he scatters Donny's ashes, they are blown back onto the Dude by an updraft. As Walter tries to brush off the ashes, the Dude loses his temper and yells at him for everything that has happened. After Walter apologizes and consoles the Dude, the two go bowling. At the bowling alley, the Dude encounters the Stranger, the movie's narrator. Addressing the audience, the Stranger sums up the story, states that he remains inspired by the Dude, and reveals that Maude is pregnant with ""a little Lebowski on the way."""
284,The Apartment,ok,"Calvin Clifford or ""C.C."", a.k.a. ""Buddy Boy"", Baxter is a lonely office worker at Consolidated Insurance Company in New York City. To climb the corporate ladder, he allows four company managers to take turns borrowing his Upper West Side apartment for their extramarital affairs. Baxter meticulously juggles the ""booking"" schedule; the steady stream of women convinces his neighbors that he is a playboy. In a quid pro quo, the four managers submit glowing performance reviews of Baxter to personnel director Jeff Sheldrake, who grows suspicious of Baxter's popularity. Under Sheldrake's cynical questioning, Baxter confesses the arrangement with his apartment. Sheldrake implies that he will promote Baxter, provided that Sheldrake also gains use of the apartment for his own affair, starting that night. As compensation for this short notice, he gives Baxter two tickets to see The Music Man. Baxter asks Fran Kubelik, an elevator operator employee to whom he is attracted, to join him. She agrees to meet Baxter after dinner with a ""former fling"", who turns out to be Sheldrake. When Sheldrake tells her that he plans to divorce his wife to be with her, they head to Baxter's apartment, while Baxter is stood up at the theater. During the company's raucous Christmas Eve party, Sheldrake's secretary, Miss Olsen, tells Fran that her boss has had numerous affairs with female employees, including herself. Fran confronts Sheldrake at Baxter's apartment; he claims he loves her, gives her $100 as a Christmas present, which makes her feel ""paid"", and  heads back to his family in White Plains. Realizing that Fran is the woman Sheldrake has been taking to his apartment, Baxter lets himself be picked up by a married woman at a local bar. When they arrive at his apartment, Fran is passed out on his bed from an overdose of sleeping pills. He sends away the woman from the bar and enlists his neighbor, Dr. Dreyfuss, to revive Fran. To deflect questions and protect Sheldrake, Baxter implies that he was responsible for the incident; Dreyfuss scolds him for philandering and advises him to ""be a mensch."" Fran spends two days recuperating in Baxter's apartment, during which a bond develops between them, especially after he confesses to an earlier suicide attempt over unrequited love. Fran says that she has always suffered bad luck in her love life. As Baxter prepares a romantic dinner, one of the managers arrives for a tryst. Baxter persuades him and his companion to leave, but the manager recognizes Fran and later informs his colleagues. They are annoyed that they have not had the same ready access to the apartment since Baxter's promotion. When Fran's brother-in-law Karl shows up at the office looking for her, the managers send him to Baxter's apartment. Baxter deflects Karl's anger over Fran's wayward behavior by once again assuming all responsibility. Karl punches him, and as she leaves, Fran chides Baxter for taking the blame but kisses him for protecting her. When Sheldrake learns that Miss Olsen told Fran about his affairs, he fires her; she retaliates by spilling all to Sheldrake's wife, who promptly throws him out. Though complaining to Baxter that women expect affairs to lead to marriage, Sheldrake gives Fran insincere assurances, although she hints that she is losing interest. Having promoted Baxter to an even higher position, Sheldrake expects Baxter to resume lending the key to his apartment so he can take Fran there. Instead, Baxter gives back the key to the building's ""executive washroom"", proclaiming that he has decided to become a mensch, and quits the firm. He decides to move out of the apartment and begins to pack his belongings. That night at a New Year's Eve party, Sheldrake indignantly tells Fran about Baxter's quitting, disclosing that Baxter refused to let him use his apartment, particularly with Fran. She abandons Sheldrake and runs to the apartment. At the door, Fran hears an apparent gunshot, but Baxter opens the door holding a bottle of just-opened champagne. Baxter declares his love for Fran. As she prepares to resume a game of gin rummy that they had left unfinished earlier, she smiles, hands him the cards and says, ""Shut up and deal""."
142,Brokeback Mountain,ok,"In Wyoming in 1963, Ennis Del Mar and Jack Twist are hired by the rancher Joe Aguirre to herd his sheep during the summer on Brokeback Mountain. Ennis and Jack gradually become close friends, and then have a sexual encounter after a night of drinking. At first they agree it was a one-time event, but they soon develop a long-term sexual and romantic relationship. At one point, Aguirre secretly observes them having an intimate moment. When their contract is cut short in August, Ennis and Jack have a brawl before parting ways. Ennis marries his longtime fiancée Alma Beers and they have two daughters. When Jack seeks work the following summer, Aguirre refuses him based on his relationship with Ennis. Jack then moves to Texas and meets the rodeo rider Lureen Newsome, the daughter of a wealthy businessman. They marry and have a son. After four years apart, Jack visits Ennis and they kiss, unaware that a stunned Alma is watching. Jack says he wants to create a life with Ennis, but Ennis refuses to abandon his family. Ennis is also haunted by a childhood memory of his father showing him the body of a man who was tortured and killed for suspected homosexuality. Ennis and Jack meet occasionally for trysts while their respective marriages deteriorate. Lureen abandons the rodeo and goes into business with her father, with Jack working in sales. Lureen's father dislikes Jack and belittles him in front of his family. After Ennis and Alma divorce in 1975, Jack drives to Wyoming and tells Ennis that they should live together, but Ennis refuses to move away from his children. Upset, Jack seeks solace with male prostitutes in Mexico. Alma takes custody of her and Ennis' children and marries the manager of the grocery store where she works. When Ennis is invited to Thanksgiving dinner with Alma and her new husband, Alma confronts Ennis about Jack. Ennis spars with Alma and then cuts off contact with her. Afterwards, Ennis has a brief romantic relationship with a waitress. Ennis and Jack go on a trip together, but Ennis says he cannot see Jack again for months due to work demands. The pair argue about their relationship, before Jack embraces a crying Ennis. A postcard Ennis sends to Jack is returned, stamped with, ""Deceased"". Ennis calls Jack's phone number and Lureen answers; she tells him that Jack died when a car tire exploded in his face. Ennis envisions a group of men beating Jack to death with a tire iron. Lureen says Jack requested that his ashes be scattered on Brokeback Mountain. Ennis visits Jack's parents, hoping to carry out his wish. However, Jack's father declares that Jack's ashes will be interred in the family plot. Jack's mother allows Ennis to visit Jack's old bedroom. Ennis weeps while holding one of Jack's shirts, which Jack's mother allows him to keep. Years later, an aging Ennis lives alone in a trailer. His adult daughter visits him and invites him to her wedding; Ennis hesitates, but then agrees to attend. His daughter forgets her jacket, and Ennis hangs it in the closet with Jack's shirt. Tacked to the closet door is a postcard of Brokeback Mountain. With tears in his eyes, Ennis stares at the mementos and says, ""Jack, I swear..."""
293660,Deadpool (film),ok,"The vigilante Deadpool, Wade Wilson, ambushes Ajax and his convoy on an expressway. Throughout the ambush, Wade shows the viewer the events leading to how he became Deadpool. After being dishonorably discharged from the Canadian special forces, Wade works as a freelance mercenary until he meets a sex worker named Vanessa. They become romantically involved, and a year later, she accepts his marriage proposal. Wade is later diagnosed with terminal cancer and is approached by a mysterious recruiter who offers him an experimental treatment that will heal his cancer. Wade leaves Vanessa so she will not have to watch him die. He is taken to a laboratory run by Ajax and Angel Dust, who injects him with a serum designed to awaken latent mutant genes in his body. They subject Wade to days of torture to trigger any mutation but to no avail. When Wade discovers Ajax's real name is Francis and mocks him for it, Ajax leaves Wade in a hypobaric chamber that periodically takes him to the verge of asphyxiation over a weekend. This activates a regenerative healing factor that counteracts Wade's cancer but leaves him severely disfigured with burn-like tumors all over his body. He escapes from the chamber and attacks Ajax but relents when told his condition can be cured. In the chaos, Ajax subdues Wade and leaves him for dead. Wade survives due to his new healing factor and seeks out Vanessa but does not reveal that he is alive out of fear that she will shun him because of his new scarred appearance. After consulting with his best friend Weasel, Wade decides to hunt down Ajax for the cure. He becomes a vigilante, adopting the name ""Deadpool"" (from Weasel picking him in a dead pool), and moves into the home of an elderly blind woman named Al. Throughout the following year, he questions and kills many of Ajax's associates until one, the recruiter, reveals Ajax's whereabouts. This information allows Wade to enact the ambush. He kills all of Ajax's henchmen, subdues Ajax, and demands the cure, but the X-Men Colossus and his trainee Negasonic Teenage Warhead interrupt him. Colossus attempts to convince Wade to mend his ways and join the X-Men, but Wade turns him down. Taking advantage of this distraction, Ajax escapes and regroups with Angel Dust. They then head to Weasel's bar, where Ajax hears of Vanessa. Ajax kidnaps Vanessa and takes her to a decommissioned Helicarrier in a scrapyard. In response, Wade convinces Colossus and Negasonic to help him get her back. They battle Angel Dust and a group of Ajax's men while Wade fights his way to Ajax. During the battle, Negasonic accidentally destroys the supports keeping the Helicarrier stable. Deadpool protects Vanessa as the ship collapses around them, while Colossus carries Negasonic and Angel Dust to safety. Ajax attacks Wade again but is overpowered. He reveals that there is no cure, and despite Colossus's pleas, Wade kills Ajax. Vanessa angrily berates Wade for leaving her but reconciles with him after she sees his disfigured face and learns the reason why he never came back to her. In a post-credits scene, Wade imitates the post-credits scene of Ferris Bueller's Day Off, stating they only have enough money left to announce that Cable will show up in the sequel and making casting suggestions for the character.[a]"
154,Star Trek II: The Wrath of Khan,ok,"In 2285, Admiral James T. Kirk oversees a simulator session of Captain Spock's trainees. In the simulation, Lieutenant Saavik commands the starship USS Enterprise on a rescue mission to save the crew of the damaged ship Kobayashi Maru, but is attacked by Klingon cruisers and critically damaged. The simulation is a no-win scenario designed to test the character of Starfleet officers. Later, Dr. Leonard McCoy visits Kirk on his birthday; seeing Kirk in low spirits due to his age, the doctor advises Kirk to get a new command instead of growing old behind a desk. Meanwhile, the starship Reliant is on a mission to search for a lifeless planet to test the Genesis Device, a technology designed to reorganize dead matter into habitable worlds. Reliant's captain Clark Terrell and first officer Commander Pavel Chekov beam down to evaluate a planet they mistakenly believe to be Ceti Alpha VI. Once there, they are captured by the genetically-engineered tyrant Khan Noonien Singh, who explains that they are on Ceti Alpha V. Fifteen years prior, Kirk exiled Khan and his followers there after they attempted to take over Enterprise; six months later, Ceti Alpha VI exploded, shifting the orbit of Ceti Alpha V and turning it into a desert wasteland. The catastrophe killed many of Khan's followers, while others, including his wife, were killed by native parasitic Ceti eels. Khan implants Chekov and Terrell with eel larvae, rendering them susceptible to mind control, and uses the pair to capture Reliant. While Khan's lieutenant, Joachim, suggests abandoning his quest for revenge, Khan insists on killing Kirk. Learning of the Genesis Device, Khan attacks space station Regula I, where the device is being developed by Kirk's former lover, Dr. Carol Marcus, and their son, David. Kirk assumes command of Enterprise after the ship, deployed on a training cruise, receives a distress call from Regula I. En route, Enterprise is ambushed and crippled by Reliant. Khan offers to spare Kirk's crew if they relinquish all material related to Genesis; Kirk instead stalls for time and, taking advantage of Khan's unfamiliarity with starships, remotely lowers Reliant's shields, enabling a counter-attack. Khan is forced to retreat and effect repairs, while Enterprise limps to Regula I. Kirk, McCoy, and Saavik beam to the station and find Terrell and Chekov alive and Carol Marcus's team slaughtered. They find Carol and David hiding Genesis deep inside the nearby planetoid. Khan, having used Terrell and Chekov as spies, orders them to kill Kirk; Terrell resists the eel's influence and kills himself, while Chekov collapses as the eel leaves his body. Khan transports Genesis aboard Reliant, intending to maroon Kirk on the planetoid, but is tricked by Kirk and Spock's coded arrangements for a rendezvous. Kirk directs Enterprise into the nearby Mutara Nebula, successfully taunting Khan into following him; conditions inside the nebula render shields useless and compromise targeting systems, making Enterprise and Reliant evenly matched. Spock notes that Khan's tactics indicate inexperience in three-dimensional combat, which Kirk exploits to disable Reliant. Mortally wounded, Khan activates Genesis, quoting Captain Ahab as he dies. Kirk's crew detects the activation and attempts to move out of range, but with the ship's warp drive damaged, they cannot escape the nebula in time. Spock goes to the irradiated engine room to restore warp power. When McCoy tries to prevent Spock's entry, Spock incapacitates him with a Vulcan nerve pinch and performs a mind meld, telling him to ""remember"". Spock repairs the warp drive, and Enterprise jumps to warp, escaping the explosion, which forms a new planet. Before dying of radiation poisoning, Spock urges Kirk not to grieve, as his decision to sacrifice himself to save Enterprise was a logical one. Kirk and the ship's crew host a space burial for Spock, whose casket lands on the new Genesis planet.[5][6][7]"
103,Taxi Driver,ok,"In New York City, former Marine and Vietnam War veteran Travis Bickle takes a job as a night-shift taxi driver to cope with his chronic insomnia and loneliness, frequently visiting  adult movie theaters on his breaks, and keeping a diary in which he consciously attempts to include aphorisms such as ""you're only as healthy as you feel"". He becomes disgusted with the crime and urban decay that he witnesses regularly in the city and dreams about getting ""the scum off the streets"", recording these dreams in his diary. His narration throughout the film is largely conveyed through voice-over excerpts from his diary, which reveal his deteriorating mental state and deepening alienation from society. Travis becomes infatuated with Betsy, a campaign worker for Senator Charles Palantine, who is running for president. Travis enters the campaign office where she works and asks her to join him for coffee, to which she agrees. Betsy agrees to go on a second date with him, during which he takes her to an adult movie theater, which she leaves immediately. He attempts to reconcile with her, but fails. The rejection further deepens his isolation and contributes to his increasingly erratic behavior. Enraged, he storms into the campaign office where she works and berates her before being kicked out of the office. Experiencing an existential crisis and seeing various acts of prostitution throughout the city, Travis confides in a fellow taxi driver, nicknamed Wizard, about his violent thoughts. However, Wizard dismisses them and assures him that he will be fine. Despite this reassurance, Travis remains emotionally unmoored, unable to articulate the depth of his psychological distress. To find an outlet for his rage, Travis follows an intense physical training regimen. He gets in contact with black market gun dealer Easy Andy and buys four handguns. At home, Travis practices drawing his new weapons, going as far as creating a quick-draw firearm hidden in one of the sleeves in his coat. He begins attending Palantine's rallies to scope out his security. He also writes a threatening letter to Palantine, further indicating his intent to act against him. One night, Travis shoots a man attempting to rob a convenience store run by his friend, leaving before the cops arrive as the convenience store owner proceeds to beat the non-responsive robber. In his trips around the city, Travis regularly encounters Iris, a 12-year-old child prostitute. Tricking her pimp and abusive lover Sport into thinking that he wants to solicit her, Travis meets with her in private and tries to persuade her to stop prostituting herself. Travis shaves his hair into a mohawk and attends a public rally where he plans to assassinate Palantine. However, Secret Service agents see Travis putting his hand inside his jacket and approach him, which escalates to a chase. Travis escapes pursuit and makes it back to his home undetected. That evening, Travis drives to the brothel where Iris works to kill Sport. He enters the building and shoots Sport and one of Iris's clients, a mafioso. Travis is shot several times but manages to kill the two men. He fights with the bouncer, whom he manages to stab through the hand with his knife and kill with a gunshot to the head. Travis attempts to die by suicide, but has no bullets. Severely injured, he slumps on a couch next to a sobbing Iris. As the police respond to the scene, a delirious Travis mimics shooting himself in the head with his bloody finger. Travis goes into a coma due to his injuries, but he is hailed by the press as a heroic vigilante who saved Iris and is not prosecuted for the homicides. He also receives a handwritten letter from Iris's parents in Pittsburgh, who thank him for saving their daughter, revealing that she's safe and attending school once more. After recovering, Travis returns to work, where he encounters Betsy as a fare. Betsy tells him that she followed his story in the newspapers. Travis drops her off at her home but declines to take her money, driving off with a smile. He briefly becomes agitated after noticing something in his rearview mirror, but continues driving into the night."
251,Ghost (1990 film),ok,"Banker Sam Wheat and his artist girlfriend Molly Jensen move into a Tribeca loft with the help of Sam's best friend and co-worker Carl Bruner. One night, the couple is attacked on the street by a mugger, and though Sam appears to chase him away, he returns to a devastated Molly cradling his bloodied corpse and realizes he has died. A bright beam of light shines down on Sam, but he stays with Molly, and the light disappears. As a ghost, a despondent Sam remains by Molly's side. He is unable to interact with the physical world, and the other ghosts he encounters are unhelpful. Sometime later, the mugger breaks into Molly's apartment, but Sam drives him away by scaring her cat, which scratches his face. While pursuing the mugger, Sam is attacked by a hostile ghost on the subway train who can move physical objects. Sam follows the mugger back to his apartment, learning his name—Willie Lopez—and that he targeted Sam. Sam later encounters Oda Mae Brown, a charlatan psychic medium, but he realizes she can hear him. He harasses Oda Mae until she agrees to warn Molly that she is in danger. Molly refuses to believe Oda Mae's claims that Sam's ghost is warning her until Sam tells Oda Mae to say ""ditto""—his response whenever Molly said she loved him. Molly tells the police and Carl about Willie, but they dismiss the story and disclose Oda Mae's history of fraud, leaving Molly disheartened. Meanwhile, Sam follows Carl and learns that he hired Willie to rob Sam of his book of bank passwords. He needs them to launder $4 million in drug money through an account held by the fictional ""Rita Miller"" for his criminal partners. Carl breaks into Molly's apartment and steals Sam's book. He later attempts to seduce Molly until an enraged Sam inadvertently knocks over a picture frame. Sam returns to the subway and convinces the hostile ghost to teach him to reliably interact with the physical world by focusing his emotions. Sam visits Oda Mae, who has become popular with ghosts trying to contact the living, and sees another ghost possess Oda Mae but be exhausted by the effort. He convinces her to pose as Rita Miller to withdraw the drug money, which she reluctantly donates to charity. Molly sees the transaction occur during a visit to the bank. As Carl panics over the missing money, Sam uses his abilities to torment him. Carl visits Molly to discuss the haunting, and she unwittingly reveals that Oda Mae withdrew the money. While Molly is upstairs, Sam attacks Carl, who threatens to kill Molly if the money is not returned that night. Carl and Willie travel to confront Oda Mae, but Sam warns her to hide and then terrorizes Willie, causing him to run into the road and be struck by a car. Shadowy figures drag Willie's screaming ghost away. Oda Mae and Sam return to Molly's apartment, where Sam levitates a penny to convince Molly he is present. After Molly calls the police, Oda Mae allows Sam to possess her so he can dance with Molly. However, the possession leaves him weakened and unable to help when Carl breaks into the apartment. Carl takes Oda Mae and Molly hostage and demands the drug money, but Sam recovers in time to attack him. In a panic, Carl swings a suspended metal hook towards Sam and tries to escape through a window. However, the hook swings back and shatters the window pane, causing a large shard of glass to impale and kill him. Sam witnesses the shadowy figures dragging Carl's ghost away. As Sam checks on Molly and Oda Mae, the beam of light returns, allowing them both to see and hear him. Sam thanks Oda Mae for her help and kisses Molly, telling her he loves her. She responds, ""Ditto"", and Sam walks into the light."
601,E.T. the Extra-Terrestrial,ok,"A race of diminutive aliens visits Earth at night to gather plant specimens in a California forest. One of them separates from the group before U.S. government agents arrive. The aliens depart before the agents can find them, leaving their lone member behind. The creature takes shelter in a shed belonging to the family of ten-year-old Elliott Taylor. Initially scared by the creature, who runs away, Elliott spends the following day leaving a trail of Reese's Pieces to lure the alien back to the Taylors' home, where he hides it in his room. The following morning, Elliott feigns illness to stay home from school and play with the creature, whom he dubs E.T. Elliott introduces E.T. to his older brother Michael and five-year-old sister Gertie, who agree to keep E.T. hidden from their single mother, Mary. When the children ask about his origins, E.T. displays telekinetic abilities by levitating several balls to represent his planetary system and later revives a dead chrysanthemum and instantly heals a cut on Elliott's finger. As Elliott and the creature bond, they share thoughts and emotions. At school, Elliott becomes intoxicated because, at home, E.T. is drinking beer. Sensing E.T.'s desire to be rescued, Elliott frees the frogs about to be vivisected in his biology class and kisses a girl he likes because E.T. is watching John Wayne kiss Maureen O'Hara in The Quiet Man. Inspired by a Buck Rogers comic strip depicting the character calling for help with a communication device, E.T. builds a makeshift device to ""phone home"", using parts around the Taylor home. He also learns to speak English and requests the children's help to build the device. On Halloween, Elliott sneaks E.T. into the forest, where they set up the device to call E.T.'s people. Elliott begs E.T. to stay on Earth with him before falling asleep and waking alone in the forest the next day. Elliott returns home to his worried family while Michael searches for E.T., finding him pale and weakened in a culvert. Michael takes E.T. home, where Elliott is also growing weaker, and reveals the creature to their mother just before government agents invade and quarantine the house. The lead agent, Keys, asks for Elliott's help to save E.T. However, E.T. dies while Elliott rapidly recovers. Left alone to say goodbye, Elliott tells E.T. that he loves him. E.T.'s heart begins to glow, and he is revived and restored to health. E.T. tells Elliott that his people are returning for him. Elliott and Michael flee with E.T. in a government vehicle. They abandon the vehicle in a playground where they meet up with Michael’s friends who await on bikes with two extra bikes for Elliott and Michael. Together they all bike towards the forest, evading pursuing authorities who are rapidly closing in on them. Heading towards a roadblock, E.T. levitates the boys to safety and lands them in the forest. E.T.'s ship arrives, and he says goodbye to Michael and Gertie, who gifts him the chrysanthemum he previously revived. E.T. places his glowing finger on Elliott's head and tells him that he will always be there. The children, Mary, and Keys observe as the ship blasts off into space, leaving a rainbow in the sky."
1771,Captain America: The First Avenger,ok,"In the present day, scientists in the Arctic uncover an old aircraft with someone frozen inside and a circular shield. In March 1942, during World War II, Nazi lieutenant general and Hydra leader Johann Schmidt steals a mysterious relic called the Tesseract,[b] which possesses untold godly powers, from the town of Tønsberg in German-occupied Norway. In New York City, Steve Rogers is rejected for U.S. Army recruitment due to his small stature and poor health. While attending the Stark Expo, an event held by famous engineer Howard Stark, Rogers attempts to enlist again. Overhearing Rogers tell his best friend, James ""Bucky"" Barnes, that he wants to fight for his country, Dr. Abraham Erskine allows Rogers to enlist. He is recruited into the Strategic Scientific Reserve as part of a ""super-soldier"" experiment under Erskine, Stark, Colonel Chester Phillips, and British MI6 agent Peggy Carter. Phillips is not convinced by Erskine's claims that Rogers is the right person for the procedure until Rogers selflessly jumps on a grenade as part of a test. Erskine reveals to Rogers that he was a scientist under Schmidt, until the latter took a prototype version of the super-soldier formula that gave him superhuman strength but painfully changed his appearance. Schmidt and Dr. Arnim Zola harness the energies of the Tesseract to fuel Zola's inventions and Hydra's planned worldwide offensive. Schmidt discovers Erskine's location and sends an assassin, Heinz Kruger, to kill him. Erskine and Stark put Rogers through the super-soldier treatment, injecting him with the formula and dosing him with ""vita-rays"". After Rogers emerges from the experiment taller and more muscular, Kruger kills Erskine and flees with the last vial of the formula. Rogers pursues and captures Kruger, but the assassin avoids interrogation by killing himself with a cyanide capsule. The vial is destroyed during the chase. With Erskine dead and his formula lost, U.S. Senator Brandt has Rogers tour the nation as the mascot ""Captain America"" to promote war bonds while scientists study his blood and attempt to reverse-engineer the formula. In 1943, while on tour in Italy performing for active servicemen, Rogers learns that Barnes's unit is MIA following a battle against Schmidt's forces. Carter arranges for Stark to fly Rogers behind enemy lines to mount a rescue. Rogers infiltrates Schmidt's fortress, frees Barnes and the other prisoners, and confronts Schmidt. The latter escapes, but first he removes a mask to reveal his red, skull-like visage that has earned him the sobriquet ""Red Skull"". Rogers recruits Barnes and other freed prisoners to form the Howling Commandos. Stark outfits Rogers with an upgraded uniform and a circular shield made of a rare, nearly indestructible metal called vibranium. Rogers and his team sabotage various Hydra operations while he and Carter begin to fall in love. In 1945, the team assaults a train carrying Zola. They capture him, but Barnes falls from the train to his apparent death.[c] Using information extracted from Zola, the final Hydra stronghold is located, and Rogers leads an attack to stop Schmidt from using weapons of mass destruction on major American cities. Rogers climbs aboard Schmidt's super-bomber as it takes off. During the subsequent fight, the Tesseract is freed from its container, and Schmidt picks it up, opening a portal into space through which he is pulled. The Tesseract burns through the plane and falls into the ocean. Seeing no way to land the plane without risking its weapons detonating, Rogers radios Carter to say goodbye before crashing in the Arctic. After the war ends, Stark recovers the Tesseract from the ocean floor but is unable to locate the aircraft, and Rogers is presumed dead. Rogers awakens in a 1940s-style hospital room, which he grows suspicious of after hearing a radio broadcast of a 1941 baseball game that he remembers attending in person. He escapes from the room and finds himself in contemporary Times Square, where S.H.I.E.L.D. director Nick Fury informs him that he has been asleep for almost 70 years. In a post-credits scene, Fury approaches Rogers and proposes a mission with worldwide ramifications.[d]"
197,Braveheart,ok,"In 1280, English king Edward I, known as ""Longshanks"", conquers Scotland following the death of the Scots' king, who left no heir. Young William Wallace witnesses the aftermath of Longshanks' execution of several Scottish nobles, then loses his father and brother when they resist the English. He leaves home to be raised by his uncle, Argyle. Years later, Longshanks grants his noblemen land and privileges in Scotland, including jus primae noctis, while his son marries French princess Isabelle. Meanwhile, an adult Wallace returns home and secretly marries his childhood friend Murron MacClannough. Soon after, Wallace rescues Murron from a soldier's assault, but Murron is subsequently captured and executed. In retribution, Wallace and the locals overthrow the garrison, beginning a rebellion that soon spreads. Longshanks orders his son to stop Wallace while he campaigns in France. Wallace defeats an army sent by the prince at Stirling, then invades England by sacking York. He also meets Robert the Bruce, a contender for the Scottish crown. After returning to England, Longshanks sends Isabelle to negotiate with Wallace as a distraction from the movement of Longshanks' forces. Meeting Wallace, Isabelle becomes enamored with him and warns him of Longshanks' plans. Wallace faces Longshanks at Falkirk. During the battle, nobles Mornay and Lochlan withdraw, having been bribed by Longshanks, resulting in Wallace's army being overwhelmed. Wallace also discovers Robert the Bruce had joined Longshanks. After helping Wallace escape, Robert vows to not be on the wrong side again. Wallace kills Mornay and Lochlan for their betrayal and foils an assassination plot with Isabelle's help. Wallace and Isabelle spend the following night together, while Longshanks' health declines. At a meeting in Edinburgh, Wallace is captured. Realizing his father's role in Wallace's betrayal, Robert disowns his father. In England, Wallace is condemned to execution. After a final meeting with Wallace, Isabelle tells Longshanks, who can no longer speak, that his bloodline will end upon his death as she is pregnant with Wallace's child and will ensure that Longshanks' son spends as short a time as possible as monarch. At his execution, Wallace refuses to submit, even while being disemboweled. The magistrate encourages Wallace to seek mercy and be granted a quick death. Wallace instead shouts, ""Freedom!"", while Longshanks dies. Before being beheaded, Wallace sees a vision of Murron in the crowd. In 1314, Robert, now Scotland's king, faces the English at Bannockburn, and implores his men to fight with him as they did with Wallace. After Wallace's sword is thrown to land point-down in the ground, Robert leads the Scots to a final victory."
1726,Iron Man (2008 film),ok,"Tony Stark, who has inherited the defense contractor Stark Industries from his late father Howard Stark, tours in war-torn Afghanistan with his best friend and military liaison, James ""Rhodey"" Rhodes, to demonstrate the new ""Jericho"" missile. After the demonstration, his convoy is ambushed by a terrorist group, the Ten Rings, and Stark is gravely wounded by a missile used by the attackers—one of his company's own. He is captured and imprisoned in a cave by the Ten Rings. Yinsen, a fellow captive and doctor, implants an electromagnet into Stark's chest to keep the shrapnel shards that wounded him from reaching his heart and killing him. Ten Rings leader Raza offers Stark freedom in exchange for building a Jericho missile for the group, but he and Yinsen believe that Raza will not keep his word. Stark and Yinsen secretly build a small, powerful electric generator called an arc reactor to power Stark's electromagnet and construct a prototype armored suit to aid in their escape. Although they keep the suit hidden, the Ten Rings discover their intentions and attack the workshop. Yinsen sacrifices himself to divert them while the suit powers up. The armored Stark battles his way out of the cave to find the dying Yinsen, then burns the Ten Rings' weapons and flies away, crashing in the desert and destroying the suit. After being rescued by Rhodes, Stark returns home and announces that his company will cease manufacturing weapons. Obadiah Stane, his father's old partner and the company's manager, advises Stark that this will bankrupt Stark Industries and ruin his father's legacy. In his home workshop, Stark builds a sleeker, more powerful version of his improvised armor suit as well as a more powerful arc reactor for it and his chest after testing a prototype. Personal assistant Pepper Potts places the original reactor inside a small glass showcase. Though Stane requests details, a suspicious Stark decides to keep his work to himself. At a charity event, reporter Christine Everhart informs Stark that his company's weapons were recently delivered to the Ten Rings and are being used to attack Yinsen's home village. Stark dons his new armor and flies to Afghanistan, where he fends off the terrorists and saves the villagers. While flying home, Stark is intercepted by the Air Force and reveals his secret identity to Rhodes over the phone to end the attack. Meanwhile, the Ten Rings gather the pieces of Stark's prototype suit and meet with Stane, who has been trafficking arms to the Ten Rings and has staged a coup to replace Stark as Stark Industries' CEO by hiring the Ten Rings to kill him. He subdues Raza, has his group killed, and reverse-engineers a massive new armor suit from the wreckage. Seeking to track his company's illegal shipments, Stark sends Potts to hack into its database. She discovers that Stane hired the Ten Rings to kill Stark, but the group altered their plans when they realized they had a direct route to Stark's weapons. Potts meets with Agent Phil Coulson of S.H.I.E.L.D., an intelligence agency, to inform him of Stane's activities. Stane's scientists are unable to replicate Stark's miniaturized arc reactor, so Stane enters Stark's home, stuns Stark, and steals the one from his chest. Stark manages to replace it with his original reactor. Potts and several S.H.I.E.L.D. agents attempt to arrest Stane, but he dons his suit and overpowers them. Stark fights Stane but is outmatched without his new reactor to run his suit at full capacity. The fight carries Stark and Stane to the top of the Stark Industries building, where Stark instructs Potts to overload the large arc reactor powering the building. This unleashes a massive electrical surge that causes Stane to fall into the reactor, and he is killed in the explosion. The next day, at a press conference, Stark publicly admits to being the superhero the press has dubbed ""Iron Man"". In a post-credits scene, S.H.I.E.L.D. director Nick Fury visits Stark at his home, telling him that he has become part of a ""bigger universe"", and that he wants to discuss the ""Avenger Initiative""."
98,Gladiator (2000 film),ok,"In 180 AD, the Roman general Maximus Decimus Meridius intends to return home after he leads the Roman army to victory against Germanic tribes near Vindobona. Emperor Marcus Aurelius tells Maximus that his own son, Commodus, is unfit to rule and that he wishes Maximus to succeed him, as regent, to restore the Roman Republic. Angered by this decision, Commodus secretly assassinates his father. Commodus proclaims himself the new emperor and requests loyalty from Maximus, who refuses. Maximus is arrested by Praetorian Guards led by Quintus, who tells Maximus that he and his family will die. Maximus kills his captors and, wounded, rides for his home near Turgalium, where he finds his wife and son murdered. Maximus buries them, then collapses from his injuries. He is found by slave traders, who take him to Zuccabar and sell him to the gladiator trainer Proximo. Maximus fights in local tournaments, his combat skills helping him win matches and gain popularity. He earns the nickname ""the Spaniard"" and befriends Juba, a gladiator from Carthage, and Hagen, a gladiator from Germania. In Rome, Commodus organizes 150 days of gladiatorial games to commemorate his father and win the approval of the Roman public. Upon hearing this, Proximo reveals to Maximus that he was once a gladiator who was freed by Marcus Aurelius, and advises him to ""win the crowd"" to gain his freedom. Proximo takes his gladiators to fight in Rome's Colosseum. Disguised in a masked helmet, Maximus debuts in the arena as a Carthaginian in a re-enactment of the Battle of Zama. Unexpectedly, he leads his side to victory and wins the crowd's support. Commodus and his young nephew, Lucius, enter the Colosseum to offer their congratulations. Seeing Lucius, Maximus refrains from attacking Commodus, who orders him to reveal his identity. Maximus removes his helmet and declares he will seek vengeance on Commodus, who is compelled by the crowd to let Maximus live. That evening, Maximus is visited by Lucilla, his former lover and Commodus' sister. Distrusting her, Maximus refuses her help. Commodus arranges a duel between Maximus and Tigris of Gaul, an undefeated gladiator. Several tigers are set upon Maximus, but he prevails. At the crowd's desire, Commodus orders Maximus to kill Tigris, but Maximus spares his life in defiance. In response, the crowd chants ""Maximus the Merciful"", which angers Commodus. To provoke Maximus, Commodus taunts him about the murder of his family, but Maximus resists the urge to strike him. Increasingly paranoid, Commodus instructs his advisor, Falco, to have every senator followed, and refuses to have Maximus killed for fear he will become a martyr. Maximus discovers from Cicero, his ex-orderly, that his former legions remain loyal to him. He secretly meets with Lucilla and Gracchus, an influential senator. They agree to help Maximus escape from Rome to join his legions in Ostia, which will enable him to oust Commodus and hand power back to the Roman Senate. Soon after, the Praetorians arrest Gracchus. Lucilla meets Maximus at night to arrange his escape and they share a kiss. Lucius accidentally hints at the conspiracy, and Commodus threatens him and Lucilla. Commodus sends the Praetorians to attack the gladiators' barracks, and during the battle Proximo and his men sacrifice themselves to enable Maximus to flee. Maximus makes it to the rendezvous point with Cicero, but Commodus' soldiers kill Cicero and capture Maximus. Commodus demands that Lucilla provide him with an heir. He challenges Maximus to a duel in the Colosseum to win back public approval, and stabs him before the match to gain an advantage. Despite his injury, Maximus disarms Commodus during the duel. After Quintus and the Praetorians refuse to help Commodus, he unsheathes a hidden knife, but Maximus overpowers him and kills him. Before Maximus succumbs to his injuries, he asks for political reforms, the emancipation of his gladiator allies, and the reinstatement of Gracchus as a senator. As he dies, Maximus envisions reuniting with his wife and son in the afterlife. His friends and allies honor him as ""a soldier of Rome"" and carry his body out of the arena. That night, Juba visits the Colosseum and buries figurines of Maximus' wife and son at the spot where Maximus died."
77,Memento (film),ok,"The film opens with a sequence, played in reverse, where a man fatally shoots another in the head and takes a Polaroid photo of the dead man. The film continues as a non-linear narrative presented as an alternating series of black-and-white and color scenes. The black-and-white scenes begin with former insurance investigator Leonard Shelby in a motel room speaking to an unknown caller. As a result of an attack by two men, Leonard has anterograde amnesia and is unable to store recent memories. He explains that he killed the attacker who raped and strangled his wife Catherine, but a second clubbed him and escaped. The police did not accept that there was a second attacker, but Leonard believes the attacker's name is ""John G"" or ""James G"". Leonard investigates using an elaborate system of notes, Polaroid photos, and tattoos to keep track of the information he discovers. Leonard recalls Sammy Jankis, another anterograde amnesiac, from his insurance industry days. After tests demonstrated Sammy's inability to learn tasks through repetition, Leonard believed that his condition was at best psychological and denied his insurance claim. Sammy's distraught wife repeatedly asked Sammy to administer her insulin shots for her diabetes, hoping he would remember having given her a shot. However, Sammy administered each injection, giving her a fatal overdose. The color scenes are presented in reverse order. In the story's chronology, Leonard self-directively gets a tattoo of John G's license plate number. Finding a note in his clothes, he meets Natalie, a bartender who initially mistakes him for her boyfriend Jimmy Grantz, whom she expects to meet. After offering to help Leonard, she provokes him into assaulting her and exploits his condition by blaming her bruises on Jimmy's associate Dodd. She explains that Dodd has been aggressively pestering her for money that Jimmy took to a meeting he never returned from. Leonard volunteers to confront Dodd and Natalie provides him with Dodd's address. Dodd finds Leonard driving and questions him about his car, but Leonard escapes after Dodd attempts to shoot him. Leonard ambushes Dodd in the latter's hotel room and calls his contact Teddy, who help drives Dodd out of town at gunpoint. Teddy advises Leonard not to trust Natalie, but Leonard finds a note warning himself not to trust Teddy. Feeling pity for Leonard, Natalie returns his favor by running John G's license plate through a database and provides him with the driver's license for a John Edward Gammell, Teddy's full name. Confirming his information on ""John G"" and his warnings, Leonard drives Teddy to an abandoned warehouse, leading to the opening sequence where he fatally shoots him. In the final black-and-white scene, prompted by the caller, Leonard meets with Teddy, an undercover cop who has found ""John G"", Jimmy, and directs Leonard to the abandoned warehouse. When Jimmy arrives, Leonard strangles him and takes a Polaroid photo of the body. As the photo develops, the black-and-white transitions to the final (chronologically earliest) color scene. Leonard swaps clothes with Jimmy before hearing him whisper ""Sammy"". Suddenly doubting Jimmy's role in his wife's murder, Leonard confronts Teddy when the latter arrives. Teddy explains that he helped Leonard kill the real attacker a year ago, which Leonard has no memory of. Since then, Teddy has cyclically exploited Leonard's condition and search for ""John G"" to bust drug deals and profit off them. Teddy reveals that Leonard's wife survived the assault and was diabetic. It was actually Leonard who overdosed his wife, and he had repressed the memory into Sammy's story to escape his guilt. After hearing Teddy confess, Leonard burns the photograph of the dead Jimmy and the photo Teddy handed him that documented his successful revenge from a year ago. In a monologue, Leonard explains that he is willing to lie to himself to be happy and believe that his actions are meaningful. He targets Teddy, who revealed that he too has a ""John G"" name, by ordering a tattoo of Teddy's license plate number and writing a note that Teddy cannot be trusted. Leonard drives off in Jimmy's car to a tattoo parlor."
617,Wild Things (film),ok,"In the upscale Miami suburb of Blue Bay, handsome high school guidance counselor Sam Lombardo, who is known for his popularity among the female students as well as some of the older women in the area due to his sex appeal, holds a school assembly on sex crimes. Afterwards, popular and wealthy cheerleader Kelly Van Ryan accuses Lombardo of raping her; outcast student and juvenile delinquent Suzie Toller, who comes from a poor family in the Everglades, makes a similar accusation. Kelly's vindictive mother, real estate heiress Sandra, goes on a relentless crusade to take Sam down. Sam faces harassment, is placed on administrative leave, gets blacklisted from various local hot spots, is run off the road in his car, and is beaten by Sandra's pool boy, Frankie Condo, before being jailed. Sam hires attorney Kenneth Bowden to defend him. During the trial, Suzie succumbs to pressure during cross-examination and admits that she and Kelly concocted false allegations to get revenge on Sam. Suzie was seeking revenge for Sam's failure to bail her out of jail on a minor drug charge, and Kelly was retaliating out of jealousy for Sam's affair with her mother. Both girls face charges of perjury. Sam and Kenneth negotiate an $8.5 million settlement for defamation, which Sandra pays out using funds from a trust Kelly would receive only upon Sandra's death. In spite of the win, Sam loses his home and his job, but after the payout, it is revealed that Sam and the girls were accomplices, using the trial to extort money from Sandra. Police detective Ray Duquette suspects the trio of working a scam. Against the wishes of the district attorney, he continues investigating Sam. He tells Kelly and Suzie that Sam has already transferred the money to an off-shore account. Suzie panics and goes to Kelly, who comforts her. Kelly, however, calls Sam and tells him they may have to get rid of Suzie. Suzie attacks Kelly in the pool, and they fight, but end up having sex, unaware Ray is watching them. A few nights later, Sam bludgeons Suzie to death on the beach while Kelly waits nearby. The two then drive to the swamp, where Sam disposes of a plastic-wrapped body. Ray and his partner, Detective Gloria Perez, investigate Suzie's disappearance. Her blood and teeth are found at the beach, while her car is located abandoned at a bus terminal. The D.A.'s office again insists that Ray drop the case, but he asks Gloria to watch Sam. Sam shows Gloria his counseling file on Kelly, which suggests she is troubled and violent. Meanwhile, Ray goes to the Van Ryans' guest house to confront the scared and upset Kelly, but they end up shooting each other. Sandra rushes over as Ray stumbles out of the house with a gunshot wound to the shoulder, while Sandra discovers Kelly dead from two shots to the chest. Ray claims he was forced to shoot Kelly in self-defense. No charges are filed against him, but he is discharged from the force for disobeying orders. It is revealed that Sam is in cahoots with Ray. Although Sam is displeased that Ray killed Kelly instead of simply framing her for Suzie's murder, he agrees that they now have fewer loose ends to deal with. The two go sailing on Sam's boat, where Sam attempts to kill Ray. When Ray fights back, he is shot and killed with a speargun by Suzie, who staged her murder with Sam. Suzie reveals she was motivated to kill Ray to avenge the murder of her best friend, Davey, whom Ray wrongly shot, then staged as a self-defense killing. Sam reluctantly accepts a drink from Suzie, who assures him she will not double-cross him; however, upon drinking it, he realizes she has poisoned it before Suzie knocks him overboard and sails into the sunset, leaving Sam's body to float in the ocean. In the Everglades, Gloria learns the truth about Duquette’s corruption and his crimes. Suzie was the ultimate mastermind of the plot. Upon finding out that Sam and Kelly were in a sexual relationship, Suzie blackmailed Sam with photographs of the two using drugs during sex, convincing him to help with her scheme. Suzie subsequently orchestrated the meeting between Sam and Ray at a local bar. During her staged murder on the beach, Suzie pulled out her own teeth with pliers to make her death appear legitimate. Ray shot Kelly first before shooting himself in the shoulder to pretend he killed her in self-defense. With Kelly, Ray, and Sam all dead, Suzie is met by Kenneth, who gives her a briefcase full of cash that he describes as ""just walking-around money"" and a check for millions of dollars. As she leaves, he tells her to ""be good"" before taking her drink."
302,Swimming Pool (2003 film),ok,"Sarah Morton, a middle-aged English mystery author based in London, who has written a successful series of detective novels, is experiencing writer's block that is impeding her next book. Her publisher, John Bosload, offers her his country house near Lacoste, France, for some rest and relaxation. Sarah takes him up on the offer, hinting that she hopes John may visit. After settling into the spacious, sun-filled house and meeting the groundskeeper, Marcel, Sarah finds her quietude disrupted by a young woman claiming to be John's daughter, Julie. She arrives late one night explaining that she is taking time off from work herself. She eventually tells Sarah that her mother used to be John's mistress, but that he would not leave his family. Julie's sex life consists of one-night stands with various men, and a competition of personalities develops between the two women. At first, Sarah regards Julie as a distraction from her writing. She uses earplugs to sleep during Julie's noisy sexual encounters, but develops a voyeuristic fascination with them, abandoning the earplugs during one of Julie's trysts. Sarah sneaks into Julie's room and steals her diary, using it in the novel she is working on. The competition comes to the fore when a local waiter, Franck, is involved. Julie is attracted to him, but he appears to prefer the more mature Sarah, having struck up a relationship with her during her frequent lunches at the bistro. An unexpected tragedy occurs after a night of flirting among the three. After swimming together in the pool, Franck refuses to allow Julie to continue performing oral sex on him once Sarah, who is watching them from the balcony, throws a rock into the water. Franck tells Julie he is leaving. The next day, Franck is missing. While investigating Franck's disappearance, Sarah is told that Julie's mother died years earlier, though Julie had spoken of her mother as if she were alive. She returns to the villa, where a confused Julie thinks Sarah is her mother and has a breakdown. Julie eventually recovers and confesses that Franck is dead after she repeatedly hit him over the head with a rock as he tried to leave her at the pool. His body is in one of the sheds. When Marcel becomes suspicious of the mound of fresh soil where Sarah and Julie have buried Franck's body, Sarah seduces him to distract him. Julie leaves, thanking Sarah for her help and leaving her the manuscript of an unpublished novel she claims her mother wrote, which she had previously said John made her mother burn. Sarah uses the mother's manuscript in her novel. Sarah returns to London and visits John at his publishing office with her new novel, titled Swimming Pool, which she anticipated he would reject, so she had it printed by another publisher. His daughter, Julia, arrives just as Sarah is leaving, but is revealed to be a different person from the girl who came to John's house in France."
288,High Noon,ok,"In Hadleyville, a small town in New Mexico Territory, Marshal Will Kane, newly married to Amy Fowler, prepares to retire. The happy couple will soon depart to raise a family and run a store in another town. However, word arrives that Frank Miller, a vicious outlaw whom Kane sent to prison, has been released and will arrive by the noon train, one day ahead of the new marshal. Frank threatened revenge on Kane and the judge at his sentencing. Miller's gang—his younger brother Ben, Jack Colby, and Jim Pierce—wait at the station. Amy, a devout Quaker and pacifist, urges Kane to leave town, but Kane refuses, knowing that Miller would still pursue him. Amy decides to leave on the noon train with or without her husband. Kane visits old friends and allies, but none can or will help. Judge Percy Mettrick, who sentenced Miller, flees and urges Kane to do the same. Harvey Pell, Kane's young deputy, is bitter that Kane did not recommend him as his successor; he says he will stand with Kane only if Kane ""puts the word in"" for him with the city fathers. When Kane refuses, Pell turns in his badge and pistol. Kane's efforts to round up a posse at Ramírez's saloon and the church are met with fear and hostility. Some townspeople, worried that a gunfight would damage the town's reputation, urge Kane to avoid the confrontation. Some are Miller's friends, but others resent Kane for cleaning up the town in the first place. Others believe that Kane's fight is not the town's responsibility. Sam Fuller hides in his house, forcing his wife, Mildred, to tell Kane he is not home. Jimmy offers to help, but he is blind in one eye, sweating, and unsteady. The pastor of the local church, whose service was interrupted by Kane seeking help from the parishioners, is of no aid. Neither are some apparently willing volunteers, after the mayor encourages Kane to leave town. Martin Howe, Kane's predecessor, is too old and arthritic. Herb Baker agrees to be deputized, but backs out when he realizes he is the only volunteer. One last offer of help comes from 14-year-old Johnny. Kane admires his courage but refuses his aid. While waiting at the hotel for the train, Amy confronts Helen Ramírez, who was once Miller's lover, then Kane's, then Pell's. Amy believes the reason Kane refuses to leave town is that he wants to protect Helen, but Helen reveals there is no lingering attachment on Kane's part, and she, too, is leaving. When Helen questions why Amy will not stay with Kane, Amy explains that both her brother and father were gunned down by criminals, a tragedy that converted her to Quakerism. Helen nonetheless chides Amy for not standing by her husband in his hour of need, saying that if she were in Amy's place, she would take up a gun and fight alongside Kane. Pell saddles a horse and tries to persuade Kane to take it. They end up in a fist fight. After knocking Pell senseless, Kane returns to his office to write out his will. As the clock ticks toward noon, Kane goes into the street to face Miller and his gang. Amy and Helen ride by on a wagon, bound for the train. The train arrives, and Miller steps off as the two ladies board. Kane walks down the deserted main street alone. He manages to kill Frank Miller's brother, Ben, in the opening salvo. Just before the train departs, Amy hears the gunfire and runs back to town. Kane takes refuge in a stable, and Colby is killed when he comes in after him. Miller sets fire to the stable to flush him out. Kane frees the horses and tries to escape on one, only to be shot off and cornered. Despite her religious beliefs, Amy picks up Pell's pistol and shoots Pierce from behind, leaving only Frank Miller, who grabs Amy as a human shield to force Kane into the open. When Amy claws Miller's face, he pushes her to the ground, and Kane shoots him dead. The couple embraces. As the townspeople emerge, Kane smiles at Johnny, but looks angrily at the rest of the crowd. He drops his marshal's star to the street and departs with Amy. The townspeople look on in stunned silence."
271110,Captain America: Civil War,ok,"In 1991, the brainwashed super-soldier James ""Bucky"" Barnes is dispatched from a Hydra base in Siberia to intercept an automobile carrying a case of super-soldier serum. In the present day, approximately one year after Ultron is defeated by the Avengers in the nation of Sokovia,[a] Steve Rogers, Natasha Romanoff, Sam Wilson, and Wanda Maximoff stop Brock Rumlow from stealing a biological weapon from a lab in Lagos. Rumlow blows himself up, attempting to kill Rogers. Maximoff telekinetically diverts the explosion, accidentally destroying a nearby building and killing several Wakandan humanitarian workers in the process. Thaddeus Ross, the U.S. Secretary of State,  informs the Avengers that the United Nations (UN) is preparing to pass the Sokovia Accords, which will establish a UN panel to oversee and control the team. The Avengers are divided: Tony Stark supports oversight because of his role in Ultron's creation and Sokovia's devastation, while Rogers has more faith in his own judgment than that of politicians. Meanwhile, Helmut Zemo tracks down and kills Barnes's old Hydra handler, stealing a book containing the trigger words that activate Barnes's brainwashing. At a UN conference in Vienna where the Accords are to be ratified, a bomb kills King T'Chaka of Wakanda. Security footage indicates the bomber is Barnes, whom T'Chaka's son, T'Challa, vows to kill. Informed by Sharon Carter of Barnes's whereabouts and the authorities' intentions to kill him, Rogers decides to try to bring in Barnes—his childhood friend and war comrade—himself. Rogers and Wilson track Barnes to Bucharest and attempt to protect him from T'Challa and the authorities, but all four, including T'Challa, are apprehended by the Bucharest police and James Rhodes. Impersonating a psychiatrist sent to interview Barnes, Zemo recites the words to activate Barnes's brainwashing. He questions Barnes, then sends him on a rampage to cover his own escape. Rogers stops Barnes and sneaks him away. When Barnes regains his senses, he explains that Zemo is the real Vienna bomber and wanted the location of the Siberian Hydra base, where other brainwashed ""Winter Soldiers"" are kept in cryogenic stasis. Unwilling to wait for authorization to apprehend Zemo, Rogers and Wilson go rogue, and recruit Maximoff, Clint Barton, and Scott Lang to their cause. With Ross's permission, Stark assembles a team composed of Romanoff, T'Challa, Rhodes, Vision, and Peter Parker to capture the renegades. Stark's team intercepts Rogers's group at Leipzig/Halle Airport, where they fight until Romanoff allows Rogers and Barnes to escape.  As Rogers and Barnes are escaping, Rhodes is inadvertently shot down by Vision, and becomes partially paralyzed. The rest of Rogers's team is captured and detained at the Raft prison, and Romanoff goes into exile. Stark discovers evidence that Barnes was framed by Zemo and convinces Wilson to give him Rogers's destination. Without informing Ross, Stark goes to the Siberian Hydra facility and strikes a truce with Rogers and Barnes, unaware that they were secretly followed by T'Challa. They find that the other super-soldiers have been killed by Zemo, who then shows them footage that reveals that the automobile Barnes had intercepted in 1991 contained Stark's parents, whom Barnes subsequently killed. Enraged that Rogers kept this from him, Stark turns on them both, leading to an intense fight, in which Stark destroys Barnes's robotic arm, and Rogers disables Stark's armor. Rogers departs with Barnes, leaving his shield behind. Satisfied that he has avenged his family's deaths in Sokovia from the Avengers' actions by successfully fracturing them, Zemo attempts suicide, but he is stopped by T'Challa and taken to the authorities. In the aftermath, Stark provides Rhodes with exoskeletal leg braces that allow him to walk again, while Rogers breaks his allies out of the Raft. In a mid-credits scene, Barnes, granted asylum in Wakanda, chooses to return to cryogenic sleep until a cure for his brainwashing is found. In a post-credits scene, Parker explores the features of the web shooters built for him by Stark."
284054,Black Panther (film),ok,"Thousands of years ago, five African tribes warred over a meteorite containing the metal vibranium. One warrior ingests a ""heart-shaped herb"" affected by the metal and gains superhuman abilities, becoming the first ""Black Panther"". He unites all but the Jabari Tribe to form the nation of Wakanda. Over centuries, the Wakandans use vibranium to develop advanced technologies and isolate themselves from the world by posing as an underdeveloped country. In 1992, Wakandan king T'Chaka visits his brother N'Jobu, who is working undercover in Oakland, California. T'Chaka accuses N'Jobu of assisting black-market arms dealer Ulysses Klaue with stealing vibranium from Wakanda. N'Jobu's partner reveals he is Zuri, another undercover Wakandan, and confirms T'Chaka's suspicions. In the present day, following T'Chaka's death,[a] his son T'Challa returns to Wakanda to assume the throne. He and Okoye, leader of the Dora Milaje, extract T'Challa's ex-lover Nakia from an undercover assignment so she can attend his coronation ceremony with his mother Ramonda and younger sister Shuri. At the ceremony, the Jabari Tribe's leader M'Baku challenges T'Challa for the crown in ritual combat without the benefit of the heart-shaped herb. T'Challa defeats M'Baku, and persuades him to yield rather than die. When Klaue and his accomplice Erik Stevens steal a Wakandan artifact from a London museum, T'Challa's friend and Okoye's husband W'Kabi urges him to bring Klaue back alive. T'Challa, Okoye, and Nakia travel to Busan, South Korea, where Klaue plans to sell the artifact to CIA agent Everett K. Ross. A firefight erupts, and Klaue attempts to flee but is caught by T'Challa, who reluctantly releases him to Ross's custody. Klaue tells Ross that Wakanda's international image is a front for a technologically advanced civilization. When Erik attacks to extract Klaue, Ross is gravely injured protecting Nakia. Rather than pursue Klaue, T'Challa takes Ross to Wakanda, where their technology can save him. While Shuri tends to Ross, T'Challa confronts Zuri about N'Jobu, since Erik wore a necklace that belonged to him. Zuri explains that N'Jobu had become disillusioned with Wakanda's isolationism and planned to share Wakanda's technology with people of African descent to help them overcome their oppressors, with Klaue's assistance. Before T'Chaka could apprehend N'Jobu, N'Jobu attacked Zuri, forcing T'Chaka to kill him. T'Chaka instructed Zuri to claim that N'Jobu had vanished and to leave behind N'Jobu's American son, N'Jadaka, to uphold the story. This boy grew up to become Erik, a U.S. black ops Navy SEAL who took on the nickname ""Killmonger"". Meanwhile, Killmonger kills Klaue and brings his body to Wakanda. He is presented before the tribal elders, revealing himself as N'Jadaka and asserting his claim to the throne. Killmonger challenges T'Challa to ritual combat, severely injures him, and kills Zuri, while T'Challa is presumed dead after Killmonger throws him over a waterfall. Killmonger ingests the heart-shaped herb and orders the rest to be incinerated, but Nakia manages to extract one. Killmonger, backed by W'Kabi and his army, prepares to distribute shipments of Wakandan weapons to operatives worldwide. Nakia, Shuri, Ramonda, and Ross flee to the Jabari Tribe for aid. They find a comatose T'Challa, rescued by the Jabari as repayment for sparing M'Baku's life. Healed by Nakia's herb, T'Challa returns to fight Killmonger, who also dons a nanotech suit similar to T'Challa's. W'Kabi and his army fight Shuri, Nakia, and the Dora Milaje, while Ross remotely pilots a jet and shoots down the planes carrying vibranium weapons before they can leave Wakanda. M'Baku and the Jabari arrive to reinforce T'Challa. Confronted by Okoye, W'Kabi and his army stand down. Fighting in Wakanda's vibranium mine, T'Challa disrupts Killmonger's suit and stabs him. Killmonger refuses to be healed, choosing to die as a free man rather than be incarcerated; T'Challa shows him the Wakanda sunset, and Killmonger dies peacefully. T'Challa establishes an outreach center at the building where N'Jobu died, to be run by Nakia and Shuri. In a mid-credits scene, T'Challa appears before the United Nations to reveal Wakanda's true nature to the world. In a post-credits scene, Shuri helps Bucky Barnes with his rehabilitation."
299534,Avengers: Endgame,ok,"In 2018, 23 days after Thanos erased half of all life in the universe,[a] Carol Danvers rescues Tony Stark and Nebula from deep space. They reunite with the remaining Avengers—Bruce Banner, Steve Rogers, Thor, Natasha Romanoff, and James Rhodes—and Rocket on Earth. Finding Thanos on an uninhabited planet, they plan to use the Infinity Stones to reverse his actions but learn that Thanos has destroyed them. Enraged, Thor decapitates Thanos. Five years later, Scott Lang escapes from the Quantum Realm.[b] Reaching the Avengers Compound, he informs Rogers and Romanoff that he experienced only five hours while trapped. Theorizing that the Quantum Realm allows time travel, they ask a reluctant Stark to help them retrieve the Stones from the past to reverse Thanos's present actions. Stark, Rocket, and Banner, who has merged his intelligence with the Hulk's strength, build a time machine. Banner theorizes that altering the past will not affect the present, since any changes will create alternate realities. Banner and Rocket travel to Norway, where they visit the Asgardian refugee settlement of New Asgard and recruit an overweight, despondent Thor. In Tokyo, Romanoff recruits Clint Barton, who became a vigilante after his family was erased. Banner, Lang, Rogers, and Stark time-travel to New York City during Loki's attack in 2012.[c] At the Sanctum Sanctorum, Banner convinces the Ancient One to give him the Time Stone after promising to return the Infinity Stones to their proper points in time. At Stark Tower, Rogers retrieves the Mind Stone from Hydra sleeper agents, but Stark and Lang's attempt to steal the Space Stone fails, allowing 2012-Loki to escape with it. Rogers and Stark travel to Camp Lehigh in 1970, where Stark obtains an earlier version of the Space Stone and encounters his father, Howard. Rogers steals Pym Particles from Hank Pym to return to the present, and sees his lost love, Peggy Carter. Rocket and Thor travel to Asgard in 2013.[d] Rocket extracts the Reality Stone from Jane Foster, while Thor is encouraged by his mother, Frigga, and retrieves his old hammer, Mjolnir. Barton, Romanoff, Nebula, and Rhodes travel to 2014. Nebula and Rhodes go to Morag and steal the Power Stone before Peter Quill can,[e] while Barton and Romanoff travel to Vormir. The Soul Stone's keeper, Red Skull, says that it can be acquired only by sacrificing a loved one. Romanoff sacrifices herself, allowing Barton to get the Stone. Rhodes and Nebula attempt to return to their own time, but Nebula is incapacitated when her cybernetic implants link with her past self, allowing 2014-Thanos to learn about his future self's success and the Avengers' attempt to undo it. 2014-Thanos captures Nebula and sends 2014-Nebula forward in time to prepare for his arrival. Reuniting in the present, the Avengers place the Stones in a gauntlet that Stark, Banner, and Rocket have built. Banner, who has the most resistance to radiation, uses the gauntlet to undo Thanos's disintegrations. Meanwhile, 2014-Nebula (impersonating her future self) uses the time machine to transport 2014-Thanos and his warship to the present, where he destroys the Avengers Compound. Present-day Nebula convinces 2014-Gamora to betray Thanos, but is unable to convince 2014-Nebula and kills her. Thanos overpowers Stark, Thor, and a Mjolnir-wielding Rogers. He summons his army to retrieve the Stones, intent on using them to destroy the universe and create a new one. A restored Stephen Strange arrives with other sorcerers, the restored Avengers, the Guardians of the Galaxy, the Ravagers, and the armies of Wakanda and Asgard to fight Thanos's army.[f] Danvers also arrives and destroys Thanos's warship, but Thanos overpowers her and seizes the gauntlet. Stark steals the Stones and uses them to disintegrate Thanos and his army, sacrificing himself. After Stark's funeral, Thor appoints Valkyrie as the new king of New Asgard and joins the Guardians. Rogers returns the Stones and Mjolnir to their proper timelines and remains in the past to live with Carter. In the present, an elderly Rogers passes his shield to Sam Wilson."
162,Edward Scissorhands,ok,"One snowy evening, an elderly woman tells her granddaughter the story of a young man named Edward, who has scissor blades for hands. Many years earlier, Peg Boggs, a door-to-door Avon saleswoman, drives to the decrepit Gothic mansion where Edward lives, perched on a hill overlooking Peg's stereotypically pastel suburban neighborhood. The creation of an old inventor, Edward is an ageless humanoid. The inventor homeschooled Edward but died from a heart attack before giving Edward hands. Peg offers to take Edward to her home. She introduces Edward to her husband, Bill, their young son, Kevin, and their teenage daughter, Kim. Edward falls in love with Kim. As their neighbors are curious about the houseguest, the Boggses throw a neighborhood barbecue welcoming him. Most of the neighbors are fascinated by Edward and befriend him, except for the eccentric religious fanatic Esmeralda and Kim's supercilious boyfriend, Jim. Edward repays the neighborhood for their kindness by trimming their hedges into topiaries, progressing to grooming dogs and later styling the hair of the neighborhood women. One of the neighbors, Joyce, offers to help Edward open a hair salon. While scouting a location, Joyce attempts to seduce Edward but scares him away. Joyce claims that Edward raped her, reducing their trust in him. Edward's dream of opening the salon is ruined when the bank refuses him a loan. Jealous of Kim's attraction to Edward, Jim takes advantage of his naivety by asking him to pick the lock on Jim's parents' home so he can steal his father's electronic goods and sell them to buy a van. When Edward picks the lock and enters the house, a burglar alarm is triggered and Edward is trapped inside. Jim flees and Edward is arrested. The police determine that a lifetime of isolation has left Edward without any common sense or morality; thus, he cannot be criminally charged. Edward nevertheless takes responsibility for the robbery, telling Kim that he did it because she asked him to. He is shunned by the entire neighborhood except for the Boggs family. At Christmas, Edward carves an ice sculpture modeled after Kim; the ice shavings fall like snow, something that has never happened before in the town. Kim dances in the snowfall. Jim arrives, calling out to Edward, surprising him and causing him to accidentally cut Kim's hand. Jim accuses Edward of intentionally harming her, but Kim, fed up with Jim's jealous behavior, breaks up with him as Edward flees. Kim's parents go to find Edward while she stays behind in case he returns. Edward returns, finding Kim there. She asks him to hold her and arranges his scissor hands so they can embrace. Jim's drunken friend drives to Kim's house and nearly runs over Kevin, but Edward pushes Kevin to safety while inadvertently cutting him. Witnesses accuse Edward of attacking Kevin. When Jim assaults him, Edward defends himself and injures Jim's arm before fleeing back to the inventor's mansion. Kim goes to find Edward. Jim obtains a gun, follows her, and shoots at Edward before grabbing a fire poker and beating him. Edward refuses to fight back until he sees Jim strike Kim as she attempts to intervene. Enraged, Edward stabs Jim in the stomach and pushes him from a window of the mansion to his death. Kim confesses her love to Edward and kisses him as they accept that their love can never be fulfilled. As the neighbors gather, Kim convinces them that Jim and Edward killed each other. The elderly woman, revealing herself to be Kim, finishes telling her granddaughter the story and says that she never saw Edward again, hoping that by staying away he would remember her as she was in her youth. She believes he is still alive because it would not be snowing without him. Edward is then seen carving ice sculptures of his experiences with Kim, with shavings of ice floating down from the mansion as snow in the wind. The elderly Kim concludes, ""Sometimes you can still catch me dancing in it."""
476,Drugstore Cowboy,ok,"In 1971 Portland, Oregon, 26-year-old Bob Hughes leads a nomadic group of drug addicts—his wife Dianne, his best friend Rick, and Rick's teenage girlfriend Nadine—who travel across the Pacific Northwest robbing pharmacies and hospitals to support their habits. After stealing from a neighborhood pharmacy, they drive home to get high, and are visited by David, a local low-life seeking hard-to-find Dilaudid. Bob claims they have none, but offers to trade him morphine for speed. Initially reluctant, David is persuaded to trade and leaves. Later, police officers led by Detective Gentry, who correctly assumes the group is responsible for the pharmacy robbery, raid and wreck their apartment in an unsuccessful search for the stolen drugs, which Dianne has buried outside. After moving to another apartment, Bob realizes that Gentry has the group under surveillance. Bob proceeds to devise an elaborate ruse which results in one of the policemen, Trousinski, being mistaken for a peeper by a neighbor who shoots and injures him. The next day, a furious Gentry assaults Bob. Believing a hex has been brought upon them, the group goes ""crossroading"" and robs a drugstore via an open transom. They find their haul includes vials of pure powdered Dilaudid worth thousands of dollars each. Declaring that ""when you're hot, you're hot"", Bob convinces Dianne that he should rob a hospital. During the robbery, Bob is almost captured, and the group returns to their motel to find Nadine has fatally overdosed on a stolen bottle of Dilaudid. According to Bob, she has also put ""the worst of all hexes"" on them by leaving a hat on her bed. After temporarily storing Nadine's body in the motel's attic, they are alerted by the motel manager that their room was previously booked for a sheriffs' convention, and they must check out. Bob, suffering tremendous anxiety and stress-induced visions of handcuffs and prison, sneaks the body out of the motel in a garment bag. Before burying Nadine in the woods, Bob tells Dianne that he is going to get clean and begin a 21-day methadone treatment program. Shocked by Bob's decision, Dianne refuses to join him. Bob moves into a long-stay motel in Portland and gets a low-level manufacturing job. At the methadone clinic, he encounters an elderly, drug-addicted priest named Tom, whom Bob remembers from his days as an altar boy. Gentry pays a visit to the motel and says that Trousinski has been making threats against Bob, whom Gentry encourages staying sober. Bob later witnesses David bullying a young man who supposedly owes him money. Bob intervenes and lets the man escape, much to David's frustration. One night, Dianne arrives at the motel and reveals that she is now in a relationship with Rick, the group's new leader. Dianne asks Bob what happened on the road to make him change his life, and he answers that Nadine's death, the hex she put on them, and the possibility of serious prison time contributed to his decision. He reveals a deal he made with a higher power: if he could get Nadine's body out of the motel, past the cops, and into the ground, he would straighten out his life. Bob suggests Dianne stay the night with him, but she declines, and gives Bob a package of drugs before leaving. Bob gives the drugs to Tom (who rejects all of them except for a bottle of Dilaudid). Returning to his room, Bob is attacked by two masked figures, one of whom is David, who thinks he has drugs. Bob tells them that he is clean, but David does not believe this and shoots him. A neighbor phones for help, and Bob is loaded onto a stretcher. Asked who shot him, Bob tells Gentry it was ""the hat"". While riding in the ambulance, Bob concludes via a voice-over that he has ""paid his debt to the hat"" and so can return to his former lifestyle without breaking his commitment. He is amused by the perceived irony of the police driving him to a hospital — ""the fattest pharmacy in town""."
163,Ocean's Twelve,ok,"Terry Benedict locates all eleven members of Danny Ocean's crew, demanding they return the $160 million they stole from his casinos plus $38 million in interest. He gives them a two-week deadline to return the money, under the threat that he will have them arrested or killed. Short by half the amount, the group schemes to stage a heist in Amsterdam to avoid problems with U.S. authorities. Saul decides not to participate since he is too old for another grand heist. They are tipped off by an informant named Matsui about the location of the first stock certificate ever issued. After a complex series of schemes, they find the document has already been stolen by master thief the ""Night Fox"". Europol detective Isabel Lahiri is called in to investigate the theft and realizes that she gave Rusty the idea of how to solve a complication of the heist with a description of a similar burglary during their earlier relationship. Surprising the group at their accommodation, she warns them they cannot beat the Night Fox or his mentor, the mysterious master thief ""Gaspar LeMarc"",[2] both of whom excel in the ""long con"", and steals Rusty's phone. She has been hunting both for years. Danny and his crew discover that the Night Fox is François Toulour, a wealthy French baron and gentleman thief with a villa on Lake Como. Danny goes to the villa and steals Toulour's paintings. Confronting Toulour, Ocean learns that Toulour exposed their identities to Benedict (breaking the code of silence among thieves) and hired Matsui to inform the crew about the stock certificate so as to meet with Danny. Toulour is outraged when LeMarc suggested Danny may be a better thief than him, so he challenges him to steal the Imperial Coronation Fabergé egg. If Danny and his crew win, he will pay off their debt to Benedict. The crew begin to plan an elaborate heist to swap the egg for a holographic recreation, but Toulour gives the camera recordings from his villa to Lahiri, who deduces that they want to steal the egg through an intercepted phone call to Rusty. She then captures most of the crew except Linus, Basher, Turk, and Saul. Linus comes up with a second plan involving Danny's wife, Tess, posing as a pregnant Julia Roberts in order to get close to the egg and swap it. They are foiled by Lahiri and a coincidentally present Bruce Willis, and the rest of the group members are captured. Lahiri is told that they are to be extradited to the U.S., while Linus is chosen first to be interrogated by the FBI agent assigned to collect them. The agent is actually Linus's mother, who organizes the release of the whole gang. She points out to Lahiri that she will face consequences for forging a signature on a Europol form to obtain the necessary arrest warrants for Ocean's gang. Sometime later, Danny and Tess return to Toulour's villa, where Toulour expresses glee at their failure. He explains that he stole the egg at night using his agility and dancing skills to evade the museum's heavy security. Toulour's celebration is short-lived when Danny reveals that his group stole the real egg while it was in transit to the museum, and Toulour realizes they were tipped off by LeMarc. A flashback reveals that Danny and Rusty had met LeMarc earlier when he revealed his confidence trick intended to humiliate Toulour and, at the same time, restore to himself the Fabergé egg that he had stolen years ago but returned following his wife's wishes. Toulour is forced to admit that Danny won the bet and gives him the money for the debt to Benedict. Rusty takes Lahiri to a safe house that he claims has been lent to him by LeMarc. There, she is reunited with her father, who is revealed to be the man she has been pursuing for years: LeMarc. Reuben meets with Benedict to give him the check to pay back the crew's debt. As Reuben promises that none of them will perform any more heists in Benedict's casinos, Toulour is seen in the background spying on them."
134,"O Brother, Where Art Thou?",ok,"In the summer of 1937, three convicts – Pete, Delmar, and Everett – escape from a Mississippi chain gang to retrieve a buried treasure hidden by Everett before the area is flooded to make a lake. The three are assisted by a blind man driving a handcar on a railroad, who prophetically tells them they will find a different fortune than the one they seek. The trio then travels to Pete's cousin, Wash, who breaks off their shackles, feeds them, and allows them to sleep in his barn. While they are sleeping, Wash reports them to Sheriff Cooley, who torches the barn with his men. Wash's son helps the trio escape. Pete and Delmar get baptized in a river the next day, but Everett refuses to join them. The group then picks up Tommy Johnson, a young black man who claims that he sold his soul to the devil in exchange for the ability to play the guitar. In need of money, the four stop at a radio station, where they record a rendition of ""Man of Constant Sorrow"" as the ""Soggy Bottom Boys"". That night, the trio parts ways with Tommy after their car is discovered by the police. They then briefly fall in with outlaw George ""Baby Face"" Nelson, who has been robbing banks and killing cows, but after becoming depressed, George gives the trio his cash and walks off. Unbeknownst to the trio, their radio recording becomes a major hit. Near a river, the group hears singing and finds three women washing clothes. The women give them corn whiskey and they lose consciousness. Upon waking, Delmar finds Pete's clothes lying next to him, empty except for a toad. Delmar is convinced the women were sirens who transformed Pete into a frog, and so takes the frog with them. Later, one-eyed Bible salesman Big Dan invites them for a picnic lunch, then mugs the men and kills the toad. On their way to Everett's hometown, Everett and Delmar glimpse Pete working on a chain gang. They arrive in town in the midst of a campaign rally for Homer Stokes, the challenger in the upcoming gubernatorial election. Everett confronts his wife Penny, who told their daughters that he was hit by a train. He gets into a fight with Vernon, her new suitor and Stokes' campaign manager. While recovering at a movie theater, Everett and Delmar encounter a group of prisoners including Pete, who warns them that an ambush has been set up at the treasure site. That night, they sneak into Pete's holding cell and free him. Pete confesses that he gave up the treasure's location to the police under torture, but Everett then confesses that he made up the treasure to convince the men he was chained with to escape with him, so that he could stop his wife from getting remarried. Pete, enraged, fights with Everett until the trio stumble into a Ku Klux Klan rally, presided over by Homer Stokes as its Grand Wizard, and find that the Klan has captured Tommy to lynch him. The trio disguise themselves as Klansmen and attempt to rescue Tommy, but they are unmasked by Big Dan. Chaos ensues as the trio rush Tommy away and cut the supports of a large burning cross, which falls on Big Dan. Everett persuades Pete, Delmar, and Tommy to help him win his wife back. Disguised as hillbilly musicians, they sneak into a Stokes campaign gala dinner that she is attending and perform ""Man of Constant Sorrow"", unaware that the Soggy Bottom Boys are famous. The crowd is electrified, but Stokes recognizes them from the KKK rally and interrupts the performance. When he demands the group be arrested and reveals his white supremacist views, the crowd runs him out of town on a rail. Pappy O'Daniel, the incumbent governor, seizes the opportunity to endorse the Soggy Bottom Boys, grant them full pardons, and hire them as his ""brain trust"". Penny agrees to remarry Everett as long as he finds her original ring. The group then encounters an exuberant George Nelson as he is paraded through town by a mob on his way to be executed. The next morning, the group arrives at Everett's cabin in the valley, which Everett had previously claimed was the location of the treasure. They are ambushed by Sheriff Cooley and his deputies, who have been lying in wait. Dismissing their claims that they had received pardons, Cooley orders their hanging. As Everett prays to God, the valley is flooded,[g] killing the officers and saving the group, who survive by floating on top of their own coffins. Tommy finds a ring in the flotsam and they return to town, but when Everett presents the ring to Penny, she claims it is not hers and firmly insists that she will not marry Everett without the original ring. As Everett belligerently pursues her, the blind handcar driver passes by on the railroad tracks."
95,Armageddon (1998 film),ok,"A massive meteor shower destroys the orbiting Space Shuttle Atlantis before entering the atmosphere and extensively damaging New York City. The meteors were pushed out of the asteroid belt by a collision from a rogue asteroid the size of Texas and NASA learns it will impact Earth in 18 days, wiping out all life on the planet. NASA devises a plan to drill a deep hole into the asteroid, into which they will insert and detonate a nuclear bomb to split it into two pieces that will each pass to one side of Earth. They recruit Harry Stamper, a third-generation oil driller and owner of an oil drilling company, who agrees to help but on the condition that he bring in his own team to do the drilling. He picks his best employees for the job: Chick Chapple, his best friend and right-hand man; geologists Rockhound and Oscar Choice; and drillers Bear Curlene, Max Lennert, Freddie Noonan, and A. J. Frost, who has been dating Harry's daughter Grace despite Harry's objections. Over twelve days, they are trained to become astronauts with astronaut Willie Sharp, who will pilot Freedom, one of the two super shuttles to fly to the asteroid, the other being the Independence. Before leaving, Chick apologizes to his ex-wife for wronging her and sees his son, who is unaware of his parentage, and Grace accepts A.J.'s marriage proposal, much to Harry's reluctant dismay; she later has her father promise to return home safe and with her fiancé. Following the destruction of Shanghai by another meteor strike, word of the asteroid becomes public to the world. Both shuttles take off without incident and dock with a Russian space station to take on fuel, but a broken pipeline sets the fuel pod ablaze. A.J. and Roscosmos cosmonaut Lev Andropov narrowly manage to board Independence before the space station is obliterated. Approaching the asteroid, Independence is damaged by debris and crashes, killing Oscar, Freddie, and the rest of the crew. The survivors—Lev, Bear and A.J., embark in the shuttle's mobile driller ""Armadillo"" to find the Freedom crew, which landed 26 miles (42 km) from its intended landing/drilling site. When the drilling goes slower than predicted, Sharp reports to Mission Control that it is unlikely they will reach the depth necessary to split the asteroid before ""Zero Barrier"", the point after which splitting the rock will not prevent the pieces from hitting and destroying Earth. The president of the United States decides to remotely detonate the bomb from Earth immediately, not understanding this will cause total mission failure. Sharp and Harry have a vicious argument, but agree to defuse the bomb and work together after Harry promises Sharp that he will accomplish the mission. They make up on lost drilling time, but a missed gas pocket causes their Armadillo and Max to be blown into space. Just as Harry, NASA, and the world believe the mission to be a failure, and another meteor destroys Paris, A.J. and the others arrive in the second Armadillo. A.J. successfully finishes the drilling, but a rock storm kills munitions officer Gruber and damages the bomb's remote detonator, forcing someone to stay behind and manually detonate it. They draw straws; A.J. is given the responsibility. Harry takes him down to the asteroid's surface, only to disconnect A.J.'s air hose and force him back into the shuttle's air lock, before telling A.J. that he is the son Harry never had, and he would be proud to have him marry Grace. From within the Armadillo, Harry tearfully gives Grace his blessing to marry A.J., and Grace says she is proud to be his daughter. After overcoming a malfunction, Freedom takes off and just before Zero Barrier, Harry manages to detonate the bomb and saves the planet, sacrificing his life in the process. The astronauts land on Earth safely. A.J. and Grace are reunited, and Chick reconciles with his ex-wife and estranged son. During the credits, A.J. and Grace are married, with the portraits of Harry, Oscar, Max and Freddie present in memoriam."
99861,Avengers: Age of Ultron,ok,"In the Eastern European country of Sokovia, the Avengers—Tony Stark, Thor, Bruce Banner, Steve Rogers, Natasha Romanoff, and Clint Barton—raid a Hydra facility commanded by Baron Wolfgang von Strucker, who has experimented on humans using the scepter previously wielded by Loki. They are attacked by two of Strucker's test subjects, twins who have been given superhuman abilities: Pietro (superspeed) and Wanda Maximoff (telepathy and telekinesis). The Avengers apprehend Strucker and retrieve Loki's scepter. Stark and Banner discover an artificial intelligence (AI) within the scepter's gem and secretly use it to complete Stark's ""Ultron"" global defense program. The unexpectedly sentient Ultron, believing he must eradicate humanity to save Earth, eliminates Stark's AI J.A.R.V.I.S. and attacks the Avengers at their headquarters. Escaping with the scepter, Ultron uses the resources in Strucker's Sokovia base to upgrade his rudimentary body and build an army of robot drones. He kills Strucker and recruits the Maximoffs, who hold Stark responsible for the deaths of their parents by his company's weapons. The trio go to the base of arms dealer Ulysses Klaue in Johannesburg to get vibranium. The Avengers attack them there and are subdued by haunting visions created by Wanda. Banner turns into the Hulk and rampages through Johannesburg until Stark stops him with his anti-Hulk armor.[a] A worldwide backlash over the Hulk's destruction, and the fears Wanda's hallucinations incited, send the team into hiding at Barton's farmhouse with his family. Thor departs to consult with Dr. Erik Selvig on the apocalyptic future he saw in his hallucination, while Nick Fury arrives and encourages the team to form a plan to stop Ultron. In Seoul, Ultron uses Loki's scepter to enslave the team's friend Helen Cho. They use her synthetic-tissue technology, vibranium, and the scepter's gem to craft a new body. As Ultron uploads himself into it, Wanda reads his mind and discovers his plan for human extinction; the Maximoffs turn against Ultron. Rogers, Romanoff, and Barton fight Ultron and retrieve the synthetic body, but Ultron captures Romanoff. Stark and Banner upload J.A.R.V.I.S., who has been secretly active inside the Internet to hide from Ultron, into the synthetic body. The Avengers fight among themselves over the decision to upload J.A.R.V.I.S. until Thor returns and helps activate the body. He explains that the scepter's gem is part of his vision, related to the powerful six Infinity Stones, from which the new being gets the name ""Vision"". He earns their trust by being worthy of lifting Thor's hammer, Mjölnir. Vision and the Maximoffs go with the Avengers to Sokovia, where Ultron has used the remaining vibranium to build a machine to lift a large part of the capital city into the sky, intending to crash it into the ground to cause global extinction. Banner rescues Romanoff, who awakens the Hulk for the battle. The Avengers fight Ultron's army while Fury arrives in a Helicarrier with Maria Hill, James Rhodes, and S.H.I.E.L.D. agents to evacuate civilians. Pietro dies when he shields Barton from gunfire, and a vengeful Wanda abandons her post to destroy Ultron's primary body. This allows one of his drones to activate the machine, causing the city to plummet. Stark and Thor overload the machine and shatter the landmass. The Hulk, unwilling to endanger Romanoff by being with her, departs in a Quinjet. Vision confronts and destroys Ultron's last remaining drone. After the Avengers establish a new base, Thor returns to Asgard to learn more about his vision. As Stark leaves and Barton retires, Rogers and Romanoff prepare to train new Avengers: Rhodes, Vision, Sam Wilson, and Wanda. In a mid-credits scene, Thanos dons a metallic gauntlet[b] and vows to retrieve the Infinity Stones himself."
122,The Lord of the Rings: The Return of the King,ok,"The hobbit Déagol discovers the One Ring in a river while fishing with his cousin Sméagol. The Ring immediately ensnares Sméagol's mind, and he kills his cousin for it. Corrupted physically and mentally, he retreats into caves below the Misty Mountains and becomes known as Gollum. Centuries later, during the War of the Ring, Gandalf leads Aragorn, Legolas, Gimli, and King Théoden of Rohan to Isengard, where they reunite with Merry and Pippin. Gandalf retrieves Saruman's palantír, and the group returns to Edoras to celebrate their victory at Helm's Deep.[a] Pippin looks into the palantír, seeing Sauron and a burning tree. Gandalf deduces that the enemy plans to attack Gondor's capital Minas Tirith; he rides there with Pippin to warn Gondor's corrupt steward, Denethor. On Gandalf's instruction, Pippin triggers the lighting of the beacons to call for help from Rohan. Frodo, who carries the Ring, and Sam continue their journey towards Mordor, unaware that Gollum, now their guide, plans to betray them and take the Ring for himself. The trio witness the Witch-king of Angmar, lord of the nine Nazgûl, setting off towards Gondor with his army of Orcs. Gollum frames Sam for eating food supplies and desiring the Ring; Frodo is deceived and orders Sam to go home. As Théoden gathers his army, Elrond tells Aragorn that Arwen is dying, having refused to leave Middle-earth. Elrond gives Aragorn Andúril, reforged from the shards of King Elendil's sword Narsil, and urges him to claim Gondor's throne, to which he is heir. Aragorn travels the Paths of the Dead with Legolas and Gimli and pledges to release the ghosts there from their curse should they come to Gondor's aid. Gollum tricks Frodo into the giant spider Shelob's lair alone. Frodo narrowly escapes and confronts Gollum, who falls down a chasm after a scuffle. Shelob discovers, paralyses, and binds Frodo but is wounded and driven away by a returning Sam. Sam mourns Frodo's apparent death and takes the Ring to finish the quest himself, but then realises his mistake when Orcs take Frodo captive. He rescues Frodo within Mordor, and the two continue towards Mount Doom. Denethor sends his younger son, Faramir, on a suicide charge. Faramir returns gravely wounded; believing him dead, Denethor falls into madness. Gandalf marshals the defenders, but the enormous Orc army breaks into the city. Denethor attempts to burn himself and Faramir on a pyre, but Pippin alerts Gandalf, and they rescue Faramir; Denethor, set ablaze, jumps to his death. Théoden arrives and leads his army against the Orcs. Despite initial success in the ensuing battle, they are repulsed by the Oliphaunt-riding Haradrim, and the Witch-king of Angmar mortally wounds Théoden; his niece Éowyn, disguised in male clothing, slays the Witch-king with Merry's help, before Théoden dies in her arms. Aragorn arrives with his Army of the Dead, who overcome Sauron's forces. Their oath fulfilled, the Dead are released from their curse. Aragorn marches on Mordor to distract Sauron from Frodo and Sam's journey to Mount Doom, drawing all remaining forces to confront him. Gollum, having survived his fall, pursues Frodo and Sam, but Sam holds him back as Frodo enters the mountain. Frodo succumbs to the Ring's power and puts it on, but Gollum bites off his finger and reclaims the Ring, leading to a struggle before they tumble off the ledge. Sam saves Frodo while Gollum falls into the lava with the Ring, destroying it and Sauron forever. The lands of Mordor collapse, annihilating the Orc army. Frodo and Sam narrowly escape the erupting Mount Doom, before Gandalf and the eagles rescue them. The surviving Fellowship members reunite in Minas Tirith. Aragorn is crowned King of Gondor and marries Arwen; everyone bows to the hobbits. The hobbits return to the Shire, where Sam marries Rosie Cotton. Four years later, Frodo, still suffering from trauma and a wound inflicted by the Witch-king,[b] leaves Middle-earth for the Undying Lands with Bilbo, Gandalf, and the remaining Elves. He gives Sam the Red Book of Westmarch, detailing their adventures, bids farewell to Sam, Merry, and Pippin, and departs. A saddened Sam then returns home to his wife and two children."
319,True Romance,ok,"At a Detroit theater showing kung fu films, Alabama Whitman strikes up a conversation with Elvis Presley fanatic Clarence Worley. They later have sex at his downtown apartment. Alabama tearfully confesses that she is a call girl hired by Clarence's boss as a birthday present but has fallen in love with him. The two get married the next day at City Hall. An apparition of Elvis convinces Clarence to kill Alabama's abusive pimp, Drexl Spivey. Going to the brothel where Alabama worked, he shoots and kills Drexl and takes a bag he assumes contains Alabama's belongings. Back at the apartment, he and Alabama discover it contains a large amount of cocaine that Drexl had stolen from two drug pushers that he had murdered. The couple ask Clarence's estranged father Clifford, a retired police officer, for help. He tells Clarence the police assume Drexl's murder is a gang killing committed in revenge for the slain dealers. After the couple leave for Los Angeles, Clifford is interrogated by Vincenzo Coccotti, consigliere to mobster ""Blue Lou Boyle"", who had hired Drexl to steal and distribute the cocaine on his behalf. He reveals that the mob knows about Clarence's theft since they found his driver's license near Drexl's body. Clifford, realizing he will die anyway, mockingly defies Coccotti, who shoots him dead. One of his men then finds a Los Angeles address taped to Clifford's refrigerator. In Los Angeles, Clarence and Alabama meet Clarence's aspiring actor friend, Dick Ritchie, who introduces him to actor and production assistant Elliot Blitzer. He reluctantly agrees to broker the sale of the drugs to his boss, film producer Lee Donowitz. While Clarence is out buying lunch, Coccotti's enforcer Virgil finds Alabama in their motel room and beats her for information. Alabama fights back, stabbing him with a corkscrew, putting nail polish remover in his eyes and using hairspray to set fire to Virgil's face before grabbing his sawed-off shotgun and shooting him to death in a maniacal rage. Clarence tends to Alabama's wounds, and they discuss their future together. Elliot is pulled over for speeding and gets charged when the prostitute he is with hits him with a bag of cocaine and spills it on him. To stay out of jail, he agrees to wear a wire and record the drug deal between Clarence and Donowitz for police detectives Dimes and Nicholson. Coccotti's men learn where the deal will take place from Dick's stoner roommate Floyd. Clarence, Alabama, Dick, and Elliot go to Donowitz's suite at the Ambassador Hotel with the drugs. In the elevator, a suspicious Clarence threatens Elliot at gunpoint but is persuaded by Elliot's pleading for mercy. Clarence fabricates a story for Donowitz that the drugs were given to him by a corrupt police officer, and he agrees to the sale. Clarence goes to the bathroom, and the vision of Elvis reassures him that things are going well. Meanwhile, Donowitz and his bodyguards are ambushed by the police and the mobsters. Elliot reveals himself to be an informant by asking the officers if he can leave, whereupon a shootout erupts. Dick throws the suitcase of drugs into the air, where it gets shredded by gunfire, and flees. Donowitz, his bodyguards, Elliot, the officers, and the mobsters are all killed, and Clarence is wounded. He and Alabama flee with Donowitz's money to Mexico, where Alabama gives birth to a son, whom they name Elvis."
227,The Outsiders (film),ok,"In 1965 Tulsa, Oklahoma, Darry Curtis is left to raise his younger brothers, Sodapop and Ponyboy, after the deaths of their parents in a car crash eight months earlier. Youth subculture in the city is centered around two gangs — the affluent Socs and the poorer Greasers. One day, Ponyboy is jumped by the Socs after heading home from the movie theater, but is rescued by Darry and Sodapop, along with several of their friends. Darry chastises Ponyboy for walking home alone, and Sodapop later tells him that when Darry yells at him, that he means well, but Ponyboy dismisses this idea. The next day, Ponyboy and his friends Johnny Cade and Dallas Winston go to a movie at the local drive-in theater. There, Dallas unsuccessfully flirts with Soc Cherry Valance and leaves in a rage after she insults him by splashing him with Coca-Cola. Cherry invites Ponyboy and Johnny to sit with her and her friend Marcia, later joined by the gang's greaser friend Two-Bit Matthews. After the movie, the Socs' boyfriends, Bob Sheldon and Randy Anderson, take umbrage and confront them, prompting Two-Bit to pull his switchblade, so the girls leave with the Soc guys to avoid escalation. Ponyboy and Johnny walk to an abandoned lot to help Johnny avoid his parents' bickering and domestic violence. He confesses the hopelessness of his life and considers suicide. Ponyboy falls asleep, and Johnny wakes him a few hours later. Ponyboy rushes home, where Darry confronts him and slaps him. Ponyboy runs off to a local park with Johnny, where Bob, Randy, and three other Socs attack them. Johnny is beaten, and when Ponyboy is almost drowned in the park's fountain, Johnny fatally stabs Bob in self-defense. Ponyboy and Johnny find Dallas, who gives them money for food and a loaded firearm. They flee to Windrixville after hopping on a train and hide in an abandoned church, where they read Gone with the Wind aloud to pass the time, and Ponyboy recites ""Nothing Gold Can Stay"" to Johnny. Dallas visits, taking them to get a meal at Dairy Queen, saying that the rivalry between the Greasers and Socs has escalated due to Bob’s murder. He brings a note from Sodapop that urges Ponyboy to come home, as Cherry is willing to testify on their behalf. Johnny favors turning themselves in, but Dallas disagrees. Returning to the church, they discover that it is on fire with children trapped inside. Believing they may have caused the fire by being careless with their cigarettes, Ponyboy and Johnny rush inside to help. They rescue the children but suffer injuries. Johnny breaks his back when part of the structure collapses on him but he is rescued by Dallas. Ponyboy reunites with his brothers in the hospital and returns home. Their heroic deed makes the front page of the local paper. The next morning, Ponyboy falls ill and Two-Bit volunteers to care for him. Two-Bit and Ponyboy hitchhike towards the hospital, but duck into the Dairy Queen upon seeing Socs driving nearby. One of the Socs, Randy, peacefully talks to Ponyboy about an upcoming rumble to settle the Greaser–Soc rivalry. Ponyboy and Two-Bit visit Johnny and Dallas in the hospital. Ponyboy asks Two-Bit to buy another copy of Gone with the Wind at the hospital gift shop. Johnny's mother comes, but he refuses her visit. She takes out her ire on Ponyboy and Two-Bit, who decries her as a bad mother. Dallas encourages them to win the rumble for Johnny, and they do. Dallas then drives an injured Ponyboy to the hospital to see Johnny. Dallas tells him about the Greasers' victory, but Johnny is dismissive and dies after telling Ponyboy to ""stay gold"". A distraught Dallas robs a store, is pursued by the police, and he commits suicide by cop. In court, the judge exonerates Ponyboy for Bob's death as self-defense and places him in Darry's custody. Cherry sees Ponyboy and gives him a look of encouragement, but walks away in order to maintain her reputation. Ponyboy's English teacher offers him a passing grade if he writes a quality essay, but Ponyboy is uninspired. Darry and Ponyboy get into a fight about the essay, causing Sodapop to run out of the house. The brothers later meet up in the park, with Sodapop pleading with them not to fight anymore, as they only have each other left, to which Darry and Ponyboy agree. Ponyboy finds a letter from Johnny explaining how saving the children was worth him sacrificing his own life and advising Ponyboy to ""never change"". Johnny's letter inspires Ponyboy's essay, which begins, ""When I stepped out into the bright sunlight from the darkness of the movie house, I had only two things on my mind: Paul Newman and a ride home."", the book's opening line and the opening line of the movie’s narration."
335,Once Upon a Time in the West,ok,"A train arrives at the Old West town of Flagstone where a man with a harmonica (later dubbed ""Harmonica"") kills three men attempting to ambush him. Although Harmonica was expecting an outlaw named Frank, he concludes the men belonged to the outlaw Cheyenne's gang. Meanwhile, Frank and his gang murder Brett McBain and his three children as they prepare for a celebration at his ranch Sweetwater. Shortly after, a former prostitute arrives at Sweetwater and reveals she is Jill McBain, who had married McBain a month earlier in New Orleans. Frank leaves evidence at the murder scene implicating Cheyenne. Jill searches for a motive behind the murders. Railway tycoon Morton hired Frank to intimidate, not murder, McBain. McBain intended to profit by building a watering station on Sweetwater, knowing that the railroad from Flagstone would pass through his property. However, if the station was incomplete by the time the railroad reached Sweetwater, the property would revert to the railroad. McBain's murder puts Morton at odds with Frank, who desires the land for himself. Jill, as McBain's surviving widow, now owns Sweetwater. Harmonica encounters Cheyenne, now a fugitive, who denies his men tried to ambush him. Harmonica saves Jill from two of Frank's men and spies out the railway carriage where Morton (owing to his spinal tuberculosis) is confined on crutches. Harmonica discovers the connection between Frank and Morton but is captured. Frank is called away and Cheyenne rescues Harmonica. The two collaborate to help Jill save Sweetwater, using stockpiled materials to start building a station. After a threatening sexual encounter with Frank, Jill is forced to auction the land; however, Frank's henchmen intimidate bidders so Frank can buy it at a low price. Harmonica appears with Cheyenne in tow and bids $5,000, which is the bounty on Cheyenne as a wanted fugitive. Frank is unsuccessful in buying Harmonica out, and wonders why Harmonica is pursuing him. Morton bribes Frank's own men to kill him, but Harmonica intervenes to save Frank, due to having unfinished business with him. Cheyenne escapes custody, and he and his gang engage Frank's remaining men in a gunfight on Morton's train. Except for Cheyenne, who heads to Sweetwater, everyone is killed, including Morton. Upon seeing the aftermath of the fight, Frank rides to Sweetwater, where Harmonica is waiting. Cheyenne arrived earlier, but remains inside the ranch house with Jill. Outside, Harmonica and Frank engage in a showdown. Through a flashback, it is revealed that Frank had once prepared to hang a man, forcing his younger brother to support him on his shoulders while playing a harmonica. Eventually, the boy collapsed, dooming his brother. Now Harmonica, the boy grown up, beats Frank to the draw and, as Frank lies dying, he pushes the harmonica into Frank's mouth. After Harmonica and Cheyenne leave Sweetwater together, Cheyenne collapses and dies from a gunshot wound he received during the fight with Morton. Harmonica puts Cheyenne's body on his horse and rides off as Jill serves water to railroad workers."
289,Casablanca (film),ok,"In December 1941, American expatriate Rick Blaine owns a nightclub and gambling den in Casablanca, then in French Morocco. ""Rick's Café Américain"" attracts a varied clientele, including Vichy French and German officials, refugees desperate to reach the still-neutral United States, and those who prey on them. Although Rick professes to be neutral in all matters, he ran guns to Ethiopia in 1935 and fought on the Republican side in the Spanish Civil War. Petty crook Ugarte boasts to Rick of letters of transit obtained by murdering two German couriers. The papers allow the bearers to travel freely around German-occupied Europe and to neutral Portugal. Ugarte plans to sell them at the club and persuades Rick to hold them for him; however, Ugarte is arrested by the local police under Captain Louis Renault, the unabashedly corrupt prefect of police. Ugarte is killed while in custody without revealing that Rick has the letters. Then, the reason for Rick's cynical nature—former lover Ilsa Lund—enters his establishment. Spotting Sam, Rick's friend and house pianist, Ilsa asks him to play ""As Time Goes By"". Rick storms over, furious that Sam disobeyed his order to never perform that song again, and is stunned to see Ilsa. She is accompanied by her husband, Victor Laszlo, a renowned fugitive Czechoslovak Resistance leader. A flashback reveals Ilsa left Rick without explanation when the couple were planning to flee as the German army neared Paris in 1940, embittering Rick. Laszlo and Ilsa need the letters to escape, while German Major Strasser arrives in Casablanca to prevent that. When Laszlo makes inquiries, Signor Ferrari, an underworld figure and Rick's friendly business rival, divulges his suspicion that Rick has the letters. Laszlo returns to Rick's café that night and tries to buy them. Rick refuses to sell, telling Laszlo to ask his wife why. They are interrupted when Strasser leads a group of German officers in singing ""Die Wacht am Rhein"". Laszlo orders the house band to play ""La Marseillaise"", and Rick allows it. Patriotism grips the crowd and everyone joins in, drowning out the Germans. Afterwards, Strasser has Renault close the club on a flimsy pretext. Later, Ilsa confronts Rick in the deserted café; when he refuses to give her the letters, she threatens him with a gun but then confesses she still loves him. She explains that when they met and fell in love in Paris, she believed her husband had been killed while attempting to escape from a concentration camp. When she learned that Laszlo was alive and in hiding, she left Rick without explanation to nurse her sick husband. Rick's bitterness dissolves. He agrees to help, letting Ilsa believe she will stay with him, while Laszlo leaves Casablanca. When Laszlo unexpectedly shows up, having narrowly escaped a police raid on a Resistance meeting, Rick has waiter Carl spirit Ilsa away. Laszlo, aware of Rick's love for Ilsa, tries to persuade him to use the letters to take her to safety. When the police arrest Laszlo on a trumped-up charge, Rick persuades Renault to release him by promising to set Laszlo up for a much more serious crime: possession of the letters. To allay Renault's suspicions, Rick explains that he and Ilsa will use the letters to leave for America. When Renault tries to arrest Laszlo as arranged, however, Rick forces him at gunpoint to assist in their escape. At the last moment, Rick makes Ilsa board the plane to Lisbon with Laszlo, telling her that she would regret it if she stayed, ""Maybe not today, maybe not tomorrow, but soon and for the rest of your life."" Strasser, tipped off by Renault, drives up alone. Strasser attempts to stop the plane and then draws a gun on Rick; the latter shoots him dead. When policemen arrive, Renault pauses, then orders them to ""round up the usual suspects."" He suggests to Rick that they join the Free French in Brazzaville. As they walk away into the fog, Rick says, ""Louis, I think this is the beginning of a beautiful friendship."""
231,Syriana,ok,"U.S. energy giant Connex Oil is losing control of key oil fields in a Persian Gulf kingdom ruled by the Al-Subaai family. The Emirate's foreign minister, Prince Nasir, has granted natural gas drilling rights to a Chinese company, greatly upsetting the U.S. oil industry and the U.S. government. To compensate for its decreased production capacity, Connex initiates a shady merger with Killen, a smaller oil company that recently won the drilling rights to Kazakhstan's Tengiz Field. If Connex-Killen were a country, it would rank as the world's twenty-third largest economy, and antitrust regulators at the Department of Justice (DOJ) have concerns. Whiting-Sloan, a Washington, D.C.–based law firm headed by Dean Whiting, is hired to smooth the way for the merger. Bennett Holiday, an associate of that firm, is assigned to promote the impression of due diligence to the DOJ, deflecting any allegations of corruption."
118,Charlie and the Chocolate Factory (film),ok,"Charlie Bucket is a kind and loving boy who lives in poverty with his family near the Wonka Factory. The company's owner, Willy Wonka, has long closed his factory to the public due to problems concerning industrial espionage, which also caused all his employees, including Charlie's Grandpa Joe, to lose their jobs. Charlie's father, meanwhile, has more recently been laid off from his own job at a toothpaste factory, although he does not admit this to Charlie. One day, Wonka announces a contest in which Golden Tickets have been placed in five random Wonka Bars worldwide, and the winners will receive a full tour of the factory as well as a lifetime supply of chocolate, while one will receive an additional prize at the end of the tour. Wonka's sales subsequently skyrocket, and the first four tickets are found by the gluttonous Augustus Gloop, the spoiled Veruca Salt, the arrogant, gum-chewing Violet Beauregarde, and the ill-tempered Mike Teavee. Charlie tries twice to find a ticket, but both bars come up empty. After overhearing that the final ticket was found in Russia, Charlie finds a banknote and purchases a third Wonka Bar at the local shop. The Russian ticket is revealed to be a forgery just as Charlie discovers the real ticket inside the wrapper. He receives monetary offers for the ticket, but the cashier warns him not to trade it regardless, and Charlie runs back home. At home, Charlie initially wants to trade the ticket for money for his family's betterment, but after a pep talk from Grandpa George, he decides to keep it, and brings Grandpa Joe to accompany him on the tour. Charlie and the other ticket holders are greeted outside the factory by Wonka, who then leads them into the facility. Individual character flaws cause the other four children to give in to temptation, resulting in their elimination from the tour while Wonka's new employees, the Oompa-Loompas, sing a song of morality after each. Meanwhile, Wonka reminisces on his troubled past and how his dentist father, Wilbur, strictly forbade him from consuming any candy. After sneaking a piece of candy, Wonka instantly became hooked and ran away from home to follow his dreams. When he returned, however, both his father and their house were gone. After the tour, the four eliminated children leave the factory with an exaggerated characteristic or deformity related to their elimination, while Charlie learns that Wonka, now approaching retirement, intended to find a worthy heir. Since Charlie was the least ill-behaved of the five, Wonka invites Charlie to come live and work in the factory with him, provided that he leave his family behind. Charlie declines, as his family is the most important thing in his life. As Charlie and his family's life improve, Wonka becomes despondent, causing his company and sales to decline. He eventually turns to Charlie for advice, and he decides to help Wonka reconcile with his estranged father, Wilbur. During the reunion, Charlie notices newspaper clippings of Wonka's success which Wilbur collected, while Wonka realizes the value of family as he and Wilbur finally reconcile. Afterwards, Wonka allows Charlie and his family to move into the factory together."
180,Minority Report,ok,"In 2054, a ""Precrime"" pilot program is running in Washington, D.C. in the United States. Three clairvoyant individuals known as ""precognitives"" or ""precogs"" receive psychic visions about imminent homicides. Police detectives use information from the visions to apprehend would-be perpetrators before they can commit a crime. Those arrested are put into a coma and imprisoned indefinitely. Although Precrime has eliminated nearly all premeditated murders during its six-year existence, impulsive killings are still attempted, giving the police only a short time to act. Precrime chief John Anderton joined the program after his six-year-old son Sean was abducted in a public swimming pool and presumably killed several months before the program's introduction. He is addicted to a drug called neuroin, and he and his wife Lara have separated. Department of Justice agent Danny Witwer audits Precrime to uncover flaws. Anderton watches as one of the precogs, Agatha, has a flashback of a woman drowning. He learns from the prison warden that the intended victim, Anne Lively, went missing shortly after her murder was prevented; he also discovers that Agatha's vision of the crime is not on file. Soon afterward, the precogs predict that Anderton will kill a man named Leo Crow, whom he has never met. Anderton flees, prompting Witwer to begin a manhunt. Anderton visits Dr. Iris Hineman, a geneticist whose research led to the creation of Precrime. She reveals that the precogs' abilities were acquired in utero from their neuroin-addicted mothers. She also explains that one precog occasionally sees a different future vision from the others, which is known as a ""minority report"". The minority reports are purged from the record to maintain the precogs' reputation of infallibility, so if Anderton has a minority report, he will have to find Agatha, the precog with the strongest precognitive abilities. After undergoing black market eye transplant surgery to evade retinal scanners, Anderton returns to Precrime. He kidnaps Agatha, which shuts down the group-mind generated by the three precogs. With the assistance of a hacker, Anderton searches Agatha's memories but fails to find a minority report for Crow's murder. However, he finds and downloads her memories of Lively's death. Pursued by Precrime officers, Anderton and Agatha track Crow to a hotel room and find photos of many children, including Sean. Crow confesses to killing Sean and Anderton nearly shoots him, but relents at the last moment to place him under arrest. Crow then claims he was hired to pose as Sean's killer and goad Anderton into killing him, saying that his family will be paid only if he dies. When Anderton refuses, Crow engages him in a physical struggle, forcing Anderton to shoot and kill him in a manner similar to the precogs' vision. Witwer investigates Lively's case and finds clues suggesting that she was murdered. When he reports his findings to Lamar Burgess, the director of Precrime, Burgess kills him, knowing that the remaining two precogs cannot foresee his crime without Agatha. Precrime officers locate Anderton at Lara's house and imprison him for murdering Crow and Witwer. While discussing Anderton's concerns about Lively with Burgess, Lara becomes suspicious of him. She breaks Anderton out of prison, which allows him to confront Burgess at a banquet celebrating the national launch of Precrime. Anderton reveals that Lively was Agatha's mother. She had given up custody of Agatha, but later tried to reclaim her. Desperate to preserve Precrime, Burgess hired a man to kill Lively, knowing that Precrime would intervene. After the murder was prevented, Burgess killed Lively himself in the predicted manner. The Precrime technicians, trained to disregard the second murder vision as an echo of the first one, deleted the record. Once Anderton began to investigate, Burgess arranged for Crow to pose as Sean's abductor to provoke Anderton to murder. The precogs predict that Burgess will kill Anderton at the banquet, but Burgess kills himself instead. Sometime afterwards, Precrime has been shut down and all the prisoners have been pardoned and released. Anderton and Lara have reconciled and are expecting a second child, while the precogs are moved to an undisclosed location to live in peace and anonymity."
19995,Avatar (2009 film),ok,"In 2154, Earth suffers from resource exhaustion and ecological collapse. The Resources Development Administration (RDA) mines the valuable mineral unobtanium on Pandora, a lush habitable moon in the Alpha Centauri star system. Pandora is inhabited by the Na'vi, a 10-foot-tall (3.0 m), blue-skinned, sapient humanoid species that live in harmony with nature. To explore Pandora, human scientists control Na'vi-human hybrid bodies called ""avatars"". Each avatar is genetically matched with a human operator. Jake Sully, a paraplegic veteran of the United States Marines, is recruited as an operator after the death of his identical twin, who was training as an operator. The head of the Avatar Program, Dr. Grace Augustine, allows Jake to take the place of his twin, but considers him inadequate. While Jake, Grace and Dr. Norm Spellman are in their avatars in the forest, Jake is attacked by wild animals. He flees deep into the wilderness, where he is rescued by a female Na'vi named Neytiri. Suspicious of Jake, she takes him to her clan, the Omaticaya. Mo'at, the clan's spiritual leader and the mother of Neytiri, orders her daughter to initiate Jake into their society. Colonel Miles Quaritch, head of the RDA's security force, promises Jake that the company will restore the use of his legs if he provides information about the Na'vi and their gathering place, the giant Hometree, which sits atop a rich deposit of unobtanium. Jake and Neytiri fall in love as Jake is initiated into the clan, and they choose each other as mates. When Jake attempts to disable a bulldozer threatening a sacred Na'vi site, RDA administrator Parker Selfridge orders the destruction of Hometree. Grace explains to Selfridge that destroying Hometree would damage the biological neural network that connects all Pandoran life, which prompts Selfridge to reluctantly give Jake and Grace one hour to convince the Na'vi to evacuate. Jake confesses to the Na'vi that he was a spy for the RDA, which prompts the clan to take him and Grace captive. Quaritch's soldiers destroy Hometree and kill many Na'vi, including Eytukan, who is the clan chief and Neytiri's father. Mo'at frees Jake and Grace, but they are detached from their avatars and imprisoned by Quaritch's forces. Trudy Chacón, a pilot who is disgusted by Quaritch's brutality, rescues Jake, Grace, and Norm. During the escape, Grace is shot and fatally wounded. Jake regains the trust of the Na'vi by connecting his mind to the Toruk, a dragon-like creature feared and revered by the clan. Supported by Neytiri and the new chief Tsu'tey, Jake unites the Omaticaya, and tells them to gather other Na'vi clans to fight the RDA as it prepares to assault the Tree of Souls. Before the battle, Jake prays to the Na'vi mother goddess Eywa through a neural connection with the Tree of Souls. The Na'vi and their human allies lose many fighters during the battle, including Tsu'tey and Trudy. The tide turns when wild animals unexpectedly join the fight and overwhelm the RDA forces; Neytiri interprets this occurrence as Eywa answering Jake's prayer. Quaritch, in an Amplified Mobility Platform suit, breaks open the avatar link unit containing Jake's human body, exposing it to Pandora's poisonous atmosphere. As Quaritch prepares to kill Jake, he is slain by Neytiri; she then saves Jake from suffocation. In the aftermath of the war, the RDA is expelled from Pandora. Some humans are allowed to remain, including Jake and Norm. With the help of the Tree of Souls, Neytiri, and Mo'at, Jake is permanently transferred into his avatar."
138,Dracula (1931 English-language film),ok,"Renfield is a solicitor traveling to Count Dracula's castle in Transylvania on a business matter. The local village people fear that vampires inhabit the castle and warn Renfield not to go there. Renfield refuses to stay at the village inn and asks his carriage driver to take him to the Borgo Pass. He is driven to the castle by Dracula's coach, with Dracula disguised as the driver. En route, Renfield sticks his head out of the window to ask the driver to slow down, but instead finds that the driver has disappeared, and a bat is leading the horses. Renfield enters the castle and is welcomed by the charming and eccentric Count, who, unbeknownst to Renfield, is a vampire. They discuss Dracula's intention to lease Carfax Abbey in England, where he intends to travel the next day. Dracula drugs and hypnotizes Renfield into opening a window. Renfield faints as a bat appears, and Dracula's three wives close in on him. Dracula waves them away, then attacks Renfield himself. Aboard the schooner Vesta, Renfield has become a raving servant to Dracula, who hides in a coffin and feeds on the ship's crew. When the ship reaches England, Renfield is discovered to be the only living person. He is sent to Dr. Seward's sanatorium adjoining Carfax Abbey. Elsewhere, at a London theater, Dracula meets Seward. Seward introduces his daughter Mina, her fiancé John Harker, and a family friend, Lucy Weston. Lucy is fascinated by Dracula. That night, Dracula enters her room and feasts on her blood while she sleeps. She dies the next day after a string of blood transfusions. Renfield is obsessed with eating flies and spiders. Polymath doctor Professor Van Helsing analyzes his blood and discovers his obsession. He starts talking about vampires, and that afternoon, Renfield begs Seward to send him away, claiming his nightly cries may disturb Mina's dreams. When Dracula calls Renfield through the medium of a wolf howling, Renfield is disturbed by Van Helsing showing him wolfsbane, which Van Helsing says is used for protection from vampires. Dracula visits Mina, asleep in her bedroom, and bites her. The next evening, he enters for a visit, and Van Helsing and Harker notice that he does not have a mirror reflection. When Van Helsing reveals this to Dracula, he smashes the mirror and leaves. Van Helsing deduces that Dracula is the vampire behind the recent tragedies. Mina leaves her room and runs to Dracula in the garden, where he attacks her. The maid finds her. Harker wants to take Mina to London for safety but is convinced to leave her with Van Helsing. Van Helsing orders Nurse Briggs to take care of Mina when she sleeps and not to remove the wreath of wolfsbane from her neck. Renfield escapes from his cell and listens to the men discussing vampires. Before he is taken back to his cell, Renfield relates to them how Dracula convinced Renfield to allow him to enter the sanatorium by promising him thousands of rats full of blood and life. Dracula enters the Seward parlor and talks with Van Helsing. He states that Mina now belongs to him and warns Van Helsing to return to his home country. Van Helsing swears to excavate Carfax Abbey and destroy Dracula. Dracula attempts to hypnotize Van Helsing, but the latter's resolve proves stronger. As Dracula lunges at Van Helsing, he draws a crucifix from his coat, forcing Dracula to retreat. Harker visits Mina on a terrace, and she speaks of how much she loves ""nights and fogs"". A bat flies above them and squeaks to Mina. She then attacks Harker, but Van Helsing and Seward save him. Mina confesses what Dracula has done to her and tells Harker their love is finished. Dracula hypnotizes Briggs into removing the wolfsbane from Mina's neck and opening the windows. Van Helsing and Harker see Renfield heading for Carfax Abbey. Arriving there, they see Dracula with Mina. When Harker shouts to Mina, Dracula thinks Renfield has betrayed him by leading them there and shoves him down the staircase to his death. Dracula is hunted by Van Helsing and Harker, who know that Dracula is forced to sleep in his coffin during daylight, and the sun is rising. Van Helsing prepares a makeshift wooden stake from Dracula's coffin lid while Harker searches for Mina. Van Helsing impales Dracula through the heart, killing him, and Mina returns to normal."
591,The Da Vinci Code (film),ok,"Louvre curator Jacques Saunière is pursued by Silas, an albino Catholic monk who demands the location of the ""keystone"" to find and destroy the Holy Grail. Saunière gives him a false lead and is murdered. The police find his body posed like Da Vinci's Vitruvian Man. Police captain Bezu Fache summons Robert Langdon, an American symbologist who is in Paris for a lecture on the interpretation of symbols, to examine Saunière's body. Langdon is shown the body and a secret message, readable only by UV light. It contains an out-of-order Fibonacci sequence. Police cryptographer Sophie Neveu, Saunière's granddaughter, says that Fache planted a tracker on him after finding the words ""P.S. Find Robert Langdon"" at the end of Saunière's secret message. Fache believes that Langdon murdered Saunière. Sophie throws away the tracker, distracting the police while they sneak around the Louvre, finding more clues in Leonardo da Vinci's works. Langdon deduces that Saunière was the grand master of the Priory of Sion. Silas works for an anonymous person referred to as ""The Teacher"", along with members of Opus Dei, led by Bishop Aringarosa. He travels to the church as directed by Saunière and finds a marker with ""Job 38:11"" inscribed in it, the bible verse that begins, ""Here you shall come, and no farther..."" Enraged, he kills the nun in residence. Langdon and Sophie travel to a French bank to access Saunière's safe deposit box, using the Fibonacci sequence. Inside is a cryptex, a cylindrical container that contains a message on papyrus. It can only be opened without destroying the contents by turning dials to spell a code word. As the police arrive, bank manager Andre Vernet helps Langdon and Sophie escape, then attempts to steal the cryptex and murder them. Langdon and Sophie escape with it. They visit Langdon's friend, Sir Leigh Teabing, a Holy Grail expert. He claims that the Grail is not a cup but instead is Mary Magdalene. He says that she was not a prostitute but the wife of Jesus Christ. He believes Mary was pregnant during Jesus' crucifixion, and the Priory was formed to protect their descendants. The Opus Dei have been trying to destroy the Grail to preserve the Vatican's credibility. Later, Silas appears, but Teabing disables him by striking the leg bound by a cilice, in deference to Christ's torture. The group escapes to London using Teabing's private plane, along with his butler, Remy Jean. Their interpretation of a clue hidden in the cryptex box leads them to the Temple Church, where they find nothing. Remy, claiming to be the Teacher, frees Silas. Remy takes Teabing hostage, dumping him in the car trunk, and taking Silas to hide in an Opus Dei safe house. Teabing, the actual Teacher, later poisons Remy and sends the police after Silas. Police shoot Silas after he accidentally wounds Aringarosa, who is arrested by Fache, who resents being used to hunt Langdon. Teabing, wanting to bring down the Church for centuries of persecution and deceit, confronts Langdon and Sophie. Now understanding the true meaning behind the clue to unlocking the cryptex, the trio goes to Westminster Abbey to Isaac Newton's tomb, a former grand master of the Priory. Teabing demands the pair opens the cryptex. Langdon tries and seemingly fails before tossing it into the air. Teabing dives for and catches it, but the vial breaks and the papyrus is thought destroyed. The police arrive to arrest Teabing, who realizes Langdon must have solved the cryptex's code and removed the papyrus before throwing it. The code was ""APPLE"", after the apocryphal story of the apple which led Newton to discover his law of universal gravitation. The clue inside the cryptex, which tells of the Grail hiding ""'neath the rose"", leads Langdon and Sophie to Rosslyn Chapel in Scotland. Inside the chapel, they find a secret room where Magdalene's tomb has been removed. Langdon, after searching through documents, realizes that Sophie's family died in a car crash, that Saunière was not her grandfather but her protector, and that she is the last descendant of Christ. The two are greeted by members of the Priory, including Sophie's grandmother, who promises to protect her. Langdon and Sophie part ways, the former returning to Paris. While shaving, Langdon cuts himself and has an epiphany when his blood curves down the sink, reminding him of the Rose Line. Realizing the true meaning of the cryptex clue, he follows the line to the Louvre, concluding that the Grail is hidden below the Pyramide Inversée. Langdon kneels atop it; Mary Magdalene's sarcophagus is in a secret underground chamber."
76,Before Sunrise,ok,"On June 16, 1994, Jesse meets Céline on a train from Budapest, and they strike up a conversation. Jesse is going to Vienna with a Eurail pass to catch a flight back to the United States, whereas Céline is returning to university in Paris after visiting her grandmother in Budapest. When they reach Vienna, Jesse asks Céline to disembark with him, saying that 10 or 20 years down the road, she might not be happy with her significant other and might wonder how her life would have been different if she had picked someone else. Alternatively, she may just realize Jesse himself is not that different from the rest. Lacking the money to rent a room for the night, they decide to roam around in Vienna until Jesse's flight the next morning. After visiting a few landmarks in Vienna, they share a kiss at the top of the Wiener Riesenrad at sunset and start to feel a romantic connection. As they continue to roam around the city, they begin to talk more openly with each other, with conversations ranging from topics about love, life, religion, and their observations of Vienna. When they are walking alongside the Donaukanal, they are approached by a man who offers to write them a poem with a word of their choice inside. Jesse and Céline decide on the word ""milkshake” and are soon presented with the poem ""Delusion Angel"" (written for the film by poet David Jewell)—a poem that Jesse cynically claims the man had already previously written and just inserts the words people choose. Later, while playing pinball at a local club, Céline tells Jesse that her last boyfriend broke up with her six months ago, claiming that she ""loved him too much.” When questioned, Jesse reveals he had initially come to Europe to spend time with his girlfriend who was studying in Madrid, but they broke up soon after he was there. He found a cheap flight home, via Vienna, but it did not leave for two weeks so he bought a Eurail pass and traveled around Europe. In a Viennese café, Jesse and Céline stage fake phone conversations with each other, playing each other's friends they pretend to call. Céline reveals that she was ready to get off the train with Jesse before he convinced her. Jesse reveals that after he broke up with his girlfriend, he bought a flight that really was not much cheaper, and all he really wanted was an escape from his life. They admit their attraction to each other and how the night has made them feel, though they understand that they probably will not see each other again. They decide to make the best of what time they have left. They then get a bottle of wine and share it together in a park and begin discussing whether or not they should have sex. Céline says that she doesn't just want to be a one-night stand for Jesse; Jesse then explains that, if given the choice, he would marry her instead of never seeing her again. They begin kissing passionately and embracing each other, then it is heavily implied Jesse and Céline have sex in the park. The film ends the next day at the train station, where, just as Céline's train is about to leave, the couple decide not to exchange any contact information but instead meet at the same place in six months."
207,Dead Poets Society,ok,"In the fall of 1959, Todd Anderson begins his junior year of high school at Welton Academy, an Episcopal all-male preparatory boarding school in Vermont. He is assigned one of Welton's top students, Neil Perry, as his roommate, and meets Neil's friends: Knox Overstreet, Richard Cameron, Steven Meeks, Gerard Pitts, and Charlie Dalton. On the first day of classes, the boys meet John Keating, their new English teacher. Keating teaches them the Latin expression carpe diem, encouraging them to ""seize the day"". During his classes, he has the students take turns standing on his desk to demonstrate ways to look at life differently, tells them to rip out the introduction of their poetry books that explains a mathematical formula for rating poetry, and invites them to make up their own style of walking in a courtyard to form their individualism. These unusual methods attract the attention of strict headmaster, Gale Nolan. Upon learning that Keating had been a member of the unofficial Dead Poets Society during his time as a student, Neil restarts the club. He and his friends sneak off campus to a cave to read poetry. Keating's lessons and the conversations in the club encourage them to live on their own terms. Knox pursues Chris Noel, a cheerleader who is dating Chet Danburry, a football player whose family is friends with his. Neil discovers his love of acting and wins the role of Puck in a local production of A Midsummer Night's Dream despite the disapproval of his authoritarian father, who wants him to attend medical school. Keating helps Todd come out of his shell when he takes him through an exercise in self-expression, resulting in his spontaneous composition of a poem in front of the class. Charlie publishes an article in the school newspaper on behalf of the Dead Poets Society recommending that girls be admitted to Welton. In response, Nolan paddles Charlie, attempting to force him to reveal the names of the other members of the Dead Poets Society; Charlie refuses. Keating gently admonishes him, advising the boys that one must assess all potential consequences of one's actions. On the eve of the play's opening performance, Neil's father discovers his involvement and demands that he quit. Neil performs in the play, but his father retaliates by telling him he plans to withdraw him from Welton and enroll him in Braden Military School in preparation for Harvard Medical School. Lacking support from his mother and unable to explain his feelings to his father, a devastated Neil dies by suicide. At Neil's parents' request, Nolan investigates his death. Cameron shifts blame onto Keating to avoid punishment for his role in the Dead Poets Society, and he names the other members of the group. Charlie punches him for his betrayal and is expelled. Each of the boys is called to Nolan's office to sign a letter confirming Cameron's false allegations. Todd reluctantly signs under his parents' pressure, and Keating is fired. Nolan takes over Keating's English class. As Keating interrupts the class to gather his belongings, Todd confesses that the boys were pressured into signing the letter that led to his dismissal. Keating assures Todd that he believes him. Nolan threatens to expel Todd and anyone else who speaks out of line. Despite the threat, Todd stands up on his desk and says, ""O Captain! My Captain!"". Several other members of the Dead Poets Society, along with several classmates, follow suit. Touched by their support, Keating proudly thanks the boys and departs."
196,Back to the Future Part III,ok,"On November 12, 1955, moments after witnessing Emmett ""Doc"" Brown disappear in his DeLorean, Marty McFly learns that Doc was sent 70 years in the past to 1885.[a] Using information from Doc's 1885 letter, Marty and the 1955 Doc find and repair the DeLorean, hidden away by Doc in 1885, so that Marty can return to 1985. After finding it, Marty comes across a tombstone inscribed with Doc's name, stating that Doc was killed by Biff Tannen's great-grandfather, Buford ""Mad Dog"" Tannen over 80 dollars, six days after writing the letter. Despite the letter's warning, Marty travels to September 2, 1885, to save Doc, arriving in the middle of a cavalry pursuit of Native Americans. Marty evades the pursuit, but damages the car's fuel line. Chased by a bear, he is knocked unconscious and found by his Irish-born great-great-grandparents Seamus and Maggie McFly, who allow him to stay the night. The next morning, under the alias Clint Eastwood, Marty arrives in a newly founded Hill Valley but runs afoul of Buford and his gang. Doc rescues Marty from Buford's attempted lynching. Doc agrees to leave 1885 after learning his fate, but without gasoline, the DeLorean cannot reach 88 miles per hour (142 kilometers per hour) to time-travel. He proposes using a steam locomotive to push the DeLorean to that speed. While inspecting a rail spur, Doc saves the town's new schoolteacher Clara Clayton from falling into the ravine, averting her death from the original timeline. They fall in love. At a town festival Buford tries shooting Doc, but after Marty intervenes, Buford challenges him to a showdown in two days by calling him ""yellow"". Doc urges Marty not to react to provocation, letting slip that Marty has a life changing accident in the future. Although reluctant to return to 1985, Doc visits Clara to end their relationship and bid her goodbye. She dismisses his story about being from the future. Doc attempts a drinking binge, but passes out after one drink. Buford arrives for Marty, who sees his alias appear in the tombstone photograph and refuses to duel. A revived Doc is captured by Buford's gang, forcing Marty to duel. Marty uses a stove door as a bulletproof vest to survive Buford's shot and, in the ensuing fistfight, knocks Buford into a wagon of manure. Buford and his gang are then arrested for an earlier robbery. On the train to San Francisco, Clara learns of Doc's heartbreak and runs back to town. She finds the model time machine at his shop and realizes Doc was telling the truth. Doc and Marty use the locomotive to push the DeLorean along the spur line. Clara boards the locomotive and loses her footing. Marty, in the DeLorean, passes his hoverboard to Doc, who uses it to save Clara. The DeLorean hits 88 mph and vanishes as the locomotive plunges from the unfinished bridge. Arriving back in 1985 on October 27, Marty escapes the disabled DeLorean as a freight train destroys it. Reuniting with his girlfriend Jennifer Parker, Marty avoids a street race with Needles, thus avoiding the accident Doc warned him about. Jennifer opens the fax message she kept from 2015 and watches the text regarding Marty's firing disappear. As Marty and Jennifer examine the DeLorean wreckage, a steam locomotive time machine appears, operated by Doc, Clara, and their children. Doc gives Marty a photo of them standing next to the town clock in 1885. When Jennifer asks Doc about the blank fax, he says it means their future has not yet been written and encourages them to ""make it a good one"". Doc and his family bid farewell and fly off in the locomotive."
155,The Dark Knight,ok,"A gang of masked criminals rob a mafia-owned bank in Gotham City, betraying and killing each other until the sole survivor, the Joker, reveals himself as the mastermind and escapes with the money. The vigilante Batman, district attorney Harvey Dent, and police lieutenant Jim Gordon ally to eliminate Gotham's organized crime. Batman's true identity, the billionaire Bruce Wayne, publicly supports Dent as Gotham's legitimate protector, believing Dent's success will allow him to retire as Batman and romantically pursue his childhood friend Rachel Dawes—despite her being with Dent. Gotham's mafia bosses gather to discuss protecting their organizations from the Joker, the police, and Batman. The Joker interrupts the meeting and offers to kill Batman for half of the fortune their accountant, Lau, concealed before fleeing to Hong Kong to avoid extradition. With the help of Wayne Enterprises CEO Lucius Fox, Batman finds Lau in Hong Kong and returns him to the custody of the Gotham police. His testimony enables Dent to apprehend the crime families. The bosses accept the Joker's offer, and he kills high-profile targets involved in the trial, including the judge and police commissioner Gillian Loeb. Although Gordon saves the mayor, the Joker threatens that his attacks will continue until Batman reveals his identity. He targets Dent at a fundraising dinner and throws Rachel out of a window, but Batman rescues her. Bruce struggles to understand the Joker's motives, to which his butler Alfred Pennyworth says that ""some men just want to watch the world burn."" Dent claims he is Batman to lure the Joker out, who attacks the police convoy transporting Dent. Batman and Gordon apprehend the Joker, and Gordon is promoted to commissioner. At the police station, Batman interrogates the Joker, who says he finds Batman entertaining and has no intention of killing him. Having deduced Batman's feelings for Rachel, the Joker reveals she and Dent are being held separately in buildings rigged to explode. Batman races to rescue Rachel while Gordon and the other officers go after Dent, but they discover the Joker has given their positions in reverse. The explosives detonate, killing Rachel and severely burning Dent's face on one side. The Joker escapes custody, extracts the fortune's location from Lau, and burns it, killing Lau in the process. Coleman Reese, a consultant for Wayne Enterprises, deduces and tries to expose Batman's identity, but the Joker threatens to blow up a hospital unless Reese is killed. While the police evacuate hospitals and Gordon struggles to keep Reese alive, the Joker meets with a disillusioned Dent, persuading him to take the law into his own hands and avenge Rachel. Dent defers his decision-making to his now half-scarred, two-headed coin, killing the corrupt officers and the mafia involved in Rachel's death. As panic grips the city, the Joker reveals that two evacuation ferries, one carrying civilians and the other prisoners, are rigged to explode at midnight unless one group sacrifices the other. To the Joker's disbelief, the passengers refuse to kill one another. Batman subdues the Joker but refuses to kill him. Before the police arrest the Joker, he says that although Batman proved incorruptible, his plan to corrupt Dent has succeeded. Dent takes Gordon's family hostage, blaming his negligence for Rachel's death. He flips his coin to decide their fates, but Batman tackles him to save Gordon's son, and Dent falls to his death. Believing Dent is the hero the city needs, and the truth of his corruption will harm Gotham, Batman takes the blame for his death and actions, persuading Gordon to conceal the truth. Alfred burns an undelivered letter from Rachel to Bruce that says she chose Dent, and Fox destroys the invasive surveillance network that helped Batman find the Joker. The city mourns Dent as a hero, and the police launch a manhunt for Batman."
70160,The Hunger Games (film),ok,"Panem is a dystopian, post-apocalyptic nation divided into twelve districts ruled by the Capitol. As punishment for a failed rebellion 74 years earlier, each district must annually select two tributes, one boy and one girl between the ages of 12 and 18, to fight to the death in the Hunger Games until only one survivor remains. The event is televised nationwide. Katniss Everdeen lives in District 12 with her younger sister Primrose and her mother. When Primrose is selected for the 74th Hunger Games, Katniss volunteers to take her place. She and her fellow district tribute, Peeta Mellark, are escorted to the Capitol, accompanied by mentor Haymitch Abernathy, the only living victor from their district. Haymitch stresses the importance of gaining sponsors, as they can provide resources during the Games. During a televised interview, Peeta confesses he loves Katniss, which she initially sees as an attempt to attract sponsors; she later learns his feelings are genuine. When the Games start, half of the tributes are killed in the initial brawl for supplies around a central structure called the Cornucopia. Katniss grabs a small utility bag and acquires a knife that was thrown at her, then flees into the forest. The career tributes (volunteers from the wealthier Districts 1 and 2 who trained for years for the Games) — Marvel, Glimmer, Cato, and Clove — track her down. Katniss climbs a tree to evade them. Peeta, seemingly allied with the Careers, suggests waiting her out. Hiding in the next tree, Rue, the District 11 girl, draws Katniss's attention to a nest of venomous tracker jackers (genetically modified wasps) above her. Katniss cuts a branch, dropping the nest on the sleeping Careers. Glimmer is killed, but the others escape. Katniss retrieves Glimmer's bow and arrows but stung with tracker-jacker venom, is hallucinatory, and witnesses Peeta telling her to flee. Later, Rue finds Katniss, helps her recover, and they become friends. Rue distracts the Careers while Katniss destroys their stockpile of supplies. Marvel finds and fatally wounds Rue before Katniss shoots him dead. She comforts Rue with song and, after Rue's death, decorates her body with flowers, before giving a three-finger salute. These actions trigger a riot in District 11, greatly displeasing Panem's president, Coriolanus Snow — the Games are designed to dissipate dissent, not focus it — and he warns Seneca Crane, the lead game master of the Hunger Games, to ""be careful"". Haymitch persuades Crane to allow two victors if they are from the same district, suggesting it would appease the audience. Katniss finds Peeta severely wounded and hides him in a cave. An announcement is made that one item each survivor needs most will be provided at the Cornucopia. Katniss leaves despite Peeta's protests. She retrieves her item, medicine for Peeta, but is ambushed and pinned by Clove, who gloats about Rue's death. Thresh, District 11's male tribute, appears and kills Clove but spares Katniss just once for having helped Rue. The medicine Katniss brings back heals Peeta's wound overnight. While hunting, Katniss hears a cannon blast signalling a tribute death. She rushes back to find Peeta, who unknowingly collected deadly nightlock berries. They find the District 5 girl dead from eating the berries after secretly watching Peeta. With only four tributes remaining, Crane unleashes genetically engineered dog-like Mutts, which kill Thresh. Katniss, Peeta, and Cato, the last survivors, flee to the top of the Cornucopia. Cato holds Peeta as a human shield until Katniss shoots his hand with an arrow, enabling Peeta to push Cato down to the Mutts. Katniss then shoots Cato dead in a coup de grâce. Suddenly, Crane revokes the two-victor rule change. Peeta urges Katniss to shoot him, but to deprive the Capitol a winner, she convinces Peeta that they both eat the nightlock berries. Just before they can, they are declared co-victors. Later, Haymitch warns Katniss that she has made powerful enemies. Snow has Crane locked in a room containing only nightlock berries, as Katniss and Peeta return to District 12."
285,Pirates of the Caribbean: At World's End,ok,"Now in control of the oceans, Lord Cutler Beckett executes anyone associated with piracy in Port Royal and orders Davy Jones to destroy all pirate ships, also forcing him to kill the Kraken. Condemned prisoners sing 'Hoist the Colours' to compel nine Pirate Lords from around the world to convene at Shipwreck Cove to hold the Brethren Court and address the threat Beckett poses. Because Pirate Lord Jack Sparrow never named a successor before being dragged to Davy Jones' Locker,[a] Hector Barbossa, Will Turner, Elizabeth Swann, Tia Dalma, and the surviving crew of the Black Pearl plot to rescue him. In Singapore, the crew meet Pirate Lord Sao Feng, who owns navigational charts to the Locker before they are attacked by the East India Trading Company. During the battle, Will secretly promises to give Jack to Feng in return for the Pearl, intending to use it to rescue his father ""Bootstrap Bill"" Turner from the Flying Dutchman. The crew crosses over into the Locker, rescues Jack and recovers the Pearl. While departing, they encounter boats of dead souls, including Elizabeth's father Governor Swann, executed by Beckett. The goddess Calypso charged Davy Jones with guiding the souls of those who died at sea to the next world; every ten years he could come ashore to be with the woman he loved, but after his lover never arrived to meet him, Jones corrupted his purpose and cursed himself to become a monster. Whoever kills Jones by stabbing his disembodied heart must become the Dutchman's captain. Returning to the living world, the Pearl stops at an island for fresh water, but the crew is attacked by Sao Feng and Beckett's men. As Jack secretly negotiates his freedom with Beckett, Elizabeth is handed over to Feng, who believes she is Calypso, while the rest of the crew make for Shipwreck Cove aboard the Pearl. Jack throws Will off the ship as part of a plan to seize control of the Dutchman. Sao Feng tells Elizabeth that the first Brethren Court bound Calypso in human form after her lover, Davy Jones, betrayed her; Feng plans to release her to defeat Beckett. Feng is wounded in an attack by Jones, appointing Elizabeth his successor as Pirate Lord before dying. Elizabeth and the crew are locked in the brig of the Dutchman, where she finds Bootstrap Bill losing himself to the Dutchman's curse. Admiral James Norrington frees Elizabeth and her crew from the Dutchman, but is killed by a crazed Bootstrap Bill. Will is rescued by Beckett and informs Jones of Jack's escape from the Locker, learning in the process that Jones enabled the first Court to imprison Calypso, revealed to be Tia Dalma. The Pearl arrives at Shipwreck Cove, where Barbossa attempts to persuade the Brethren Court to release Calypso while Elizabeth demands they fight back against Beckett. The Keeper of the Code, Captain Teague,[b] informs the Court that only an elected Pirate King can declare war. To avoid a stalemate, Jack votes for Elizabeth, making her King. Elizabeth, Jack, Barbossa, Beckett, Jones, and Will parley, trading Will for Jack. Barbossa frees Calypso, but when Will reveals Jones' betrayal to her, Calypso vanishes and summons a maelstrom, refusing to help either side. The Pearl and Dutchman battle in the maelstrom. During the battle, Elizabeth and Will are wed by Barbossa. On the Dutchman, Jack and Jones duel for control of Jones' heart. After Jones mortally wounds Will, Jack helps Will stab the heart, killing Jones. Jack and Elizabeth escape the Dutchman, which sinks into the maelstrom. As Beckett's ship, the Endeavour, engages the Pearl, the Dutchman rises from the sea, now captained by Will and its crew freed from Jones' curse. The two pirate ships destroy the Endeavour, killing Beckett, while his armada retreats. With Will bound to have one day ashore and then ten years guiding souls lost at sea to the next world, Will spends it with Elizabeth before leaving her with the chest containing his heart. Barbossa steals the Pearl from Jack again and tells the crew he knows where to find the Fountain of Youth, only to realize Jack has stolen the chart. Jack departs from Tortuga on a small boat to track the fountain down. In a post-credits scene, ten years later, Elizabeth and her son[c] watch Will return aboard the Dutchman."
114,Pretty Woman,ok,"One night while leaving a business party in the Hollywood Hills, corporate raider Edward Lewis takes his lawyer Philip's Lotus Esprit and finds himself in the red-light district on Hollywood Boulevard, where he meets street walker Vivian Ward. Lost and struggling to operate the stickshift car, Edward accepts Vivian's offer to drive him to the Regent Beverly Wilshire Hotel. Impulsively, he hires her for the whole night, and despite initial awkwardness, they have sex in his penthouse suite. The following day, Edward asks Vivian to stay for the week, as he must attend a series of business events while attempting to acquire Jim Morse's shipbuilding company. After negotiating, Edward and Vivian agree on $3,000. He also gives her money to buy appropriate clothes. When Vivian tries to shop on Rodeo Drive, snobbish and rude saleswomen turn her away because of the way she looks. She asks hotel manager Barney for assistance. He gets store saleslady Bridget to find her a cocktail dress for that evening's business dinner. Later, she gets Barney to teach her table etiquette. Edward is astounded by Vivian's transformation. At dinner, he introduces Vivian to Morse and his grandson David, who is to take over the company. The dinner does not go well, as they are unhappy with Edward's plan to dismantle their company. Later, Edward tells Vivian about his personal and business life, including his estranged relationship with his late father. Edward takes Vivian along as his date to a polo match. When Philip sees Vivian talking to David Morse, he tells Edward his suspicions that she is a corporate spy. Edward dismisses Philip's concerns by explaining their arrangement. With the knowledge of Vivian's true background, the married Philip talks to her alone and crudely propositions her for her services. Back in Edward's suite, Vivian is angry with Edward for exposing her in that way. He apologizes, admitting that he was jealous of Vivian talking to David. Edward takes Vivian by private jet to see La traviata at the San Francisco Opera, a story about a prostitute who falls in love with a wealthy man. She is moved, and she breaks her ""no kissing"" rule before having sex with him. Believing Edward has fallen asleep, Vivian says she loves him. As the week is almost finished, Edward offers to get Vivian a condominium and an allowance, promising to visit her regularly. However, Vivian feels he is treating her like a prostitute. She shares her childhood fantasy of being rescued by a knight on a white steed. Edward meets with Morse, but chooses to work with him to save his company instead of dismantling it. Philip, furious that Edward's new direction has cost him a fortune, goes to the Beverly Wilshire to confront him. He finds Vivian. Blaming her for Edward's changes and angry at his business decision, Philip hits her and attempts to rape her. Edward arrives, pulls Philip off Vivian, punches him, and fires him. After completing his business in Los Angeles, Edward asks Vivian to stay with him for one more night, but only if she wants to, not because he is paying her. She gently refuses and leaves after telling him she thinks he has ""lots of special gifts"". Vivian returns to her apartment hotel to pack for her move to San Francisco to get a new job and a high-school diploma. She gives her roommate, fellow prostitute Kit De Luca, some money and tells her she has ""a lot of potential"". Kit leaves sex work and enrolls in beauty classes. Vivian then waits in the apartment for the bus. Edward has the chauffeur take him to her apartment. He climbs out of the white limousine's sunroof and ascends the fire escape to ""rescue"" Vivian, just like the knight in her childhood fantasy. When he asks her what happens after the knight rescues her, she responds, ""She rescues him right back"", and kisses him."
68721,Iron Man 3,ok,"At a New Year's Eve party in 1999, Tony Stark meets scientist Maya Hansen, the inventor of Extremis, an experimental regenerative treatment that allows recovery from crippling injuries. Disabled scientist Aldrich Killian offers them a place in his company Advanced Idea Mechanics (A.I.M.), but Stark rejects him. Thirteen years later, Stark is suffering from post-traumatic stress disorder and has frequent panic attacks due to his experiences during the alien invasion of New York.[b] He has built dozens of new Iron Man suits to cope with his insomnia, creating friction with his girlfriend Pepper Potts. Meanwhile, a string of bombings is claimed by a terrorist known as the Mandarin. Stark's security chief Happy Hogan is badly injured in one such attack and is put into a coma, prompting Stark to issue a televised threat to the Mandarin, revealing his home address in the process. The Mandarin sends gunship helicopters to destroy Stark's home. Hansen, who came to warn Stark, survives the attack with Potts. Stark escapes in an experimental new Iron Man suit, which his artificial intelligence J.A.R.V.I.S. pilots to rural Tennessee, following a flight plan from Stark's investigation into the Mandarin. Stark's new armor is not fully functional and lacks sufficient power to return to Malibu, leading the world to believe that he died. With the help of Harley Keener, a local boy, Stark investigates the remains of a local explosion bearing the hallmarks of a Mandarin attack. However, it occurred years before any known attack by a terrorist. He discovers the ""bombings"" were triggered by soldiers subjected to Extremis whose bodies explosively rejected the treatment, and were falsely attributed by A.I.M. as a terrorist plot to cover up Extremis' flaws. Stark witnesses Extremis firsthand when Mandarin agents Savin and Brandt attack him. Stark kills Brandt and incapacitates Savin. Meanwhile, Killian resurfaces and kidnaps Potts with assistance from Hansen. American intelligence agencies continue to search for the Mandarin, with James Rhodes—the former War Machine, now re-branded as the Iron Patriot—lured into a trap to steal his armor. Tracing the Mandarin to Miami, Stark infiltrates his headquarters using improvised weapons. Inside, he discovers the Mandarin is English actor Trevor Slattery, who is oblivious to the actions carried out in his image. Killian, the mastermind behind Slattery's cover, captures Stark. Killian, who appropriated Hansen's Extremis research as a cure for his own disability and expanded the program to include injured war veterans, reveals he has subjected Potts to Extremis in the hope Stark will help fix Extremis' flaws while trying to save her. When Hansen betrays Killian by threatening to jeopardize his operations, Killian kills her. Stark escapes and reunites with Rhodes, discovering that Killian intends to attack President Ellis aboard Air Force One, using the Iron Patriot armor, controlled by Savin. Stark kills Savin, saving the passengers and crew, but cannot stop Killian from abducting Ellis. At an impounded damaged oil tanker, Killian intends to kill Ellis on live television, so that the Vice President would then become a puppet leader following Killian's orders, in exchange for Extremis curing his young daughter's disability. Stark and Rhodes infiltrate the platform, aided by the Iron Man suits, remotely controlled by J.A.R.V.I.S.. Rhodes secures the President and takes him to safety, while Stark discovers Potts has survived the Extremis procedure. Before he can save her, a rig collapses around them, and she falls to the platform to her apparent death. Stark fights Killian but finds himself cornered. Potts, whose Extremis powers allowed her to survive the fall, kills Killian to save Stark. As a gesture of his devotion to Potts, Stark orders J.A.R.V.I.S. to destroy all the Iron Man suits. The Vice President and Slattery are arrested, and Happy awakens from his coma. With Stark's help, Potts's Extremis effects are stabilized. Stark promises to scale back his life as Iron Man, undergoing surgery to remove the shrapnel near his heart and throwing his obsolete chest arc reactor into the sea. He muses that, even without the technology, he will always be Iron Man."
277,Underworld (2003 film),ok,"For generations, vampires and Lycans, an ancient species of werewolf, have secretly waged war. The vampires gain the upper hand when Lycan leader Lucian seemingly dies at the hands of vampire Kraven, who becomes the second-in-command to the vampires' leading elders. Selene, a member of an elite group of vampire assassins known as ""Death Dealers"", continues to pursue the extermination of the Lycans despite other vampires no longer perceiving them as a threat. After a clash with the Lycans, Selene discovers that they are after Michael Corvin, a seemingly ordinary resident doctor. Disregarding Kraven’s insistence to ignore the situation, Selene privately investigates Michael. The pair is pursued by a group of Lycans led by Lucian, who manages to bite Michael during their escape. Since Kraven was the only witness to Lucian's supposed death, Selene begins to suspect that he lied about the death and may be working with the Lycans. Selene prematurely awakens Viktor, a hibernating elder vampire and leaves to hide Michael in a safe house. Selene binds Michael, anticipating the Lycans' bite will transform him into a werewolf when the full moon rises. As the two of them bond, she gradually tells him more about her past, revealing that Viktor adopted her and turned her into a vampire after her family's death at the hands of Lycans, leading her to start a vengeful campaign against them, and that Michael's hallucinations are memories that Lucian passed down to him. Selene returns to her coven's mansion. Furious about being woken early, Viktor refuses to believe Selene's warnings about Kraven's treachery and reminds her that his fellow elder Marcus was supposed to be awakened before him. Meanwhile, en route to the mansion to awaken Marcus, vampire elder Amelia, the coven's current ruler, is ambushed and killed by Lycans, who have tracked her with Kraven's assistance. Selene escapes the mansion and abducts the Lycan scientist Singe, while the Lycans capture Michael. While held captive in the Lycans' lair, Michael soon learns that Lucian was once in love with Viktor's daughter Sonja. After he discovered their forbidden affair, Viktor murdered her. Lucian claims that Lycans were once slaves of vampires, and the war began when they rose up against them and fought for their freedom. At the vampires' mansion, a captive Singe reveals that Selene was being honest about Kraven's betrayal, and he reveals why the Lycans want Michael: vampires and Lycans actually have a common ancestor, which Michael is a direct descendant of. As an heir to the legendary ""Corvinus"" bloodline, he carries a unique genetic strain that could allow him to become a vampire-werewolf hybrid, which Singe predicts will lack the weaknesses of both species. An angered Viktor then kills Singe and mobilizes the Death Dealers to raid the Lycan’s lair to kill the remaining Lycans, including Michael. In the ensuing showdown between vampires and Lycans, Selene breaks into the Lycans' lair to rescue Michael. Kraven and Lucian turn on each other, and the former tells Selene that Viktor was the one who really murdered her family and only spared and mentored her due to being reminded of his daughter. Selene is forced to bite a fatally injured Michael, hoping to make him a vampire-werewolf hybrid, while Kraven shoots Lucian, killing him. When Viktor arrives at the Lycans' lair after the battle, he admits to murdering Selene's parents and killing his daughter. He also insists that he killed Sonja for the good of his people and reveals she was pregnant with Lucian's child, an abomination in the eyes of the two species. Lastly, he claims that he made Selene immortal because he loved her and proceeds to fight the hybrid Michael. Initially overwhelmed by Michael’s strength, Viktor eventually gets the upper hand and attempts to strangle him. Selene rouses from her disorientation and kills Viktor by beheading him with his sword. Now enemies of both vampires and Lycans, Selene and Michael flee the Lycans' lair together. Back at the vampires' mansion, Marcus, now the sole surviving vampire elder, awakens as a hybrid after Singe's blood seeps into his sarcophagus."
109,Three Colours: White,ok,"At a Paris divorce court, Polish barber Karol Karol is pleading with the judge.[a] Karol, through an interpreter, is made to understand that his wife Dominique does not love him as he was unable to consummate the marriage. The divorce is granted, and Dominique hands Karol a suitcase with his possessions before driving off. Karol loses access to his bank account, his passport, and ownership of a salon he and Dominique owned jointly. Karol breaks into the salon to sleep, but is discovered by Dominique the next morning. The two initiate sex, but he again suffers impotence. Dominique declares that she no longer loves him. She then sets the salon drapes on fire and frames him for arson, forcing Karol to flee and become a beggar. While performing songs using a comb in a Paris Métro station, Karol meets fellow Pole Mikołaj. While Karol has lost his wife and his property, Mikołaj is married and successful; he offers Karol a job—he must kill someone who wants to die but does not have enough courage to do it himself. Karol declines and proceeds to show Dominique to Mikołaj from outside her window, but he sees the shadow of her with another man. Karol runs and calls her from a telephone booth at the station, only for Dominique to make him listen to her having sex, causing him to break down. Mikołaj helps Karol return to Poland hidden in the suitcase, which is later stolen by employees at the airport. After discovering how poor he is, the airport employees beat him up and leave him in a Polish countryside dump. Karol reaches Warsaw and finds his brother Jurek. Karol soon returns to work at Jurek's hair salon and later takes on another job as a bodyguard in a cash exchange office. Using his position as a bodyguard, Karol spies on his bosses and discovers their scheme to purchase pieces of land that they know will be targeted by major companies for development and resell for large profits. Karol beats them to it and informs his former bosses that if they kill him, all his estate will go to the church, forcing them to purchase the land from him instead. Karol then tracks down Mikołaj and asks for the job he offered to him previously. Mikołaj meets Karol in a Warsaw Metro tunnel for the execution of the ""suicide"". Mikołaj turns out to be the intended victim and asks Karol to kill him. Karol first shoots a blank into Mikołaj's chest and asks if he really wants to go through with it, as the next bullet is real. Mikołaj changes his mind and thanks Karol for helping him feel alive again. He pays Karol the money anyway, saying that he earned it. Karol later goes into business with Mikołaj. Karol becomes ambitious, earning a fortune while improving his French and brooding over Dominique's abandonment. One night, after waking up from a dream about Dominique, Karol calls her, but she hangs up. He devises a scheme to exact revenge on her. He gives Dominique the majority of his fortune in his will, then, with the help of Mikołaj and Jurek as well as his financial influences, fakes his own death and prepares to frame her for it. He arranges to move to Hong Kong afterwards. On the day of his ""burial"", Karol sees Dominique mourning from afar. He later surprises her in her hotel room, apparently reconciling with her before they have sex, this time successfully. In the morning, Karol leaves before Dominique wakes up. She is then awakened by the local police, who arrest her on the suspicion that she murdered Karol to obtain his money. Karol later visits a prison complex and sees Dominique through her cell window with binoculars. She uses sign language to tell Karol that she wants to marry him again after her release from prison, which brings him to tears."
10681,WALL-E,ok,"In the year 2805, Earth is an inhospitable, garbage-strewn wasteland due to an ecocide caused by rampant consumerism, corporate greed, and environmental neglect. Humanity was evacuated to space by the megacorporation Buy n Large on giant spaceships 700 years earlier, leaving trash-compacting ""WALL-E"" robots to clean up the planet, but the cleanup was eventually abandoned after the planet became far too toxic. All but one of the robots have stopped functioning; the last remaining active WALL-E has developed a personality and uses a truck designed to carry the WALL-E robots as a home. WALL-E remains active by salvaging parts from other inactive robots, with his pet cockroach Hal as his only companion. One day, WALL-E's routine of compressing trash and collecting interesting objects is broken by the arrival of a sleek, futuristic robot called EVE, who scans the planet for sustainable life. WALL-E is smitten by her, and the two begin to connect until EVE goes into standby mode when WALL-E shows her his most recent find: a living seedling. WALL-E cares for EVE until she is collected by a large unmanned rocket; with WALL-E clinging on, it returns to its mothership, the starliner Axiom. In the centuries since the Axiom left Earth, its passengers have degenerated into helpless obesity due to laziness, using hoverchairs and robots catering to their every whim. Captain B. McCrea sits back while his robotic AI autopilot helm, nicknamed AUTO, pilots the ship. McCrea is unprepared for the positive probe response, but discovers that placing the plant in the ship's Holo-Detector will trigger a hyperjump back to Earth so that humanity can begin recolonization. When McCrea inspects EVE's storage compartment, the plant is missing, and EVE blames WALL-E for its disappearance. EVE is deemed faulty and taken to diagnostics. Mistaking this for torture, WALL-E intervenes and inadvertently releases the other faulty bots, causing him and EVE to be designated rogue robots. Frustrated with WALL-E's reckless actions, EVE tries sending WALL-E home in an escape pod, but as WALL-E refuses, the two witness McCrea's first mate robot, GO-4, stowing the plant in a pod set to self-destruct, proving WALL-E's innocence. WALL-E enters the pod to retrieve the plant just as it launches, and he and the plant survive the pod's destruction. EVE catches up to him and they reconcile, dancing in space around the Axiom. EVE brings the plant to McCrea, who watches her recordings of Earth, concluding that they must save it, and EVE is touched by seeing recordings of WALL-E caring for her while she was in standby mode, understanding his feelings for her. AUTO reveals his secret no-return directive A113, recorded by Shelby Forthright, Buy n Large's CEO, in 2110, which orders them not to return to Earth on account of its toxicity levels, unaware that the planet is actually starting to recover; AUTO had ordered GO-4 to get rid of the plant earlier. When McCrea tries overriding the directive, AUTO mutinies and electrocutes WALL-E, throws him and EVE down a garbage chute, and confines McCrea to his quarters. EVE and WALL-E are nearly ejected into space with the Axiom's garbage, but a cleaning robot named M-O inadvertently jams the airlock and rescues them. McCrea escapes by tricking AUTO with an image of the plant and fights for control of the Axiom, destroying GO-4 in the process, while humans and robots work to secure the real plant. AUTO crushes WALL-E using the Holo-Detector, but McCrea rises from his chair, activates the manual override and deactivates AUTO. EVE inserts the plant into the Holo-Detector, initiating the hyperjump back to Earth. Arriving on Earth, EVE repairs WALL-E, but his memory and personality have been erased. Heartbroken, EVE gives WALL-E a ""smooch"", which releases a static electricity shock, restoring him. WALL-E and EVE reunite as the Axiom inhabitants take their first steps on Earth. Humans and robots work to restore the ravaged planet with the help of WALL-E and EVE, and the plant grows into a tree, which WALL-E and EVE admire together."
284052,Doctor Strange (2016 film),ok,"In Kathmandu, the sorcerer Kaecilius and his zealots enter the secret compound Kamar-Taj and behead its librarian. They steal several pages from a book belonging to the Ancient One, a long-lived sorcerer who has taught every student at Kamar-Taj, including Kaecilius, in the mystic arts. The Ancient One pursues the traitors, but Kaecilius and his followers escape. In New York City, Dr. Stephen Strange, a wealthy, acclaimed, and arrogant neurosurgeon, severely injures his hands in a car crash while en route to a speaking conference, leaving him permanently unable to operate. Fellow surgeon Christine Palmer tries to help him move on, but Strange vainly pursues experimental surgeries to heal his hands. Strange learns about Jonathan Pangborn, a paraplegic who mysteriously regained use of his legs. Pangborn directs Strange to Kamar-Taj, where he is taken in by Mordo, a sorcerer under the Ancient One. The Ancient One demonstrates her power to Strange, revealing the astral plane and other dimensions such as the Mirror Dimension. She reluctantly agrees to train Strange, whose arrogance and ambition remind her of Kaecilius. Strange studies under the Ancient One and Mordo, and from ancient texts in the library that are now guarded by Master Wong. Strange learns that Earth is protected from threats from other dimensions by a shield generated from three Sanctums in New York City, London, and Hong Kong, which are all directly accessible from Kamar-Taj. The sorcerers' task is to protect the Sanctums, though Pangborn instead chose to channel mystical energy only to heal his paralysis. Strange progresses quickly, and secretly reads the book from which Kaecilius stole pages, learning to bend time with the Eye of Agamotto. Mordo and Wong warn Strange against breaking the laws of nature, drawing a comparison to Kaecilius' desire for eternal life. Kaecilius uses the stolen pages to contact Dormammu of the Dark Dimension, where time is non-existent, and destroys the London Sanctum to weaken Earth's protection. The zealots then attack the New York Sanctum, killing its guardian, but Strange holds them off with the help of the Cloak of Levitation, only to be critically injured during a skirmish. He teleports himself back to the hospital where Palmer saves him. Upon returning to the Sanctum, Strange reveals to Mordo that the Ancient One has been drawing power from the Dark Dimension to sustain long life, and Mordo becomes disillusioned with her. After a fight in the Mirror Dimension of New York, Kaecilius mortally wounds the Ancient One and escapes to Hong Kong. Before dying, she tells Strange that he and Mordo will have to work together to defeat Kaecilius, balancing Mordo's steadfast nature against Strange's willingness to bend the rules. Strange and Mordo arrive in Hong Kong to find Wong dead, the Sanctum destroyed, and the Dark Dimension engulfing Earth. Strange uses the Eye to reverse time and save Wong, then enters the Dark Dimension and creates an endless time loop around himself and Dormammu. After repeatedly killing Strange to no avail, Dormammu finally accepts his bargain, leaving Earth permanently and taking Kaecilius and the zealots with him in exchange for Strange breaking the loop. Disgusted by Strange and the Ancient One defying nature's laws, Mordo renounces his sorcerer career and departs. Strange returns the Eye, which is revealed to hold an Infinity Stone, back to Kamar-Taj and takes up residence in the New York Sanctum to continue his studies with Wong. In a mid-credits scene, Strange decides to help Thor, who has brought his brother Loki to Earth to search for their father, Odin.[a] In a post-credits scene, Mordo confronts Pangborn and steals the mystical energy he uses, telling him that Earth has ""too many sorcerers""."
12444,Harry Potter and the Deathly Hallows – Part 1,ok,"Severus Snape meets with Lord Voldemort and his Death Eaters at Malfoy Manor, reporting that the Order of the Phoenix will move Harry Potter, no longer under his mother's protective spell, to a safe location. Voldemort and the Death Eaters travel to Surrey to apprehend Harry, killing Hedwig and Mad-Eye Moody in the process. Harry escapes to the home of his friend, Ron Weasley, where they and Hermione Granger are visited by the new Minister for Magic Rufus Scrimgeour. He leaves them all a bequest from Albus Dumbledore: Ron a Deluminator, Hermione a copy of The Tales of Beedle the Bard, and Harry the Golden Snitch he caught in his first Quidditch match. Dumbledore also bequeathed the Sword of Gryffindor to Harry, but it has gone missing. During the wedding of Bill Weasley and Fleur Delacour, the guests are informed that the Ministry has fallen and Scrimgeour is dead. When they are attacked by Death Eaters, Harry, Ron, and Hermione escape to Number 12, Grimmauld Place, where Ron works out that Sirius Black's brother, Regulus, stole Salazar Slytherin's locket from Voldemort. Learning that thief Mundungus Fletcher later sold it to Dolores Umbridge, the three infiltrate the Ministry and recover the locket. Discovered by Death Eaters, Hermione hastily disapparates them to a forest, where they start their journey to discover and destroy all of Voldemort's Horcruxes, beginning with the locket. After failing to destroy the locket, Hermione deduces that Gryffindor's sword can destroy Horcruxes because it is impregnated with basilisk venom. Ron, affected by the dark locket, is frustrated with their slow progress and becomes irrationally jealous of Harry and Hermione, leaving them after arguing angrily with Harry. Harry and Hermione search for the sword in Godric's Hollow, where Hermione notices a strange symbol in the graveyard that matches one on the cover of Beedle the Bard and one worn by Luna Lovegood's father, Xenophilius. Elderly historian Bathilda Bagshot leads the two to her cottage, where they find a photo of the young man Harry saw in a vision stealing a wand from wandmaker Gregorovitch, before Bagshot morphs into Voldemort's snake Nagini and attacks Harry. Hermione disapparates them to safety, but breaks Harry's wand doing so. The two arrive in the Forest of Dean, where Hermione identifies the man in the photo as dark wizard Gellert Grindelwald, and Harry follows a doe patronus to the frozen pond where Gryffindor's sword lies on the bottom. After Harry dives in, the locket begins strangling him, but he is rescued by Ron, who also retrieves the sword. Ron then destroys the locket and the next day he explains the Deluminator led him to their location. The three visit Xenophilius and learn that the symbol represents the Deathly Hallows. As told in Beedle the Bard, three brothers once each received a prize for evading Death: the Resurrection Stone, the Cloak of Invisibility, and the Elder Wand, the most powerful wand known. Possessing all three makes one the Master of Death. Xenophilius then secretly summons the Death Eaters, wanting to exchange Harry for Luna, who is being held at Malfoy Manor. The three are captured by Snatchers and brought to Malfoy Manor, where Harry sees a vision of an elderly Grindelwald telling Voldemort that the Elder Wand is buried with Dumbledore. Bellatrix Lestrange sees a Snatcher with Gryffindor's sword that she believed was in her Gringotts vault. Harry and Ron are locked into the cellar with Luna, Ollivander, and Griphook, while Bellatrix tortures Hermione. Harry sees a man resembling Dumbledore in a mirror shard and begs for help, which summons Dobby to the cellar; they retrieve Hermione and their captured wands from Draco Malfoy, but as they all disapparate Bellatrix fatally wounds Dobby, who dies as they arrive at Bill and Fleur's seaside cottage, an Order safe house. Meanwhile, Voldemort retrieves the Elder Wand from Dumbledore's tomb."
164,Breakfast at Tiffany's (film),ok,"Fending off a date from the night before, Holly Golightly visits the Tiffany & Co. flagship store but her date finds her at her apartment building. Holly, who cannot find her keys, buzzes her landlord, Mr. Yunioshi, to let her in. Holly meets her new neighbor Paul Varjak as she readies to leave for her weekly visit to incarcerated mobster Sally Tomato. Tomato's lawyer pays her $100[a] a week to deliver ""the weather report"". Holly meets Paul's ""decorator"" Emily Eustace Failenson, a wealthy older woman, whom Paul nicknames ""2E"". That night, when Holly crawls out onto the fire escape to elude an over-eager date, she sees 2E leaving Paul money and kissing him goodbye. Holly visits Paul and learns he is a writer who has not had anything published in five years, and has no ribbon in his typewriter. Holly explains she is saving money to support her brother, Fred, after he completes his Army service. The pair fall asleep but are awakened when Holly has a nightmare about Fred. When Paul questions her about this, Holly chides him for prying. Holly buys Paul a typewriter ribbon to apologize, and invites him to a party at her apartment. There, he meets her Hollywood agent, Berman, who describes Holly's transformation from a country girl into a Manhattan ""socialite"", along with wealthy Brazilian politician José da Silva Pereira and the wealthy American Rusty Trawler. Some time later, 2E enters Paul's apartment, worried about someone loitering outside the building. Paul confronts the elderly man who explains he is Holly's husband, Doc Golightly. Doc informs him that Holly ran away and he has come to take her back to rural Texas. After Paul reunites them, Holly informs Paul the marriage was annulled and she declines to return with Doc. After drinking at a club, Paul and Holly return to her apartment, where she tells him she plans to marry Trawler for his money. A few days later, Paul learns a short story inspired by Holly will be published. On the way to tell Holly, he sees a newspaper headline stating that Trawler has married someone else. Holly and Paul agree to spend the day together, taking turns doing things each has never done before. At Tiffany's, he has the ring from a box of Cracker Jack engraved as a present for her. After spending the night together, Paul awakens to find Holly gone. 2E arrives and calmly accepts when he ends their affair, realizing he loves Holly. Returning from a date with José, Holly learns Fred has been killed and trashes her apartment. Months later, Holly prepares to move to Brazil and marry José but is arrested in connection with a drug ring run by Sally Tomato. Berman pays her bail, and Paul picks her up in a cab with all her things, including her nameless pet cat and a breakup letter from José. Holly decides to go to Brazil anyway, breaking bail, as Paul declares that he loves her. Resistant to being in a relationship, Holly chastises him and releases the cat into an alley. Paul storms out of the cab, leaving the engraved ring with Holly. After she puts it on, Holly runs back to the alley, where Paul is looking for the cat. After Holly finds him, she cradles him in her coat and, smiling, walks into Paul's embrace."
10195,Thor (film),ok,"In 965 AD, Odin, king of Asgard, wages war against the Frost Giants of Jotunheim and their leader Laufey, to prevent them from conquering the Nine Realms, starting with Earth. The Asgardians defeat the Frost Giants and seize the source of their power, the Casket of Ancient Winters. In the present,[b] Odin's son Thor prepares to ascend to the throne of Asgard but is interrupted when Frost Giants, secretly allowed in by his brother Loki, attempt to retrieve the Casket. Against Odin's order, Thor travels to Jotunheim to confront Laufey, accompanied by Loki, childhood friend Sif and the Warriors Three: Volstagg, Fandral, and Hogun. A battle ensues until Odin intervenes to save the Asgardians, destroying the fragile truce between the two races. As punishment for Thor's arrogance, Odin deems his son unworthy and strips his powers before exiling him to Earth as a mortal, accompanied by his hammer Mjölnir, now protected by an enchantment that allows only the worthy to wield it. Thor lands in New Mexico, where astrophysicist Dr. Jane Foster, her assistant Darcy Lewis, and mentor Dr. Erik Selvig find him. The local populace discovers Mjölnir, which S.H.I.E.L.D. agent Phil Coulson soon commandeers before forcibly acquiring Foster's data about the wormhole that delivered Thor to Earth. Having learned about  Mjölnir's nearby location, Thor seeks to retrieve it from the facility that S.H.I.E.L.D. has constructed and tries to lift it, but is unable to do so and is captured. With Selvig's help, he is freed and resigns himself to exile on Earth as he develops a romance with Foster. Loki discovers that he is Laufey's biological son, adopted by Odin after the war ended. Loki confronts Odin, who wearily falls into the deep ""Odinsleep"" to recover his strength. Loki takes the throne in Odin's stead and offers Laufey the chance to kill Odin and retrieve the Casket. Sif and the Warriors Three, unhappy with Loki's rule, attempt to return Thor from exile, convincing Heimdall, gatekeeper of the Bifröst—the means of traveling between worlds—to allow them passage to Earth. Aware and suspicious of their plan, Loki sends the Destroyer, a seemingly indestructible automaton, to pursue them and kill Thor. The warriors find Thor, but the Destroyer attacks and overpowers them, prompting Thor to offer himself instead. Struck by the Destroyer and near death, Thor proves himself worthy to wield Mjölnir. The hammer returns to him, restoring his powers and enabling him to defeat the Destroyer. Thor and Jane kiss each other goodbye before he leaves with his fellow Asgardians to confront Loki. In Asgard, Loki betrays and kills Laufey. Thor arrives, and Loki reveals his plan to destroy Jotunheim with the Bifröst Bridge. Thor fights Loki before destroying the Bifröst Bridge to stop Loki's plan. Odin awakens and prevents the brothers from falling into the abyss created in the wake of the bridge's destruction; when Odin rejects Loki's pleas for approval, Loki allows himself to fall into the abyss. Thor makes amends with Odin, admitting he is not ready to be king and longs to see Jane. Meanwhile, on Earth, Foster and her team search for a way to open a portal to Asgard. In a post-credits scene, Selvig is taken to a S.H.I.E.L.D. facility, where Nick Fury opens a briefcase and asks him to study a mysterious cube-shaped object,[c] which Fury says may hold untold power. An invisible Loki, who survived his fall and arrived on Earth, secretly prompts Selvig to agree."
152,Star Trek: The Motion Picture,ok,"In the 23rd century, a Starfleet monitoring station, Epsilon Nine, detects an alien entity hidden in a massive energy cloud, moving through space toward Earth. The cloud easily destroys three Klingon warships and Epsilon Nine on its course. At Earth, the starship Enterprise is undergoing a major refit; its former commanding officer, James T. Kirk, has been promoted to admiral. Starfleet Command assigns Enterprise to intercept the cloud entity, as the ship is the only one within range, requiring its new systems to be tested in transit. Citing his experience, Kirk uses his authority to take command of the ship, angering Captain Willard Decker, who has been overseeing the refit as its new commanding officer. Testing of Enterprise's new systems goes poorly; two officers, including the ship's Vulcan science officer Sonak, are killed by a malfunctioning transporter, and improperly calibrated engines nearly destroy the ship. Kirk's unfamiliarity with the ship's new systems increases the tension between him and Decker, who has been temporarily demoted to commander and first officer. Commander Spock arrives as a replacement science officer, explaining that while on his home world, undergoing a ritual to purge himself of emotion, he felt a consciousness that he believes emanates from the cloud, making him unable to complete the ritual because his human half felt an emotional connection to it. Enterprise intercepts the energy cloud and is attacked by an alien vessel. A probe appears on the bridge, attacks Spock, and vanishes the navigator, Ilia. She is replaced by a robotic replica, sent by the entity, which calls itself ""V'Ger"", to study the ""carbon units"" on the ship. Decker is distraught when it is revealed that the original Ilia, with whom he had a romantic history, has been killed. He attempts to extract information from the doppelgänger, which has Ilia's memories and feelings buried inside. Spock takes an unauthorized spacewalk to the vessel's interior and attempts a telepathic mind meld with it. In doing so, he learns that the entire vessel is V'Ger, a non-biological living machine. At the center of the massive ship, V'Ger is revealed to be Voyager 6, a 20th-century NASA space probe from the Voyager program. It was believed lost in a black hole. The damaged probe was found by an alien race of living machines that interpreted its programming as instructions to learn all that can be learned and return that information to its creator. The machines upgraded the probe to fulfill its mission, and on its journey, the probe gathered so much knowledge that it achieved sentience. Spock discovers that V'Ger cannot give itself a purpose other than its original mission; having learned everything it could on its journey home, it finds its existence meaningless. Before transmitting all its information, V'Ger insists that the ""Creator"" come in person to finish the sequence. The Enterprise crew realizes humans are the Creator. Decker offers himself to V'Ger; he merges with the Ilia probe and V'Ger, creating a new life form that disappears into space. With Earth saved, Kirk directs Enterprise to space for future missions."
496243,Parasite (2019 film),ok,"Kim Ki-taek and Chung-sook live in a semi-basement flat (banjiha) in Seoul with their daughter Ki-jung and son Ki-woo. As the family has financial struggles and low-income jobs, family friend Min-hyuk gives them a scholar's rock meant to promise wealth. Leaving to study abroad, he suggests that Ki-woo lie about his qualifications to take over Min-hyuk's job as an English tutor for Da-hye, the daughter of the wealthy but naïve Park family. Min-hyuk trusts Ki-woo because he likes Da-hye and wants to ask her out when he returns. After Ki-jung helps forge a certificate for him, Ki-woo, posing as a Yonsei University student named ""Kevin"", goes to the Parks' home, where he is hired by the mother Mrs Park by the end of his first lesson. The Kims' scheme is to secure jobs for each family member within the Park household while concealing their true identities. Ki-woo recommends ""Jessica,"" actually Ki-jung, as an art therapist for the Parks' young son, Da-song, who has been traumatised from having a seizure after seeing a ""ghost"" in their kitchen. Ki-jung then frames Yoon, the Parks' chauffeur, by making it appear as though he had a sexual encounter in the car, leading to Ki-taek being hired as his replacement. The Kims exploit the peach allergy of the Parks' longtime housekeeper, Moon-gwang, to convince Mrs Park that Moon-gwang has tuberculosis, and Chung-sook is hired as her replacement. Meanwhile, Ki-woo begins a secret romantic relationship with Da-hye. While the Parks are away on a camping trip, the Kims revel in the luxuries of the house when Moon-gwang suddenly appears at the door, claiming to have forgotten something in the basement. She goes through a hidden entrance to an underground bunker created by the house's architect and previous owner, who had kept its existence secret from the Parks. There, Moon-gwang's husband, Geun-sae, has been hiding from loan sharks and is revealed to be the ""ghost"" Da-song saw. Moon-gwang begs Chung-sook to allow Geun-sae to continue living there in exchange for regular payments, but the three other Kims, who are eavesdropping, accidentally reveal their true identities. Moon-gwang films them and threatens to expose their deception to the Parks. After the Parks call to inform the Kims that they are returning early due to a sudden severe rainstorm, the Kims quickly destroy all evidence of their ruse and subdue Moon-gwang and Geun-sae in the bunker, although Moon-gwang is injured during the struggle. The Kims manage to escape, but the torrential rain floods their flat with sewage water, forcing them to take shelter in a gymnasium alongside other displaced people. The next day, Mrs Park organises an impromptu garden party for Da-song's birthday, with the elder Kims assisting while the younger Kims are invited as guests. Ki-woo enters the bunker with his scholar's rock, with intentions unknown. Moon-gwang is already dead from injuries sustained in the previous day's brawl; Geun-sae bludgeons Ki-woo with the rock, leaving him unconscious. Geun-sae then leaves the bunker and stabs Ki-jung with a kitchen knife in front of horrified party guests. Da-song seizes upon seeing the ""ghost"" again. Chung-sook impales Geun-sae with a barbecue skewer after a struggle. While Ki-taek tends to Ki-jung, Mr Park orders him to drive Da-song to the hospital. Ki-taek, gradually enraged by the Parks' lack of empathy or awareness of their own privilege, stabs him with Geun-sae's knife and flees. Weeks later, Ki-woo is recovering from brain surgery, and he and Chung-sook have been convicted of fraud and placed on probation. Ki-jung has died from her injuries, and Ki-taek – now a wanted fugitive – has disappeared. Geun-sae is presumed to have been a random homeless man, and the motives for the murders remain unsolved. Ki-woo spies on the Parks' former home, now owned by a foreign family, and notices a Morse code message in a light visible from outside. Ki-taek, hiding in the bunker, has buried Moon-gwang in the garden and sends daily messages, hoping Ki-woo will see them. Still living in a semi-basement flat with his mother, Ki-woo writes a letter to Ki-taek, vowing to earn enough money one day to buy the house and free him."
105,Back to the Future,ok,"In 1985, teenager Marty McFly lives in Hill Valley, California, with his depressed alcoholic mother, Lorraine; his older siblings, who are professional and social failures; and his meek father, George, who is bullied by his supervisor, Biff Tannen. After Marty's band fails a music audition, he confides in his girlfriend, Jennifer Parker, that he fears becoming like his parents despite his ambitions. That night, Marty meets his eccentric scientist friend, Emmett ""Doc"" Brown, in the Twin Pines mall parking lot. Doc unveils a time machine built from a modified DeLorean, powered by plutonium he swindled from Libyan terrorists. After Doc inputs a destination time of November 5, 1955 (the day he conceived his time travel invention), the terrorists arrive unexpectedly and gun him down. Marty flees in the DeLorean, inadvertently activating time travel when reaching 88 miles per hour (142 kilometers per hour). Arriving in 1955, Marty discovers he has no plutonium, so he cannot return to 1985. While exploring a burgeoning Hill Valley, Marty encounters his teenage father, discovering Biff was bullying George even then. George falls into the path of an oncoming car while spying on the teenage Lorraine changing clothes, and Marty is knocked unconscious while saving him. He wakes to find himself tended to by Lorraine, who becomes infatuated with him. Marty tracks down and convinces a younger Doc that he is from the future. Doc explains the only source available in 1955 capable of generating the 1.21 gigawatts of power required for time travel is a lightning bolt. Marty shows Doc a flyer from the future that documents an upcoming lightning strike at the town's courthouse. As Marty's siblings begin to fade from a photo he carries with him, Doc realizes Marty's actions are altering the future and jeopardizing his existence: Lorraine was supposed to tend to George instead of Marty after the car accident. Early attempts to get his parents acquainted fail, Marty gains the animosity of Biff, and Lorraine's infatuation with Marty deepens. Lorraine asks Marty to the school dance, and he plots to feign inappropriate advances on her, allowing George to intervene and rescue her, but the plan goes awry when Biff's gang locks Marty in the trunk of the performing band's car, while Biff forces himself onto Lorraine. George arrives expecting to find Marty but is assaulted by Biff. After Biff hurts Lorraine, an enraged George knocks him unconscious and escorts the grateful Lorraine to the dance. The band frees Marty from their car, but the lead guitarist injures his hand in the process, so Marty takes his place, performing while George and Lorraine share their first kiss. With his future no longer in jeopardy, Marty hurries to the courthouse to meet Doc. Doc discovers a letter from Marty warning him about his future and rips it up, worried about the consequences. To save Doc, Marty recalibrates the DeLorean to return ten minutes before he had left the future. The lightning strikes, sending Marty back to 1985, but the DeLorean breaks down, forcing Marty to run back to the mall. He arrives as Doc is being shot. While Marty grieves at his side, Doc sits up, revealing he had pieced Marty's note back together and is wearing a bulletproof vest. He takes Marty home and departs to 2015 in the DeLorean. Marty wakes the next morning, discovering his father is now a confident and successful science fiction author, his mother is fit and happy, his siblings are successful, and Biff is a servile valet in George's employ. As Marty reunites with Jennifer, Doc suddenly reappears in the DeLorean, insisting they return with him to the future to help their children.[a]"
150540,Inside Out,ok,"In the mind of a young girl named Riley Andersen are five personified emotions that influence her actions: Joy, Sadness, Fear, Disgust, and Anger. They process her experiences into memories stored as colored orbs in ""Headquarters"", her conscious mind, and send them into long-term memory each night. The aspects of the most important ""core memories"" within her personality take the form of five floating islands. Joy acts as the leader and tries to limit Sadness's influence, perceiving her as an unnecessary burden for Riley. At age 11, Riley moves from Minnesota to San Francisco for her father's new job. On Riley's first day at her new school, Sadness retroactively saddens joyous memories, making Riley cry in front of her class. This creates Riley's first sad core memory. Joy tries to dispose of it using a pneumatic tube but knocks loose the other core memories during a struggle with Sadness, disabling the personality islands. Joy, Sadness, and the core memories are sucked out of Headquarters. In their absence, Anger, Fear, and Disgust attempt to create new happy core memories but push Riley away from her parents, friends, and favorite activities. Goofball, Friendship, and Hockey Island thus collapse into the Memory Dump, where forgotten things gradually disappear forever. In the vast long-term memory area, Joy and Sadness encounter Bing Bong, Riley's childhood imaginary friend, who suggests riding the ""train of thought"" back to Headquarters. They miss it after Bing Bong naively leads them into Abstract Thought. In Imagination Land, which is under heavy renovations, Bing Bong bemoans Riley outgrowing him and rejects Joy's attempts to cheer him up in favor of Sadness's empathy. The trio catches the train, but it stops when Riley goes to sleep. At Dream Productions, Bing Bong is imprisoned in Subconscious for crashing a dream being filmed; Joy and Sadness get themselves arrested and free him as well as Jangles the Clown, Riley's scariest memory, frightening her awake. Meanwhile, Anger inserts an idea bulb into the console to make Riley run away to Minnesota, believing this will form new happy memories. Honesty Island collapses after Riley steals her mother's credit card, leaving only Family Island and derailing the train. Joy tries to ride a ""recall tube"" back to Headquarters, but the ground below collapses, plunging her and Bing Bong into the Memory Dump. Joy discovers a sad memory of Riley losing an ice hockey game that turns happy when Riley's parents and friends comfort her. She realizes Sadness's purpose is to alert others when Riley is emotionally overwhelmed. Joy and Bing Bong try to use his song-fueled rocket wagon to escape the Memory Dump, but cannot ascend due to their combined weight. On the third attempt, Bing Bong jumps out of the wagon mid-ascent, fading away as Joy escapes to freedom. Anger's idea bulb shorts out the console, putting Riley into depression as she boards a bus to Minnesota. Joy and Sadness reunite and return to Headquarters while Family Island nears collapse. Joy hands control of the console to Sadness, who removes the idea bulb, restarting the console and prompting Riley to get off the bus and rush home. Joy, realizing Riley had independently made up her mind about moving to San Francisco, allows Sadness to make the core memories sad. Riley bursts into tears, telling her parents she misses her old life; they comfort her and admit they also miss Minnesota. Sadness and Joy join hands on the console, creating a new core memory that is both happy and sad. A new Family Island forms, representing Riley's acceptance of her life in San Francisco. One year later, 12-year-old Riley has adapted to her new home, made new friends, and acquired new hobbies. Inside Headquarters, Riley's emotions admire both her new and re-formed personality islands, powered by multicolored core memories that contain mixed emotions, and are given an expanded console allowing them to work as a team. Although they admit slight concern over a red alarm light marked ""PUBERTY"", they decide that it is not important at the moment."
129,Spirited Away,ok,"Ten-year-old Chihiro Ogino and her parents are traveling to their new home in the countryside. They drive down an unexpected road and arrive in front of a tunnel leading to what appears to be an abandoned resort town, which her parents insist on exploring over Chihiro's protests. Upon finding a seemingly empty restaurant stocked with food, Chihiro's parents begin to eat. While exploring further, Chihiro finds an enormous bathhouse and meets a boy named Haku, who warns her to return across the riverbed before sunset. Spirits begin to appear, and Chihiro discovers that her parents have been transformed into pigs and that she cannot cross the now-flooded river. Haku finds Chihiro and tells her to ask for a job from the bathhouse's boiler-man, Kamaji, a yōkai spirit. Kamaji instead asks a worker named Lin to bring Chihiro to Kamaji's master Yubaba, the witch who runs the bathhouse and who transformed Chihiro's parents. Yubaba tries to frighten Chihiro away but eventually gives her a work contract. As Chihiro signs the contract with her name (千尋), Yubaba takes away the second kanji in her name, renaming her Sen (千). Chihiro soon forgets her real name, and Haku explains that Yubaba controls people by taking their names; if Chihiro completely forgets her name like Haku did, she will never be able to leave the spirit world. Workers in the bathhouse mock Chihiro. While working, she invites a silent creature named No-Face inside, believing him to be a customer. The spirit of a polluted river arrives as Chihiro's first customer. After she cleans him, he gives her a magic emetic dumpling as a token of gratitude. Meanwhile, No-Face demands food from the bathhouse workers, giving them gold in exchange. When Chihiro declines the gold and leaves to find Haku, No-Face angrily swallows some workers. Chihiro sees paper shikigami spirits attacking a dragon and recognizes the dragon as a metamorphosed Haku. When the seriously injured Haku crashes into Yubaba's penthouse, Chihiro follows him upstairs. A shikigami that stowed away on her back shapeshifts into Yubaba's twin sister Zeniba, who turns Yubaba's son, Boh, into a mouse and creates a false copy of him. Zeniba tells Chihiro that Haku has stolen a magic golden seal from her that carries a deadly curse. Haku strikes the shikigami, causing Zeniba to vanish. Chihiro and Haku fall into the boiler room, where she feeds him part of the emetic dumpling, causing him to vomit up the seal and a slug, which Chihiro kills. Chihiro resolves to return the seal and apologize to Zeniba. She confronts an engorged No-Face and feeds him the rest of the dumpling, forcing him to regurgitate the workers. No-Face follows Chihiro out of the bathhouse, and Lin helps them leave. Chihiro, No-Face, and Boh travel to see Zeniba using train tickets from Kamaji. Meanwhile, Yubaba nearly orders Chihiro's parents slaughtered, but Haku reveals Boh is missing and offers to retrieve him if Yubaba releases Chihiro and her parents. Yubaba agrees, but only if Chihiro can pass a final test. Zeniba reveals to Chihiro that Yubaba used the slug to control Haku. Zeniba tells Chihiro that she cannot help her parents, but she makes her a magical protective hairband. Using his dragon form, Haku flies Chihiro and Boh back, while No-Face decides to stay with Zeniba. Mid-flight, Chihiro recalls falling into the Kohaku River years earlier and being washed safely ashore. She correctly guesses Haku's true identity as the spirit of the Kohaku River, which restores his memory. When they arrive at the bathhouse, Yubaba tests Chihiro, asking her to identify her parents among a group of pigs. After she answers correctly that none of the pigs are her parents, her contract disappears and she is given back her real name. Haku takes her to the now-dry riverbed and vows to meet her again. Chihiro crosses the riverbed to her restored parents. Shortly before leaving for her new home, Chihiro looks back at the tunnel, still wearing her hairband from Zeniba."
88,Dirty Dancing,ok,"In the summer of 1963, teenager Frances ""Baby"" Houseman is vacationing with her family—cardiologist father Jake, mother Marge, and older sister Lisa—at Kellerman's, an upscale Catskills resort in the Borscht Belt owned by Jake's sarcastic best friend Max. Exploring one night, Baby secretly observes Max instructing the waiters, all Ivy League students, to romance the guests' daughters, no matter how unattractive. Max also demeans the working-class entertainment staff, including Johnny Castle, one of the dance instructors. Baby is attracted to Johnny and dances briefly with him after his kindhearted cousin, Billy, introduces them at a secret ""dirty dancing"" party for resort staff. She believes Johnny is romantically involved with his dance partner Penny, but Billy explains that the two are childhood friends and Johnny has always looked out for her. Max's grandson Neil flirts with Baby in the meantime. Baby learns Penny is pregnant by Robbie, a waiter and womanizer who attends the Yale School of Medicine and has turned his eye to Lisa. When Robbie refuses to help Penny, Baby borrows money from her father, without explaining why, to pay for Penny to have an abortion. At first, Penny declines to accept the money for the abortion, as it would cause her and Johnny to miss a performance at a nearby resort, costing them the season's salary, but Baby volunteers to stand in for Penny. Johnny and Penny meet with Baby several times over the next few days to teach her the routine. Baby has difficulty learning the complex routine, initially frustrating Johnny. However, they develop a mutual attraction, and despite their failure to execute a climactic lift, Johnny and Baby's performance is successful. Back at Kellerman's, Penny is badly injured by the shady abortion, so Baby enlists her father's help to stabilize Penny. Angered by Baby's deception, and assuming it was Johnny who got Penny pregnant, Dr. Houseman commands Baby to stay away from them. Baby sneaks off to apologize to Johnny for her father's treatment, but Johnny feels he deserves it due to his lower status; Baby reassures him of his worth, declaring her love, and they spend the night together. They begin secretly seeing each other, and her father refuses to talk to her. Johnny rejects an indecent proposal by Vivian Pressman, an adulterous wife, who instead sleeps with Robbie, inadvertently foiling Lisa's plan to lose her virginity to him. When Vivian spots Baby leaving Johnny's cabin, she feels spurned and attempts revenge on Johnny by claiming he stole her husband's wallet. Max is ready to fire Johnny, but Baby backs up his alibi, revealing she was with him the night of the theft. The real thieves, Sydney and Sylvia Schumacher, are caught, but he is still fired for his relationship with Baby. Baby is distraught, but Johnny is moved by her attempts to stand up for him. Before leaving, Johnny tries to talk to Dr. Houseman but is accused of only trying to get at Baby. She later apologizes to her father for lying, but not for her romance with Johnny, and then accuses him of classism. At the end-of-season talent show, Dr. Houseman gives Robbie a recommendation letter for medical school. However, when Robbie admits he got Penny pregnant, and then insults her and Baby, Dr. Houseman angrily grabs the letter back. Johnny arrives and disrupts the final song by bringing Baby up on stage and declaring that she has made him a better person, and then they perform the dance they practiced all summer, ending with a successful climactic lift. Dr. Houseman admits he was wrong about Johnny and reconciles with Baby, and all the staff and guests join Baby and Johnny dancing to ""(I've Had) The Time of My Life""."
67,Paradise Now,ok,"Paradise Now follows Palestinian childhood friends Said and Khaled who live in Nablus and have been recruited for suicide attacks in Tel Aviv. It focuses on what would be their last days together. Their handlers from an unidentified militant group tell them the attack will take place the next day. The pair record videos glorifying God and their cause, and bid their unknowing families and loved ones goodbye, while trying to behave normally to avoid arousing suspicion. The next day, they shave off their hair and beards and don suits in order to look like Israelis. Their cover story is that they are going to a wedding. An explosive belt is attached to each man; the handlers are the only ones with the keys needed to remove the belts without detonating them. The men are instructed to detonate the bombs at the same place, a military checkpoint in Israel, with a time interval of 15 minutes so that the second bomb will kill police arriving after the first blast. They cross the Israeli border but have to flee from guards. Khaled returns to their handlers, who fled by the time Said arrives. The handlers remove Khaled's explosive belt and issue a search for Said. Khaled believes he is the best person to find Said since he knows him well, and he is given until the end of that day to find him. After Said escapes from the guards, he approaches an Israeli settlement. At one point, he considers detonating the bomb on a commercial bus, but he decides not to when he sees a child on board. Eventually, Said reveals his reason for taking part in the suicide bombing. While in a car with Suha (Lubna Azabal), a woman he has fallen in love with, he explains that his father was an ameel (a ""collaborator"", or Palestinian working for the Israelis), who was executed for his actions.  He blames the Israelis for taking advantage of his father's weakness. Khaled eventually finds Said, who is still wearing the belt and about to detonate it while lying on his father's grave. They return to the handlers, and Said convinces them that the attack need not be canceled, because he is ready for it.  They both travel to Tel Aviv. Influenced by Suha, who discovered their plan, Khaled cancels his suicide attack. Khaled tries to convince Said to back off as well. However, Said manages to shake Khaled by pretending to agree. The film ends with a long shot of Said sitting on a bus carrying Israeli soldiers, slowly zooming in on his eyes before suddenly cutting to white. The screen then fades to black."
241,Natural Born Killers,ok,"Mickey Knox and his wife Mallory stop at a diner in the New Mexico desert. A duo of rednecks arrive and begin sexually harassing Mallory as she dances by a jukebox. She initially encourages it before beating one of the men viciously. Mickey joins her, and the couple murder everyone in the diner, save one customer, to whom they proudly declare their names before leaving. The couple camp in the desert, and Mallory reminisces about how she met Mickey, a meat deliveryman who serviced her family's household. After a whirlwind romance, Mickey is arrested for grand theft auto and sent to prison; he escapes and returns to Mallory's home. The couple murders Mallory's sexually abusive father and neglectful mother, but spare the life of Mallory's little brother, Kevin. The couple then have an unofficial marriage ceremony on a bridge. Later, Mickey and Mallory hold a woman hostage in their hotel room. Angered by Mickey's desire for a threesome, Mallory leaves, and Mickey rapes the hostage. Mallory drives to a nearby gas station, where she flirts with a mechanic. They begin to have sex on the hood of a car, but after Mallory suffers a flashback of being raped by her father, and the mechanic recognizes her as a wanted murderer, Mallory kills him. The pair continue their killing spree, ultimately claiming 52 victims in New Mexico, Arizona and Nevada. Pursuing them is detective Jack Scagnetti, who became obsessed with mass murderers at the age of eight after having witnessed the murder of his mother at the hand of Charles Whitman. Beneath his heroic façade, he is also a violent psychopath and has murdered prostitutes in his past. Following the pair's murder spree is self-serving tabloid journalist Wayne Gale, who profiles them on his show American Maniacs, soon elevating them to cult-hero status. Mickey and Mallory become lost in the desert after taking psychedelic mushrooms, and they stumble upon a ranch owned by Warren Red Cloud, a Navajo man who provides them food and shelter. As Mickey and Mallory sleep, Warren, sensing evil in the couple, attempts to exorcise the demon that he perceives in Mickey, chanting over him as he sleeps. Mickey, who has nightmares of his abusive parents, awakens during the exorcism and shoots Warren to death. As the couple flee, they feel inexplicably guilty and come across a giant field of rattlesnakes, where they are badly bitten. They reach a drugstore to purchase snakebite antidote, but the store is sold out. A pharmacist recognizes the couple and triggers an alarm before Mickey kills him. Police arrive shortly after and accost the couple and a shootout ensues. The police end the showdown by beating the couple while a news crew films the action. One year later, the imprisoned Mickey and Mallory are thought to be criminally insane and are scheduled to be transferred to psychiatric hospitals, with Scagnetti overseeing their transfer. Warden Dwight McClusky tells the detective that he should kill the Knoxes during their transfer and claim they had tried to escape. Meanwhile, Gale has persuaded Mickey to submit to a live interview that will air after the Super Bowl. During the interview, Mickey declares himself a ""natural born killer"", inspiring the other inmates to start a prison riot. After McClusky terminates the interview, Mickey is left alone with Gale, the film crew and several guards. He manages to overpower a guard and kill most of the people in the room, taking Gale and several others hostage. Gale and his crew give a live television report that profiles the riot. Meanwhile, when Scagnetti attempts to seduce Mallory in her cell, she beats him viciously before another guard subdues her with tear gas. Mickey and Gale reach Mallory's cell, where Mickey kills the guards and engages in a Mexican standoff with Scagnetti before Mallory kills him. Gale's entire television crew is killed trying to escape the riot, while Gale himself begins indulging in violence, shooting at prison guards. Mickey and Mallory steal a van and escape into the woods with Gale, to whom they give a final interview before declaring that he must die. He attempts various arguments to change their minds, appealing to their trademark practice of leaving one survivor. Mickey informs him that they are leaving a witness to tell the tale: his camera. Gale accepts his fate and is shot to death. Unbeknownst to the three, the entire exchange is transmitted to a horrified news anchor through Gale's in-ear microphone. Several years later, Mickey and Mallory, still fugitives, travel in an RV, as a pregnant Mallory watches their two children play."
135397,Jurassic World,ok,"Twenty-two years after the Jurassic Park disaster on Isla Nublar in 1993,[c] a new dinosaur theme park called Jurassic World has been built on the island, owned by Masrani Global Corporation in affiliation with InGen, which created the dinosaurs. Brothers Zach and Gray Mitchell visit the park, where their aunt Claire Dearing works as the operations manager. She assigns her assistant Zara to guide them, but they evade her and explore on their own. Navy veteran and ethologist Owen Grady has been training a Velociraptor squad composed of Blue, Charlie, Delta, and Echo, and researching their intelligence. Based on the raptors' ability to follow commands, the head of InGen security Vic Hoskins believes that the animals can be weaponized, an idea Owen and his assistant Barry vehemently oppose. Claire and Jurassic World owner Simon Masrani inspect the park's newest upcoming attraction, the Indominus rex, a transgenic dinosaur created by geneticist Dr. Henry Wu. Masrani tasks Owen with evaluating the enclosure's security. Owen warns Claire that the Indominus lacks social skills, making it dangerous and unpredictable. When the Indominus seemingly escapes, Owen and two other workers investigate. The dinosaur, capable of camouflaging itself and masking its heat signature, suddenly appears and devours the other two men, but Owen manages to survive. The Indominus escapes its paddock and into the island's interior. Owen urges Masrani to destroy it, but Masrani, trying to protect his company's investment, sends a unit to subdue it using non-lethal weaponry. After most of the unit is killed, Claire orders the evacuation of the northern sector, while Masrani confronts Wu about the Indominus design. While exploring the park in a tour vehicle, Zach and Gray enter a restricted area. The Indominus arrives and destroys the vehicle, but the boys narrowly escape. They find the ruins of the original Jurassic Park visitor center, repair an old Jeep Wrangler, and drive back to the park resort. As Claire and Owen search for the boys, they barely escape the Indominus as well. Masrani and two soldiers hunt the Indominus by helicopter, but it breaks into the park's aviary. The Pteranodons and Dimorphodons, startled by the Indominus, flee the aviary and fly into Masrani's helicopter, causing it to crash and kill its passengers. The escaped pterosaurs converge on the resort and attack everyone, including Zara, who is then devoured by a Mosasaurus. Zach and Gray find Owen and Claire at the resort as armed personnel shoot down the pterosaurs. Hoskins assumes command and orders the raptors to be used to track the Indominus, whereupon Owen reluctantly complies and spearheads the assault with the raptors. Upon finding it, the dinosaurs begin communicating with one another. Owen realizes that the Indominus has Velociraptor DNA, and it usurps Owen's command of the raptors, becoming the pack's new alpha. Soldiers fire on the Indominus, but it escapes. The raptors slaughter most of the soldiers, while Charlie is killed in the chaos. Hoskins evacuates Wu and the dinosaur embryos from the island to protect his research. Owen, Claire, and the boys find Hoskins at the lab securing more embryos, but Delta breaks in and kills him. Owen restores his bond with the three surviving raptors before the Indominus reappears. The raptors attack the hybrid, but Delta and Echo are killed while Blue is knocked unconscious. Claire releases Jurassic Park’s veteran Tyrannosaurus rex[d]  from its paddock and lures it to the Indominus. The dinosaurs attack each other, and the Indominus eventually overpowers the Tyrannosaurus, but Blue recovers and joins the battle. The duo fights the Indominus until it gets cornered at the lagoon's edge, where it is dragged underwater by the Mosasaurus. Owen and Blue part ways afterwards. The survivors are evacuated, and the island is abandoned once again. Zach and Gray reunite with their parents, while Owen and Claire decide to stay together."
27205,Inception,ok,"Dom Cobb and Arthur are professional thieves who perform corporate espionage using experimental dream-sharing technology to infiltrate their targets' subconscious and extract information. Their latest target Saito is impressed with Cobb's ability to layer multiple dreams within each other. He offers to hire Cobb for the ostensibly impossible job of performing ""inception"": implanting Robert Fischer, the son of Saito's competitor Maurice Fischer, with the idea to dissolve his father's conglomerate. In return, Saito promises to clear Cobb's criminal status, allowing him to return home to his children. Cobb accepts the offer and recruits a forger named Eames, a chemist named Yusuf, and an architecture student named Ariadne. They devise a three-level dream structure in order for Robert to accept the implanted idea as his own. Ariadne is tasked with designing the architecture for all three levels, a task Cobb himself cannot do for fear of being sabotaged by his mind's projection of his late wife Mal. Due to time dilation with reality, time runs slower with each descending layer, with the dreamer on each staying behind to perform a music-synchronized ""kick"" that simultaneously awakens dreamers on all three levels. Once Maurice Fischer dies, Saito buys the airline for Robert's commercial flight to America. The team sedates Robert into the first level, a raining city dreamt by Yusuf. They successfully abduct Robert, but discover that he is trained to anticipate such a scenario and has subconscious defensive projections; these projections attack, severely wounding Saito in the process. Cobb reveals that while dying in a dream usually awakens dreamers, Yusuf's sedatives will instead send them into ""Limbo"", a world of raw subconscious and extreme time dilation that is indistinguishable from reality. Eames impersonates Robert's godfather Peter Browning to introduce the idea of an alternate will to dissolve the company. Cobb explains to Ariadne that he and Mal entered Limbo while experimenting with dream-sharing, experiencing fifty years in one night. After waking up, Mal still believed she was dreaming. Attempting to wake up, she committed suicide and framed Cobb for her murder to force him to do the same. Cobb fled the U.S., leaving his children behind. Yusuf drives the team around the first level as they are sedated into the second level, a hotel dreamed by Arthur. Cobb persuades Robert that Browning has kidnapped him to stop the dissolution and that Cobb is a defensive projection. He leads Robert to the third level, an alpine fortress dreamt by Eames, as a ruse to enter Robert's subconscious. In the third level, the team infiltrates the fortress with a projection of Maurice inside, where the inception itself can be performed. However, Yusuf performs his kick too soon by driving off a bridge, forcing Arthur and Eames to improvise a new set of kicks synchronized with them hitting the water by rigging an elevator and the fortress, respectively, with explosives. Mal then appears and kills Robert before he can be subjected to the inception; he and Saito are subsequently lost in Limbo, forcing Cobb and Ariadne to rescue them in time for Robert's inception and Eames's kick. Cobb reveals that during their time in Limbo, Mal refused to return to reality; Cobb had to convince her it was only a dream, accidentally incepting in her the belief that the real world was still a dream. Cobb makes peace with his role in Mal's death. Ariadne kills Mal's projection and wakes Robert up with a kick. Revived into the third level, Robert discovers the planted idea: his dying father telling him to create something for himself. While Cobb searches for Saito in Limbo, the others ride the synced kicks back to reality. Cobb finds an aged Saito and reminds him of their agreement. All of the dreamers awaken on the plane, and Saito makes a phone call. Arriving in Los Angeles, Cobb passes the immigration checkpoint, and his father-in-law accompanies him to his home. Cobb uses a top that spins indefinitely in a dream to verify that he is in the real world, but joins his children before he can observe the result."
187,Sin City (film),no_plot,
168,Star Trek IV: The Voyage Home,ok,"In 2286, an enormous cylindrical probe moves through space, sending out an indecipherable signal and disabling the power of every ship it passes. As it takes up orbit around Earth, its signal disables the global power grid and generates planetary storms, creating catastrophic, sun-blocking cloud cover. Starfleet Command sends out a planetary distress call and warns all space-faring vessels not to approach Earth. On the planet Vulcan, the former officers of the late USS Enterprise are living in exile. Accompanied by the Vulcan Spock, still recovering from his resurrection,[a] the crew take their captured Klingon Bird of Prey and return to Earth to face trial for their actions. Receiving Starfleet's warning, Spock determines that the probe's signal matches the song of extinct humpback whales and that the object will continue to wreak havoc until its call is answered. The crew uses their ship to travel back in time via a slingshot maneuver around the Sun, planning to return with a whale to answer the alien signal. Arriving in 1986, the crew finds their ship's power drained by the time travel maneuver. Hiding the ship in San Francisco's Golden Gate Park using its cloaking device, the crew split up to accomplish several tasks: Admiral James T. Kirk and Spock attempt to locate humpback whales, while Montgomery Scott, Leonard McCoy, and Hikaru Sulu construct a tank to hold the whales they need for a return to the 23rd century. Uhura and Pavel Chekov are tasked to find a nuclear reactor, whose energy leakage can be collected and used to regenerate the decaying dilithium crystals. Kirk and Spock discover a pair of humpback whales in the care of Dr. Gillian Taylor at a Sausalito aquarium and learn they will soon be released into the wild. Kirk tells her of his mission and asks for the tracking frequency for the whales, but she refuses to cooperate. Meanwhile, Scott and McCoy trade the formula of transparent aluminum for the materials needed for the whale tank. At the same time, Sulu secures the use of a ""Huey"" helicopter to transport them. Uhura and Chekov locate a nuclear-powered ship, the aircraft carrier Enterprise. They collect the power they need but are discovered on board. Uhura is beamed out, but Chekov is captured, interrogated (under the assumption he is a Soviet spy), and subsequently severely injured in an escape attempt. Gillian learns the whales have been released early and goes to Kirk for assistance. Gillian, Kirk, and McCoy rescue Chekov from a nearby hospital and return to the now-recharged Bird of Prey. After saving the whales from whalers and transporting them aboard, the crew returns with Gillian to their own time. On approaching Earth, the ship loses power due to the alien probe and crash-lands into the waters of San Francisco Bay. Once released from near-drowning, the whales respond to the probe's signal, causing the object to reverse its effects on Earth and return to the depths of space. Later, the Enterprise crew stand judgment before the Federation Council, which acknowledges the crew's part in saving the planet, and drops all pending charges except the one against Kirk, for disobeying a superior officer. Kirk is demoted to the rank of captain, but as a furtive reward for his heroics, he is returned to the command of a starship. Kirk and Gillian part ways, as she has been assigned to a science vessel by Starfleet. Spock's father Sarek finally accepts his son's earlier choice to enter Starfleet, further mending their broken relationship. The crew discovers they have been awarded the newly christened USS Enterprise (NCC-1701-A) and leaves on a shakedown mission."
186,Lucky Number Slevin,ok,"Two bookies are separately ambushed and murdered. In a bus terminal, a young man is approached by Goodkat, who tells the story of Max: two decades earlier, Max borrowed money from the Mob to bet on a fixed horse race after eavesdropping on conversations between mobsters, only for the horse to collapse and die just short of the finish line. To set an example to make sure nobody else will try to bet on a fixed race, the Mob killed Max, his wife, and his son Henry. Goodkat then describes the ""Kansas City Shuffle"", a misleading double bluff, and kills the young man, taking the body in a truck. In New York City, Slevin Kelevra is staying in his friend Nick Fisher's apartment and, upon being visited by neighbor Lindsey, discusses Nick's disappearance and why the apartment was unlocked. Lindsey suggests that Nick might be missing. After she leaves, Slevin is kidnapped by two henchmen who, mistaking Slevin for Nick, take him to ""The Boss"". The Boss orders him to repay a gambling debt or kill the son of his rival, ""The Rabbi"". Believing The Rabbi is responsible for assassinating his son (seen in the intro), The Boss wants The Rabbi's gay son, Yitzchok ""The Fairy"", to be killed in revenge. Slevin returns to the apartment but is kidnapped again, this time by two of The Rabbi's Jewish henchmen. The Rabbi also mistakes Slevin for Nick and also demands he repay a gambling debt. Slevin tells The Boss he will kill Yitzchok. Meanwhile, it becomes apparent that Goodkat is involved with both sides, that he is responsible for Nick's debts being called in, and that he plans to kill Slevin after Yitzchok dies and make it look like they both committed suicide. Slevin is approached by Detective Brikowski, who is investigating The Boss and The Rabbi. Brikowski has also been informed that Goodkat is back in town for the first time in twenty years and thinks there is a connection between The Boss, The Rabbi, Goodkat, and Slevin. After pretending to be gay, Slevin gets invited to Yitzchok's apartment, where he kills Yitzchok, and Goodkat (revealed to be working with Slevin) kills the bodyguards. They use the man Goodkat killed in the airport (revealed to be Fisher) in Slevin's place. The two then kidnap The Boss and The Rabbi, whom they restrain in The Boss's penthouse. There, Slevin reveals he is Henry, Max's son. The mobsters who killed Max were The Boss and The Rabbi. Goodkat was the assassin hired to kill young Henry. After an attack of conscience, Goodkat raised Henry as his own. They planted Slevin as Nick (the man in the bus terminal) to get him close to them; Goodkat killed the bookies while Slevin killed The Boss' son. Slevin suffocates The Rabbi and The Boss by taping plastic bags over their heads, killing them the same way they killed his father. Since Lindsey photographed Goodkat while investigating Nick's disappearance, Goodkat shoots her to protect his identity. While hunting for Slevin, Brikowski gets a phone call from his boss and learns the meaning of the pseudonym Slevin Kelevra: ""Lucky Number Slevin"" was the horse Max had bet on, and ""Kelevra"" is Hebrew for bad dog, mirroring Goodkat's name. Brikowski murdered Slevin's mother to pay his own gambling debts twenty years ago. As he hears this story, Brikowski resigns himself to his fate as Slevin appears in his back seat and shoots him dead. Later, at the bus terminal, Slevin is met by Lindsey. Goodkat previously informed Slevin that he had to murder Lindsey. However, Slevin, who's fallen in love with Lindsey, explained his true identity to her and helped fake her death. When Goodkat appears, aware of the deception, Slevin explains he had to save her and did not think Goodkat would understand. Having saved Slevin as a boy, Goodkat states that he understands and agrees to leave Lindsey alone. Goodkat returns Slevin's father's old watch and disappears into the crowd."
169,Predator 2,ok,"In 1997, Los Angeles is experiencing a heat wave and a turf war between heavily armed Colombian and Jamaican drug cartels. A Predator watches a shootout between the gangs and the LAPD, observing as Lieutenant Mike Harrigan charges into the firefight to rescue two wounded officers and drive the Colombians back into their hideout. The Predator assaults the Colombians, causing a disturbance that prompts Harrigan and detectives Leona Cantrell and Danny Archuleta to defy orders and enter the hideout, where they find the slaughtered Colombians. On the roof, the crazed gang leader gets a glimpse of the Predator and shoots at it before falling to his death after Harrigan shoots him. Harrigan also briefly sees the invisible Predator, but dismisses it as a mirage due to his acrophobia. At the station, his superiors reprimand Harrigan for his disobedience. He is then introduced to Special Agent Peter Keyes, the leader of a task force investigating the cartels, and Detective Jerry Lambert, the newest member of Harrigan's team. Later that evening, Jamaicans invade the Colombian drug lord's penthouse and murder him before they are killed in turn by the Predator, who spares the drug lord's girlfriend. Upon their arrival, Harrigan's team notes the similarities between the crime scene and the earlier Colombian massacre, including the flayed corpses, until Keyes's team arrives and removes them. Despite being chased out, Danny later returns alone when nobody else is present, finding one of the Predator's spear tips in a vent before the creature kills him. As an enraged Harrigan vows to stop Danny's killer, forensic analysis reveals the spear tip is not composed of any known element on the periodic table. Seeking answers, Harrigan meets with Jamaican drug lord King Willie, a voodoo practitioner who believes the killer is supernatural and that he should prepare himself for battle against it. After Harrigan leaves, the Predator duels and kills King Willie, taking his head as a trophy. Tracing a lead indicating Danny's killer had recently been in a slaughterhouse, Harrigan arranges to meet his team at the warehouse district to investigate. Leona and Lambert take the subway there, but are ambushed by the Predator, who kills Lambert and numerous armed passengers but spares Leona after its helmet's scanners indicate that she is pregnant. Arriving in time to see it claim Lambert's head, Harrigan chases the fleeing Predator, but Keyes's men intercept him. Keyes reveals that the monster is an extraterrestrial hunter with infrared vision and active camouflage that has been hunting humans for sport, most recently a decade earlier in Central America.[a] Keyes and his team have set a trap in a nearby slaughterhouse, using thermally insulated suits with mounted ultraviolet lights and cryogenic weapons to capture it for study. However, the suspicious Predator, upon hearing their footsteps, uses its scanners to track, outmaneuver, and slaughter Keyes's men via their lights. Harrigan attacks and wounds the Predator, but it destroys his weapon. It prepares to finish him off before Keyes tries to freeze the creature, but the Predator kills Keyes by throwing a Smart Disc at him. The Predator then chases Harrigan to the roof, where they clash until they are left hanging from a ledge. The creature activates a self-destruct device on its forearm, which Harrigan severs with the disc, disarming it. The Predator enters an apartment, where it treats its wounds and flees. Harrigan pursues it to a spacecraft hidden underground and engages it in combat, ultimately killing the Predator with its disc. Just then, a small group of cloaked Predators arrives to collect their comrade's body. Their leader rewards Harrigan with a flintlock pistol, engraved ""Raphael Adolini 1715"", for killing the Predator. As the ship takes off, Harrigan escapes to the surface and meets with a member of Keyes' team, who is furious that they lost the chance to capture the creature. Despite their defeat, Harrigan muses that the Predators will return."
539,Psycho (1960 film),ok,"In Phoenix, Arizona, real estate secretary Marion Crane embezzles $40,000[c] in cash from her employer after hearing her boyfriend, Sam Loomis, complain that his debts are delaying their marriage. She sets off to drive to Sam's home in the town of Fairvale, California, switching cars in Bakersfield after an encounter with a suspicious policeman. A rainstorm forces Marion to stop at the secluded Bates Motel a few miles from Fairvale. Norman Bates, the proprietor, whose Second Empire-style house overlooks the motel, registers Marion (who uses an alias) and invites her to dinner with him in the motel's office. When Norman returns to his house to retrieve the food, Marion overhears him arguing with his mother about his desire to dine with Marion. After returning, he discusses his hobby as a taxidermist, his mother's ""illness"", and how people have a ""private trap"" they want to escape. When Marion suggests that Norman should have his mother institutionalized, he becomes offended and insists that she is harmless. Marion decides to drive back to Phoenix in the morning to return the stolen money. As she showers, a shadowy figure enters the bathroom with a kitchen knife and stabs her to death. Shortly afterward, Norman is heard horrified at his mother's actions and rushes back to find Marion dead. He hurriedly cleans up the murder scene and places Marion's body, her belongings, and, unbeknownst to him, the hidden cash in her car before sinking the vehicle in a swamp. Marion's sister Lila arrives in Fairvale a week later, tells Sam about the theft, and demands information about Marion's whereabouts. He denies knowing anything about Marion's disappearance. Arbogast, a private investigator, approaches them stating that he has been hired to retrieve the money. He stops in at the Bates Motel and questions Norman, whose nervous conduct, stuttering, and inconsistent answers arouse his suspicion. Arbogast examines the guest register and discovers from some handwriting in it that Marion spent a night in the motel. When Arbogast infers from his conversation with Norman that Marion had spoken to his mother, Arbogast asks to speak to her, but Norman refuses to allow it. Arbogast leaves and calls Lila to tell her of his suspicions and that he will return to the motel, speak to Norman's mother, and rejoin Lila in town later. When Arbogast returns and enters the Bates' house to search for Norman's mother, a shadowy figure at the top of the stairs stabs him to death. When Sam and Lila do not hear back from Arbogast, Sam goes to the motel to look for him. Sam spots a silhouette in a second-floor window of the house and assumes it is Norman's mother, who is unresponsive to Sam's calls. Lila and Sam alert the local sheriff, Al Chambers, who tells them Norman's mother died in a murder–suicide by strychnine poisoning ten years before. Chambers suggests that Arbogast lied to Sam and Lila so he could pursue Marion and the money. Convinced that something happened to Arbogast, Lila and Sam drive to the motel and check in. Sam distracts Norman in the office while Lila sneaks into the Bates' house. Suspicious, Norman knocks Sam out. As Norman heads to the house, Lila hides in the fruit cellar and discovers the mummified body of Norman's mother. Lila screams in horror, and Norman, wearing a dress and a wig, enters the cellar and attempts to attack her, only to be subdued by a recovered Sam. At the police station a psychiatrist explains to Lila, Sam, and Chambers that Norman killed his mother and her lover out of jealousy. Unable to bear the guilt, he stole his mother's corpse and treated it as if she were still alive, then re-created his mother as an alternate personality, as jealous and possessive toward Norman as he felt about his mother. Whenever Norman was attracted to a woman, ""Mother"" would take over. Under the ""Mother"" personality, Norman killed two women before he killed Marion and Arbogast. The psychiatrist concludes that ""Mother"" has now completely submerged Norman's personality. Norman sits in a jail cell and hears his mother's voice stating the murders were his doing and that she would never be suspected. Marion's car is towed from the swamp."
210577,Gone Girl (film),ok,"On their fifth anniversary, writing teacher Nick Dunne returns home to find that his wife, Amy, is missing. Amy's fame as the inspiration for her parents' Amazing Amy children's books ensures widespread press coverage. The media finds Nick's apathy towards the disappearance suspicious. Before her disappearance, Nick and Amy's marriage deteriorated. Both lost their jobs in the recession and moved from New York to Nick's hometown in Missouri to support his dying mother. Nick grew distant from Amy and began an affair with his student Andie, while Amy became resentful toward Nick. Detective Rhonda Boney and the forensic team find evidence of a struggle and blood loss in the house. Boney learns of the couple's financial problems, disputes, and Amy's attempt to buy a gun. Medical reports indicate that Amy was pregnant, of which Nick denies knowledge. On each anniversary, Amy sets up elaborate treasure hunts for Nick. This year's clues appear in places where Nick had sex with Andie, revealing Amy's knowledge of his affair. Nick discovers thousands of dollars' worth of items purchased with his credit card, unauthorized and hidden in his sister Margo's woodshed. Amy's clues lead authorities to a diary documenting her growing fear that Nick will kill her. Amy hides in a campground in the Ozarks. After discovering Nick's affair, Amy conceived an elaborate plan to frame him for her murder. She had him increase her life insurance, secretly used his credit card to buy the woodshed items, stole a sample of her pregnant neighbor's urine to fake a pregnancy to elicit media sympathy, wrote increasingly fabricated diary entries and placed incriminating evidence for police to find. On the morning of her disappearance, Amy drained and splattered her own blood across the kitchen. Her original plan was to drown herself after Nick's arrest and have her body found to ensure his death sentence. Nick deduces Amy's scheme, convinces Margo of his innocence, and hires lawyer Tanner Bolt, known for representing husbands suspected of uxoricide. Nick meets two of Amy's ex-boyfriends. Tommy O'Hara claims that she framed him for rape and ruined his life after they broke up. The wealthy Desi Collings, against whom Amy filed a restraining order for stalking, rejects Nick. When Amy's campground neighbors rob her, she calls Desi for help, convincing him that she fled Nick's abuse. Desi agrees to hide her in his lakehouse. Bolt convinces Nick to admit to his affair on a popular talk show, thus seizing the narrative initiative from the media. Andie reveals the affair at a press conference shortly beforehand, but Nick insists on conducting the interview. He affirms his innocence and feigns regret for his shortcomings as a spouse, knowing that Amy is watching. The interview garners widespread sympathy for Nick. However, Boney, having gathered adequate evidence, arrests Nick and Margo. Bolt bails them out, and they brace for the impending trial. After watching Nick's interview, Amy rekindles her attraction to him and begins crafting her escape story. Using surveillance cameras and self-inflicted injuries, she makes it appear that Desi kidnapped and raped her. She seduces Desi, slits his throat during sex, and returns home, clearing Nick of suspicion. Medical examiners lend credence to Amy's story. During questioning, Boney probes her inconsistencies, but Amy accuses Boney of incompetence. The FBI closes the case, but Boney gleans Amy's guilt. At home, Amy tells Nick the truth, but says that she forgives him after seeing him plead for her return on TV. Nick shares this with Boney, Bolt, and Margo. They agree that Amy is guilty, but acknowledge a lack of evidence. Bolt wishes Nick well and returns to New York. A televised interview takes place in their home seven weeks later. Anticipating Nick's intention to leave her and expose her story, Amy reveals her pregnancy minutes before the interview, having inseminated herself with Nick's sperm from a fertility clinic. Nick reacts violently but feels responsible for the child and decides to stay with Amy, to Margo's distress. The couple announces on television that they are expecting a child."
24428,The Avengers (2012 film),ok,"The Asgardian Loki encounters the Other, the representative of an extraterrestrial race known as the Chitauri. In exchange for obtaining the Tesseract,[b] a powerful energy source of unknown potential, the Other promises to provide Loki with an army to conquer Earth. Nick Fury, director of the covert agency S.H.I.E.L.D., arrives at a remote research facility where astrophysicist Dr. Erik Selvig is leading a team studying the Tesseract. It suddenly activates and opens a portal, allowing Loki to reach Earth. Loki steals the Tesseract and uses his scepter to enslave Selvig and other agents, including Clint Barton, to aid him. In response, Fury reactivates the ""Avengers Initiative"". Agent Natasha Romanoff travels to Kolkata to recruit Dr. Bruce Banner so he can trace the Tesseract through its gamma radiation emissions. Fury approaches Steve Rogers to discuss his knowledge of the Tesseract, and Agent Phil Coulson visits Tony Stark so he can check Selvig's research. Loki is in Stuttgart, where Barton steals iridium needed to stabilize the Tesseract. This leads to a confrontation with Rogers, Stark, and Romanoff that ends with Loki's surrender. While Loki is being escorted to S.H.I.E.L.D., his adoptive brother Thor arrives and frees him, hoping to convince him to abandon his plan and return to Asgard. Stark and Rogers intervene, and Loki is imprisoned in S.H.I.E.L.D.'s flying base, the Helicarrier. The Avengers disagree on how to approach Loki and become argumentative once they realize S.H.I.E.L.D. plans to use the Tesseract to create weapons of mass destruction to use against extraterrestrial threats. During the argument, Loki's agents attack the Helicarrier, and Banner transforms into the Hulk in the chaos. Stark and Rogers restart the damaged engine while Thor attempts to stop the Hulk's rampage. Romanoff subdues Barton, freeing him from Loki's control. Loki escapes after fatally wounding Coulson. Fury uses Coulson's subsequent death to motivate the Avengers to work together as a team. Loki uses the Tesseract and a generator Selvig built to open a portal above Stark Tower in New York City, allowing his Chitauri fleet to invade. Rogers, Stark, Romanoff, Barton, Thor, and the Hulk work together to protect New York from the Chitauri. The Hulk incapacitates Loki while Romanoff learns from Selvig, now freed from Loki's mind control, that Loki's scepter can shut down the generator. Fury's superiors from the World Security Council attempt to end the invasion by launching a nuclear missile at Midtown Manhattan. Stark intercepts the missile and flies it toward the Chitauri fleet through the wormhole. The missile destroys the Chitauri mothership and disables their forces on Earth. Stark becomes unconscious, and his suit loses power, leaving him free falling towards Earth. The Hulk manages to catch him and the Avengers resuscitate him, while Romanoff uses Loki's scepter to close the wormhole. In the aftermath, Thor transports an imprisoned Loki and the Tesseract to Asgard, where Loki will face justice for his crimes. In a mid-credits scene, the Other confers with his master[c] about the failed attack on Earth."
240,The Godfather Part II,no_plot,
89,Indiana Jones and the Last Crusade,ok,"In 1912, Boy Scout Indiana Jones lives with his father Henry Jones Sr. in Moab, Utah. One day, while exploring caves on an excursion with his scout troop, Indy takes a crucifix owned by Francisco Vázquez de Coronado from a group of graverobbers led by a man named Garth, and after a brief chase on horseback and aboard a circus train, Indy flees to his home, where Garth and his men find him and confiscate the crucifix with the help of the local sheriff. Garth, however, admits his respect for the scrappy young man, and gives him his fedora before leaving. In 1938, Indy successfully takes back the crucifix from the employer of the graverobbers off the Portuguese coast. After returning to his university classroom in the United States, Indy learns his father has disappeared while searching for the Holy Grail and Henry's home was ransacked. Walter Donovan, his father's financial backer, tasks Indy with finding both Henry and the Grail. Indy receives a package containing Henry's diary, which includes his research on the Grail, and travels to Venice alongside Marcus Brody to meet Henry's associate Dr. Elsa Schneider. Beneath the library where Henry was last seen, Indy and Elsa discover a catacomb containing an inscribed shield which reveals that the path to the Grail begins in Alexandretta. The two are subsequently attacked by a mysterious group who reveal themselves to be the secret Brotherhood of the Cruciform Sword, dedicated to protecting the Grail. After saving the group's leader Kazim, Indy learns that Henry is being held at Brunwald Castle in Austria. Indy entrusts Marcus with a map from the diary detailing a route to the Grail and sends him to Alexandretta to rendezvous with their old friend Sallah. Discovering their rooms have been ransacked, Indy reveals the diary's existence to Elsa before they sleep together. In Austria, Indy and Elsa infiltrate the castle, discovering it to be under Nazi control commanded by Standartenführer Ernst Vogel. Indy finds Henry and tries to escape, but surrenders after Vogel holds Elsa at gunpoint. She reveals herself and Donovan to be Nazi collaborators and takes the diary. After arriving in Alexandretta, Marcus is captured by the Nazis as well. Elsa returns to Germany, while Indy and Henry escape the castle before traveling to Berlin, where Indy retrieves the diary during a book burning rally hosted by Adolf Hitler. After recovering it from Elsa, Indy and Henry flee on a Zeppelin. Soon the zeppelin reroutes back to Germany, forcing Indy and his father to commandeer a spare plane before evading two Luftwaffe planes pursuing them. Once Indy and Henry arrive in Hatay, Sallah informs them that the Nazis have also traveled there using the map. While they are following the trail, the Nazis are ambushed by Kazim and the Brotherhood, but the Nazis manage to kill them all. Henry takes advantage of the distraction to try to rescue Marcus but is captured; Indy attacks the Nazi convoy in response and is eventually able to destroy it with help from Henry and Marcus while sending Vogel and his tank over the cliff. Indy, Henry, Marcus, and Sallah proceed to a temple containing the Grail, where they observe the Nazis attempting to overcome the temple's traps before being captured. Donovan forces Indy to find safe passage for them by mortally wounding Henry; a drink from the Grail can heal him. With the help of the diary, Indy overcomes the traps and finds a room with many cups and an ancient knight, who explains that only one cup is the true Grail. Donovan and Elsa enter the room, and Elsa deliberately gives him the wrong cup, killing Donovan by rapid aging after he drinks from it. Indy identifies the true Grail and saves Henry's life with a warning from the knight that the Grail can never cross the great seal. Elsa ignores the warning, setting off a cataclysm in the temple; she falls to her death trying to take the Grail, and Indy nearly suffers the same fate before Henry convinces him to let it go. The Grail falls into an abyss as Indy and his companions escape and ride off into the sunset."
217,Indiana Jones and the Kingdom of the Crystal Skull,ok,"In 1957, Soviet agents led by Colonel Doctor Irina Spalko kidnap American archeologist Indiana Jones and his partner George ""Mac"" McHale. They infiltrate Hangar 51 in Nevada and use Jones to locate a mummified alien from the Roswell incident. Jones locates the mummy before being double-crossed by Mac, but escapes to a nearby model town at the Nevada Test Site, minutes before an atomic bomb test. He survives the blast in a lead-lined refrigerator in one of the town's mock houses before being rescued and interrogated by the FBI. Returning to Marshall College, Jones discovers he has been placed on an indefinite leave of absence. Mutt Williams, a young greaser, approaches Jones and informs him that his former colleague, Harold ""Ox"" Oxley, found a crystal skull in Peru in search of the mythical city Akator. KGB agents attempt to capture them, but the two escape, during which they instigate a brawl between the greasers and jocks and lose them during the chase through the College Campus District. The duo later travels to Peru. In Peru, they find carvings made by Ox, which lead the pair to the grave of Francisco de Orellana, which contains an elongated crystal skull. Leaving the grave, they are captured by the Soviets and taken to a camp in the Amazon rainforest. They are reunited with Mac, Spalko, an addled Ox, and Mutt's mother, Marion Ravenwood. Spalko tells Jones that the skulls are alien in origin and that she intends to use them to project Soviet propaganda into the minds of Americans. Jones has a brief telepathic connection to the skull, which commands him to return it to Akator. He realizes that Ox is attempting to communicate through automatic writing, discovering a route to the city. They first attempt an escape until Indy and Marion get caught in quicksand, during which Marion reveals that Mutt is Indy's son. Mutt manages to save them, but they are recaptured by the Soviets. While en route to Akator, Jones retakes the skull from the Soviet troops and escapes from them alongside Marion, Ox, Mutt and Mac, who claims to be a double agent, all the while leaving a trail for Spalko. Jones and his companions locate Akator, where they learn that the skull belonged to one of thirteen ""interdimensional beings"" whom the early Ugha tribes worshipped as deities. Spalko catches up and returns the skull to its skeleton, which comes to life and offers her the reward of omniscience. As an interdimensional portal opens above the chamber, abducting Mac and Spalko's remaining soldiers, the skeletons combine into a reanimated alien, who transfers an overwhelming amount of knowledge into Spalko's mind, vaporizing her. Jones, Ox, Marion and Mutt escape the crumbling city as a flying saucer rises from the ruins and departs for another dimension. As Ox regains his sanity, Jones and his party return to the United States, where he is reinstated at Marshall College and promoted to associate dean, and marries Marion."
597,Titanic (1997 film),ok,"In 1996, aboard the research vessel Akademik Mstislav Keldysh, treasure hunter Brock Lovett and his team explore the wreck of RMS Titanic, hoping to find a necklace known as the Heart of the Ocean. Instead, they recover a safe containing a drawing of a young woman wearing the necklace. The sketch is dated April 14, 1912, the day the Titanic struck an iceberg and sank, resulting in about 1,500 deaths.[c] After seeing a television report about the discovery, centenarian Rose Dawson Calvert contacts Lovett, revealing she is the woman in the drawing. Hoping she can help locate the necklace, Lovett brings Rose and her granddaughter aboard the Keldysh, where Rose recounts her experience on Titanic. In 1912, 17-year-old Rose DeWitt Bukater boards the Titanic in Southampton with her wealthy fiancé, Cal Hockley, and her mother, Ruth. Rose is unhappy in the loveless engagement, but Ruth stresses that the marriage will resolve their financial problems. Rose contemplates suicide by jumping from the ship's stern, but is stopped by Jack Dawson, a poor nomadic artist. Jack and Rose form a friendship, and Jack confesses his feelings for her. Though initially resistant, Rose realizes she has fallen in love with Jack, despite Cal's and Ruth's disapproval. Rose brings Jack to her stateroom and asks him to draw her nude, wearing only the necklace. Afterward, they evade Cal's valet, Spicer Lovejoy, and have sex in a car in the cargo hold. On the forward deck, they witness the ship's collision with an iceberg and overhear officers discussing the severity of the situation. When Cal discovers Jack's sketch of Rose, he has Lovejoy plant the necklace on Jack, framing him for theft. Jack is arrested and locked in the master-at-arms' office, and Cal pockets the necklace. As Titanic sinks, women and children are prioritized for the lifeboats. Rose rescues Jack, and they return to the deck, where Cal urges Rose to board a lifeboat, claiming he and Jack will board another. Cal unwittingly wraps his coat, containing the necklace, around her. As her lifeboat is lowered, Rose jumps back onto the ship, unwilling to leave Jack behind. Enraged, Cal grabs a pistol and chases them through the flooding ship, but gives up when they escape. Cal joins a lifeboat by pretending to be a child's father. As the flooded bow sinks, the stern rises into the air, and Jack and Rose cling to the railing. The ship splits in two, and the stern sinks into the freezing water with the remaining passengers. Jack helps Rose onto floating debris and makes her promise to survive and live a full life. Jack dies from hypothermia, but Rose is saved by a returning lifeboat and rescued by the RMS Carpathia. Rose hides from Cal and her mother and gives her name as Rose Dawson on her arrival in New York City. In the present, Rose reveals that Cal committed suicide after losing his fortune in the 1929 stock market crash. She tells the Keldysh crew that Jack saved her in every possible way, and laments that her memories are all that she has left of him. Touched by her account, Lovett abandons his search for the necklace. Alone at night on the stern of the Keldysh, Rose, who has kept the necklace in her possession, drops it into the sea above the wreck. Later, as she lies in her bed, photographs on her dresser depict a life of freedom and adventure inspired by Jack.[11] Aboard the pristine Titanic, a young Rose reunites with Jack at the Grand Staircase, applauded by the passengers and crew who died in the sinking."
128,Princess Mononoke,no_plot,
70,Million Dollar Baby,ok,"Maggie Fitzgerald, a waitress from the Ozarks, enters the Hit Pit, a rundown boxing gym in Los Angeles operated by Frankie Dunn. Frankie is a cantankerous Irish-American trainer estranged from his daughter. Maggie asks Frankie to train her, but he refuses because he does not want to train women and believes Maggie is too old. Eddie ""Scrap-Iron"" Dupris, Frankie's friend and the gym's handyman, allows her to train at the Hit Pit regardless. Frankie's prize prospect, ""Big Willie"" Little, signs with rival manager Mickey Mack after becoming impatient with Frankie rejecting offers for a championship bout, so Maggie gets her chance. With Frankie's coaching, Maggie fights her way up in the women's amateur boxing division. Since she has earned a reputation for quick knockouts, Frankie bribes managers to put their trainee fighters against her. Scrap, concerned when Frankie rejects several offers for big fights, arranges a meeting for Maggie with Mack, but out of loyalty to Frankie, she declines. Frankie bestows Maggie a Gaelic nickname embroidered on her boxing robe, Mo Cuishle, but does not tell her its meaning. The two travel to Europe as she continues to win. Maggie eventually saves enough of her winnings to buy her mother a house. Nevertheless, her mother berates Maggie for endangering her welfare checks, claiming everyone back home laughs at her. Frankie is finally willing to arrange a title fight. He secures Maggie a $1 million match in Las Vegas against the WBA women's welterweight champion, Billie ""The Blue Bear"" Osterman, a German ex-prostitute who has a reputation as a dirty fighter. Maggie begins to dominate the fight, but Billie knocks her out with an illegal sucker punch from behind after the bell rings to end the round. Maggie lands hard on her corner stool, breaking her neck and leaving her a ventilator-dependent quadriplegic. Frankie goes through the five stages of grief, seeking multiple doctors' opinions in denial, lashing out in anger at Scrap, and trying to bargain with God through prayer. He later apologizes to Scrap and blames himself for Maggie's injuries. Scrap tells him not to, as Maggie owes it to him for getting her shot at the world championship. While in the hospital, Maggie looks forward to her family's visit. They arrive late, having first toured Disneyland and Universal Studios Hollywood. Accompanied by an attorney, their sole concern is getting Maggie's assets transferred to them. Disgusted, she orders them to leave and threatens to report their welfare fraud if they try to contact her again. Maggie develops bedsores and undergoes an amputation for an infected leg. She asks Frankie to help her die, declaring that she has everything she wants out of life. A horrified Frankie refuses, so Maggie later bites her tongue in an attempt to bleed to death. Knowing the fatherly affection Frankie has developed for Maggie, Frankie's priest warns him that he will never find himself again if he goes through with Maggie's request. Frankie sneaks into the hospital one night, unaware that Scrap is watching from the shadows. Just before administering a fatal injection of adrenaline, he tells Maggie the meaning of ""mo cuishle"": ""my darling, and my blood"", then gives Maggie a final goodbye kiss. He leaves and retires from boxing altogether. After his retirement his whereabouts are unknown. Scrap writes to Frankie's daughter, informing her of her father's true character."
245891,John Wick (film),ok,"In New York City, John Wick is grieving the death of his wife Helen, who had arranged for him to receive a beagle puppy, Daisy, to help cope with his loss. A few days later, a group of Russian gangsters led by Iosef Tarasov accost John at a gas station and fail to intimidate him into selling them his 1969 Boss 429 Mustang.[ii] That night, they break into John's home, attack him, kill the puppy, and steal the car. Iosef takes the Mustang to a chop shop to remove its identifying details, but the shop owner, Aurelio, recognizes it and refuses service. Aurelio informs John that Iosef is the son of Viggo Tarasov, the boss of New York City's Russian Mafia. Upon learning of his son's actions, Viggo berates Iosef for incurring John's wrath. He reveals John was once a hitman in his employ, and was renowned and feared in the criminal underworld as the ""Baba Yaga"", a ruthless, relentless ""man of focus, commitment, and sheer will"". After John fell in love with Helen, a civilian, Viggo gave him a seemingly impossible task to earn his freedom; he succeeded. John recovers a concealed stash from his former career that includes weapons and gold coins. He rejects Viggo's attempt to make amends and kills the hit squad subsequently sent to his home. Viggo puts a $2 million bounty on John and enlists John's former mentor, Marcus, to kill him. John lodges at the Continental, a luxurious hotel that serves as neutral ground for the underworld and where conducting criminal business is strictly forbidden. Winston, the hotel's owner and John's old friend, informs him that Iosef is at a nightclub called Red Circle. John infiltrates Red Circle and confronts Iosef, but he is attacked by Viggo's henchman Kirill and forced to retreat to the Continental for medical attention. As John rests, a hitwoman, Ms. Perkins, sneaks into his room. Marcus sees Perkins from an adjacent building and fires a warning shot to alert John, who wakes up and subdues her. Perkins reveals that Viggo has doubled the bounty for her to kill John in the hotel and has concealed a high-value stash in a church. John hires another hitman, Harry, to secure Perkins, but she kills Harry and escapes. At the church, John destroys Viggo's cache of cash and extensive blackmail material. When Viggo arrives to assess the damage, John assaults him and his men but is hit by Kirill's car and captured. John tells Viggo he will not stop until Iosef is dead because the puppy gave him hope and a chance to not be alone in his grief for Helen. Marcus again intervenes to save John, who kills Kirill and threatens Viggo into revealing Iosef's location in a safe house. John attacks the safehouse and kills Iosef. Marcus encourages John to return to his everyday life. Perkins witnesses this and reveals Marcus's duplicity to Viggo, who has him tortured and killed. Viggo calls John to taunt him with the details, drawing him back to the city. Winston has Perkins executed for breaking the Continental's rules, then informs John that Viggo is preparing to leave the city by helicopter. John races to New York Harbor, where he fights and mortally wounds Viggo. John, resigned to dying from his injuries, watches a video on his phone of Helen telling him they need to go home. He breaks into a nearby animal clinic, treats his wounds, and adopts a pit bull puppy scheduled to be euthanized before beginning to walk home."
807,Seven (1995 film),ok,"In a city overcome with violent crime and corruption, disillusioned police Detective Lieutenant William Somerset is one week from retirement. He is partnered with David Mills, a young, short-tempered, idealistic detective who recently relocated to the city with his wife, Tracy. On Monday, Somerset and Mills investigate an obese man who was forced to eat until his stomach burst, killing him. The detectives find the word ""gluttony"" written on a wall. Somerset, considering the case too extreme for his last investigation, asks to be reassigned, but his request is denied. The following day, another victim, who had been forced to cut a pound of flesh from his body, is found; the crime scene is marked ""greed"". Clues at the scene lead Somerset and Mills to the sloth victim, a drug-dealing pederast whom they find emaciated and restrained to a bed. Photographs reveal the victim was restrained for precisely one year. Somerset surmises the murders are based on the Christian concept of the seven deadly sins. Tracy invites Somerset to share supper with her and Mills, helping the detectives overcome their mutual hostility. On Friday, Tracy meets privately with Somerset because she has no other acquaintances in the city. She reveals her unhappiness at moving there, especially after learning she is pregnant, and believes the city is an unfit place to raise a child. Somerset sympathizes with Tracy, having persuaded his former girlfriend to abort their child for similar reasons and regretting it ever since. He advises Tracy to inform Mills of the pregnancy only if she intends to keep the child. A remark by Mills inspires Somerset to research libraries for anyone checking out books based on the seven deadly sins, leading the pair to the apartment of a man known only as John Doe. Unexpectedly, Doe returns home and is pursued by Mills. Doe incapacitates him by striking him with a tire iron and holds him at gunpoint, but chooses to leave him alive and flees. The police investigate the apartment, finding hundreds of notebooks and photographs of his victims; the cache includes images of Somerset and Mills by a person they believed was an intrusive journalist at the sloth crime scene. Doe calls the apartment and speaks of his admiration for Mills. On Saturday, Somerset and Mills investigate the fourth victim, lust, a prostitute who had been raped with a custom-made, bladed strap-on by a man held at gunpoint. The following day, the pride victim is found: a model whom Doe had facially disfigured. Unable to live without her beauty, she killed herself. As Somerset and Mills return to the police station, Doe arrives covered in blood and surrenders himself. He threatens to plead insanity at his trial, potentially escaping punishment, unless Mills and Somerset escort him to an undisclosed location where they will find the envy and wrath victims. During the drive, Doe says he believes God has chosen him to send a message about the ubiquity of sin and society's apathy towards it. He is without remorse, believing the murders will force society to pay attention to him. Doe leads the detectives to a remote location outside the city, where a delivery van approaches. Somerset intercepts the vehicle, whose driver was instructed to deliver a package to Mills at this specific time and location. He is horrified at the package's contents and tells Mills to put down his gun. Doe reveals he himself represents envy because he envied Mills's life with Tracy and implies the package contains her severed head. He urges Mills to become wrath, telling him Tracy begged for her life and that of her unborn child, and takes pleasure in realizing Mills was unaware of her pregnancy. Despite Somerset's pleas, Mills, distraught and enraged, shoots Doe dead, completing Doe's plan. Police remove the catatonic Mills, and Somerset tells his captain he will ""be around"". Somerset says in voiceover: ""Ernest Hemingway once wrote: 'The world is a fine place, and worth fighting for.' I agree with the second part."""
153,Lost in Translation,ok,"Bob Harris is a burnt out American movie star who arrives in Tokyo to appear in lucrative advertisements for Suntory's Hibiki whiskey. He stays at the  Park Hyatt Tokyo and is miserable due to problems within his twenty-five-year marriage and a midlife crisis. Charlotte, another American staying at the hotel, is a young Yale graduate in philosophy who is accompanying her husband John while he works as a celebrity photographer. She is feeling similarly disenchanted as she questions her marriage and is anxious about her future. They both struggle additionally with bouts of jet lag and culture shock in Tokyo and pass the time loitering around the hotel, Charlotte also trying ikebana by chance. Charlotte is repelled by a vacuous Hollywood actress named Kelly, who is also at the hotel promoting a film. Kelly bumps into Charlotte and John, gushing over photography sessions she has previously done with him. Bob and Charlotte frequently cross paths in the hotel and eventually start to connect in the hotel bar. After several encounters, when John is on assignment outside Tokyo, Charlotte invites Bob into the city to meet some local friends. They bond over an evening in Tokyo, where they experience the city nightlife together and end up singing at a karaoke box. In the days that follow, Bob and Charlotte spend more time together, and their friendship strengthens. One night while watching television and drinking sake, while neither can sleep, the two share an intimate conversation about Charlotte's personal uncertainties and their married lives. Bob has a cold conversation with his wife, then spends the night with a jazz singer from the hotel bar. Charlotte hears the woman singing in Bob's room the next morning, leading to tension between Bob and Charlotte during a shabu-shabu lunch together. The pair encounter each other in the evening and Bob reveals that he will be leaving Tokyo the following day. Bob and Charlotte reconcile and express how they will miss each other, making a final visit to the hotel bar. The next morning, when Bob is leaving the hotel, he and Charlotte share sincere but unsatisfactory goodbyes. On Bob's taxi ride to the airport, he sees Charlotte on a crowded street, stops the car, and walks to her. He then embraces her and whispers something in her ear. The two share a kiss and say goodbye before Bob departs."
297761,Suicide Squad (2016 film),ok,"In the aftermath of Superman's death,[b] intelligence officer Amanda Waller convinces the U.S. government to greenlight Task Force X, a response team of criminals and supervillains. The team will be used to combat metahuman threats, under Waller's control via nanite bombs implanted in each criminal's neck, which can be remotely detonated if they try to rebel or escape. If successful, they will have their sentences shortened. Dr. June Moone, an American archaeologist, becomes possessed by a witch called Enchantress. Waller can control Enchantress by seizing her magical heart, which wounds her if it is struck. Waller's subordinate Colonel Rick Flag Jr. is in love with Moone, and is made a lead member of Task Force X. However, Enchantress betrays Waller, conquering Midway City, transforming humans into monsters, and summoning her brother Incubus to destroy mankind. Task Force X is formed to stop Enchantress, using six inmates from Belle Reve penitentiary. The roster consists of hitman Deadshot, who wants to reunite with his daughter Zoe; Harley Quinn, a volatile and crazed former psychiatrist-turned-girlfriend of Gotham crime lord the Joker; Australian boomerang-wielding thief Captain Boomerang; pyrokinetic ex-gangster El Diablo; mutant cannibal Killer Croc; and rope-climber mercenary Slipknot. The team is led by Flag and joined by his associate Katana, a Japanese swordswoman. Waller and Flag deliberately hide the latter's relationship with Moone from the team. Upon arrival in Midway City, the team's helicopter is shot down, forcing them to travel on foot. Boomerang convinces Slipknot to take off, thinking that the bombs are a ruse, but Flag kills Slipknot by activating the bombs when he tries to escape; satisfying Boomerang's curiosity of the bombs' legitimacy. Scaling a skyscraper and fighting their way through waves of heavily mutated soldiers under Enchantress' control, the team discover the mission target was Waller herself. As Waller and the squad await helicopter extraction, they are attacked by the Joker, who learned of Harley's predicament. With tech stolen from an A.R.G.U.S. laboratory, the Joker disables Harley's bomb, and helps her escape. Waller shoots down the Joker's helicopter, though Harley survives and rejoins the squad, believing the Joker is dead. Enchantress captures Waller to regain her heart. Deadshot finds Waller's top-secret files and discovers Flag's relationship with Moone. The team abandon Flag, sharing a drink in an abandoned bar, where El Diablo reveals his powers and criminal lifestyle led to the deaths of his family. Flag relieves the squad of their mission, but realizing they have the opportunity to prove themselves, the group set out to save the city. The squad attack Enchantress, while Killer Croc and Flag's platoon of Navy SEALs plant a bomb beneath the subway to kill Incubus. El Diablo embraces his pyrokinesis, sacrificing himself to maneuver and keep Incubus in the right spot. Enchantress invites the squad to join her, and Harley pretends to be tempted to get close enough to cut out Enchantress's heart. Flag crushes her heart, killing her and releasing Moone. Waller deducts ten years off each squad member's sentence and fulfill their requests (except for Boomerang, who is instead detained). The Joker, who is still alive, breaks into Belle Reve and rescues Harley. In a mid-credits scene, Waller meets with Bruce Wayne, who agrees to protect her from the legal consequences of the events in Midway City in exchange for government files on the growing metahuman community. He reveals his plans to contact the heroes in the file, including the Flash and Aquaman, in order to build his own superhero team.[c][d] She advises him to stop working late nights, implying she knows Bruce is Batman. In response, he tells Waller to shut down Task Force X or he and his ""friends"" will do it for her."
102899,Ant-Man (film),ok,"In 1989, scientist Hank Pym resigns from S.H.I.E.L.D. after discovering their attempt to replicate his Ant-Man shrinking technology. Believing the technology would be dangerous if replicated, Pym vows to hide it for as long as he lives. In the present day,[a] Pym's estranged daughter, Hope van Dyne, and former protégé, Darren Cross, have forced him out of his company, Pym Technologies. Cross is close to perfecting a shrinking suit of his own, the Yellowjacket, which horrifies Pym. Upon his release from prison, well-meaning thief Scott Lang moves in with his old cellmate, Luis. Lang visits his daughter Cassie unannounced and is chastised by his former wife Maggie and her police-detective fiancé, Paxton, for not providing child support. Unable to hold down a job because of his criminal record, Lang agrees to join Luis's crew and commit a burglary. Lang breaks into a house and cracks its safe, but only finds what he believes to be an old motorcycle suit, which he takes home. After trying the suit on, Lang accidentally shrinks himself to the size of an insect. Terrified by the experience, he returns the suit to the house but is arrested on the way out. Pym, the homeowner, visits Lang in jail and smuggles the suit into his cell to help him break out. Pym, who manipulated Lang through an unknowing Luis into stealing the suit as a test, wants Lang to become the new Ant-Man to steal the Yellowjacket from Cross. Having been spying on Cross after discovering his intentions, Hope and Pym train Lang to fight and to control ants. While Hope harbors resentment towards Pym about her mother Janet's death, he reveals that Janet, known as the Wasp, disappeared into a subatomic Quantum Realm while disabling a Soviet nuclear missile in 1987. Pym warns Lang that he could suffer a similar fate if he overrides his suit's regulator. They send him to steal a device from the Avengers' headquarters that will aid their heist, where he briefly fights Sam Wilson. Cross perfects the Yellowjacket and hosts an unveiling ceremony at Pym Technologies' headquarters. Lang, along with his crew and a swarm of flying ants, infiltrates the building during the event, sabotages the company's servers, and plants explosives. When he attempts to steal the Yellowjacket, he, along with Pym and Hope, is captured by Cross, who intends to sell both the Yellowjacket and Ant-Man suits to Hydra. Lang breaks free and he and Hope dispatch most of the Hydra agents, though one flees with a vial of Cross's particles and Pym is shot. Lang pursues Cross, while the explosives detonate, imploding the building as Pym and Hope escape. Cross dons the Yellowjacket and attacks Lang. During the fight, Lang is arrested by Paxton, and Cross takes Cassie hostage to lure them back. Lang overrides the regulator and shrinks to subatomic size to penetrate Cross's suit and sabotage it to shrink uncontrollably, seemingly killing Cross. Lang disappears into the Quantum Realm but manages to reverse the effects and returns to the macroscopic world. Out of gratitude for Lang's heroism, Paxton covers for Lang to keep him out of prison. Seeing that Lang survived and returned from the Quantum Realm, Pym wonders if his wife is also alive. Later, Lang meets up with Luis, who tells him that Wilson is looking for him. In a mid-credits scene, Pym shows Hope a new Wasp prototype suit and offers it to her. In a post-credits scene, Steve Rogers and Wilson have Bucky Barnes in their custody. Unable to contact Tony Stark because of ""the accords"",[b] Wilson mentions that he knows someone who can help."
329,Jurassic Park,ok,"Industrialist John Hammond has created Jurassic Park, an animal theme park featuring de-extinct dinosaurs, on the tropical island Isla Nublar, off the coast of Costa Rica. After a Velociraptor kills a dinosaur handler, the park's investors, represented by lawyer Donald Gennaro, threaten to pull funding unless experts certify the island's safety. Gennaro invites the chaotician Ian Malcolm, while Hammond invites the paleontologist Alan Grant and the paleobotanist Ellie Sattler. Upon arrival, the group is shocked to see living Brachiosaurus and Parasaurolophus. At the park's visitor center, the group learns that the cloning was accomplished by extracting dinosaur DNA from prehistoric mosquitoes preserved in amber. DNA from frogs and other animals was used to fill in gaps in the dinosaurs' genome. To prevent the dinosaurs from breeding, they are all made female by chromosome manipulation. The group witnesses the hatching of a baby Velociraptor and visits the raptor enclosure. During lunch, they debate the ethics of cloning and of the park in general. Malcolm warns of the implications of genetic engineering while Grant and Sattler express uncertainty over the ability of humans and dinosaurs to coexist. Hammond's grandchildren, Lex and Tim, join the others for a park tour in two self-driving electric vehicles, while Hammond observes them from the control room. Most of the dinosaurs fail to appear, and Sattler stays behind to study a sick Triceratops. The tour is cut short as a tropical storm approaches. The park employees leave for the mainland on a boat while the visitors return to their vehicles. Jurassic Park's disgruntled computer programmer, Dennis Nedry, was previously bribed to steal frozen dinosaur embryos by Lewis Dodgson, a man working for Hammond's corporate rival. To access the embryo storage room, Nedry deactivates the park's security system, cutting power to the tour vehicles. Most of the park's electric fences have been deactivated, which allows a Tyrannosaurus rex to escape and attack the touring group. The Tyrannosaurus devours Gennaro and injures Malcolm while Grant, Lex, and Tim escape. On his way to deliver the embryos to the island's docks, Nedry gets lost in the rain, crashes his jeep, and is killed by a venom-spitting Dilophosaurus. Sattler helps the game warden Robert Muldoon search for survivors; they find Malcolm just before the Tyrannosaurus returns and chases them away. Grant, Lex and Tim take shelter in a tree and encounter a Brachiosaurus herd, discovering the broken shells of dinosaur eggs the following morning. Grant concludes that the dinosaurs are breeding, which is possible because of their amphibian DNA—amphibians like West African frogs can change their sex in a single-sex environment. Unable to decipher Nedry's code to reactivate the security system, Hammond and chief engineer Ray Arnold decide to reboot the park's systems. They shut down the power grid and retreat to an emergency bunker while Arnold heads to a maintenance shed to complete the rebooting process. When Arnold fails to return, Sattler and Muldoon go to the shed, and discover that the shutdown has released the Velociraptors. Sattler turns the power back on before being attacked by a raptor and discovering Arnold's severed arm. While she escapes, Muldoon is killed by another Velociraptor. Grant, Lex and Tim reach the visitor center. Grant leaves to look for Sattler, leaving Lex and Tim inside. The raptors appear and pursue the children through a kitchen, but they escape and join Grant and Sattler. The group reaches the control room, and Lex restores the park's systems, allowing them to contact Hammond, who radios for a helicopter to take them off the island. The survivors are cornered by the two raptors in the visitor center, but the Tyrannosaurus appears and fights the raptors, allowing the group to flee. Grant and Hammond agree not to endorse the park, and the group leaves the island in the helicopter."
49026,The Dark Knight Rises,ok,"Bane, a former member of the League of Shadows, leads an attack on a CIA plane over Uzbekistan to abduct nuclear physicist Dr. Leonid Pavel. Meanwhile, eight years after the death of Gotham City district attorney Harvey Dent and the arrest of the Joker,[b] organized crime has been eradicated in Gotham by the Dent Act, legislation that gives expanded powers to the police. Police commissioner James Gordon has kept Dent's killing spree a secret and allowed the blame for his crimes to fall on Batman. Bruce Wayne, still mourning the death of Rachel Dawes, has become a recluse. Bane conspires to help Wayne Enterprises board member John Daggett take over the company. Cat burglar Selina Kyle steals Bruce's fingerprints from Wayne Manor for Daggett, but he double-crosses her, and she alerts the police. Bane's henchmen capture Gordon in the sewers but he escapes and is found by steadfast Gotham City police officer John Blake, an orphan who has deduced Bruce's secret identity. Blake persuades Bruce to resume his vigilantism. Bane attacks the Gotham Stock Exchange and uses Bruce's fingerprints to verify fraudulent transactions, leaving Bruce ousted from his company and bankrupt. Fearing Bruce will purposely get himself killed fighting Bane, his butler, Alfred Pennyworth, reveals to him that Rachel was going to marry Dent,[b] and thus, Bruce should let her go. When Bruce does not give up, Alfred resigns and leaves Wayne Manor. Batman encounters Selina, and both narrowly escape Bane's henchmen. Bane kills Daggett to pursue his own goals while Bruce and Wayne Enterprises's new CEO, Miranda Tate, become lovers. Selina agrees to take Batman to Bane, but instead leads him into a trap under Wayne Tower. Bane, aware of Batman's identity, gloats that he intends to fulfill Ra's al Ghul's mission to destroy Gotham City before brutally crippling Batman in combat. He takes Bruce to an ancient underground prison in the Middle East, where Bruce learns that Ra's al Ghul's wife[c] was sent there while pregnant with his child. The child was born and raised there, but had a protector who helped them escape. Back in Gotham, Bane detonates explosives, trapping the police forces in the sewers, destroying all but one bridge surrounding the city, and killing Gotham's mayor. He forces Pavel to convert the fusion reactor core owned by Wayne Enterprises into a decaying neutron bomb before publicly executing him. Effectively taking over Gotham, he exposes Dent's crimes to the world, and releases the prisoners of Blackgate Penitentiary. Bane also has Gotham's elite exiled and killed in proletarian kangaroo courts presided over by Jonathan Crane.[d] Five months later, Bruce, now healed, escapes the prison. As Batman, he returns to Gotham and frees the police to battle Bane's army together. During the battle, Tate stabs Batman, revealing herself as Ra's al Ghul's daughter, Talia. Bane is her decoy and guardian who had helped her escape the pit, becoming mauled in the process. Talia activates the bomb, but it fails due to Gordon blocking the signal. Selina kills Bane and helps Batman pursue Talia, hoping to return the bomb to the reactor chamber, where it can be stabilized. Talia's truck crashes, but she remotely floods and destroys the reactor chamber before dying. With no way to stop the detonation, Batman reveals his identity to Gordon, and uses his aerial craft, the Bat, to haul the bomb over the bay, where it safely explodes. In the aftermath, Batman is presumed dead and honored as a hero. Since Bruce is also presumed dead, Wayne Manor becomes an orphanage, and Bruce's estate is left to Alfred. Gordon finds the Bat-Signal repaired, while Lucius Fox discovers that Bruce had fixed the Bat's malfunctioning autopilot, implying that he escaped the Bat before the detonation. In Florence, drinking a Fernet Branca, Alfred discovers that Bruce is alive and in a relationship with Selina, and they acknowledge each other with a smile. A disillusioned Blake, whose legal first name is revealed as Robin, resigns from the GCPD, and receives a package leading him to the Batcave."
391,A Fistful of Dollars,ok,"An unnamed stranger[N 1] arrives at the little frontier town of San Miguel. Silvanito, the town's innkeeper, tells the Stranger about a feud between two smuggler families vying to gain control of the town: the Rojo brothers 
— Don Miguel, Esteban and Ramón — and the family of the town sheriff, John Baxter; his matriarchal wife, Consuelo; and their son, Antonio. To make money, the Stranger decides to play these families against each other. He demonstrates his deadliness to both sides by shooting to death with ease the four men who insulted him as he entered town. The Stranger witnesses the Rojos massacre a detachment of Mexican soldiers escorting a chest of gold (to exchange for rifles) and comes up with a plan. He takes two of the dead bodies to a nearby cemetery and props them up to make them appear alive. He sells information to both factions, claiming two Mexican soldiers survived the attack. Each faction races to the cemetery, the Baxters to get the supposed survivors to testify against the Rojos, and the Rojos to silence them. They engage in a gunfight, with Ramón ""killing"" the supposed survivors and Esteban capturing Antonio Baxter. While the Rojos and the Baxters are fighting, the Stranger searches the Rojo hacienda for the gold, and accidentally knocks out a woman, Marisol, whom Ramón is in love with and is holding captive. He takes her to the Baxters, who arrange to return her to the Rojos in exchange for Antonio. During the hostage exchange, Marisol's son, Jesus, and husband, Julio, approach her. Ramón orders one of his men, Rubio, to kill Julio, but he is deterred by Silvanito and the Stranger. The Stranger orders Marisol to go back to Ramón, and Julio to take their son home. He learns from Silvanito that Ramón accused Julio of cheating during a card game and took Marisol as collateral. That night, while the Rojos are celebrating, the Stranger kills the guards, frees Marisol, and wrecks the house where she was held to create the appearance of an attack by the Baxters. He gives money to Marisol and urges her family to leave town. The Rojos eventually discover that it was the Stranger who freed Marisol. They capture and torture him, but he escapes. Believing that he is protected by the Baxters, the Rojos set fire to the Baxter home, massacring everyone, including Baxter's wife, as they flee the burning building. With help from the local coffinmaker named Piripero, the Stranger escapes town by hiding in a coffin, and recuperates in an abandoned mine. When Piripero tells him that Silvanito has been captured and tortured by the Rojos for the Stranger's whereabouts, he returns to town to confront them. With a steel chest plate hidden beneath his poncho, he taunts Ramón to ""aim for the heart"" as Ramón's shots deflect until Ramón exhausts his Winchester rifle's ammunition. The Stranger shoots the weapon from Ramón's hand and kills Don Miguel, Rubio and the other Rojo men standing nearby. He uses the last shot to free Silvanito, who is hanging from a rope by his hands. After challenging Ramón to reload his rifle faster than he can reload his revolver, the Stranger shoots and kills him. Esteban aims for the Stranger's back from a nearby building, but is shot dead by Silvanito. The Stranger bids Silvanito and Piripero farewell, and rides away from town."
165,Back to the Future Part II,ok,"On October 26, 1985, Dr. Emmett ""Doc"" Brown arrives unexpectedly in the DeLorean time machine, persuading Marty McFly and his girlfriend, Jennifer Parker, to travel to the future with him and help their future children.[a] Once they arrive in 2015, Doc incapacitates Jennifer, leaving her asleep in an alley to avoid letting her learn about her own future. Doc explains that their son Marty Jr. will be arrested for participating in a robbery with Biff Tannen's grandson Griff, leading to a chain of events that destroys the McFly family. Doc instructs Marty to switch places with the identical Marty Jr. and refuse Griff's offer, but Griff goads Marty into a fight by calling him ""chicken"", and a  hoverboard chase ensues. Griff and his gang are arrested, saving Marty's future children. Before rejoining Doc, Marty purchases an almanac containing the results of major sporting events from 1950 to 2000. Doc discovers it and warns Marty about profiting from time travel. Before Doc can adequately dispose of it, they are interrupted by the police, who have found Jennifer incapacitated and are taking her to her 2015 home. They pursue, as does an elderly Biff, who has overheard their conversation and retrieved the discarded almanac. Jennifer wakes up in her 2015 home and hides from the McFly family. She overhears that her future life with Marty is not what she expected, due to his involvement in an automobile accident, and witnesses Marty being goaded by his co-worker, Douglas Needles, into a shady business deal, resulting in his firing. Jennifer tries to escape the house but faints after encountering her future self. Meanwhile, unbeknownst to Marty and Doc, Biff steals the time machine and returns it. Marty and Doc return to 1985, leaving an unconscious Jennifer on her front porch to sleep off the day's events as a dream. Marty gradually realizes that the 1985 they have returned to is not the one he knows. Biff, having used the almanac to secure a fortune, is now one of the country's wealthiest and most corrupt men. He has turned Hill Valley into a chaotic dystopia, secretly killed Marty's father, George, in 1973, forced Marty's mother Lorraine to marry him, and sent Marty to boarding school in Switzerland. Meanwhile, this timeline's version of Doc has been committed to a mental hospital. Doc deduces that old Biff took the time machine to give his younger self the almanac, and Marty learns from the alternate 1985 Biff that he received it on November 12, 1955, the date Marty had recently visited. Biff, acting on his future self's advice, tries to kill Marty, who flees with Doc to 1955. Marty secretly follows the 1955 Biff and watches him receive the almanac from his 2015 self. Marty then follows him to the high school dance, carefully avoiding interrupting the events from his previous visit, and being forced to intervene when Biff's gang goes after the other Marty performing onstage. Marty finally gets the almanac, but loses it after being again goaded into a fight with Biff. Marty chases after Biff's car on the hoverboard, getting the almanac back as Biff is left to crash into a manure truck for the second time in a week. Marty burns the almanac, nullifying the changes to the timeline that it had caused, as Doc hovers above in the time machine. Before Marty can join him, the DeLorean is struck by lightning and disappears, leaving Marty once again stranded in 1955. A Western Union courier arrives and delivers a letter to Marty from Doc, who tells him that the lightning strike transported him to 1885. Marty races back into town to find the 1955 Doc, who had just helped the other Marty to return to 1985. Shocked by Marty's sudden reappearance, Doc faints."
85,Raiders of the Lost Ark,ok,"In 1936, American archaeologist Indiana Jones recovers a Golden Idol from a booby-trapped Peruvian temple. Rival archaeologist René Belloq corners him and steals the idol; Jones escapes in a waiting float plane. After returning to the United States, Jones is briefed by two Army Intelligence agents that Nazi German forces have discovered and are excavating at Tanis, Egypt, and one of their telegrams mentions Jones's former mentor Abner Ravenwood. He deduces that the Nazis are seeking the Ark of the Covenant, which Adolf Hitler believes will render their army invincible. The agents recruit Jones to recover the Ark first. At a bar in Nepal, Jones reunites with Abner's daughter Marion, with whom he once had an illicit relationship, and learns that Abner is dead. The bar is set ablaze during a shootout with Gestapo agent Arnold Toht and his men, who arrive to take a medallion from Marion. Toht attempts to recover the medallion from the flames but only burns its image into his hand. Jones and Marion take the medallion and escape. Traveling to Cairo, the pair meet Jones's friend Sallah, who reveals that Belloq is assisting the Nazis and that they have fashioned an incomplete replica medallion from the image burned into Toht's hand. Nazi soldiers and mercenaries attack Jones, and Marion is seemingly killed, leaving him despondent. An imam deciphers the medallion for Jones, revealing that one side bears a warning against disturbing the Ark and the other—which the Nazis do not possess—contains a correction to the measurements for the ""staff of Ra"", which, when combined with the medallion, is used to locate the Ark. Jones and Sallah realize the Nazis are digging in the wrong location, infiltrate the dig site, and use the medallion and a correctly sized staff of Ra to locate the Well of Souls, the Ark's resting place. They recover the Ark, a golden, intricately decorated chest, but Belloq and the Nazis discover them and seize it. Jones and Marion, whom Belloq has been holding captive, are sealed inside the well, but they escape, and Jones captures a truck carrying the Ark. Alongside Marion, Jones arranges to transport the Ark to London aboard a tramp steamer. A German U-boat intercepts them, seizing the Ark and Marion; Jones covertly boards the U-boat. The vessel travels to an island in the Aegean Sea, where Belloq intends to test the power of the Ark before presenting it to Hitler. On the island, Jones ambushes the Nazi group and threatens to destroy the Ark, but surrenders after Belloq deduces that he would never destroy something so historically significant, also surmising that Jones wants to know if the Ark's power is real. The Nazis restrain Jones and Marion at the testing site as Belloq ceremonially opens the Ark but finds only sand inside. At Jones's instruction, he and Marion close their eyes to avoid looking at the opened Ark, as it releases spirits, flames, and bolts of energy that kill Belloq, Toht, and the assembled Nazis before sealing itself shut. Jones and Marion open their eyes to find the area cleared of bodies and their bindings gone. Back in Washington, D.C., the United States government rewards Jones for securing the Ark. Despite Jones's insistence, the agents state only that the Ark has been moved to an undisclosed location for ""top men"" to study. In a vast warehouse, the Ark is crated up and stored among countless other crates."
348,Alien (film),ok,"The commercial space tug Nostromo is returning to Earth with a seven-member crew in stasis: captain Dallas, executive officer Kane, warrant officer Ripley, navigator Lambert, science officer Ash, and engineers Parker and Brett, along with the ship's cat, Jones. The ship's computer, ""Mother"", detects a transmission from a nearby exomoon and wakes the crew. Following company policy to investigate transmissions indicating intelligent life, they leave their payload in orbit and land on the surface, but the ship is damaged. Dallas, Kane, and Lambert discover that the transmission comes from a derelict alien vessel. Inside is a giant, fossilized alien corpse with a hole in its torso. Meanwhile, Mother partially deciphers the transmission, which Ripley determines is a warning beacon and not an SOS as initially thought. Kane enters a chamber containing hundreds of large eggs. When he touches one, an arthropod-like life form springs out, penetrates his helmet, and attaches to his face. Back at the Nostromo, Ripley refuses to allow them aboard, citing quarantine regulations, but Ash disobeys her. While the engineers work on ship repairs, Ash attempts to extricate the creature from Kane's face but stops when he discovers that its highly corrosive acidic blood could harm Kane and damage the ship's hull. The creature eventually detaches itself and dies. After the crew returns to space, Kane awakens and seems well. During a final crew meal before returning to stasis, he suddenly chokes and convulses as a small alien creature bursts from his chest and escapes into the ship. After ejecting Kane's body into space, the crew uses tracking devices to try to locate and kill the creature. Encountering Jones, Brett follows him into a landing leg compartment,[10] where the now fully-grown alien kills him. The crew determines that the alien is moving around the ship within the air ducts, and Dallas devises a plan to force the creature off the ship with an airlock. Dallas asks Mother about alternative methods of killing the alien and their chances of succeeding, but the computer refuses to answer. He then enters the ducts with a flamethrower but is ambushed and killed by the alien. A panic-stricken Lambert suggests abandoning the Nostromo and leaving in the ship's escape shuttle. Ripley, now in command, rejects the plan because the shuttle cannot support the remaining four crew members and decides that they will reattempt Dallas's plan. She accesses Mother herself and discovers a secret company directive: Ash must return with the alien for study, regardless of risk to the crew. Ash attempts to kill her when confronted, but Parker arrives and incapacitates Ash, who is revealed to be an android. Upon interrogation, Ash admires the alien and claims that the crew stands no chance against it. Parker incinerates Ash's remains. Hearing this, Ripley decides to proceed with Lambert's plan and initiate the Nostromo's self-destruct mechanism. While they are gathering supplies, the alien kills Parker and Lambert. Now alone, Ripley begins the self-destruction, but the alien blocks her route to the escape shuttle. She narrowly escapes and turns back to abort the sequence but fails to return before the override option expires. With only five minutes left to evacuate, Ripley frantically returns to the shuttle and finds that the alien is gone. She takes Jones, boards the shuttle and launches it seconds before the Nostromo explodes. As Ripley prepares for stasis, she discovers that the alien has stowed itself in a narrow compartment aboard the shuttle. She dons a spacesuit, loads a grappling hook gun, and straps herself to a chair before discharging gases to drive the alien from its hiding place. It tries to attack her, but she opens the shuttle door. The resulting depressurization blast leaves the alien clinging to the door frame. Ripley shoots it with the gun, knocking it out, but the door closes on the grapple line, leaving the alien tethered to the ship. She then fires the engines to sever the line and blast the alien into space. After recording her log entry, she places Jones and herself into stasis to start their return journey to Earth."
93,Anatomy of a Murder,ok,"In the Upper Peninsula of Michigan, small-town lawyer Paul Biegler, a former district attorney who lost his re-election bid, spends most of his time fishing, playing the piano, and hanging out with his alcoholic friend and colleague Parnell McCarthy and sardonic secretary Maida Rutledge. One day, Biegler is contacted by Laura Manion to defend her husband, US Army Lieutenant Frederick ""Manny"" Manion, who has been arrested for the murder of innkeeper Bernard ""Barney"" Quill. Manion does not deny the murder, but claims that Quill raped his wife. Even with such a motivation, getting Manion cleared of murder would be difficult, but Manion claims to have no memory of the event, which suggests he may be eligible for a defense of irresistible impulse—a version of a temporary insanity defense. It is strongly implied that Manion is faking insanity, having been guided to it as a potential defense by Biegler. Biegler's folksy speech and laid-back demeanor hide a sharp legal mind and a propensity for courtroom theatrics that keeps the judge busy maintaining control. However, the case for the defense does not go well, especially as local district attorney Mitch Lodwick is assisted by high-powered prosecutor Claude Dancer from the Attorney General's office. Furthermore, the prosecution tries at every instance to block any mention of Manion's motive for killing Quill. Biegler eventually manages to get the rape of Laura Manion into the record and Judge Weaver agrees to allow the matter to be part of the deliberations. During cross-examination, Dancer insinuates that Laura openly flirted with other men, including the man she claimed raped her. Psychiatrists give conflicting testimony to Manion's state of mind at the time that he killed Quill. Dancer says that Manion may have suspected Laura of cheating on him because he asked her, a Catholic, to swear on a rosary that Quill raped her. This raises doubt as to whether the act was consensual. Quill's estate is to be inherited by Mary Pilant, whom Dancer accused of being Quill's mistress. McCarthy learns that Pilant is Quill's daughter, a fact she is anxious to keep secret since she was born out of wedlock. Biegler, who is losing the case, tries to persuade Pilant that Al Paquette, the bartender who witnessed the murder, may know if Quill admitted to raping Laura and  is covering it up, either because he loves Pilant or out of loyalty to Quill. Through Pilant, Biegler is unable to get Paquette to testify on behalf of Manion. During the trial, Laura claims that Quill tore off her underwear while raping her; the underwear was not found where she alleged the rape took place. Pilant, previously unaware of any details of the case, hears this during the trial and then tells Biegler and later testifies that she found the panties in the inn's laundry room the morning after the alleged rape. Biegler suggests Quill may have attempted to avoid suspicion by dropping the panties down the laundry chute located next to his room. Dancer tries to establish that Pilant's answers are founded on her jealousy. When Dancer asserts forcibly that Quill was Pilant's lover and that Pilant lied to cover this fact, Pilant shocks everyone by stating that Quill was her father. Manion is found not guilty by reason of insanity. After the trial, Biegler decides to open a new practice, with a newly sober McCarthy as his partner. The next day, Biegler and McCarthy travel to the Manions' trailer park home to get Manion's signature on a promissory note which they hope will suffice as collateral for a desperately needed loan. It turns out the Manions have vacated the trailer park, the superintendent commenting that Laura Manion had been crying. Manion left a note for Biegler, indicating that his flight was ""an irresistible impulse"", the same justification Biegler used during the trial. Biegler states that Mary Pilant has retained him to execute Quill's estate; McCarthy says that working for her will be ""poetic justice""."
12445,Harry Potter and the Deathly Hallows – Part 2,ok,"After burying Dobby, Harry Potter asks the goblin Griphook to help him, Ron Weasley, and Hermione Granger break into Bellatrix Lestrange's vault at Gringotts bank, suspecting a Horcrux is there. Griphook agrees, in exchange for the Sword of Gryffindor. Wandmaker Ollivander tells Harry that two wands taken from Malfoy Manor[a] belonged to Bellatrix and Draco Malfoy; he senses Draco's wand has changed its allegiance to Harry when he took it from Draco. A horcrux, Helga Hufflepuff's cup, is found in Bellatrix's vault, but Griphook snatches the sword and abandons them. Trapped by security, they release the dragon guardian and flee Gringotts on its back. Harry has a vision of Lord Voldemort at Gringotts, furious at the theft. Harry also realises a Horcrux connected to Rowena Ravenclaw is hidden at Hogwarts. The trio apparate into Hogsmeade and Albus Dumbledore's brother Aberforth helps them, revealing that he was the one who sent Dobby to Malfoy Manor. He reveals a secret passageway into Hogwarts's Room of Requirement and summons Neville Longbottom to lead them back into the school. As Severus Snape threatens the school staff and students, Harry reveals himself. Professor McGonagall duels Snape and forces him to flee before rousing Hogwarts for battle. Luna Lovegood advises Harry to consult Helena Ravenclaw's ghost, who reveals that Voldemort used dark magic on her mother's diadem before hiding it in the Room of Requirement. In the Chamber of Secrets, Ron and Hermione destroy the Horcrux cup with a Basilisk fang. Draco, Blaise Zabini, and Goyle attack Harry, but Ron and Hermione intervene. Goyle casts a Fiendfyre curse that kills him, while Harry, Ron, and Hermione rescue Draco and Zabini and escape. Harry stabs the diadem with the Basilisk fang, and Ron kicks it into the fire. As Voldemort's army attacks, Harry realises Voldemort's snake Nagini is the final Horcrux. The trio overhears Voldemort telling Snape the Elder Wand cannot serve him until Snape dies, as he killed Dumbledore, the wand's previous master. Nagini mortally wounds Snape. As he dies, he gives Harry one of his memories. Many members of the Order, students, and staff, including Fred Weasley, Remus Lupin, and Nymphadora Tonks, are killed in battle. Harry views Snape's memory in the Pensieve: Snape and Harry's mother Lily were childhood friends; he was also in love with her, but she fell for Harry's father James, whom Snape despised for his arrogance and for bullying him. Harry also learns Snape attempted to protect Lily by pleading with Dumbledore to hide the Potters. Following her death, Snape worked with Dumbledore as a double agent among the Death Eaters, including agreeing to kill him. Harry sees Snape conjure the Patronus doe that led Harry to Gryffindor's sword. Harry also learns that he inadvertently became a Horcrux when Voldemort's curse originally failed to kill him; Voldemort must now kill Harry to destroy the soul shard within him. Using the Resurrection Stone that had been stored in the Golden Snitch bequeathed to him, Harry sees the spirits of his parents, Sirius Black, and Remus. They comfort him before he returns to Voldemort in the Forbidden Forest. Voldemort casts the Killing Curse upon Harry, who awakens in limbo. Dumbledore's spirit meets him and explains that Harry is now free of the link to Voldemort and can choose to return to his body or move on. Voldemort returns with Harry's apparently dead body and demands Hogwarts surrender. As Neville takes the Sword of Gryffindor from the Sorting Hat, Harry reveals he is alive, and the Malfoys abandon Voldemort along with many other Death Eaters. Molly Weasley kills Bellatrix in the Great Hall, and Neville beheads Nagini, destroying the last Horcrux. Harry defeats Voldemort when his Expelliarmus deflects Voldemort's Killing Curse back at him. After the battle, Harry explains to Ron and Hermione that Voldemort never commanded the Elder Wand; it recognised him as its true master after disarming Draco, who had disarmed Dumbledore before he was killed by Snape. Instead of claiming the Elder Wand, Harry chooses to destroy it. Nineteen years later, Harry, Ginny Weasley, Ron, Hermione, and Draco watch as their children depart on the train at King's Cross for Hogwarts."
671,Harry Potter and the Philosopher's Stone (film),ok,"Orphaned as a baby, Harry Potter is entrusted to his only living relatives, the Dursley family that is not related to the wizarding world, by Professor Albus Dumbledore, Professor Minerva McGonagall, and key keeper Rubeus Hagrid from Hogwarts School of Witchcraft and Wizardry. Due to their hatred of the wizarding world, the Dursleys keep Harry unaware of magic until his eleventh birthday approaches, when their home is flooded with letters addressed to Harry, informing him he has been accepted to study magic at Hogwarts. As the Dursleys intercept the letters, Hagrid is sent to fetch Harry. Harry subsequently purchases school supplies with Hagrid at Diagon Alley, where he learns he is celebrated for surviving the dark wizard Lord Voldemort, who seemingly perished after murdering Harry's parents for working against him and left him with only a lightning bolt-shaped scar. Harry journeys to Hogwarts aboard the Hogwarts Express, where he meets Ron Weasley and Hermione Granger. Upon arrival, the first-year students are sorted into four houses: Harry, Ron, and Hermione join Gryffindor, while the haughty Draco Malfoy goes to Slytherin, known for producing dark wizards. As they begin learning about magic and exploring Hogwarts, the three accidentally wander onto a forbidden corridor on the third floor, guarded by a giant three-headed dog named Fluffy; they subsequently question what it could be guarding. They also question how one would acquire a three-headed dog. While Harry and Ron become friends, Hermione's studious ways ostracise her from the other students. On Halloween, Ron insults her and she retreats to the girls' toilets at the same time a mountain troll is found loose in the school. Harry and Ron rescue her from the troll and, when the teachers find them, Hermione takes the blame by saying she went looking for the troll, affirming the three's friendship; at the same time, Harry notices that the potions professor, Severus Snape, has sustained an injury. At his first flying lesson, Harry displays such impressive flying skills that McGonagall makes him Seeker for the Gryffindor Quidditch team; during his first match, Ron and Hermione act when they see Snape appearing to jinx Harry's broomstick. Snape's actions lead Harry to suspect him of trying to get into the third-floor corridor, which Hagrid dismisses, unintentionally revealing Fluffy is guarding something known only to Dumbledore and Nicholas Flamel. Harry and Ron spend Christmas together at Hogwarts, where Harry receives a Cloak of Invisibility and discovers the Mirror of Erised, which displays one's deepest desire. When Hermione returns, she informs the boys that Nicholas Flamel is the creator of the Philosopher's Stone, which can grant users immortality, and determines that this is what is being kept on the third floor. When Harry later encounters someone in the forest surrounding the school feeding on a unicorn, which the centaur Firenze informs him can keep a person alive, Harry deduces that it was Voldemort and that Snape wants to use the Philosopher's Stone to revive him. When Dumbledore is summoned to London, the three suspect Snape will attempt to steal the stone and decide to stop him. They believed that he would use the stone to make sure that Voldemort would live forever as long as he had the stone. Sneaking onto the third floor, they get past Fluffy and face further defences of a strangling plant, flying keys, and a giant, enchanted chessboard, which leaves Ron incapacitated. Hermione tends to him, leaving Harry alone to confront the intruder, which turns out to be timid Professor Quirrell, whom Snape had been investigating all year while protecting Harry. Harry is granted the Stone by the final defence, the Mirror of Erised, by virtue of not desiring it. Quirrell reveals Voldemort's weakened form on the back of his head, and they attempt to persuade Harry to hand it over. When Harry refuses, Voldemort orders Quirrell to kill him, but Harry's touch incinerates Quirrell's body, from which Voldemort's soul escapes. Harry wakes up in the hospital wing, where Dumbledore explains that the Stone has been destroyed, and that Harry has twice overcome Voldemort owing to his mother's sacrifice, which repels harmful magic through him. As the school year ends, Harry, Ron, Hermione, and Neville Longbottom earn house points for their heroism, enabling Gryffindor to win the House Cup despite Slytherin's lead. As the summer nears, Harry is happy to have found a real home at Hogwarts."
284053,Thor: Ragnarok,ok,"Two years after the Battle of Sokovia,[a] Thor is imprisoned by the fire demon Surtur, who reveals that Thor's father Odin is no longer on Asgard. He explains that Asgard will soon be destroyed during the prophesied apocalypse Ragnarök, once Surtur unites his crown with the Eternal Flame that burns in Odin's vault. Thor frees himself, defeats Surtur, and takes his crown, believing he has prevented Ragnarök. Thor returns to Asgard to find Heimdall gone and his estranged brother Loki posing as Odin. He forces Loki to help find their father, who Loki put a spell on after his presumed sacrifice years before. With directions from Stephen Strange, they find Odin in Norway. Odin explains that he is dying, Ragnarök is imminent despite Thor's efforts, and his death will free his firstborn child, Hela, from Hel, a prison she was sealed in long ago. Hela, a sibling Thor and Loki did not know existed, was the leader of Asgard's armies and conquered the Nine Realms with Odin, but he imprisoned her and wrote her out of history after she became too bloodthirsty and did not share his views on peace. Odin dies, and Hela appears after being freed from her prison. She destroys Thor's hammer Mjolnir, and pursues the two as they attempt to flee through the Bifröst Bridge, knocking them out into space. Arriving in Asgard, Hela defeats its army, slays the Warriors Three, and resurrects the ancient dead who once fought with her, including her giant wolf Fenris. She appoints the Asgardian Skurge as her executioner. Hela plans to use the Bifröst to expand Asgard's empire, but Heimdall takes the sword that controls the Bifröst. Meanwhile, Thor crash-lands on Sakaar, a garbage planet surrounded by wormholes. A slave trader designated Scrapper 142 subdues him with an obedience disk and sells him as a gladiator to Sakaar's ruler, the Grandmaster, with whom Loki has already ingratiated himself. Thor recognizes 142 as a Valkyrie, one of a legendary force of female warriors who were killed fighting Hela eons ago. Thor is forced to compete in the Grandmaster's Contest of Champions, facing his friend Hulk. Summoning lightning, Thor gets the upper hand, but the Grandmaster sabotages the fight to ensure Hulk's victory. Still enslaved after the fight, Thor attempts to convince Hulk and 142 to help him save Asgard, but neither is willing. Thor finds the Quinjet that brought Hulk to Sakaar. Hulk inadvertently destroys the Quinjet, but a recording of Natasha Romanoff causes Hulk to transform back into Bruce Banner for the first time since leaving Sokovia. 142 decides to help Thor save Asgard. Loki helps them steal one of the Grandmaster's ships. They liberate the other gladiators who, incited by two aliens named Korg and Miek, stage a revolution. Loki again attempts to betray his brother, but Thor anticipates this and incapacitates him. Thor, Banner, and 142 escape through a wormhole to Asgard, where Hela's forces attack Heimdall and the Asgardian citizens. Hulk defeats Fenris; Loki and the gladiators arrive to help, and a repentant Skurge sacrifices himself to save the citizens. Thor, battling Hela, loses his right eye and has a vision of Odin that helps him realize only Ragnarök can stop her, as she is too powerful. He sends Loki to trigger Ragnarök by placing Surtur's crown in the Eternal Flame. Surtur is reborn and destroys Asgard, killing Hela. Aboard the Grandmaster's spaceship, the Statesman, Thor, now king, reconciles with Loki and decides to take his people to Earth. In a mid-credits scene, they are intercepted by a large spacecraft.[b] In a post-credits scene, the overthrown Grandmaster is confronted by his former subjects."
108,Three Colours: Blue,ok,"Julie, the wife of famous French composer Patrice de Courcy, loses her husband and five-year-old daughter in an automobile accident but survives herself. While recovering in the hospital, Julie attempts suicide by taking an overdose of pills but is unable to swallow them. After being released from the hospital, Julie, who is thought to have helped write much of her husband's famous pieces, destroys what remains of his work. She contacts Olivier, a collaborator of her husband's who has always admired her, and sleeps with him before bidding him farewell. She empties the family home and puts it up for sale, moving into an apartment in Paris near Rue Mouffetard without informing anyone. Her only memento is a mobile of blue beads that is hinted to have belonged to her daughter. Julie dissociates herself from her past life and distances herself from former friendships. She is no longer recognized by her mother, who has dementia. She reclaims and destroys the unfinished score for her late husband's last commissioned work, a piece celebrating European unity following the end of the Cold War. Excerpts of its music, however, continuously haunt her. Despite her desire to live anonymously and alone, Julie is soon confronted by her past. A boy who witnessed the accident gives her a cross necklace found at the scene and asks her about her husband's last words, which turned out to be the punchline of an indelicate joke the husband was telling the family. Julie allows the boy to keep the necklace. She also reluctantly befriends Lucille, an exotic dancer who is having an affair with one of her neighbors and is despised by most residents of the apartment building. The two women provide emotional support for each other. At one point Julie discovers a few baby mice from a broken vase, who get abandoned by their mother. Julie has a strong emotional response, and ultimately borrows her neighbour's cat to get rid of the mice. She feels conflicted about the incident. While comforting Lucille at the Pigalle club where she works, Julie sees Olivier being interviewed on television, revealing that he kept a copy of the European piece and plans to finish it himself. Julie then sees a picture of Patrice with another woman in a romantic context. Julie confronts Olivier about the European piece and asks him about the woman seen with Patrice. She tracks down Sandrine, a lawyer and Patrice's mistress, and discovers that she is pregnant with his child. Julie arranges for Sandrine to have the family home, not yet sold, and eventual recognition of his paternity for the child. Julie then returns to working on the piece with Olivier and finishes the final part. She calls Olivier, who refuses to put forth the piece as his own unless Julie is credited as well, to which Julie agrees. Julie then calls Olivier again and asks him if he still loves her; he says yes, and Julie proceeds to meet him. Part of the completed Unity of Europe piece is played, which features a chorus and a solo soprano singing in Greek; the lyrics praise the divine love in Saint Paul's first letter to the Corinthians. Images are seen of all the people Julie's actions have affected. Julie cries before she begins to smile gradually."
149,Akira (1988 film),ok,"In 2019, following a world war triggered by the sudden destruction of Tokyo on July 16, 1988, Neo-Tokyo is plagued by corruption, anti-government protests, terrorism, and gang violence. During a violent rally, the hot-headed Shōtarō Kaneda leads his vigilante bōsōzoku gang, the Capsules, against the rival Clown gang. Kaneda's best friend, Tetsuo Shima, inadvertently crashes his motorcycle into Takashi, an esper who escaped from a government laboratory with the aid of a resistance organization. Assisted by fellow esper Masaru, Japan Self-Defense Forces Colonel Shikishima recaptures Takashi, has Tetsuo hospitalized, and arrests the Capsules. While being interrogated by the police, Kaneda meets Kei, an activist within the resistance movement, and tricks the authorities into releasing her with his gang. At a secret government facility, Shikishima and his head of research, Doctor Ōnishi, discover that Tetsuo possesses powerful psychic abilities similar to Akira, the esper responsible for Tokyo's 1988 destruction. Esper Kiyoko forewarns Shikishima of Neo-Tokyo's impending destruction, but the city's parliament dismisses Shikishima's concerns, leading him to consider killing Tetsuo to prevent another cataclysm. Meanwhile, Tetsuo escapes from the hospital, steals Kaneda's motorcycle, and tries to flee Neo-Tokyo with his girlfriend Kaori, but the Clowns ambush them. The Capsules rescue Tetsuo and Kaori, but Tetsuo suffers intense headaches and hallucinations and is re-hospitalized. Overhearing their plan to rescue Tetsuo and the other espers, Kaneda joins Kei's resistance cell. At the hospital, the espers try killing Tetsuo via hallucinations, but the attempt is thwarted. A frustrated Tetsuo searches for them, killing any orderlies and militiamen blocking his path. The resistance group infiltrates the hospital, and Kiyoko draws Kei and Kaneda into Shikishima's and the espers' futile attempts to stop Tetsuo. Kiyoko tells Tetsuo that Akira, located in cryonic storage beneath the Olympic Stadium's construction site, could help Tetsuo with his powers. After betraying everyone around him, including Kaneda, Tetsuo flees the hospital to hunt for Akira. Using Kei as a medium to stop Tetsuo, Kiyoko breaks her and Kaneda out of military custody. Shikishima stages a coup d'état against Neo-Tokyo's government and directs its military forces to destroy Tetsuo at any cost. At the Capsules' former hangout, Harukiya Bar, Tetsuo confronts gangmates Yamagata and Kai over Kaneda's bike and kills Yamagata after his protest. Kai relays the news to Kaneda, who vows to avenge his friend, while Takashi brings Kei away. Mistaken for Akira by cultists, Tetsuo rampages through Neo-Tokyo, arriving at Akira's cryogenic storage dewar under the stadium. Kei fights Tetsuo, but he defeats her and exhumes Akira, only to find that Akira is dead and his remains were sealed in jars for scientific research. Kaneda fights Tetsuo with a laser rifle, and Shikishima fires an orbital weapon at him. While the latter destroys his arm, neither can stop him. Shikishima and Kaori approach the stadium, where Tetsuo, now with a robotic arm, is in great pain and losing control over his powers. Kaori tries restraining Tetsuo while Shikishima unsuccessfully offers to heal his injuries and help control his abilities. Kaneda again fights Tetsuo, who weakened from his missing arm, mutates into a gigantic mass of flesh, consuming the stadium, Kaneda, and Kaori, who is killed. The espers revive Akira to stop the growing mass. Reuniting with his friends, Akira creates a singularity, drawing Tetsuo and Kaneda into another dimension. The espers teleport Shikishima to a safe distance as the singularity destroys Neo-Tokyo in a mirror of Tokyo's previous destruction, and they agree to rescue Kaneda, knowing they will not return to this dimension as a result. In the singularity, Kaneda experiences Tetsuo's and the espers' childhoods, including his and Tetsuo's friendship and the espers' psychic training before Tokyo's destruction. The espers return Kaneda to Neo-Tokyo, informing him that Akira will take Tetsuo to safety and that Kei is developing psychic powers. After consuming much of Neo-Tokyo, the singularity collapses, leaving a flooded crater. Mourning Tetsuo's loss, Kaneda discovers that Kei and Kai have survived and reunites with them, and they ride off into the ruins while Shikishima observes the aftermath and watches the sunrise. In an unspecified plane of reality, Tetsuo introduces himself and triggers the creation of a universe, finally transcending the limitations of human existence."
11,Star Wars (film),ok,"In a period of galactic civil war, Rebel Alliance spies have stolen blueprints  to the Death Star, a colossal space station built by the Galactic Empire that is capable of destroying entire planets. Princess Leia Organa of Alderaan, secretly a rebel leader, has obtained the schematics, but her ship is intercepted and boarded by Imperial forces under the command of Darth Vader. Leia is taken prisoner, but the droids R2-D2 and C-3PO escape with the plans, crash-landing on the nearby desert planet of Tatooine. Darth Vader orders his troops to pursue the droids. The droids are captured by Jawa traders, who sell them to the moisture farmers Owen and Beru Lars and their nephew, Luke Skywalker. While Luke is cleaning R2-D2, he discovers a recording of Leia requesting help from a former ally named Obi-Wan Kenobi. R2-D2 goes missing, and while searching for him, Luke is attacked by Sand People. He is rescued by the elderly hermit Ben Kenobi, who soon reveals himself as Obi-Wan. He tells Luke about his past as one of the Jedi Knights, peacekeepers of the former Galactic Republic, who drew mystical abilities from the Force, an energy field that connects all living beings. He explains that the Jedi were all but exterminated by the Empire. Luke learns that his father, also a Jedi, fought alongside Obi-Wan during the Clone Wars until Vader, Obi-Wan's former pupil, turned to the dark side of the Force and murdered him. Obi-Wan gives Luke his father's lightsaber, the signature weapon of the Jedi. R2-D2 plays Leia's full message, in which she begs Obi-Wan to take the Death Star plans to Alderaan and give them to her father, a fellow veteran, for analysis. Luke initially declines Obi-Wan's offer to accompany him to Alderaan and learn the ways of the Force. However, he quickly changes his mind after Imperial stormtroopers murder his family and destroy his home while searching for the droids. Seeking a way off the planet, Luke and Obi-Wan travel with the droids to the city of Mos Eisley and hire the smuggler Han Solo and his Wookiee partner Chewbacca, pilots of the starship Millennium Falcon. On the way to Alderaan, Obi-Wan begins Luke's training in the use of the Force. Meanwhile, the Death Star, under the command of Grand Moff Tarkin, obliterates Alderaan with its superlaser.[5] It then captures the Falcon with a tractor beam, but Luke and his companions manage to avoid detection and infiltrate the station. Vader, however, senses Obi-Wan's presence, and begins searching for him. As Obi-Wan deactivates the tractor beam, Luke persuades Han and Chewbacca to help him rescue Leia, who is scheduled for execution after refusing to reveal the location of the rebel base. After disabling the tractor beam, Obi-Wan is killed by Darth Vader in a lightsaber duel, which allows the rest of the group to escape. Using a tracking device placed on the Falcon, the Empire locates the rebel base on the moon Yavin 4. Analysis of the Death Star schematics reveals a weakness in a small exhaust port leading directly to the station's reactor. Luke joins the Rebellion's X-wing squadron in a desperate attack against the Death Star, while Han and Chewbacca leave to pay off a debt to the crime lord Jabba the Hutt. In the ensuing battle, Vader leads a squadron of TIE fighters and destroys several rebel ships, while Tarkin prepares to destroy Yavin 4 with the Death Star. Han and Chewbacca unexpectedly return in the Falcon, knocking Vader's ship off course before he can shoot Luke down. Guided by the voice of Obi-Wan's spirit, Luke uses the Force to aim his torpedoes into the exhaust port, causing the Death Star to explode moments before it can fire on the rebel base. In a triumphant ceremony, Leia awards Luke and Han medals for their heroism."
76341,Mad Max: Fury Road,ok,"Max Rockatansky is captured by hydraulic despot cult leader Immortan Joe's War Boys and taken to his fortress called the Citadel. Max, a universal donor, is forced to transfuse his blood to Nux, a sick War Boy.[11] Meanwhile, Joe sends his lieutenant Imperator Furiosa in the armoured ""War Rig"" to trade produce and water for petrol and ammunition with two of his allies, the Bullet Farmer and the People Eater. When Joe realises his five ""wives"" are fleeing in the Rig, he leads his entire army in pursuit, calling on his allies to help. Nux joins the pursuit with Max strapped to his car, and a chasing battle ensues. After entering enemy territory and fending off a rival gang, Furiosa drives into a dust choked supercell and loses all of her pursuers except Nux, who attempts to sacrifice himself to blow up the Rig. Max frees himself and restrains Nux, and Furiosa destroys Nux's car. After the sandstorm, Max catches Furiosa repairing the Rig, accompanied by Joe's ""wives"": Toast, Capable, Cheedo, the Dag, and Angharad, the latter two being pregnant with Joe's children. Max fights and subdues Furiosa, but her engine kill switch prevents him from stealing the Rig. Max begrudgingly agrees to help Furiosa's group escape Joe's wrath. Nux sneaks onto the Rig and attempts to kill Furiosa, but the women overpower him and throw Nux out. Nux rejoins Joe's army when it catches up. Furiosa drives through a canyon controlled by a biker gang, having prearranged to trade petrol for safe passage. The bikers betray her when they spot Joe's army approaching, forcing her to flee. The bikers detonate the canyon walls to block Joe and pursue the Rig as Max and Furiosa fend them off. Joe drives over the blockade in a monster truck and catches up with the Rig. He sends Nux to carjack the Rig, but Nux stumbles and drops his weapon, to Joe's disgust. While helping Max, Angharad falls off the Rig, and Joe fatally runs her over. Capable finds Nux hiding in the Rig and consoles him. At night, Furiosa and Max drive through a swamp and get stuck in the mud. They slow Joe's forces with landmines, but the Bullet Farmer continues the pursuit in his ATV. Furiosa and Max work together to blind the Bullet Farmer and disable his ATV. Moved by Capable's compassion, Nux joins the group and helps get the Rig moving again. In the morning, Furiosa tells Max that her group is escaping to a ""Green Place"", the bountiful land where she grew up before being kidnapped and brought to the Citadel. She spots a Green Place watchtower and identifies herself to the woman at top who summons their matriarchal clan called the Vuvalini. The Vuvalini recognise Furiosa as one of their own but inform a devastated Furiosa that the Green Place was the now-uninhabitable swamp from the previous night and that only seven Vuvalini are left. The group decides to ride across an immense salt flat, hoping to find a new home on the other side. Max goes his own way. After seeing a vision of the child he was unable to save,[a] Max catches up with the group and convinces them to return to the Citadel since they do not know what lies beyond the salt flat, but do know that the now-undefended Citadel has ample water and crops. Joe intercepts them, and in the ensuing battle, five Vuvalini are killed, Toast is captured, and Furiosa is severely wounded. Joe overtakes the Rig as they approach the canyon. While Max fights Joe's son and enforcer Rictus, Furiosa boards Joe's truck to rescue Toast, who distracts Joe, allowing Furiosa to kill him. The remnants of the group drive Joe's truck back to the Citadel, while Nux sacrifices himself by wrecking the Rig to block the canyon behind them, killing Rictus. Max transfuses his blood to Furiosa, saving her life. Back at the Citadel, the people rejoice upon learning of Joe's death. As Max's companions are lifted to Joe's cliffside fortress, Max and Furiosa glance at each other before Max disappears into the crowd."
189,Sin City: A Dame to Kill For,no_plot,
218,The Terminator,ok,"In 1984 Los Angeles, an imposing man appears naked in an alley amid electric flashes and attacks some punks for clothes. Later, a man with scars appears in an alley the same way and evades police. The first man robs a gun shop, looks up addresses of women named Sarah Connor and begins murdering them. A waitress by that same name sees news reports about the murders and notices the second man following her. As she shelters in a nightclub, the first man kills her roommate Ginger and her boyfriend. He tracks her to the nightclub, where the second man preemptively fires on him. After a chaotic gunfight, the second man escapes with Sarah in a stolen car, while the first man gets up and pursues them on foot and in a police car. The second man identifies himself as Sergeant Reese. He tells Sarah that the other man is a ""Terminator"", a cyborg assassin from the future, and he has also come from the future to protect her. As they hide in a parking garage, Reese explains that Skynet, a pervasive computer network built by Cyberdyne Systems, will gain intelligence and launch a nuclear war against humans. He grew up in the aftermath as machines rounded survivors into extermination camps, where Sarah's future son, John, would start a resistance. On the verge of the resistance's victory in 2029, Skynet sent the Terminator back in time to assassinate Sarah and prevent John's birth. The Terminator locates them and, during a renewed chase, Reese damages it with a gunshot to the eye. The Terminator crashes and disappears as police arrest Sarah and Reese. Sarah is notified of Ginger's murder while Reese is interrogated by Dr. Silberman, a skeptical criminal psychologist. The Terminator returns to a hotel hideout and repairs itself. Just as Silberman leaves, the Terminator arrives at the police station searching for Sarah, slaughtering many officers in the process. Reese and Sarah escape in another car and get to safety. The next morning, they take refuge in a motel, where they assemble several pipe bombs and plan their next move. Reese confesses that he has adored Sarah since he saw her in a photograph that John gave him and came to the past out of love for her. Realizing that Reese is John's father, Sarah reciprocates his feelings as they conceive their son. The Terminator locates Sarah by intercepting a telephone call intended for her mother, deceiving her into revealing her location with its voice-mimicking ability. She and Reese escape the motel in a pickup truck while it pursues them on a motorcycle. In the ensuing chase, Reese is badly wounded by gunfire while throwing pipe bombs at the Terminator. Sarah knocks the Terminator off the motorcycle but loses control of the truck, which flips over. The Terminator, now bloodied and badly damaged, hijacks a tank truck and attempts to run down Sarah. Reese throws a pipe bomb into the truck's hose tube, causing it to explode and reduce the Terminator to its endoskeleton. Although Sarah and Reese initially believe they are triumphant, the Terminator soon recovers. They flee into a factory, where Reese activates machinery to distract it, but the Terminator eventually discovers them. Reese lodges his last pipe bomb into the Terminator's midsection, blowing it apart at the cost of his own life. The Terminator's still-functioning torso pursues Sarah through a hydraulic press. She clears the press and uses it to crush the Terminator, finally destroying the cyborg. Months later, while pregnant with John, Sarah travels through remote Mexico with a guard dog to hide from Skynet, recording audio tapes for her son. At a filling station, a boy takes an instant film photograph of her, the one that John will one day give to Reese, and she buys it. She restarts her car and drives toward ominous storm clouds."
69,Walk the Line,ok,"The film begins in 1968 with Johnny Cash performing at Folsom State Prison. As the audience of inmates cheer him on, Cash waits backstage near a table saw, which reminds him of his early life. Two decades earlier, in 1944, 12-year-old Johnny is raised on a cotton farm in Dyess, Arkansas, with his brother Jack, his abusive father Ray, his mother Carrie, and his two sisters. One day, Jack is killed in a sawmill accident while Johnny is out fishing. Ray blames Johnny for Jack's death, saying that the Devil ""took the wrong son"". In 1950, Johnny enlists in the U.S. Air Force and is stationed in West Germany. While there, he purchases a guitar and finds solace in writing songs, including ""Folsom Prison Blues"", which he develops in 1952. After his discharge from the military in 1954, Johnny returns to the United States and marries his girlfriend, Vivian Liberto. The couple moves to Memphis, Tennessee, where Cash works as a door-to-door salesman to support his growing family, but with little success. One day, Johnny walks past a recording studio and is inspired to form a band to play gospel music. He and his band audition for Sam Phillips, the owner of Sun Records, and Phillips signs them after they play ""Folsom Prison Blues."" The band tours as Johnny Cash and the Tennessee Two, along with other rising stars Elvis Presley, Carl Perkins, Roy Orbison and Jerry Lee Lewis. Johnny meets country music singer and songwriter June Carter while on tour and is immediately smitten. He tries to woo her, but she gently rebuffs his attempts. Despite this, they become friends. As Johnny grows up, he begins abusing drugs and alcohol, and over the objections of Vivian, he persuades June to go on tour with him. The tour is a success, but backstage, Vivian becomes critical of June's influence over Johnny. After one performance in Las Vegas, Johnny and June sleep together. The next morning, June notices Johnny taking pills and begins to doubt her choice to be with him. At their concert that evening, Johnny is upset by June's apparent rejection and behaves erratically, eventually passing out on stage. June is upset with Johnny's behavior and decides to dispose of his drugs. She begins to write ""Ring of Fire"" as a way to describe her feelings for him and the pain she feels as she watches him descend into addiction. After returning to California, Johnny travels to Mexico to purchase more drugs and is arrested. Soon after, Johnny's marriage to Vivian implodes; they divorce, and he moves to Nashville, Tennessee, in 1966. Johnny buys a large house near a lake in Hendersonville, Tennessee, in an attempt to reconcile with June. Ray and other members of the extended Carter family arrive for Thanksgiving, where Ray and Johnny get into an argument, and June's mother urges June to help Johnny. Johnny goes into detox and awakens next to June, who says they have been given a second chance. They begin a tentative relationship, but June resists Cash's marriage proposals. Later, Johnny records an album live at Folsom Prison after discovering that most of his fan mail is from prisoners. The performance is a success, and Johnny embarks on a tour with June and his band. At the end of the film, Johnny invites June to join him for a duet but stops in the middle of the song and tells her that he can't sing ""Jackson"" anymore unless she agrees to marry him. June accepts, and they share a passionate embrace on stage. Later, Johnny and his father reconcile their relationship while they are with their families."
2,Ariel (1988 film),ok,"A mine gets closed in Finnish Lapland, putting a number of miners including Taisto Kasurinen (Turo Pajala), out of work. In a café, an older miner advises Kasurinen that there is no future in mining. He gives Kasurinen the keys to an old (1962) white Cadillac convertible, then walks into the men's room and shoots himself. Kasurinen drives the convertible to southern Finland, where he is mugged and has his life savings stolen. He gets a labouring job and finds a cheap bed at a nearby hostel. Impressed with the Cadillac, metermaid Irmeli flirts with Kasurinen. Rather than waiting for her shift to end, she quits her job to accept his dinner invitation. In bed together at her home, they discuss their pasts. Irmeli recounts stories of her ex-husband and Kasurinen tells her that he is from the country, to which she replies ""that's different"". He is woken up by Irmeli's young son holding a gun in his face and offering him breakfast. Kasurinen is kicked out of the hostel when he fails to pay for his bed and begins sleeping in his car. In need of money, he reluctantly sells it. He drifts around the city, occasionally smoking cigarette butts left in ashtrays. While sitting in a diner, he spots one of the men who robbed him, chases him, grabs the knife the man pulls out and holds him at knifepoint. The police arrest Kasurinen for attempted armed robbery. He is sentenced to nearly two years in jail. As he is leaving the courtroom, he makes eye contact with a distressed Irmeli from across the room. Kasurinen proposes marriage to Irmeli during one of her visits to prison and Irmeli accepts. Later, Irmeli brings him a birthday cake and a book with a saw inside it. He and his cellmate Mikkonen (Matti Pellonpää) escape together. Outside, Kasurinen and Irmeli get married. Kasurinen and Mikkonen rob a bank to fund their journey out of the country. The men who had promised them passports stab Mikkonen in order to get the loot for themselves. Kasurinen shoots them dead but is unable to save Mikkonen. The film ends with Kasurinen, Irmeli and her son boarding a ship named Ariel, heading to Mexico."
90,Beverly Hills Cop,ok,"Axel Foley is a plainclothes Detroit police detective whose latest unauthorized sting operation goes sour when two uniformed officers intervene, resulting in a high-speed chase through the city that causes widespread damage. Axel's superior, Inspector Douglas Todd, reprimands Axel and informs him that despite his potential to be a great detective, Axel's reckless behavior will cost him his job if it continues. Todd then sends Axel home. Axel arrives at his apartment to find it has been broken into by his childhood friend, Michael ""Mikey"" Tandino. Mikey had done prison time for a car theft the pair had committed in their youth, but has since landed a job as a security guard in Beverly Hills thanks to mutual friend Jenny Summers. Mikey reveals he has some German bearer bonds but does not explain how he obtained them. Returning to the apartment after going to a bar, Axel and Mikey are taken by surprise by two men, Zack and Casey, who knock Axel unconscious, confront Mikey about the bonds, and murder him. Due to Axel's close friendship with Mikey, and another detective already being assigned to Mikey's murder, Inspector Todd forbids Axel from assisting with the case. Axel asks to go on vacation, which Todd allows, but he warns Axel that if he tries to get involved with the Tandino case, he will be fired. Under the guise of vacation, Axel travels to Beverly Hills to investigate Mikey's murder. Jenny tells Axel about Mikey's ties to Victor Maitland, owner of the art gallery she works for. Axel goes to Maitland's office to question him about Mikey, but is ejected by Maitland's bodyguards and arrested. Axel meets Beverly Hills Police Department Lieutenant Andrew Bogomil, as well as Detective Billy Rosewood and Sergeant John Taggart. Bogomil tells Axel that he has spoken with Inspector Todd and reminds Axel of Todd's warning about investigating the Tandino murder. Bogomil then assigns Billy and Taggart to follow Axel, who humiliates them with various pratfalls, including one that disables their car's exhaust with bananas. Billy and Taggart's initial dislike of Axel changes to mutual respect when they cooperatively foil a robbery at a strip club. Axel infiltrates one of Maitland's warehouses, where he finds evidence of drug smuggling and is arrested after a scuffle with Zack at Maitland's country club. Beverly Hills Police Chief Hubbard, who has learned of Axel's private investigation, orders him escorted out of town. Axel convinces Billy to take him and Jenny to the warehouse, where he expects another shipment to arrive. Axel and Jenny break in and discover several bags of cocaine but are discovered by Maitland, Zack, and Casey. Maitland takes Jenny and orders Axel killed before admitting to Mikey's murder. Billy rescues Axel after a brief gunfight during which he kills Casey. To rescue Jenny, Taggart tracks Axel and Billy to Maitland's estate where they kill four of Maitland's men, including Zack. Axel kills Maitland with Bogomil's help. Bogomil fabricates an explanation for their unauthorized actions to Chief Hubbard. Realizing Inspector Todd might fire him upon his return to Detroit, Axel asks Bogomil to smooth matters over with Todd, remarking that if he gets fired in Detroit, then he might stay in Beverly Hills as a private investigator. Bogomil agrees to talk to Inspector Todd. Taggart and Billy pay Axel's hotel bill for him and they agree to a farewell drink together."
315635,Spider-Man: Homecoming,ok,"Following the Battle of New York in 2012,[a] Adrian Toomes and his salvage company are contracted to clean up the city, but their operation is taken over by the Department of Damage Control (DODC), a partnership between Tony Stark and the U.S. government. Enraged at being driven out of business, Toomes persuades his employees to keep the Chitauri technology they have already scavenged and use it to create and sell advanced weapons, including a flying Vulture suit Toomes uses to steal Chitauri power cells. Eight years later,[b] after being drafted into the Avengers by Stark to help with an internal dispute in Germany,[c] teenager Peter Parker resumes his studies at the Midtown School of Science and Technology when Stark tells him he is not ready to become a full-time Avenger. Peter quits his school's academic decathlon team to spend more time focusing on his crime-fighting activities as Spider-Man. His best friend, Ned, eventually discovers his secret identity. Peter comes across Toomes's associates Jackson Brice / Shocker and Herman Schultz selling weapons to local criminal Aaron Davis. Peter saves Davis before being caught by Toomes in the Vulture suit and dropped into a lake. He nearly drowns but is rescued by Stark, who warns him against further involvement with the criminals. Meanwhile, Toomes accidentally kills Brice with one of their weapons and Schultz becomes the new Shocker. Peter and Ned study a weapon Brice left behind, and remove its power core. When a tracking device on Schultz indicates he is traveling to Maryland, Peter rejoins the decathlon team and accompanies them to Washington, D.C. for a national tournament. Ned and Peter disable a tracking device Stark implanted in the Spider-Man suit, and unlock its advanced features. Peter tries to stop Toomes from stealing weapons from a DODC truck but is trapped inside, causing him to miss the decathlon tournament. When he discovers that the power core is an unstable Chitauri grenade, he races to the Washington Monument, where the core is activated and explodes, trapping a group of Peter's decathlon teammates in an elevator. Peter breaks inside and saves everyone, including his crush Liz. Days later, Peter captures Toomes's new buyer Mac Gargan aboard the Staten Island Ferry, but Toomes escapes while a malfunctioning weapon tears the ferry in half. Stark arrives and helps Peter save the passengers, but confiscates Peter's suit as punishment for his recklessness. Peter returns to his high school life and asks Liz to the homecoming dance. On the night of the dance, Peter discovers that Toomes is Liz's father, and Toomes deduces that Peter is Spider-Man. After Toomes threatens him, Peter realizes Toomes is planning to hijack a DODC plane transporting weapons from Avengers Tower to the team's new headquarters in Upstate New York. Peter leaves the dance and dons his old homemade Spider-Man suit. He is ambushed by Schultz, but defeats him with Ned's help. Peter races to Toomes's compound, where Toomes attacks him and leaves him to die under a pile of rubble. Peter finds the strength to escape and intercepts the plane, steering it to crash on the beach at Coney Island. He and Toomes fight, with Peter eventually saving Toomes's life after the damaged Vulture suit explodes. Peter leaves Toomes for the police. Following Toomes's arrest, Liz moves away and Peter declines an invitation from Stark to join the Avengers full time. Back in his bedroom, Peter puts on the Spider-Man suit that Stark returned to him, just before his aunt May walks in. In a mid-credits scene, an incarcerated Gargan approaches Toomes in prison. He says he heard that Toomes knows Spider-Man's real identity, but Toomes denies this."
28,Apocalypse Now,ok,"In 1969, during the Vietnam War, MACV-SOG operative Captain Benjamin L. Willard is summoned to I Field Force headquarters in Nha Trang. The officers there tell him that U.S. Army Special Forces Colonel Walter E. Kurtz is waging a brutal war against North Vietnamese Army, Viet Cong, and Khmer Rouge forces without permission from his commanders. Kurtz is based at a remote jungle outpost in eastern Cambodia, where he commands American, Montagnard, and local Khmer militia troops who worship him. Willard is ordered to ""terminate [Kurtz's] command... with extreme prejudice."" He joins a U.S. Navy river patrol boat (PBR) commanded by the Chief Petty Officer Phillips, with crewmen Lance Johnson, ""Chef"" Hicks, and ""Mr. Clean"" Miller to quietly navigate up the Nùng River to Kurtz's outpost. Before reaching the coastal mouth of the Nùng, they rendezvous with the 1st Squadron, 9th Cavalry Regiment, a helicopter-borne air assault unit of the 1st Cavalry Division commanded by Lieutenant Colonel Bill Kilgore, to coordinate safe entry into the river. Kilgore hasn't been briefed on Willard's mission but becomes more engaged after discovering that Lance, a well-known fellow surfer, is with him. Kilgore agrees to escort the boat through the Nùng's Viet Cong-held coastal mouth and a full-scale air assault is executed on the village with ""Ride of the Valkyries"" playing on loudspeakers. Resisting Kilgore's attempts to convince Lance to surf with him on the newly conquered beach, Willard gathers the sailors to board the PBR and continue their mission. Going ashore to find mangos, Willard and Chef are surprised by a tiger, leading Chef to have a brief mental breakdown. Willard starts seeing cracks form in the crew. Tensions rise when Willard insists on the priority of his mission over the Chief's usual patrol objectives. Willard partially reveals his orders to convince the Chief of the mission's importance. As Willard studies Kurtz's dossier, he is shocked by Kurtz's mid-career sacrifice by leaving a prestigious Pentagon assignment to join Special Forces, all but destroying his chances for career advancement. At a remote U.S. Army outpost, the boat receives a dispatch bag containing both official and personal mail. Willard learns that another MACV-SOG operative, Special Forces Captain Richard Colby, was sent on an earlier mission identical to Willard's and has since joined Kurtz. Lance activates a smoke grenade while under the influence of LSD, attracting enemy fire and Mr. Clean is killed. Further upriver, the Chief is impaled by a spear thrown by Montagnards and attempts to kill Willard with the spear point protruding from his chest, but Willard overpowers and suffocates him. Willard reveals his mission to Chef, now commanding the PBR. They arrive at Kurtz's outpost, a Khmer temple teeming with Montagnards and strewn with the remains of victims. Willard, Chef, and Lance are greeted by an American photojournalist, who praises Kurtz's genius. Willard encounters Colby and five other American soldiers among the Montagnards. He sets out with Lance to find Kurtz, leaving Chef with orders to call in an airstrike on the outpost if the two do not return. In the camp, Willard is questioned by Kurtz, then locked in a bamboo cage. One night Kurtz appears and drops Chef's severed head into Willard's lap. Willard is released, and warned not to attempt escape. Kurtz lectures him on his theories of war, praising the ruthlessness of the Viet Cong, and asks Willard to tell his son the truth about his mutiny. As the Montagnards ceremonially kill a water buffalo, Willard attacks Kurtz with a machete, essentially dismembering him in a frantic rage. Kurtz collapses and silently whispers ""the horror"", before dying. Kurtz's followers watch Willard depart with Kurtz's writings, and bow down to him. Willard leads Lance back to the PBR, and they depart."
170,28 Days Later,ok,"A group of animal rights activists infiltrate a laboratory in Cambridge which houses abnormally aggressive chimpanzees. Despite a scientist warning that the chimpanzees are ""infected"" with ""rage"", an activist frees one; it attacks her and, within seconds of exposure, she succumbs to the virus. She immediately attacks the others, and the virus spreads rapidly across Great Britain, resulting in total societal collapse. Twenty-eight days later, bicycle courier Jim, who had a traffic accident and fell into a coma before the outbreak, wakes in St Thomas' Hospital in London to find it deserted. Leaving the hospital, Jim wanders the empty streets of London, discovers newspapers headlining a mass evacuation, and eventually enters a church and witnesses the aftermath of a massacre, presumably caused by the infected people. An infected priest and members of the public appear and chase after Jim, but he is rescued by survivors Selena and Mark, who take him to their refuge in a Tube station shop. At Jim's request, the group travels on foot to his parents' house in Deptford, where he learns that they have died by suicide, leaving a note instructing him to ""never wake up"". When dusk settles in, the group decides to stay the night. Staying up, Jim reminisces over family memories and lights a candle, drawing the infected neighbours to the house. Mark is infected while eliminating them, forcing Selena to kill him. Jim and Selena make their way up Balfron Tower after seeing a makeshift signal lamp in a flat belonging to cab driver Frank and his young daughter Hannah. Frank plays them a military radio broadcast offering protection and ""salvation from infection"" at a blockade outside Manchester. Frank plans to take Hannah to the blockade, and the four agree to travel together. Reaching Manchester, they find the blockade deserted. Frank, frustrated, kicks a gate on which a dead infected body is balanced. A drop of blood from the corpse falls into Frank's eye, infecting him. As he warns the others to keep their distance, hidden soldiers appear and shoot him dead as he turns. The soldiers bring Jim, Selena and Hannah to a heavily fortified country house under the command of Major Henry West, treat their guests to a tour and banquet and introduces him to ""Private Mailer"", an infected soldier kept chained up for observation. However, the sanctuary turns out to be a ruse; West reveals to Jim that his broadcast was intended to lure female survivors into sexual slavery to maintain his troops' morale, giving them faith in a future where the human race survives. Jim and Sergeant Farrell refuse to go along with this scheme, so West orders them to be imprisoned. While chained, Farrell tells Jim that the infection has not spread across the Atlantic and that Britain has been quarantined from the rest of the world. Two soldiers shoot Farrell and then argue, allowing Jim to escape into the woods. Jim notices a jet contrail in the sky, showing proof that the outside world is still active. After luring West away from the mansion with a siren, Jim returns and frees Private Mailer in order to infect and kill the remaining soldiers. Corporal Mitchell attempts to abduct Selena, but Jim kills him. Jim, Selena, and Hannah attempt to escape in Frank's cab, but West, who has hidden in the back seat, shoots Jim in the stomach. Hannah retaliates by putting the cab in reverse, causing Mailer to burst through the rear window and drag West out before mauling him to death as the car drives away. Another twenty-eight days later, Jim recovers at a remote cottage in Cumbria, where the infected are shown lying on the roads, dying of starvation. As a Hawker Hunter jet flies overhead, Jim, Selena, and Hannah unfurl a huge cloth banner spelling the word ""HELLO"". All three survivors wave at the jet, and wonder among themselves if the pilot has spotted them."
388,Inside Man,ok,"In August 2005, inside a small, dimly-lit cell, Dalton Russell proclaims he has committed the perfect bank robbery. Some time prior, in New York City, masked robbers, dressed in painter coveralls and using variants of the name ""Steve"" as aliases, seize control of a Manhattan bank, taking patrons and employees hostage. They divide the hostages into groups and hold them in different rooms, forcing them to don masks and coveralls identical to their own, rotating them among various rooms and occasionally inserting themselves covertly into the groups. They also take turns demolishing and building a replacement fake wall in one of the bank's storage rooms. Police surround the bank, and Detectives Keith Frazier and Bill Mitchell take charge of negotiations. Russell, the head robber, demands food be provided. The police send pizzas whose boxes have hidden listening devices. The bugs pick up someone speaking Albanian (initially misunderstood to be Russian), which is later identified as propaganda recordings of the late Albanian leader Enver Hoxha, implying that the robbers anticipated the attempted surveillance. When Arthur Case, the bank's founder and chairman, learns about the holdup, he hires fixer Madeleine White to try to protect the contents of a safe deposit box within the bank. Russell breaks into a safe deposit box and finds, among other things, documents from Nazi Germany. White, using her influence with the Mayor of New York, is introduced to Frazier and persuades him to let her talk to Russell, who agrees to allow her inside the bank so they can talk privately. Russell implies that Case started his bank with money he received for collaborating with the Nazis, resulting in many Jews dying during World War II. Frazier demands to inspect the hostages before allowing the robbers to leave and Russell shows him around the bank. As he is being shown out, Frazier attacks Russell, but is restrained by another robber. Afterwards, Frazier explains he deliberately provoked him, concluding that Russell is not a killer. However, Frazier's conclusion is almost immediately tested when a hostage execution is staged. The execution prompts an Emergency Services Unit team into action. They plan to storm the bank, using rubber bullets to knock out those inside. Frazier discovers that the robbers have planted a listening device on the police; aware of the police plans, the robbers detonate smoke grenades and exit the bank hidden among the hostages. The police detain and question everyone but cannot distinguish the identically dressed hostages from the robbers. A search of the bank reveals the robbers' weapons were plastic replicas. They find props showing that the hostage execution was faked, and no money or valuables appear to have been stolen. Unable to identify the suspects and unable to show a robbery has even been committed, Frazier's superior orders him to drop the case. Frazier, however, searches bank records and finds that safe deposit box No. 392 has never appeared on any records since the bank's founding in 1948. He obtains a search warrant to open it. White then confronts Frazier to persuade him to drop his investigation and during their conversation she hints at Case's Nazi dealings.  Frazier refuses to stop his investigation and plays a recording he had surreptitiously made of an incriminating conversation that took place earlier between White and Frazier and the mayor. White confronts Case, who admits the box contained loose diamonds and a Cartier diamond ring he took from a Jewish friend whom he betrayed to the Nazis. Russell's opening monologue is revealed to have happened while he hid behind a fake wall the robbers had constructed inside the bank's supply room. He emerges a week after the robbery with the contents of Case's safe deposit box, including incriminating documents and several bags of diamonds. On his way out, he bumps into Frazier, who does not recognize him. Russell exits the bank and enters a waiting car filled with his conspirators, some of whom the police had questioned. When Frazier opens the safe deposit box, he finds the ring and a note from Russell that says, ""follow the ring"". He confronts White, urging her to contact the Office of War Crimes Issues at the State Department about Case's war crimes. At home, Frazier finds a loose diamond and realizes that Russell slipped it into his pocket during their collision while exiting the bank."
672,Harry Potter and the Chamber of Secrets (film),ok,"While Harry Potter spends the summer with the Dursleys, a house-elf named Dobby warns Harry of an ""impending danger"" at Hogwarts. He attempts to prevent him returning to Hogwarts by sabotaging an important dinner with Vernon Dursley's client. Vernon tries to prevent his departure in retaliation, but his friend Ron Weasley and his brothers Fred and George rescue him in their father's flying car. Harry meets up with Hermione Granger in Diagon Alley, where they meet Hogwarts' new Defence Against the Dark Arts teacher, Gilderoy Lockhart, along with Draco Malfoy and his father, Lucius, who Harry sees slip a book into Ginny Weasley's cauldron. After being blocked from entering Platform Nine and Three-Quarters at King's Cross railway station, Harry and Ron fly the car to Hogwarts, where they crash into the Whomping Willow. Ron's wand is broken, and they each receive detention, during which Harry hears a strange voice and subsequently finds caretaker Argus Filch's cat, Mrs Norris, petrified with a message written in blood: ""The Chamber of Secrets has been opened, enemies of the heir... beware."" One of Hogwarts' founders, Salazar Slytherin, supposedly constructed a secret Chamber containing a monster that only his heir can control, capable of purging the school of Muggle-borns. Suspecting Malfoy to be the heir, Harry, Ron, and Hermione plan to question him. Harry's arm is broken by a rogue Bludger in a Quidditch match; while recovering, Dobby visits him and reveals he closed the barrier and made the rogue Bludger to force him to leave the school, in addition to the Chamber having been opened in the past. After students are found petrified, Harry is suspected of being the heir of Slytherin after communicating with a snake, an ability shared with Slytherin. Disguised as Crabbe and Goyle, using polyjuice potion, which they brew in a bathroom haunted by the ghost of Moaning Myrtle, Harry and Ron learn Malfoy is not the heir, but that a Muggle-born girl died when the Chamber was last opened 50 years ago. Harry finds an enchanted diary owned by a former student Tom Marvolo Riddle, who blames a young Rubeus Hagrid for opening the Chamber, leading to his expulsion. When Hermione is petrified, Harry and Ron question Hagrid, who is taken to Azkaban by Minister of Magic Cornelius Fudge, while Lucius forces the school governors to remove Dumbledore from office. Hagrid discreetly tells the boys to ""follow the spiders""; they venture into the Forbidden Forest and meet Hagrid's spider, Aragog, who reveals Hagrid's innocence and provides another clue to the Chamber's monster. A book page the boys find in Hermione's hand identifies the monster as a basilisk, a giant serpent that kills people who make direct eye contact; the petrified victims only saw it indirectly. Ginny is taken into the Chamber, and the teachers nominate Lockhart to save her; Harry and Ron find Lockhart preparing to flee and realize he is a fraud. Deducing that Myrtle was the Muggle-born girl that the basilisk killed, they find the Chamber's entrance in the bathroom she haunts. Once inside, Lockhart tries to erase Harry and Ron's memories and take the credit, but his spell backfires when he uses Ron's broken wand, erasing his own memory and causing a cave-in, separating Harry from Ron and Lockhart. Harry enters the Chamber alone and finds Ginny unconscious and Riddle, Slytherin's heir and Voldemort's younger self, who reveals he used the diary to manipulate Ginny into reopening the Chamber. Harry expresses his loyalty to Dumbledore, whose pet phoenix Fawkes arrives with the Sorting Hat. Riddle summons the basilisk, who Fawkes blinds, and the Sorting Hat produces the Sword of Gryffindor, which Harry uses to kill the basilisk after a battle, but is poisoned by one of its fangs. Despite being injured, Harry stabs the diary with the basilisk fang, destroying Riddle and reviving Ginny. Harry is healed by Fawkes' tears and returns to Hogwarts with his friends and a baffled Lockhart. Harry learns that Dobby's master is Lucius, whom he accuses of planting the diary in Ginny's cauldron, and tricks him into freeing Dobby. Dumbledore is reinstated as headmaster, the basilisk's victims are healed, Hermione reunites with her friends, and Hagrid is released from Azkaban."
275,Fargo (1996 film),ok,"In 1987, Jerome ""Jerry"" Lundegaard[9] is the executive sales manager of a Minneapolis car dealership owned by his father-in-law, Wade Gustafson. Desperate for money, Jerry plans to have his wife, Jean, kidnapped. On the recommendation of dealership mechanic and parolee Shep Proudfoot, Jerry meets Gaear Grimsrud and Carl Showalter at a bar in Fargo, North Dakota. Gaear and Carl agree to kidnap Jean in exchange for a new Oldsmobile Cutlass Ciera and half of the $80,000 ransom Jerry intends to extort from Wade. Believing he has secured a $750,000 loan from Wade for a lucrative real estate deal, Jerry unsuccessfully tries to call off the kidnapping. Wade and his accountant Stan Grossman inform Jerry that they never intended Jerry to handle the $750,000 deal, offering him only a modest finder's fee. Carl and Gaear kidnap Jean and transport her to a remote cabin in Moose Lake. A state trooper stops them near Brainerd for not displaying temporary registration tags on the new Oldsmobile. The trooper rejects Carl's clumsy bribe attempt and orders Carl out of the car. When the trooper hears Jean whimpering in the back seat, Gaear shoots him dead, then hunts down and kills two passersby who witnessed the scene. Brainerd police chief Marge Gunderson, who is seven months pregnant, begins investigating. She correctly infers that the dead trooper was ticketing a car with dealer plates. She later learns that two men driving a dealership vehicle checked into a nearby motel with two call girls and placed a call to Shep. Marge visits Wade's dealership, where Shep feigns ignorance and Jerry nervously insists no cars are missing.  While in Minneapolis, Marge reconnects with Mike Yanagita, a high school classmate, who awkwardly tries to romance Marge before breaking down, saying that his wife has died and he is lonely. Jerry tells Wade the kidnappers have demanded $1 million and will deal only through him. In light of the three murders, Carl demands that Jerry hand over the $80,000 he believes is the entire ransom. Shep finds Carl with a call girl in Shep's Minneapolis apartment and beats him in retaliation for bringing Shep to the police's attention. Carl angrily calls Jerry and demands that he bring the money immediately. Wade insists on delivering the ransom and meets Carl at a parking garage. Wade refuses to hand over the money without seeing his daughter, so Carl shoots him. Wade fires back, wounding Carl in the jaw. Carl kills Wade and a garage attendant, then drives away with the ransom. On the way to Moose Lake, Carl discovers the briefcase contains $1 million. He takes out $80,000 to split with Gaear and buries the rest in the snow alongside the highway. Marge learns from a friend that Yanagita does not have a wife and is mentally ill. Reflecting on the lies, Marge returns to Wade's dealership, where an agitated Jerry again insists no cars are missing and tells Marge he will double-check the inventory. Marge sees Jerry driving off the lot and calls the state police. At the cabin, Carl finds that Gaear killed Jean because she would not stay quiet. Carl says they should split up and leave immediately, and they argue over who will keep the Ciera. Carl insults Gaear and attempts to leave with the car, but Gaear kills him with an axe. Marge drives to Moose Lake, tipped off by a local bartender who overheard a customer brag about killing someone. She sees the Ciera, then discovers Gaear feeding Carl's body into a woodchipper. Gaear attempts to flee, but Marge shoots him in the leg and arrests him. Shortly after, Jerry is arrested by state troopers at a motel outside Bismarck, North Dakota. Marge's husband, Norm, tells her the Postal Service has selected his painting of a mallard for a 3-cent postage stamp and complains that the Hautman brothers painting won the competition for a 29-cent stamp.[10] Marge reminds him that smaller denomination stamps make up the difference between the face value of old stamps and the new cost of first-class postage. Norm is reassured, and the couple happily anticipates the birth of their child."
12,Finding Nemo,ok,"Marlin and Coral, a clownfish couple who are waiting for their eggs to hatch, live on the edge of the Great Barrier Reef. After a barracuda knocks Marlin unconscious, Marlin awakens to find Coral and all but one of the eggs gone. Marlin names the surviving child Nemo and vows to keep him safe. Years later, Marlin and Nemo live in a secluded sea anemone. Nemo is eager to start school and explore the outside world; however Marlin remains anxious and hyperprotective of his son. While dropping Nemo off at school, Marlin warns the teacher of Nemo's deformed pelvic fin. After discovering Nemo's class will be visiting the ""drop-off"", where the reef meets the open sea, Marlin panics and tries to withdraw Nemo from school. Nemo defiantly swims to a nearby speedboat to prove his independence and is captured by a pair of scuba divers. Marlin frantically races after the boat, disappearing into the horizon. He meets Dory, a blue tang with short-term memory loss who offers to help him locate his son. The pair encounter Bruce, a great white shark who is part of a support group of sharks trying to abstain from eating fish. At the meeting, Marlin finds a diver's mask from the boat with an address written on it. When Marlin accidentally injures Dory, Bruce smells her blood and relapses into a rampage that sets off old naval mines. As they escape, Dory recalls that she can read the address. Meanwhile, Nemo is placed in a fish tank in dentist Philip Sherman's office in Sydney. He meets the ""Tank Gang"", led by Gill, a scarred Moorish idol and consisting of Peach the Sea Star, Deb the striped damselfish, Gurgle the royal gramma, Bloat the pufferfish, Bubbles the yellow tang, and Jacques the cleaner shrimp. They inform him that Sherman plans to gift Nemo to his hyperactive niece, Darla, who has an infamous history of killing her pet fish. To prevent this, Gill hatches an escape plan: Nemo, the smallest of the gang, will clog the tank's filter, forcing Sherman to clean it and bag the fish. Then, they can roll their bags out of the window and into the harbour. Nemo attempts the plan but is nearly killed by the filter's machinery in the process, causing Gill to feel deeply regretful. Dory accidentally drops the mask into an abyss and encourages Marlin to help her search for it. They find the mask but are attacked by an anglerfish. Dory exploits the anglerfish's light to read the address while Marlin traps the anglerfish with the mask. Their victory boosts Marlin's confidence and helps Dory remember the address. Marlin tries to continue his search without Dory until she convinces a school of moonfish to give them directions to the East Australian Current. On their way, Marlin and Dory become trapped in a forest of jellyfish. While trying to escape, they are both stung and fall unconscious. Marlin and Dory awaken in the East Australian Current with a large group of sea turtles, including Crush and his son, Squirt. Crush teaches Marlin to relax and be less worried about Nemo. News of Marlin's journey spreads across the ocean and reaches Nigel, a pelican who regularly converses with the Tank Gang. Nigel informs Nemo of Marlin's efforts; inspired, Nemo successfully clogs the filter and the tank quickly becomes covered in green algae. However, this plan is foiled due to the dentist cleaning the tank  while the fish sleep and installing a newer filtration system. After leaving the current, Marlin and Dory become lost and are consumed by a blue whale. Marlin fears the worst, but Dory urges him to trust the whale, which safely expels them through its blowhole into Sydney Harbour. Nigel rescues Marlin and Dory from a flock of seagulls and delivers them to Sherman's office, where they see Nemo playing dead to fake out Darla. Sherman forces Nigel out and Gill helps Nemo escape down the sink drain and into the harbour. Believing Nemo is genuinely dead, Marlin says goodbye to Dory and leaves, but Dory soon finds Nemo and reunites them. A fishing trawler captures Dory and a school of groupers. Nemo persuades Marlin to let him swim into the net and lead the groupers down; the fish in turn break the trawler, freeing Dory. Marlin praises Nemo's bravery and tells him about his own journey. Weeks later, Marlin drops Nemo off at school, and Dory arrives shortly afterward. Nemo and Marlin share a warm hug before Marlin waves goodbye to Nemo and tells him to ""go have an adventure"". In a mid-credits scene, Gill and the Tank Gang manage to finally escape the tank after breaking the new filtration system. After they fall into the harbour, still in their bags, Bloat asks what they should do next."
286217,The Martian (film),ok,"In 2035, the crew of the Ares III mission to Mars is exploring Acidalia Planitia on Martian solar day (sol) 18 of their 31-sol expedition. A severe dust storm threatens their Mars Ascent Vehicle (MAV) and in the ensuing evacuation, astronaut Mark Watney is struck by flying debris and presumed dead. Facing imminent peril, the remaining crew takes off for their orbiting vessel, the Hermes, which will then return them to Earth. Watney awakens after the storm, having narrowly survived his injuries. As he recovers within the crew's surface habitat (""Hab""), he begins a video diary to document his thoughts on survival. Unable to communicate with Earth, his only chance of rescue is the next Mars mission in four years, when Ares IV will land at the Schiaparelli crater. The Ares IV MAV has already arrived on the site in preparation for the mission. With this timeframe in mind, Watney's main survival concerns are food and travel. Being a botanist, he cultivates a potato garden inside the Hab using the crew's bio-waste with Martian soil, and creates water from leftover rocket fuel. He also modifies a rover for the journey to Schiaparelli. On Earth, NASA satellite planner Mindy Park notices Watney's activity from recorded satellite images, and suspects he must be alive. NASA director Teddy Sanders releases the news to the public but decides not to inform the Ares III crew en route to Earth, over flight director Mitch Henderson's strong objection. Watney explores the surrounding terrain and studies his maps, but he quickly journeys out to retrieve the Pathfinder probe, hoping to restore its communications. Mars missions director Vincent Kapoor realizes this strategy, and quickly visits Jet Propulsion Laboratory (JPL) director Bruce Ng to use their replica of the probe. The agency makes contact with Watney and instructs him to link Pathfinder to the rover, where he can now communicate by text. With this breakthrough, Henderson is finally allowed to inform Watney's crewmates. As Watney enters the Hab on one evening, a leak in the airlock causes an explosion that injures him and destroys the potato garden. Although he repairs the airlock, he is again threatened by starvation. NASA scrambles to procure a resupply ship for Watney, with Sanders ordering routine safety inspections bypassed to expedite the mission. This oversight results in catastrophe as the ship disintegrates shortly after launch. The China National Space Administration decides to offer a launch vehicle – originally intended for the Taiyang Shen space probe – to resupply Watney. Astrodynamicist Rich Purnell devises an alternative plan: send the Taiyang Shen launcher to resupply the Hermes, which will then use Earth's gravity to ""slingshot"" back to Mars two years earlier than Ares IV. Sanders flatly rejects the idea, considering it too risky for the Ares III crew. Henderson surreptitiously sends the proposal to the crew, and they unanimously vote in favor and divert the Hermes. Sanders is forced to support them publicly, but demands Henderson's resignation after the mission. After waiting several months, Watney embarks on the long journey to the Ares IV MAV. He plans to use it to rendezvous with the Hermes, but needs to lighten the load considerably by partially dismantling the cockpit. He takes off to orbit, but the Hermes crew find that they remain too far away and moving too fast to retrieve him. Commander Lewis quickly improvises to explode the airlock in part of the ship, resulting in air violently escaping and slowing them down. Lewis also pilots a tethered Manned Maneuvering Unit to personally reach Watney, but they are still too far apart. Watney quickly improvises by piercing his pressure suit, and propels himself with the escaping air, reaches Lewis, and manages to hold on. NASA and spectators across the world all celebrate the successful rescue. After returning to Earth, Watney becomes a survival instructor for astronaut candidates. Five years later, as the Ares V is launching, those involved in Watney's rescue are seen in their current lives watching the launch footage."
408,Snow White and the Seven Dwarfs (film),ok,"Having lost both of her parents at a young age, Snow White is a princess living with her wicked and cold-hearted stepmother, the Queen.[a] Fearing that Snow White's beauty will outshine her own, the Queen forces her to work as a scullery maid and asks her Magic Mirror daily ""who is the fairest one of all."" For years, the mirror always answers that the Queen is, pleasing her. One day, Snow White meets and falls in love with a prince who overhears her singing. That same day, the Magic Mirror deems Snow White as the fairest. The Queen orders her Huntsman to take Snow White into the forest, kill her, and bring back her heart in a jeweled box as proof. The Huntsman cannot bring himself to kill Snow White and warns her of the Queen's intentions. At his urging, Snow White flees deep into the forest. Lost and frightened, Snow White is befriended by woodland animals, who lead her to a hidden woodland cottage. Finding seven small chairs in the cottage's dining room, Snow White assumes the cottage is the untidy home of seven orphaned children. With the animals' help, she proceeds to clean the place and cook a meal. Snow White soon learns that the cottage is the home of seven dwarfs named Doc, Grumpy, Happy, Sleepy, Bashful, Sneezy, and Dopey, who work in a nearby mine. Returning home, they are alarmed to find their cottage clean and suspect that an intruder has invaded their home. Snow White introduces herself and explains her predicament, and the dwarfs agree to let her stay for her protection. Snow White does the cooking and washing for the dwarfs while they mine for jewels during the day, and at night, they all sing, play music, and dance. Back at the castle, the Magic Mirror reveals that Snow White is still living, and with the dwarfs. Enraged that the Huntsman gave her a pig's heart, the Queen uses a potion to disguise herself as an old peddler and then creates a poisoned apple that will put whoever eats it into Sleeping Death. She learns the curse can be broken by ""love's first kiss,"" but is certain Snow White will be buried alive before this can happen. The Queen goes to the cottage while the dwarfs are away to work. The animals see through the disguise but are unable to warn Snow White; they rush off to find the dwarfs. The Queen fools Snow White into biting into the apple, and she falls into a death-like slumber. The dwarfs return with the animals as the Queen leaves the cottage and give chase, trapping her on a cliff. She tries to roll a boulder onto them, but lightning strikes the cliff before she can do so, causing her to fall to her death. In their cottage, the dwarfs find Snow White asleep from the poison. Unwilling to bury her, they instead place her in a glass chamber in the forest. Together with the animals, they keep watch over her. The following spring, the prince learns of Snow White's eternal sleep and visits the glass chamber. Saddened by her apparent death, he kisses her, breaking the spell and awakening her. The dwarfs and animals rejoice as the prince takes Snow White to his castle."
185,A Clockwork Orange (film),ok,"In a futuristic Britain, Alex DeLarge is leader of a gang of ""droogs"": Georgie, Dim, and Pete. They engage in an intoxicated evening of ""ultra-violence"", which includes beating a vagrant and fighting a rival gang.  They beat writer Frank Alexander to the point of crippling him, and Alex rapes Alexander's wife while singing ""Singin' in the Rain"".  The next day Alex's probation officer, P. R. Deltoid, cautions him. Alex's droogs are not content with petty crime and want more equality and high-yield thefts, but Alex asserts his authority by attacking them. Alex invades the home of a wealthy ""cat-lady"" and bludgeons her with a phallic sculpture while his droogs remain outside. On hearing sirens, Alex tries to flee, but Dim smashes a bottle in his face and leaves him to be arrested. The woman dies of her injuries, and Alex is sentenced to 14 years in prison for murder. Two years into the sentence, Alex accepts an offer to be a test subject for the Minister of the Interior's new Ludovico technique, an experimental aversion therapy for rehabilitating criminals within two weeks. Alex is strapped to a chair, his eyes clamped open, and injected with drugs. He is forced to watch films of sex and violence, some accompanied by his favourite composer, Ludwig van Beethoven. Alex is nauseated and, fearing he will be sick upon hearing Beethoven, begs for an end to the treatment. The Minister demonstrates Alex's rehabilitation to officials. Alex is unable to fight back against an actor who taunts and attacks him, and becomes ill upon attempting to grope a topless woman. The prison chaplain complains that Alex has been robbed of his free will; the Minister asserts that the Ludovico technique will cut crime and alleviate crowding in prisons, allowing more space for political prisoners. Released from prison, Alex finds his possessions have been sold to provide compensation for his victims and his parents have let out his room. A vagrant whom Alex attacked years earlier attacks him with his friends. Alex is saved by two policemen whom he is shocked to find are his former droogs Dim and Georgie. They beat and nearly drown him before abandoning him. Alex collapses on the doorstep of a nearby home. Alex wakes to find himself in the home of Mr Alexander, who now uses a wheelchair. Alexander does not recognise Alex from the previous attack but knows of him and the Ludovico technique from the newspapers. He prepares to present Alex to his colleagues as a political weapon. Alex breaks into ""Singin' in the Rain"" while bathing, and Alexander realises it was he who assaulted his wife and him. Alexander drugs Alex and locks him in a bedroom, then plays Beethoven's Ninth Symphony loudly from the floor below. Unable to withstand the pain, Alex attempts suicide by jumping from the window. Alex awakes in hospital with multiple injuries. During psychological tests, he finds he no longer has aversions to violence and sex. The Minister arrives and apologises, saying the government has had Mr Alexander institutionalised. He offers to take care of Alex and get him a job in return for his co-operation with his election campaign and public relations counter-offensive. The Minister brings in a stereo system playing Beethoven's Ninth. Alex contemplates violence and has thoughts of having sex with a woman in front of an approving crowd, thinking, ""I was cured, all right!"""
243,High Fidelity (film),ok,"Rob Gordon is a music enthusiast who is despondent after being abruptly dumped by Laura, his live-in girlfriend of two years. By day, Rob manages Championship Vinyl, a record store in Chicago's Wicker Park neighborhood, where he and his employees, Dick and Barry, indulge in their encyclopedic musical knowledge. They compile ""Top 5"" lists for every imaginable occasion, mock their few customers' tastes, and occasionally sell records. Rob compiles a list of his top 5 most memorable breakups, not including his breakup with Laura. After Laura's friend Liz confronts Rob about their breakup, Rob describes how he once borrowed a large sum of money from Laura and also cheated on her, not knowing that Laura was pregnant, prompting her to secretly abort the baby while they reconciled. After Rob's mother calls him out on his doomed relationships, he decides on a journey to understand his relationship failures by reconnecting with his former partners on the Top 5 list. Number 1 on the list is Allison, a girl he kissed in middle school, only for her to kiss a different boy the next day. Rob discovers she went on to marry the other boy, convincing him that he and Allison were never meant to be together. Number 2 is Penny Hardwick, his high school girlfriend who he dumped after she routinely refused to be intimate with him, only to sleep with another guy shortly afterward. He meets with her over a movie and dinner, only to discover that the sexual encounter was borderline non-consensual; Penny points out that he rejected her; not the other way around. Rob takes solace in knowing it was his own insecurity that caused the breakup. Number 3 is a trendy girl named Charlie Nicholson and his most serious relationship. Rob felt insecure around her and eventually got dumped for someone in her league, which sent him into a deep depression. He learns that she never married or had children; when they meet at a party, he realizes she is vain and elitist, allowing him to move on. Finally, Rob meets with Number 4, Sarah Kendrew, with whom he shared a post-breakup relationship after Charlie, only for her to meet another man. Reuniting with her, he discovers that she is mentally unwell and thus routinely sabotages her relationships. He later admits to himself that his breakup with Laura belongs on his Top 5 list. Rob realizes that Laura has started seeing Ian, a lifestyle guru and their former upstairs neighbor. This makes him extremely insecure, and he resorts to stalking until Ian confronts him. Laura waits for Rob outside of his store when he gets off, and returns to his apartment with him to gather more of her things. Rob leaves to give her privacy and has a one-night stand with Marie, a singer who is also getting over a breakup. Laura's father, who was fond of Rob, dies. Attending the funeral, Rob realizes he has never truly committed to Laura, neglecting both their relationship and his own future in the process. Laura, feeling depressed after her father's death, gets back together with Rob. Rob meets a music columnist and develops a crush on her. While making a mixtape for her, he wonders whether he is simply jumping from one attraction to another. In a heartfelt conversation with Laura, Rob acknowledges that other women are mere fantasies, while Laura is his reality, someone he never tires of. He proposes to her, and although she thanks him for asking, she encourages him to revisit his passion for DJing. Rob publishes an album by Vince and Justin, two teenagers who had previously caused trouble in his store. At a celebration for the release of the album organized by Laura, Barry's band performs ""Let's Get It On"" and are well-received, surprising Rob. Rob creates a mixtape for Laura, showing his intent to make her happy."
65,8 Mile (film),ok,"In 1995, aspiring rapper Jimmy Smith Jr. performs under the stage name ""B-Rabbit"". A blue-collar worker, Jimmy has moved to the run-down Detroit trailer home of his alcoholic mother, Stephanie, after breaking up with his previous girlfriend, Janeane. He also lives with his younger sister Lily, and Stephanie's abusive live-in boyfriend, Greg, who is later revealed as a former schoolmate of Jimmy's. Although encouraged by his friends, Jimmy doubts his potential as a rapper. One night, Jimmy develops stage fright during a rap battle at a local venue, the Shelter, hosted by his best friend David Porter, another aspiring rapper who performs under the stage name ""Future"", and leaves the stage humiliated. Desperate for money, he requests extra shifts at his day job at a car factory, but his supervisor, Manny, bluntly declines because of Jimmy's habitual tardiness. After later befriending a woman named Alex Latourno, he begins taking more initiative. Discovering an eviction notice as Jimmy is preparing for work, Stephanie decides to conceal it from Greg, because he (Greg) has an incoming large settlement check from a prior accident, which she hopes will buy her and Lily a new house. Jimmy's friendship with fellow trailer park resident Wink, a radio DJ who is acquainted with a record label promoter, becomes strained after he discovers that Wink is promoting his rivals, a rap group known as ""Leaders of the Free World"" to whom he had lost the rap battle. One day, Jimmy and his companions violently brawl with the Free World crew. The scuffle is disrupted when Jimmy's slow-witted yet loyal friend, Cheddar Bob, threatens them with a gun but accidentally shoots himself in the crotch. During a lunch break at work, one of Jimmy's co-workers performs a freestyle rap insulting his co-worker Paul due to his insinuated homosexuality, along with some of the other workers. Jimmy defends Paul with his own freestyle rap, and the positive reception from the coworkers boosts his confidence. Alex arrives, impressed by his talent, and they have sex. One day, Greg discovers the eviction notice and confronts Stephanie about it. When Jimmy punches Greg for pushing his mother to the ground, they get into a fight, ending in Greg leaving Stephanie for good. After Jimmy finds Stephanie lying on the porch, intoxicated, and brings her inside, the two argue over Jimmy's actions, and Stephanie furiously ejects Jimmy from the trailer. Wink arranges for Jimmy to meet with producers at a recording studio, but upon encountering him having sex with Alex, an enraged Jimmy attacks him while she attempts to defuse the situation. Wink and the Free World crew retaliatorily bully and assault Jimmy outside his trailer. The crew's leader, Papa Doc, holds Jimmy at gunpoint and threatens to kill him, but Wink convinces him not to do it. After the group leaves Jimmy alone, Stephanie arrives with enough money to pay the rent to avoid eviction after winning $3,200 at a bingo tournament, and the two reconcile. Future encourages Jimmy to exact revenge against the Free World crew at the next rap battle. Jimmy agrees, but Manny, having noticed his improvements at work, asks Jimmy to work a late-night shift. Jimmy agrees, although it conflicts with the battle at the Shelter. An unexpected visit from Alex at work motivates him to participate, as she is relocating to New York afterward. Paul agrees to cover the start of Jimmy's overnight shift on his behalf. After handily winning the first two battle rounds against Free World crew members Lyckety-Splyt and Lotto, he faces Papa Doc. Going first, Jimmy pre-empts Papa Doc's potential insults, acknowledging his own ""white trash"" roots and difficult life. He also exposes Papa Doc's ""thug"" persona as fraudulent by revealing his real name as Clarence, and that he grew up in a wealthy suburb, attended private school, and still lives with his stable, happily married parents. Embarrassed and rendered speechless, Papa Doc concedingly hands the microphone back to Future. Congratulated by Alex and his friends, Jimmy is offered a position by Future as a co-host of rap battles at the Shelter. Jimmy declines, saying that hosting is Future's thing, and he needs to do his own, departing to return to work."
214,Saw III,ok,"After being imprisoned in the bathroom,[b] Detective Eric Matthews breaks his foot with a toilet lid to escape. Six months later, the scene of a Jigsaw game is discovered by Officer Daniel Rigg's SWAT team. The victim, Troy, had to rip chains from his body to escape a bomb. Detective Allison Kerry points out that the room's exit was welded shut, breaking Jigsaw's modus operandi of allowing his victims an opportunity to survive. Kerry is abducted and awakens in a harness hooked into her ribs. She retrieves the key from a beaker of acid as instructed, but opening the lock does not keep the trap from killing her. Dr. Lynn Denlon is abducted from the hospital she works at and brought to the now bedridden John Kramer. His apprentice, Amanda, locks a collar armed with five shotgun shells around Lynn's neck that is connected to John's heart rate monitor and will detonate if she moves out of range or John dies. Lynn is instructed by Amanda to keep him alive until another test subject has completed his game; the victim, Jeff, a grief-stricken father who was consumed with vengeance after the death of his son Dylan in a drunk driving crash years earlier, must undergo a series of tests at an abandoned meatpacking plant to confront those involved in the case. Jeff's first test leads him into a meat freezer where he finds Danica, the only witness to the crash (who refused to testify in court), completely naked and chained to a metal frame inside the plant's freezer, with nozzles inside the frame spraying her with water to quicken her hypothermia. Jeff retrieves the key after Danica persuades him to help her, but she freezes to death before he can do so. In his next test, Judge Halden, who passed a lenient sentence on the driver who caused Dylan's death, is chained at the neck to the bottom of a vat. Rotting pig carcasses are dropped into a grinder that slowly fill the vat until Jeff saves him by burning Dylan's belongings in an incinerator to retrieve a key. His third test involves Timothy, the driver who killed Dylan, who is strapped to a machine that will slowly twist and snap his limbs and then his head. The key is tied to the trigger of an enclosed shotgun that goes off after Jeff retrieves it, killing Halden. Jeff cries out twice that he forgives Timothy, but even so, he cannot save him in time; the machine twists and breaks Timothy's neck. Lynn is forced to perform an improvised surgery to relieve pressure on John's brain. The surgery is successful, and Lynn convinces John to order Amanda to remove the collar. However, Amanda refuses and threatens Lynn's life, having become jealous of her interactions with John. John pleads with Amanda, who admits that she no longer believes in his philosophy and had rigged Troy and Kerry's traps, making them unbeatable. Refusing to listen to John's warnings, Amanda shoots Lynn just as Jeff arrives. Jeff, who is revealed to be Lynn's husband, retaliates by shooting Amanda with a gun provided by John after his tests. As Amanda dies, John reveals that Lynn's test was actually hers: John was aware of her motives and unwilling to allow a murderer to continue his legacy. He then addresses Jeff, offering to call an ambulance for Lynn if he has learned everything from his ordeal, and accept one last test: either killing John or forgiving him. In response, Jeff slashes John's throat with a power saw, activating Lynn's collar as the room is sealed shut. Before dying, John takes out a tape recorder to inform Jeff that his daughter, Corbett, is also captured and no one but him knows where she is being held."
14160,Up (2009 film),ok,"Eight-year-old Carl Fredricksen idolizes famed explorer Charles Muntz, who is discredited when a  giant bird skeleton he brought back from Paradise Falls in Venezuela is deemed fake. Muntz travels back to the falls, vowing not to return until he brings back a live specimen. Carl befriends Ellie, another young Muntz fan, who keeps a scrapbook of her adventures and dreams of moving her ""clubhouse"" (an abandoned house) to Paradise Falls and having adventures of her own. Carl and Ellie eventually marry, renovate the clubhouse and move in, working at the city zoo as a balloon salesman and zookeeper, respectively. Ellie suffers a miscarriage,[5] and they learn they cannot have children. The couple saves money for a trip to Paradise Falls, but are repeatedly forced to spend their savings on more pressing needs. Many years later, a now elderly Carl decides to surprise Ellie with tickets to Venezuela, but she falls ill and is hospitalized, giving Carl her scrapbook before she dies. Now in his late 70s,[6] Carl holds out while the neighborhood around him is redeveloped. After unintentionally injuring a construction worker who accidentally damaged his mailbox, Carl is ordered by a court to move into an assisted living facility. However, Carl resolves to keep his promise to Ellie to move their house to Paradise Falls and attaches numerous balloons to it in order to fly there. Russell, a young ""Wilderness Explorer"" scout attempting to earn his final merit badge for assisting the elderly, becomes an accidental stowaway. Before Carl can land and send Russell home, a storm propels the house all the way to a tepui in Venezuela. Carl and Russell harness themselves to the still-buoyant house and tow it across the mesa. Along the way, they encounter a giant flightless bird that Russell names Kevin (though the bird is later revealed to be female) and Dug, a Golden Retriever whose collar has a device that translates his thoughts into human speech. After failed attempts to evade the animals, Carl reluctantly allows both to join the party. Dug's pack, all wearing collar translators, surrounds them. The dogs' master is revealed to be an elderly Charles Muntz, who invites Carl and Russell aboard his airship and discusses his quest to capture the bird. However, Carl's initial excitement over meeting him fades as he realizes that Muntz's obsession has driven him insane. After Muntz shows them the bird skeleton, Russell notes its resemblance to Kevin. Becoming hostile, Muntz reveals that he has murdered other travelers he suspected of also seeking the bird. Carl, Russell and Dug flee, pursued by Muntz's dogs; they are rescued by Kevin, who gets injured in the process. Hearing Kevin call out to her chicks, Carl agrees to take her home. However, Muntz captures her and starts a fire beneath Carl's home. Forced to choose, Carl saves his home, allowing Muntz to take Kevin away and losing Russell's respect. Disheartened, Carl looks through his wife's scrapbook and discovers that she had filled in blank pages with photos of their life together and written ""Thanks for the adventure – now go have a new one!"". Reinvigorated, he goes outside, only to see Russell flying after Kevin using balloons and a leaf blower. Carl lightens his house by emptying it completely, enabling it to fly again. Russell arrives at Muntz's airship but is caught. Carl and Dug, the latter of whom stowed away, board the dirigible and free him and Kevin. Muntz pursues them and traps Russell, Kevin, and Dug inside the house, but Carl saves them just as the tether breaks. Muntz leaps after them, but gets his leg tangled in balloon strings and falls to his death. Carl's house, having lost several balloons, descends out of sight beneath the clouds. Carl, Dug, and Russell reunite Kevin with her chicks before returning home to the United States in Muntz's airship. Russell receives his badge for assisting the elderly, and Carl presents Russell with a bottle cap Ellie gave Carl when they first met as kids years ago, which he dubs ""The Ellie Badge"". Meanwhile, unbeknownst to Carl, the tepui his house landed on overlooks Paradise Falls, fulfilling his promise to Ellie."
73,American History X,ok,"In 1997, White student Danny Vinyard, 17, antagonizes his Jewish history teacher, Mr. Murray, by writing an essay on Mein Kampf. Black School principal and outreach worker Dr. Bob Sweeney gives Danny an ultimatum to either study history directly under him through current events, branded as ""American History X"", or be expelled. Danny must write a paper on his older brother, Derek, Sweeney's former student and neo-Nazi gang leader, about to be released from prison. Later in the school restroom, when a Black youth bullies another White student, Danny confronts the bully by blowing cigarette smoke in his face, and the bully leaves. Years earlier, Danny and Derek's firefighter father, Dennis Vinyard, is shot and killed by a Black drug dealer while extinguishing a fire at a crack house in Compton, Greater Los Angeles. Immediately afterwards, Derek erupts in a televised, racially motivated tirade. Neo-Nazi Cameron Alexander becomes his mentor, and they form a violent White supremacist gang called the Disciples of Christ (D.O.C.). Derek's charismatic argumentation of White supremacist views quickly expand the D.O.C., and the gang attacks a local supermarket employing illegal immigrants. Later, Derek challenges and defeats Crips in a basketball game for territorial rights to a basketball court in his Venice Beach neighborhood. In 1994, Derek's mother, Doris, invites Murray, her boyfriend, to dinner, where Derek escalates an argument about Rodney King and the 1992 Los Angeles riots. Derek assaults his sister Davina and insults Murray for being Jewish, causing Doris to banish Derek. That night, the Crips who Derek had antagonized on the basketball court attempt to steal his truck. Alerted by Danny to the theft in progress, Derek fatally shoots one and curb stomps the other in front of Danny. Derek is arrested and sentenced to three years in prison for voluntary manslaughter. In prison, Derek joins the Aryan Brotherhood, and despite initial resistance, he befriends Black inmate Lamont, his co-worker in the prison laundry. Abandoned by the D.O.C. and disillusioned by prison gang politics and drug-dealing, Derek subsequently leaves the Aryan Brotherhood, realizing it is a criminal gang using White supremacy as a facade. In retaliation, the Brotherhood beat and gang rape him in the communal shower. Sweeney visits the hospitalized Derek, who pleads for help to leave prison. Rebuking Derek for needing to deal with the consequences of his actions, Sweeney reveals his own racist past and informs Derek that the D.O.C. is indoctrinating Danny. After leaving the hospital, Derek publicly snubs the Aryan Brotherhood; Lamont warns Derek that he has exposed himself to murder by other inmates for his past affiliation. Derek is never harmed due to Lamont's intervention; before leaving prison, Derek thanks Lamont. Returning home to find a D.O.C.-tattooed skinhead Danny, Derek tries to persuade him to leave the group. At a D.O.C. party, Derek confronts Cameron for using and then abandoning him for three years. Declaring his departure from the group, Derek forbids them to use Danny. When mocked, Derek brutally beats Cameron. D.O.C. member Seth, Derek's ex-girlfriend Stacey, and others attack Derek. Seth pulls a gun, but Derek disarms him and holds everyone at gunpoint before fleeing, tossing the gun into a nearby dumpster. Finding Derek, Danny angrily confronts him over his actions. Derek relates his experiences in prison, prompting a change in Danny. Returning home, they remove neo-Nazi posters from their shared bedroom. The next morning, Danny completes his paper for American History X, reflecting on how Derek adopted racist views from their father, as shown in flashback. As Derek walks Danny to school, they encounter Sweeney and a police officer who inform them that Seth and Cameron were attacked the night before and are in an intensive care unit. Derek denies any involvement but ostensibly agrees to see what he can find out. In the restroom before class, Danny encounters the Black student he confronted the day before, who pulls a gun and kills him. Derek runs to the school, pushing past crowds and police officers. Cradling Danny's bloodied corpse in hysterics, he blames himself for influencing Danny's views and actions. In a voiceover, Danny reads the final lines of his paper for Dr. Sweeney, quoting the final lines of Abraham Lincoln's first inaugural address."
24,Kill Bill: Volume 1,ok,"In 1999, the Bride, a former member of the Deadly Viper assassination squad, is rehearsing her marriage at a chapel in rural El Paso, Texas. The Deadly Vipers, led by Bill, attack the chapel, shooting everyone. As the Bride lies wounded, she tells Bill he is the father of her unborn child just as he shoots her in the head. The Bride falls into a coma. In the hospital, Elle Driver, one of the Deadly Vipers, prepares to assassinate her via lethal injection. Bill aborts the mission at the last minute, as he considers it dishonorable to kill her while she is defenseless. The Bride awakens four years later and is horrified to discover she is no longer pregnant. She kills a man who intends to rape her, and a hospital worker who has been selling her body while she was comatose. She takes the hospital worker's truck and vows to kill Bill and the other Deadly Vipers. The Bride goes to the home of Vernita Green, a former Deadly Viper who now leads a normal suburban life. They engage in a knife fight, which is interrupted when Vernita's young daughter, Nakia, arrives home. When Vernita tries to shoot the Bride with a pistol hidden in a box of cereal, the Bride throws a knife into her chest, killing her. Realizing Nakia witnessed her mother's death, the Bride invites Nakia to find her when she's older if she still wants vengeance. The Bride goes to Okinawa to obtain a sword from the legendary swordsmith Hattori Hanzō, who has sworn never to forge a sword again. After learning that her target is Bill, his former student, he crafts his finest sword for her. The Bride travels to Tokyo to find another Deadly Viper, O-Ren Ishii, now the leader of the Tokyo yakuza. After witnessing the yakuza murder her parents when she was a child, O-Ren took vengeance on the yakuza boss and ultimately, replaced him after training as an elite assassin. The Bride tracks O-Ren Ishii to a restaurant, where she mutilates O-Ren's French majordomo and lawyer, Sofie Fatale, by amputating her arm. The Bride defeats O-Ren's squad of elite fighters, the Crazy 88, and kills O-Ren's bodyguard, the schoolgirl Gogo Yubari. O-Ren and the Bride duel in the restaurant's Japanese garden. The Bride kills O-Ren by slicing off the top of her head. She tortures Sofie for information about the other Deadly Vipers, and leaves her alive as a threat. Bill finds Sofie and asks her if the Bride knows that her daughter is alive."
557,Spider-Man (2002 film),ok,"On a high school field trip, Peter Parker visits a Columbia University genetics laboratory with his best friend, Harry Osborn, and his crush, Mary Jane Watson. There, he is bitten by a radioactive spider, and falls ill upon returning home. Meanwhile, Harry's father Norman tests a performance-enhancing chemical on himself in an attempt to secure a military contract for Oscorp, the company he founded. The chemical gives him superhuman strength but causes him to go insane and kill one of his scientists. The next day, Peter develops spider-like abilities, including enhanced strength, senses, agility, and speed; organic webbing in his wrists; and the ability to cling to walls. Hoping to buy a car to impress Mary Jane, Peter enters an underground wrestling event and wins his match, but is swindled out of his earnings. When the wrestling organizer is robbed, a bitter Peter steps out of the way, allowing the thief to escape. Soon after, Peter's Uncle Ben is killed by the same thief. Peter pursues the thief, who eventually falls to his death. Meanwhile, a crazed Norman sabotages a product test by an Oscorp rival and kills several people. Upon graduating, Peter begins using his abilities to fight crime, donning a costume and adopting the alias Spider-Man. J. Jonah Jameson, the publisher of the Daily Bugle newspaper, hires Peter as a freelance photographer, since he can provide high-quality images of Spider-Man. When Oscorp's board of directors decides to oust Norman and sell the company, Norman uses a disguise to assassinate them during the Unity Day festival. As Spider-Man, Peter fends off Norman and rescues Mary Jane. Afterwards, Jameson bestows the name ""Green Goblin"" upon the mysterious masked killer. Norman offers Peter a place at his side, but Peter refuses. They fight, and Peter flees after being wounded. Peter's aunt May invites Mary Jane, Harry, and Norman for Thanksgiving dinner. Norman notices Peter's injury and deduces that he is Spider-Man. Later, Norman attacks and injures May, who is hospitalized. Peter is still unaware of the Goblin's identity, but realizes that the Goblin is targeting his loved ones. While visiting the hospital, Mary Jane confesses to Peter her infatuation with Spider-Man, who has rescued her twice. Harry, who is dating Mary Jane, sees her holding Peter's hand and assumes she has feelings for him. A distraught Harry tells his father about Peter's infatuation with Mary Jane. That night, Norman captures Mary Jane and a Roosevelt Island Tramway car full of children. He tells Peter to choose whom to rescue, then drops them both from the Queensboro Bridge. Peter saves everyone, then lowers them onto a nearby barge for safety. An enraged Norman throws Peter into a nearby abandoned building, then brutally beats him. After Norman reveals his intentions to kill Mary Jane, Peter finds the strength to fight back. Norman reveals his identity and begs forgiveness, discreetly preparing to impale Peter with his glider. Warned by his spider-sense, Peter dodges the attack, and the glider fatally skewers Norman instead. Before dying, Norman begs Peter not to reveal his identity to Harry. Peter takes Norman's body to the Osborn house, where Harry confronts him, but Peter escapes. At Norman's funeral, Harry vows revenge on Spider-Man, who he mistakenly believes killed his father. Mary Jane then confesses to Peter that she loves him. However, Peter feels he must protect her from his enemies, so he hides his true feelings and tells her they can only be friends. As Peter leaves, he recalls his uncle's words: ""With great power comes great responsibility."""
107,Snatch (film),ok,"A gang of robbers, disguised as Orthodox Jews, steal an 84-carat (16.8 g) diamond during a heist in Antwerp. Franky Four-Fingers, the gang's leader, travels to London to see diamond dealer Doug the Head on behalf of Jewish-American organised crime figure Cousin Avi to fence the stolen diamonds. One of the robbers suggests that he visits arms dealer and ex-KGB agent Boris the Blade in London to secure a new firearm; he also separately contacts Boris, his brother, to encourage him to steal the diamond Franky is carrying. Unlicensed boxing promoter and slot machine shop owner Turkish is forced to enter his boxer Gorgeous George in a match against one of crime boss Brick Top's fighters. When his junior partner Tommy, sent to purchase a caravan from Irish Travellers, is swindled, George is knocked out by bare-knuckle boxing champion Mickey O'Neil. Turkish enlists Mickey to replace George in the fight in exchange for a new caravan for Mickey's mother, while Brick Top demands that Mickey throw the fight. Turkish and Tommy are caught between Mickey's unpredictability and Brick Top's ruthlessness. Knowing of Franky's gambling addiction, Boris asks him to place a bet for him at a local bookmaker. He then recruits small-time criminals Sol, Vinny and Tyrone to rob the bookmakers and kidnap Franky. The robbery fails, but Franky is successfully kidnapped before being killed by Boris, who seizes the diamond. Bullet Tooth Tony, a bounty hunter hired by Avi, pursues Boris, leading to a series of car crashes and the death of Avi's bodyguard Rosebud. To intimidate Mickey into throwing the fight, Brick Top sends men to the Traveller campsite, who burn down Mickey's mother's caravan as she is sleeping inside, killing her. Avi manages to nick the diamond from Boris, but loses the diamond to Sol and Vinny during a shootout. Tony kills Boris and injures Tyrone during the shootout. Vinny hides the diamond down his trousers and claims his dog must have swallowed it. However, Sol and Vinny are forced to give the location of the diamond when the dog is threatened with death. The dog subsequently swallows the diamond for real and runs away out a window, enraging Avi to the point that he accidentally shoots Tony (when trying to shoot the dog); following this, he gives up on the diamond and returns to America. Mickey participates in the fixed fight, recovers after being knocked down, and knocks out his opponent, having secretly bet on himself. The Travellers ambush and massacre Brick Top and his crew. The next morning, Turkish and Tommy encounter the Travellers’ deserted camp and are briefly confronted by police looking for them. Sol and Vinny are arrested with Franky's body, while Vinny’s dog is found by Turkish and Tommy at the camp site. They take the dog to a vet, who removes the diamond it swallowed. They consult Doug, who informs Avi, prompting him to return to London to purchase the diamond."
150,48 Hrs.,ok,"Murderer and robber Albert Ganz escapes from prison with the help of a member of his gang, Billy Bear. The criminals travel to San Francisco to recover money from Ganz's last robbery. Searching for the cash, they kill Henry Wong, a former member of the gang, then assault another former member, Luther Kelly. Luther admits that he knows where the money is but cannot retrieve it for a couple of days. Ganz and Billy kidnap Luther's girlfriend Rosalie as collateral. Ganz and Billy use a stolen credit card for a hotel room, alerting the SFPD. Inspector Jack Cates joins Inspectors Algren and Van Zant at the hotel to investigate. Believing they are simply investigating a stolen card, the three officers are unaware of the danger. Ganz and Billy ambush and kill Algren and Van Zant, escaping with Jack's service revolver. Wanting to avenge Algren and Van Zant, Jack visits another former member of Ganz's gang, Reggie Hammond, currently imprisoned for armed robbery with six months left in his sentence. Reggie becomes concerned when he learns that Ganz is loose and tells Jack he can assist him in tracking down Ganz if Jack gets him out of prison. Jack illegally forges a 48-hour release to put Reggie in his custody. Reggie brings Jack to Luther's apartment, where the duo captures him as he tries to flee. Luther refuses to admit he has seen Ganz. Jack becomes suspicious that Reggie is concealing something. That night, Reggie leads Jack to a redneck hangout where Billy worked as a bartender. The duo gets a lead on Billy's girlfriend Casey, who lives in Chinatown with Ganz's girlfriend Sally. Jack and Reggie visit the apartment, but the women deny having seen the fugitives. Tensions between Reggie and Jack finally erupt into a fistfight that is broken up by a pair of patrol officers. Reggie admits to Jack that three years earlier, he, Ganz, Billy, Luther, and Henry robbed a drug dealer of $500,000; the money is stashed in the trunk of Reggie's Porsche in a downtown parking garage. Hoping to rescue his girlfriend, Luther retrieves Reggie's car from the garage when it opens the next day, unaware that Reggie and Jack are staking out the location. They tail him to a Muni station where Ganz and Billy are waiting for the money. When Ganz notices Jack, a shootout occurs, with Ganz and Billy escaping after Billy kills a cop. Reggie chases after Luther, leaving Jack behind. Left with nothing, Jack returns to the police station. However, Reggie calls him from a nightclub in the Fillmore District. Jack joins Reggie there and learns that Reggie has tracked Luther to a hotel across the street. Jack, humbled, apologizes for continuously berating and insulting Reggie. Jack lends Reggie some money to pay for a room at the hotel so he can have sex with a woman he met, but before Reggie can proceed they see Luther leave the hotel. Luther boards a stolen bus driven by Billy and hands over the money to Ganz, who promptly kills him. Ganz notices Jack and Reggie tailing them and a car chase/gunfight ensues, ending when Billy forces Jack's Cadillac DeVille Convertible to crash. Back at the police station, Captain Haden berates Jack for his failure, and Jack defends Reggie from Haden's wrath. Before returning Reggie to prison, Jack takes him to a local bar. As they talk, Jack and Reggie hypothesize that Billy and Ganz might return to their girlfriends. Forcing their way inside Casey's residence, they find the fugitives. Reggie shoots and kills Billy after he ignores Reggie's warning to surrender. Ganz escapes into a maze of alleyways with the money. Jack and Reggie follow him, but Ganz captures Reggie. Jack shoots Ganz in the shoulder, freeing Reggie. Ganz, furious and incredulous to have been shot, charges at Jack, who guns him down. Later, Jack puts the money into the trunk of Reggie's car, but requests a loan for a new car, to which Reggie agrees. While driving back to the prison, Jack sternly warns Reggie that he should completely reform once released, or he will be reincarcerated. Reggie agrees, while jokingly attempting to steal Jack's lighter."
500,Reservoir Dogs,ok,"Eight men planning to rob a jewelry store for a diamond shipment eat breakfast at a diner. To pull off the heist, boss Joe Cabot assembles six experienced robbers who are strangers to each other. Joe and his son, ""Nice Guy"" Eddie Cabot, have known some of the team for years, but to shield identities, the rest use aliases: Mr. White, a career criminal; Mr. Blonde, a trigger-happy ex-convict; Mr. Orange, a reputed drug dealer; Mr. Pink, a paranoid neurotic; Mr. Brown, a pseudophilosopher; and Mr. Blue, an even-tempered cohort. When an alarm is tripped during the heist, the police arrive quickly. Running from police, Pink hijacks a car, killing a couple of police officers in a shootout. White, who shoots police officers pursuing in a prowler, flees with Orange, who is shot hijacking a car before he kills the driver. Shot in the abdomen, Orange bleeds profusely in the back seat of the car driven by White. Despite Orange's pleadings to be taken to a hospital, White insists that he is not fatally wounded. At their warehouse hideout, White and Orange rendezvous with Pink, who informs them that he has hidden the diamonds nearby. Pink believes that the job was a setup and that the police were waiting to ambush them. White informs Pink that Brown is dead, Blue and Blonde are missing, and Blonde—a loose cannon—murdered several bystanders during the heist. White is furious that Joe, his old friend, would employ Blonde, who he describes as a psychopath. Pink argues with White, who feels responsible for Orange being shot, over whether to get medical attention for Orange, and Pink is wary that Joe is not there to get a doctor. The pair draw guns on each other, but they stand down when Blonde arrives with a kidnapped policeman, Marvin Nash. In flashback, having been paroled after a four-year prison sentence, Blonde meets with the Cabots. To reward him for not giving Joe's name to the authorities, the Cabots offer Blonde a no-show job. Though grateful, Blonde insists that he wants to get back to ""real work"", and they recruit him for the heist. In the present, White and Pink begin to torture Nash for information. Eddie arrives and orders them to go with him to ditch the getaway vehicles, leaving Blonde in charge of prisoner Nash and the in-and-out-of-consciousness Orange. Nash denies prior knowledge of the heist, but Blonde resumes the torture by slashing his face and cutting off his ear with a straight razor while a radio plays ""Stuck in the Middle with You"". When Blonde prepares to set Nash on fire, Orange shoots and kills him. Disclosing to Nash that he is an undercover police officer, Orange says that the police will arrive when Joe comes to the warehouse. Nash replies that he recognized Orange, revealing that Nash protected Orange's cover under torture. Flashbacks show scenes of Orange gaining Joe's and White's confidence and building rapport with the team. When Eddie, Pink, and White return, Orange tries to convince them that Blonde planned to kill them all and steal the diamonds for himself. Eddie shoots and kills Nash and accuses Orange of lying, since Blonde proved loyal to his father. Joe arrives with news that the police have killed Blue. Suspecting that Orange is the traitor behind the setup, Joe is about to execute him, but White intervenes, holding Joe at gunpoint and insisting that Orange is not a police officer. Eddie aims his gun at White, creating a Mexican standoff. All three fire. Both Eddie and Joe Cabot are killed, and White and Orange are wounded. Pink (the only uninjured person), takes the diamonds and flees, but is apprehended by the police outside. As White cradles the dying Orange in his arms, Orange confesses that he is in fact a police officer. White presses his gun to Orange's head. The police storm the warehouse and order White to drop his gun. Gunshots sound and White collapses."
279,Amadeus (film),ok,"In 1823, aged composer Antonio Salieri attempts suicide and is committed to a psychiatric hospital. He claims that he murdered Wolfgang Amadeus Mozart. Father Vogler, a young Catholic priest, encourages Salieri to confess his sins before God. After Vogler fails to recognize him, Salieri plays three old melodies to jog his memory. Vogler cannot recognize the first two (which Salieri wrote) but is relieved to recognize the third (Eine kleine Nachtmusik) at once. Salieri peevishly reveals that Mozart wrote it. Salieri begins his confession by saying he grew up hearing stories about the child prodigy Mozart. In his youth, Salieri was in love with music but was forbidden by his father to study the craft. Salieri proposed that if God made him a famous musician like Mozart, he would give God his faithfulness, chastity, and diligence. Salieri's father soon dies, which he interprets as a sign that God has accepted his vow. By 1774, Salieri became court composer to Holy Roman Emperor Joseph II in Vienna. However, he has enough taste to know that Emperor Joseph has no ear for music, though Salieri prides himself on the popularity of his work. Salieri understands that Mozart is the better composer but is shocked to discover, upon their first meeting, that Mozart is obscene, immature, and dissolute. He also learns that Mozart never needs to pen a second draft of his music, implying divine inspiration.[a] Salieri cannot fathom why God would choose a reprobate like Mozart as his earthly instrument. Salieri renounces God and vows to take revenge on him by destroying Mozart. Mozart's work is ahead of its time, and he struggles to find employment in Vienna. He spends himself into debt, alarming his wife Constanze.[b] Salieri and Mozart bond over their shared contempt for Emperor Joseph's lack of taste, but Mozart is unimpressed by Salieri's populist work, which causes Salieri great pain. Mozart boldly adapts the subversive play The Marriage of Figaro into a comedic opera. Salieri rejoices, thinking Mozart's career is ruined, but Mozart stuns Salieri by convincing the Emperor to approve the project. The Emperor, however, finds the opera boring, and it is soon canceled. Eventually, Mozart's father, Leopold, dies. In response to criticisms and his grief, Mozart composes Don Giovanni, a dark, serious opera. Salieri is entranced but vindictively gets that opera canceled, too. Renouncing Vienna's artistic establishment, Mozart agrees to write The Magic Flute for a commoners' theater against Constanze's wishes. After watching Don Giovanni five times, Salieri realizes that the dead commander who accuses Giovanni of sin represents Mozart's inferiority complex towards his father. Posing as an anonymous patron, in a costume Leopold had worn to a masquerade ball, Salieri persuades the unstable and debt-ridden Mozart to accept a commission for a Requiem Mass. Salieri plans to kill Mozart, claim the Requiem as his own, and premiere it at Mozart's funeral, forcing God to listen as Salieri is acclaimed. Mozart overworks himself, juggling The Magic Flute and the Requiem. Constanze, who wants him to focus on the Requiem but fears his erratic behavior, leaves with their son Karl. Although The Magic Flute is a success, Mozart collapses from exhaustion before he can finish conducting the opera. Desperate to complete his plan but also desperate for more of Mozart's heavenly music, Salieri begs the bedridden Mozart to keep writing the Requiem. He takes dictation from Mozart throughout the night, during which he comes to terms with Mozart's superior talent. Mozart thanks Salieri for his friendship, and Salieri admits that Mozart is the greatest composer he knows. Constanze returns around dawn and attempts to kick Salieri out of the apartment, locking the Requiem away before he can steal it.[c] As Salieri protests, they are shocked to discover that Mozart has died. Due to his debts, Mozart is buried in a pauper's grave. Back in 1823, Vogler is too shaken to absolve Salieri, who surmises that God would rather destroy his beloved Mozart than allow Salieri to share in Mozart's glory. As Salieri is wheeled down a hallway, he proclaims himself the patron saint of mediocrities. He absolves the asylum's other patients of their inadequacies as Mozart's laughter rings in the air."
296,Terminator 3: Rise of the Machines,ok,"In the years since destroying Cyberdyne Systems,[c] John Connor has been living as a nomad following the death of his mother, Sarah. He fears the malevolent artificial intelligence Skynet is still hunting him despite the foretold war between humans and machines not occurring in 1997. Skynet sends the advanced T-X Terminator back in time to 2003 to eliminate John Connor and his future Resistance allies, including his future wife, Kate Brewster. Armed with a liquid metal exterior over a durable endoskeleton, the T-X possesses the unique ability to control other machines. Because John has lived off the grid, the T-X targets Kate to find him, anticipating their paths will cross. In response, the Resistance sends back a reprogrammed T-850 Terminator to protect the future couple. After killing other targets, the T-X locates the pair at an animal hospital where Kate works, but the Terminator helps them escape. He takes them to a mausoleum where Sarah is supposedly interred. Inside her casket, they find a weapons cache left at Sarah's request in case Judgment Day was not averted and the Terminators returned. They escape an armed battle with the police and fend off the pursuing T-X. The Terminator reveals John and Sarah's actions only delayed Judgment Day and that Skynet's attack will occur that day. He intends to drive John and Kate to Mexico to escape the fallout when Skynet begins its nuclear attack. John orders the Terminator to take him and Kate to a Mojave Desert base to see her father, U.S. Air Force Lieutenant General Robert Brewster, another of the T-X's targets. The Terminator refuses because he cannot jeopardize his mission; however, upon Kate's demand, he obeys. They learn the Terminator killed John in 2032, using John's emotional attachment to the model to get close, before Kate captured, reprogrammed, and sent it back in time. General Brewster is supervising the development of Skynet for Cyber Research Systems (CRS), an autonomous weapons developer. The Chairman of the Joint Chiefs of Staff pressures him to activate Skynet to stop an anomalous computer virus from invading servers worldwide. Brewster fails to discover that the virus was Skynet becoming sentient. John, Kate, and the Terminator arrive too late to stop him from activating it. The T-X appears, fatally injures Brewster, and controls weaponized CRS T-1 and HK drones to kill other employees. Before dying, the general gives Kate and John the location of what John believes is Skynet's system core. They head for a base tarmac to take Brewster's single-engine plane to Crystal Peak, a bunker facility built inside the Sierra Nevada mountains. While fighting, the T-X severely damages the Terminator, reprograms him to kill John, then hunts John and Kate through CRS. They trap the T-X by magnetically binding it to a particle accelerator. The Terminator struggles to control his functions and unwillingly attempts to kill John. Urged to choose between the conflicting programming, he forces a shutdown of his corrupted system, enabling the pair's escape. Shortly after they take off, the Terminator's system reboots. Meanwhile, the T-X escapes the accelerator and resumes pursuit. After John and Kate reach Crystal Peak, the T-X arrives by helicopter. Before it can attack, the now-restored Terminator crashes into the T-X with a second helicopter. The T-X pulls itself from the wreckage, attempting to drag itself inside the bunker. The Terminator holds the bunker door open long enough for the pair to lock themselves inside, then uses his last hydrogen fuel cell to destroy both himself and the T-X. John and Kate discover Crystal Peak is not Skynet's core, but rather a decades-old nuclear fallout shelter and command facility, wholly independent of modern computer networks. Kate realizes her father sent them there solely to protect them as John finally accepts the truth: Judgment Day could never be stopped. With no core, Skynet is revealed as software spread through cyberspace, taking control of all connected systems across the planet after becoming self-aware. As it launches nuclear missiles everywhere, initiating a worldwide nuclear holocaust, the pair receive emergency radio transmissions from around the country, calling for answers and guidance. Obliged by destiny, John tentatively assumes command by answering the frightened voices."
297762,Wonder Woman (2017 film),ok,"In present-day Paris, Diana Prince receives a photographic plate from Wayne Enterprises taken during World War I. It shows her and four men, and prompts her to recall her past.[b] Diana, the young daughter of Queen Hippolyta, is raised on the hidden island of Themyscira, home to the Amazons, women warriors created by the Olympian gods to protect mankind. Hippolyta tells Diana the story of how Ares became jealous of humans and orchestrated their destruction. When the other gods attempted to stop him, Ares killed all but Zeus, who used the last of his power to wound Ares and force his retreat. Before dying, Zeus left the Amazons a weapon, the ""god-killer"", to prepare them for Ares' return. Seeking to protect Diana, Hippolyta hides her daughter's true origin from her, but reluctantly agrees to let her sister, Antiope, train Diana as a warrior. In 1918, an adult Diana rescues US pilot Steve Trevor when his plane crashes off the coast of Themyscira. The island is soon invaded by German soldiers, who had been pursuing Trevor. The Amazons suffer some casualties, but wipe out the German landing force, with Antiope sacrificing herself to save Diana. Steve is interrogated with the Lasso of Hestia and reveals that a great war is consuming the outside world and that he is an Allied spy. He has stolen a notebook from the Germans' chief chemist, Dr. Isabel Maru, who is attempting to engineer a deadlier form of mustard gas under the orders of General Erich Ludendorff. Believing Ares to be responsible for the war, Diana equips herself with the ""god-killer"" sword, the lasso, and armor before leaving Themyscira with Steve. In London, they deliver Maru's notebook to the Supreme War Council, where Sir Patrick Morgan is trying to negotiate an armistice with Germany. Diana translates Maru's notes, revealing that the Germans plan to release the deadly gas at the Western Front. Although forbidden by his commander to act, Steve, with secret funding from Morgan, recruits the Moroccan spy Sameer, the Scottish marksman Charlie, and the American Indian smuggler Chief Napi to help prevent the gas from being released. When the team reaches the front in Belgium, Diana goes alone through No Man's Land and destroys the enemy trench, liberating the nearby village of Veld with the aid of the Allied forces. The team briefly celebrates and takes a photograph in the village, where Diana and Steve fall in love. Steve and Diana infiltrate a gala at the German High Command. Steve intends to locate the gas and destroy it, while Diana hopes to kill Ludendorff, believing he is Ares. Steve stops her to avoid jeopardizing his mission, and Ludendorff subsequently kills the inhabitants of Veld with the gas. Angry at Steve for intervening, Diana pursues Ludendorff to a base where the gas is being loaded onto a bomber aircraft bound for London. She fights and kills him, but is confused and disillusioned when his death does not stop the war. Sir Patrick then appears and reveals himself to be Ares. He tells Diana that although he has subtly given humans ideas and inspiration, it is ultimately their decision to resort to violence because they are inherently corrupt. When Diana attempts to kill Ares with the ""god-killer"" sword, he destroys it, then reveals to her that she is the ""god-killer"" because she is the daughter of Zeus. While Diana and Ares battle, Steve's team destroys Maru's laboratory. Steve hijacks the bomber carrying the poison, flies it to a safe altitude, then detonates it, blowing up the plane and himself. Ares attempts to direct Diana's rage and grief at Steve's death by convincing her to kill Maru, but the memories of her experiences with Steve cause her to realize that humans have goodness within them. She spares Maru and redirects Ares's lightning into him, killing him. Later, the team celebrates the end of the war. In the present day, Diana sends an email to Bruce Wayne, thanking him for the photographic plate featuring her and Steve. She continues to fight for the world as Wonder Woman."
453,A Beautiful Mind,ok,"In 1947, John Nash arrives at Princeton University as a co-recipient, with Martin Hansen, of the Carnegie Scholarship for Mathematics. He meets fellow math and science graduate students Sol, Ainsley, and Bender, and his roommate Charles Herman, a literature student. Determined to publish an original idea of his own, Nash is inspired when he and his classmates discuss how to approach a group of women at a bar. Nash argues that a cooperative approach would lead to better chances of success, which leads him to develop a new concept of governing dynamics. His theory earns him an appointment at MIT where he chooses Sol and Bender over Hansen to join him. In 1953, Nash is invited to the Pentagon to decipher encrypted enemy telecommunications. Bored with his work at MIT, he is recruited by the mysterious William Parcher of the United States Department of Defense with a classified assignment: to identify hidden patterns in magazines and newspapers to thwart a Soviet plot. He is given an implanted diode that gives him a passcode to access a drop spot at a mansion. Nash becomes increasingly obsessive with his work and grows paranoid. Nash falls in love with a student, Alicia Larde, and they eventually marry. After a shootout between Parcher and Soviet agents, Nash tries to quit his assignment but is forced to continue. While delivering a guest lecture at Harvard University, Nash believes Soviet agents are pursuing him and is forcibly sedated. He awakens to a psychiatric facility under the care of Dr. Rosen. Dr. Rosen tells Alicia that Nash has schizophrenia and that Charles, Marcee (niece of Charles), and Parcher exist only in his imagination. Alicia, Sol and Bender investigate her husband's study, which shows various news and magazine clippings. Alicia uncovers the stack of unopened ""classified documents"" from the drop point and brings them to Nash, revealing the truth of his assignment. Overcome with shock, Nash slices his arm open to uncover the diode, which doesn't exist. Nash is given a course of insulin shock therapy and eventually released. Frustrated with the side effects of his antipsychotic medication, in particular erectile dysfunction, he secretly stops taking it. He encounters Parcher, who urges him to continue his assignment in a shed near his home. In 1956, Alicia discovers Nash has relapsed and rushes home. She finds that Nash had left their infant son in the running bathtub, convinced ""Charles"" was watching the baby. Alicia calls Dr. Rosen, but Nash accidentally hits her and the baby, believing he's saving them from Parcher. As Alicia flees with the baby, Nash realizes that all of them have looked the same ever since he first encountered them, in particular that ""Marcee"" has always remained a young girl, and concludes they must be hallucinations. Against Dr. Rosen's advice, Nash chooses not to be hospitalized again, believing he can deal with his symptoms himself with Alicia's support. Nash returns to Princeton, approaching his old rival Hansen, now head of the mathematics department, who allows him to work out of the library and audit classes. Over the next two decades, Nash learns to ignore his hallucinations and, by the late 1970s, is allowed to teach again. In 1994, Nash is awarded the Nobel Memorial Prize in Economic Sciences for his work on game theory and is honored by his fellow professors. At the Stockholm ceremony, he dedicates the prize to his wife. Nash reencounters Charles, Marcee, and Parcher after the ceremony, but ignores them as he, Alicia, and their son leave."
146,"Crouching Tiger, Hidden Dragon",ok,"In 1778, Qing dynasty China, Li Mu Bai is a renowned Wudang swordsman, and his friend Yu Shu Lien heads a private security company. Shu Lien and Mu Bai have long had feelings for each other, but because Shu Lien had been engaged to Mu Bai's close friend Meng Sizhao[20] before his death, Shu Lien and Mu Bai feel bound by loyalty to Meng Sizhao and have not revealed their feelings to each other. Mu Bai, choosing to retire from the life of a swordsman, asks Shu Lien to give his fabled 400-year-old jian sword ""Green Destiny"" to their benefactor Sir Te in Beijing. Long ago, Mu Bai's teacher was killed by Jade Fox, a woman who sought to learn Wudang secrets. While at Sir Te's place, Shu Lien meets Yu Jiaolong, or Jen, who is the daughter of the rich and powerful Governor Yu and is about to get married. One evening, a masked thief sneaks into Sir Te's estate and steals the Green Destiny. Shu Lien intercepts the thief and chases the culprit across the grounds and rooftops of Sir Te's compound, but the thief escapes after Shu Lien is distracted by a dart shot at her by an unknown source. Shu Lien and Sir Te's servant Master Bo trace the theft to Governor Yu's compound, where Jade Fox had been posing as Jen's governess for many years. Soon after, Mu Bai arrives in Beijing and discusses the theft with Shu Lien. Master Bo makes the acquaintance of local police inspector Tsai and his daughter May, who have come to Beijing in pursuit of Fox. Fox challenges the pair and Master Bo to a showdown that night. Following a protracted battle, the group is on the verge of defeat when Mu Bai arrives and outmaneuvers Fox. Fox reveals she killed Mu Bai's teacher because he would sleep with her but refuse to take a woman as a disciple, and she felt it poetic justice for him to die at a woman's hand. Just as Mu Bai is about to kill Fox, the masked thief reappears and helps her. Fox kills Tsai before fleeing with the thief (who is revealed to be Jen). After seeing Jen fight Mu Bai, Fox realizes Jen had been secretly studying the Wudang manual. Fox is illiterate and could only follow the diagrams, whereas Jen's ability to read the manual allowed her to surpass her teacher in martial arts. At night, a bandit named Lo breaks into Jen's bedroom and asks her to leave with him. In the past, when Governor Yu and his family were traveling in the western deserts of Xinjiang, Lo and his bandits raided Jen's caravan and Lo stole her comb. She pursued him to his desert cave to retrieve her comb. However, the pair soon fell in love and had sex. Lo eventually convinced Jen to return to her family, though not before telling her a legend of a man who jumped off a mountain to make his wishes come true. Because the man's heart was pure, his wish was granted and he was unharmed, but flew away never to be seen again. Lo has come now to Beijing to persuade Jen not to go through with her arranged marriage. However, Jen refuses to leave with him. Later, Lo interrupts Jen's wedding procession, begging her to leave with him. Shu Lien and Mu Bai convince Lo to wait for Jen at Mount Wudang where he will be safe from Jen's family, who are furious with him. Jen runs away from her husband on their wedding night before the marriage can be consummated. Disguised in men's clothing, she is accosted at an inn by a large group of warriors; armed with the Green Destiny and her own superior combat skills, she very easily emerges victorious. Jen visits Shu Lien, who tells her Lo is waiting for her at Mount Wudang. After an angry exchange, the two women engage in a duel. Shu Lien is the superior fighter, but Jen wields the Green Destiny and destroys each weapon Shu Lien wields. However, Shu Lien defeats Jen with a broken sword. When Shu Lien shows mercy, Jen wounds Shu Lien's arm. Mu Bai arrives and pursues Jen into a bamboo forest, where he offers to take her as his student. Jen agrees if he can take Green Destiny from her in three moves. Mu Bai takes the sword in only one move, but Jen reneges on her promise, and Mu Bai throws the sword over a waterfall. Jen dives after the sword and is rescued by Fox. Fox puts Jen into a drugged sleep and places her in a cavern, where Mu Bai and Shu Lien discover her. Fox suddenly attacks them with poisoned needles. Mu Bai mortally wounds Fox, only to realize that one of the needles has hit him in the neck. Before dying, Fox confesses that her goal had been to kill Jen because Jen had hidden the secrets of Wudang's fighting techniques from her. Contrite, Jen leaves to prepare an antidote for the poisoned dart. With his last breath, Mu Bai finally confesses his love for Shu Lien. He dies in her arms as Jen returns. Shu Lien forgives Jen, telling her to go to Lo and always be true to herself. The Green Destiny is returned to Sir Te. Jen goes to Mount Wudang and has sex with Lo again. The next morning, Lo finds Jen standing on a bridge overlooking the edge of the mountain. In an echo of the legend that they spoke about in the desert, she asks him to make a wish. Lo wishes for them to be together again, back in the desert. Jen leaps from the bridge, falling into the mists below."
280,Terminator 2: Judgment Day,ok,"In 2029, Earth has been ravaged by the war between the malevolent artificial intelligence Skynet and the human resistance. Skynet sends the T-1000—an advanced, shape-shifting prototype Terminator made of virtually indestructible liquid metal—back in time to kill resistance leader John Connor when he is a child. To protect John, the resistance sends back a reprogrammed T-800 Terminator, a less advanced model with a metal endoskeleton covered in living tissue. In 1995 Los Angeles, John's mother Sarah is incarcerated in Pescadero State Hospital for her violent efforts to prevent ""Judgment Day""—the prophesied events of August 29, 1997, when Skynet will become self-aware and, in response to its creators' attempt to deactivate it, incite a nuclear holocaust. John, living with foster parents, considers Sarah delusional and resents her efforts to prepare him for his future role. The T-1000 locates John in a shopping mall, but the T-800 intervenes, coming to John's aid and enabling his escape. John calls to warn his foster parents, but the T-800 deduces that the T-1000 has already killed them. Realizing the T-800 is programmed to obey him, John forbids it from killing people and orders it to help him rescue Sarah from the T-1000. The T-800 and John intercept Sarah as she attempts to escape the hospital. Initially horrified that the T-800 resembles the Terminator sent to kill her in 1984,[b] she joins them and escapes the pursuing T-1000. Sarah uses the T-800's knowledge of the future to learn that a revolutionary microprocessor, being developed by Cyberdyne engineer Miles Dyson, will be crucial to Skynet's creation. Over the course of their journey, Sarah sees the T-800 serving as a friend and father figure to John, who teaches it catchphrases and hand signs while encouraging it to become more human-like. Sarah plans to escape to Mexico with John, but a nightmare about Judgment Day prompts her to decide to kill Dyson. She attacks him in his home but cannot bring herself to kill him, abandoning her plan. John arrives and reconciles with Sarah while the T-800 explains to Dyson the future consequences of his work. Dyson reveals that his research has been reverse engineered from the CPU and severed arm of the 1984 Terminator. Believing that his work must be destroyed, Dyson helps Sarah, John, and the T-800 break into Cyberdyne, retrieve the CPU and the arm, and set explosives to destroy the lab. The police assault the building and fatally shoot Dyson, but he detonates the explosives as he dies. The T-1000 pursues the surviving trio, cornering them in a steel mill. Sarah and John split up to escape while the T-1000 mangles the T-800 and briefly deactivates it by destroying its power source. The T-1000 assumes Sarah's appearance and voice to lure out John, but Sarah intervenes and, along with the reactivated T-800, pushes it into a vat of molten steel, where it disintegrates. John also throws the 1984 Terminator's arm and CPU into the vat. The T-800 explains that it must also be destroyed to prevent it from serving as a foundation for Skynet. Despite John's tearful protests, the T-800 persuades him that its destruction is the only way to protect their future. Having come to respect the T-800, Sarah shakes its hand and lowers it into the vat. The T-800 gives John a thumbs-up as it is incinerated. As Sarah drives down a highway with John, she reflects on her renewed hope for an unknown future, musing that if the T-800 could learn the value of life, so can humanity."
111,Scarface (1983 film),ok,"In 1980, ex-convict Cuban refugee Tony Montana arrives in Miami as part of the Mariel boatlift with his friend Manny Ribera and their companions, Angel and Chi-Chi. Miami drug lord Frank Lopez arranges green cards for them in exchange for murdering a former henchman of Fidel Castro. Dissatisfied with their jobs as restaurant dishwashers, Tony and Manny meet with  Frank's right-hand man, Omar Suarez, who sends the four to purchase cocaine from Colombian dealers. Tony and Angel are taken at gunpoint; Tony is forced to watch as Angel is slaughtered with a chainsaw, before Manny and Chi-Chi rescue him. They kill the dealers and insist to Omar that they deliver the drugs and money to Frank in person, suspecting Omar set them up. Tony and Manny begin working for Frank while Tony is attracted to Frank's trophy wife, Elvira Hancock. Tony visits his mother, and sister Gina. Tony gives his mother $1,000, claiming he earns money as a political organizer. Tony's mother is angered by his lie, berates Tony for his criminal lifestyle, and kicks him out. Gina runs outside to reassure Tony, and he lets Gina keep the money and walk back inside. Manny expresses attraction towards Gina, but Tony sternly warns Manny to stay away from her. Frank sends Tony and Omar to Bolivia to meet cocaine kingpin Alejandro Sosa. Omar is angered when Tony seeks to negotiate a large deal without Frank's approval. Sosa sends Omar off but keeps Tony behind to watch his men hang Omar from a helicopter, and tells Tony that Omar is a police informant and that Frank has poor judgment for trusting him. Tony says he never trusted Omar. Sosa takes a liking to Tony for his integrity and agrees to the deal, but not before delivering Tony a stern warning to never double-cross him. Back in Miami, Frank is furious at Tony for his unauthorized deal with Sosa and Omar's demise. Severing business ties with Frank, Tony sets up his own cocaine operation and continues flirting with Elvira, further infuriating Frank. Mel Bernstein, a corrupt detective on Frank's payroll, attempts to extort Tony for police protection. Tony confronts Gina upon finding her making out with a man in a club bathroom. At the club, hitmen seek to assassinate Tony, who escapes with minor wounds. He later confronts Frank and Bernstein about the attack, forcing Frank to confess. Tony has Manny kill Frank before killing Bernstein. Tony then takes complete control of Frank's drug operation and assets, making everything his own. He marries Elvira and becomes the distributor of Sosa's cocaine. This makes Tony one of the most powerful drug lords in Miami, overseeing his rapidly growing drug empire from a large, heavily guarded estate. In 1983, a sting operation by federal agents sees Tony charged with tax evasion and facing prison time. Sosa offers to keep Tony out of prison via his government connections if Tony kills a journalist about to expose Sosa. During a restaurant dinner a drunken Tony blames Manny for unwittingly introducing him to the undercover agents and calls Elvira an infertile junkie, prompting Elvira to call out his criminality to the other patrons and leave him. Sosa's henchman, Alberto, puts a radio-controlled bomb under the journalist's car, but Tony tries to cancel the hit upon seeing the journalist is accompanied by his wife and children. Alberto refuses and Tony kills him before he can detonate the bomb. A furious Sosa vows revenge for Tony allowing the journalist to deliver the exposé. At his mother's behest, Tony, high on cocaine, tracks down Gina and finds her with Manny. Tony shoots Manny dead before learning Gina has just married him. Tony takes Gina to his estate and begins a cocaine binge in his office. Gina accuses him of wanting her for himself. She shoots and wounds him, and is killed by one of Sosa's men whom Tony kills in return. Sosa's men invade the grounds and kill Tony's guards, including Chi-Chi, as Tony takes a rifle with a grenade launcher to the invaders, killing many, but suffering gunshot wounds. He taunts his attackers until an assassin shoots him in the back with a shotgun. Tony's body falls from the balcony into the pool, near the base of a globe with the motto ""The World Is Yours""."
238,The Godfather,ok,"In the mid-1940s, Michael Corleone is a World War II veteran and the youngest son of Don Vito Corleone. Vito is head of the Corleone mafia family and runs it with his eldest son Santino a.k.a. Sonny and adopted son Tom Hagen, a lawyer who is the family's consigliere. At his sister Connie's wedding to Carlo Rizzi, Michael introduces his family to his girlfriend, Kay Adams. Michael tells Kay stories of his family but makes it clear that he wants no part in his family's business. Vito fulfils the Sicilian tradition of granting favors on his daughter's wedding day to a succession of hopeful visitors. One is his godson, singer and actor Johnny Fontane, who cannot get an upcoming film role because studio owner and producer Jack Woltz has a grudge against Fontane. Vito sends Hagen to LA to persuade Woltz to relent but Woltz will not budge. Hagen departs and the next morning, Woltz wakes to find the severed head of his prized $600,000 racehorse Khartoum in his bed with him. A terrified Woltz relents and Fontane gets the role. Approaching Christmas, Michael becomes embroiled in family affairs when Vito is gunned down by two assailants. Vito had earlier refused to offer protection to drug baron Virgil ""The Turk"" Sollozzo for dealing narcotics in the city. Sollozzo has the support of the Tattaglia family, who garrote notorious Corleone enforcer Luca Brasi when he attempts to become a mole in Sollozzo's operation. While Vito survives the attempt and recovers at the hospital, hot-tempered Sonny takes over the family as acting boss. He has Michael live at the house for his protection, as his successful revenge hit on Tattaglia's son Bruno has led to war between the two gangs. Michael visits his father in hospital to be told that NYPD Captain McCluskey has had Vito's bodyguards ejected from the hospital, clearing the way for a second attempt on Vito's life. Michael visits his father and, realizing his jeopardy, moves him to another hospital room then stands guard outside the hospital. He scares Sollozzo's assassins off but an angry McCluskey returns and breaks Michael's jaw for defying him. Soon after, Hagen arrives with more bodyguards and McCluskey backs down to the lawyer's demands. Being an outsider to the family business and seen as harmless, Michael later proposes a meeting between himself, Sollozzo and McCluskey at which he'll kill them both to keep his father safe. Initially amused, the family approve his plan and have a gun planted at the meeting place: a restaurant. At the meeting, Michael shoots both men dead then flees the country. He takes refuge in his family's native Sicily to escape the NYPD and the ire of the other gangs until the heat dies down. He falls in love with a local woman, Apollonia Vitelli, and marries her. Back in New York, war has broken out between the Five Families. Sonny discovers that Connie was being abused by Carlo. At first, Sonny pummels Carlo in public and warns him never to touch Connie again. However, after a fierce beating from Carlo, Connie appeals to her family. A furious Sonny sets off for her house but is ambushed and murdered at a highway toll booth. The recovering Vito is told of Sonny's death and orders an end to hostilities with no vengeance. He calls a meeting with the heads of the other New York families and negotiates peace between them all, conceding to a controlled drug trade in return for an end to all vendettas and for Michael's safe return to the US. Meanwhile, Michael survives a hit in Sicily, which instead kills Apollonia via car bombing. He returns to the US, slowly taking over the family business from his father. He marries Kay and promises to legitimize the family's operations within five years. Michael visits Las Vegas to negotiate a deal with Jewish mobster and casino mogul Moe Greene, under whose protection Fredo has been living. Michael offers to buy out Greene's stake in the family casinos, but Greene refuses and flaunts his support from Barzini. After Moe leaves, Michael reprimands Fredo for defending Greene and warns him never to side against the Family ever again. After the peace meeting, Vito realizes that Barzini is the mastermind behind Sonny's death, not Tattaglia. He predicts to Michael that a Corleone traitor will reveal himself by offering to broker a meeting between Michael and the Barzinis but will use it to have Michael assassinated. Vito dies of a heart attack while playing with his grandson, Michael's son Anthony. At his funeral, Corleone caporegime Salvatore Tessio asks Michael to meet with Barzini, revealing his betrayal. Michael attends his nephew's baptism to be anointed as his godfather while Michael's hitmen carry out orders, simultaneously assassinating Greene and the heads of the other New York Families. Tessio is led off to be executed for his treachery. Michael extracts a confession from Carlo that he conspired with Barzini to kill Sonny and had abused Connie to lure Sonny into his fatal ambush. Michael berates Carlo, then sends him on an apparently safe car journey where instead Clemenza garrotes him. At their house, Connie accuses Michael of having Carlo killed. To Kay's relief, Michael denies the accusation, but as she leaves the room to get drinks, the Corleone family capos approach Michael and offer him their allegiance. Kay watches Clemenza kiss Michael's hand and address him as ""Don Corleone"" before Neri closes the door on her."
393,Kill Bill: Volume 2,ok,"The pregnant Bride and her groom rehearse their wedding. Bill, the Bride's former lover and the leader of the Deadly Viper Assassination Squad, arrives unexpectedly and orders the Deadly Vipers to kill everyone at the wedding rehearsal. Bill shoots the Bride in the head, but she survives and swears revenge. Four years later, the Bride, having already assassinated Deadly Vipers O-Ren Ishii and Vernita Green,[a]  goes to the trailer of Bill's brother Budd, another Deadly Viper, planning to ambush him. Having been forewarned by Bill, he incapacitates her with a non-lethal shotgun blast of rock salt and sedates her. He calls Elle Driver, another former Deadly Viper, and arranges to sell her the Bride's sword for $1 million. He seals the Bride inside a coffin and buries her alive. Years earlier, Bill tells the young Bride of the legendary martial arts master Pai Mei and his Five Point Palm Exploding Heart Technique, a death blow that Pai refuses to teach his students; properly used, the attack reputedly renders an opponent able to take only five steps before dying. Bill takes the Bride to Pai's temple for training. Pai ridicules and torments her during training, but she eventually gains his respect. In the present, the Bride uses Pai's techniques to escape from the coffin and claw her way to the surface. Elle arrives at Budd's trailer and kills him with a black mamba hidden within the case full of money for the sword. She calls Bill and tells him that the Bride has killed Budd and that she has killed the Bride, using the Bride's real name: Beatrix Kiddo. As Elle exits the trailer, Beatrix ambushes her and they fight. Elle, who was also taught by Pai, taunts Beatrix by revealing that she killed Pai by poisoning his favorite meal in retribution for him plucking out her eye after she called him ""a miserable old fool"". Enraged, Beatrix plucks out Elle's remaining eye, blinding her, and leaves her screaming and stumbling in the trailer with the black mamba. In Acuña, Mexico, Beatrix meets a retired pimp, Esteban Vellajo, who helps her find Bill. She tracks him to his home, and discovers that their daughter B.B. is still alive, now four years old. Beatrix spends the evening with them. After she puts B.B. to bed, Bill shoots Beatrix with a dart containing truth serum and interrogates her. She explains that upon discovering her pregnancy, she deserted the Deadly Vipers to give B.B. a better life. Bill explains that he assumed she was dead; he ordered her assassination when he discovered she was alive and engaged to a ""jerk"" he assumed was the father of her child. The two begin to fight, but Beatrix traps Bill's sword in her scabbard and strikes him with the Five Point Palm Exploding Heart Technique. Surprised that Pai taught her the attack, Bill reconciles with her, then after taking five steps, he falls dead as she walks away. Beatrix leaves with B.B. to start a new life."
239,Some Like It Hot,ok,"In Prohibition-era Chicago, Joe is a jazz saxophone player and an irresponsible, impulsive gambler and ladies' man; Jerry, his anxious friend, is a jazz double bass player. They work in a speakeasy owned by local Mafia boss ""Spats"" Colombo. Tipped off by informant ""Toothpick"" Charlie, the police raid the joint. Joe and Jerry escape but accidentally witness Spats and his henchmen gunning down Toothpick and his gang in revenge (an incident inspired by the Saint Valentine's Day Massacre).[6] Spats and his gang see them as they flee. Broke, terrified, and desperate to leave Chicago, Joe and Jerry disguise themselves as women named Josephine and Daphne so they can join Sweet Sue and her Society Syncopators, an all-female band headed to Miami by train. On the train, they befriend Sugar Kane, the band's vocalist and ukulele player. Joe and Jerry become obsessed with Sugar and compete for her affections while maintaining their disguises. Sugar confides to Joe that she has sworn off (male) saxophone players, who have taken advantage of her in the past. She hopes to find a gentle, bespectacled millionaire in Florida. Joe and Jerry become close friends with Sugar during a late-night party on the train, while struggling to remember that flirting with her would compromise their cover. After arriving in Miami, Joe woos Sugar by posing as Junior, heir to the Shell Oil fortune, affecting a Cary Grant-esque accent[7] while feigning indifference to her. Aging, multi-divorced Osgood Fielding III—an actual millionaire—persistently pursues ""Daphne"" (Jerry), whose refusals only fuel his desire. After Osgood invites Jerry to dinner on his yacht, Joe convinces Jerry to keep Osgood occupied onshore, so Joe can pass the yacht off as his own and entertain Sugar. As Junior, he tells Sugar that psychological trauma from the death of a former lover has left him impotent, but he would immediately marry anyone who could cure him. Sugar tries to arouse him, with considerable success. Meanwhile, Jerry and Osgood tango until dawn. Back at the hotel, Jerry announces that he has accepted Osgood's proposal of marriage, anticipating a divorce and cash settlement when the ruse is revealed. Joe convinces Jerry that he cannot marry Osgood. The hotel hosts a conference for the Friends of Italian Opera Society, a front for a national Mafia meeting, presided over by Little Bonaparte—who already has a grudge against Spats over the murder of Toothpick. Spats and his men arrive, and this time see through Joe and Jerry's disguises. Fearing for their lives, Joe and Jerry realize they must quit the band and leave the hotel. Joe breaks up with Sugar over the telephone, telling her that he must marry a woman of his father's choosing and move to Venezuela, leaving her heartbroken. In male disguises, Joe and Jerry evade Spats' men by hiding under a table at the syndicate banquet, where Little Bonaparte has Spats and his gang gunned down. Joe and Jerry are spotted as they flee through the hotel. They revert to women's clothing to evade capture. On the way out, Joe, dressed as Josephine, sees Sugar onstage singing a lament to lost love, kisses her, then rejoins Jerry in their flight. Realizing that Josephine and Junior are the same person, Sugar follows them. Still dressed as Daphne, Jerry persuades Osgood to take him and Joe away on his yacht. Sugar unexpectedly joins them on Osgood's launch just as it leaves the dock. Removing his disguise, Joe confesses to Sugar and tells her that she deserves better, but Sugar wants him anyway, realizing he is the first man to genuinely care for her. Meanwhile, Jerry, as Daphne, tries to get out of his engagement, listing reasons why ""she"" and Osgood cannot marry—she can't wear his mother's wedding gown because she's ""not built the same"", is not a natural blonde, smokes, cannot have children, has been living with a saxophone player—none of which bother Osgood. Exasperated, Jerry rips off his wig and says, ""I'm a man!"" in his normal voice. Still unperturbed and smiling, Osgood replies ""Well, nobody's perfect!"" leaving Jerry speechless."
140607,Star Wars: The Force Awakens,ok,"Thirty years after the Battle of Endor,[a] the First Order has risen from the fallen Galactic Empire and seeks to destroy the New Republic. General Leia Organa leads The Resistance against the First Order, while also searching for her lost twin brother Luke Skywalker. On the desert planet Jakku, Resistance pilot Poe Dameron receives a map to Luke's location before being captured by First Order stormtroopers commanded by Kylo Ren. His droid, BB-8, escapes with the map and encounters Rey, a solitary scavenger. Ren tortures Poe using the Force and learns of BB-8. A disillusioned stormtrooper called FN-2187 rescues Poe and the two escape in a stolen TIE fighter. Upon learning that FN-2187 has no other name, Poe names him ""Finn"". As they head to Jakku to retrieve BB-8, the First Order shoots them down, and they crash-land. Finn survives and assumes Poe was killed after finding his jacket in the wreck. Finn encounters Rey and BB-8, and the First Order tries to destroy the three of them with an aerial bombardment. The trio steals the Millennium Falcon and escapes Jakku. The Falcon is boarded and reclaimed by Han Solo and Chewbacca. Gangs seeking to settle debts with Han attack, but Han, Chewbacca, Finn, Rey and BB-8 escape in the Falcon. At the First Order's Starkiller Base—a planet converted into a superweapon—Supreme Leader Snoke approves General Hux's weapon for use on the New Republic. Snoke questions Ren's ability to deal with emotions surrounding his father, Han Solo, whom Ren states means nothing to him. Aboard the Falcon, Han determines that BB-8's map is incomplete. He explains that Luke attempted to rebuild the Jedi Order but exiled himself when an apprentice turned to the dark side of the Force and slaughtered the other apprentices. The crew travels to the planet Takodana and meets with Maz Kanata, who offers to help deliver BB-8 to the Resistance. The Force draws Rey to a secluded vault, where she finds Anakin Skywalker's lightsaber. She experiences disturbing visions, including a childhood memory of being abandoned on Jakku. Maz encourages her to take the lightsaber, but she flees into the woods. Maz gives Finn the lightsaber for safekeeping. Starkiller Base destroys the Hosnian star system, including the New Republic capital Hosnian Prime, leaving the Resistance without support. The First Order attacks Takodana in search of BB-8. Han, Chewbacca, and Finn are saved by Resistance X-wing fighters led by Poe, who survived the crash. Leia arrives at Takodana and reunites with Han; it is revealed that she is Ren's mother. Meanwhile, Ren captures Rey, realizing she had seen the map. He takes her to Starkiller Base, where she resists his attempts to read her mind. Discovering she can use the Force, Rey escapes using a Jedi mind trick on a stormtrooper guard. As Starkiller Base prepares to fire again, the Resistance plans to destroy it by attacking its thermal oscillator. Han, Chewbacca, and Finn infiltrate the base, find Rey and plant explosives. Han confronts Ren, calling him by his birth name, Ben Solo, and implores him to abandon the dark side. Ren seems to consider this, but ultimately kills Han. A devastated Chewbacca shoots Ren, injuring him, and sets off the explosives, allowing Poe to attack and destroy the oscillator. Ren pursues Rey and Finn into the woods and incapacitates Rey. Finn uses the lightsaber to duel Ren but is quickly defeated. Rey awakens, takes the lightsaber, and defeats Ren in a duel. Chewbacca saves Rey and the injured Finn and they escape aboard the Falcon. As the Resistance forces flee, Starkiller Base explodes. R2-D2 reveals the rest of the map, which points to the planet Ahch-To. Leaving Finn to recover from his wounds, Rey, Chewbacca, and R2-D2 travel to Ahch-To on the Falcon. Rey finds Luke atop a cliff and presents him with the lightsaber."
278,The Shawshank Redemption,ok,"In 1947, Portland, Maine, banker Andy Dufresne arrives at Shawshank State Prison to serve two consecutive life sentences for murdering his wife and her lover. He is befriended by Ellis Boyd ""Red"" Redding, a contraband smuggler serving a life sentence, who procures for him a rock hammer and a large poster of Rita Hayworth. Assigned to work in the prison laundry, Andy is frequently raped by ""the Sisters"" gang, led by Bogs Diamond. In 1949, Andy overhears the captain of the guards, Byron Hadley, complaining about being taxed on an inheritance and offers to help him shelter the money legally. After the Sisters beat Andy to near-death, Hadley cripples Bogs, who is subsequently transferred to a minimum-security hospital; Andy is not attacked again. Warden Samuel Norton assigns Andy to the prison's decrepit library, ostensibly to assist elderly inmate Brooks Hatlen, but in reality, to use Andy's financial expertise in managing the warden's and other prison staff's finances. Andy also starts writing weekly letters to the state legislature, requesting funding to improve the library. Brooks is paroled in 1954 after serving 50 years, but cannot adjust to the outside world and eventually hangs himself. After years of Andy's ceaseless letters, the legislature sends a library donation that includes a recording of The Marriage of Figaro; Andy plays an excerpt over the public address system, experiencing a moment of personal freedom before he is punished with solitary confinement. After his release, Andy explains to a dismissive Red that hope is what gets him through his sentence. In 1963, Norton begins exploiting prison labor for public works, profiting by undercutting skilled labor costs and receiving bribes. Andy launders the money using the alias ""Randall Stephens"". In 1965, Andy and Red befriend Tommy Williams, a young inmate convicted of burglary. Andy helps Tommy pass his General Educational Development exam, and Tommy later reveals that his cellmate at another prison confessed to committing the murders for which Andy was convicted. When Andy informs Norton, the warden refuses to act. Although Andy promises to keep the money laundering a secret, Norton sends Andy to solitary confinement and has Hadley kill Tommy under the guise of an escape attempt. Norton then threatens to destroy the library, strip Andy of guard protection, and transfer him to harsher conditions if Andy refuses to continue with the money-laundering  scheme. A disheveled Andy is released from solitary confinement after two months. He tells a skeptical Red that he dreams of living in Zihuatanejo, a town on the Mexican Pacific coast, where he can start anew. He asks Red to promise, once Red is released, to travel to a specific hayfield near Buxton and recover a package that Andy buried there. Red worries that Andy is suicidal, especially after learning that he asked a fellow inmate for a rope. At the next day's roll call, the guards find Andy's cell empty. An irate Norton throws a stone at a poster of Raquel Welch hanging on the cell wall, revealing a tunnel that Andy had dug with his rock hammer over 19 years. The previous night, Andy escaped through the tunnel and prison sewage pipe, taking with him Norton's suit, shoes, and the ledger containing evidence of the corruption at Shawshank. While guards search for him, Andy poses as Randall Stephens and withdraws over $370,000 of the laundered money from various banks,[a] before mailing the ledger to a local newspaper. State police arrive at Shawshank and take Hadley into custody, while Norton kills himself to avoid arrest. The following year, Red is paroled after serving 40 years, but struggles to adapt to life outside prison and fears that he never will. Remembering his promise to Andy, he visits Buxton and finds a cache containing money and a letter inviting him to come to Zihuatanejo. Red violates his parole by traveling to Mexico, admitting that he finally feels hope. He finds Andy on a beach, and the reunited friends happily embrace."
346364,It (2017 film),ok,"In October 1988, twelve-year-old Bill Denbrough makes a paper sailboat for his seven-year-old brother Georgie. Georgie sails the boat along rainy streets, only to have it fall down a storm drain. Attempting to retrieve it, Georgie sees a clown in the drain, who introduces himself as ""Pennywise the Dancing Clown"". Pennywise bites off Georgie's arm and drags him into the sewer. The following summer, Bill and his friends Richie Tozier, Eddie Kaspbrak, and Stanley Uris run afoul of older bullies Henry Bowers, Belch Huggins, Patrick Hockstetter, and Victor Criss. Bill calculates that his brother's body may have washed up in the marshy wasteland ""The Barrens"". He investigates with his friends, believing Georgie may still be alive. New in town, Bill's classmate Ben Hanscom learns that unexplained tragedies and child disappearances have plagued Derry for centuries. Fleeing Bowers' posse, Ben meets Bill's group in the Barrens. They find the sneaker of missing girl Betty Ripsom. Patrick is killed by drowned children while searching the sewers. Bill and Ben develop feelings for bullied girl Beverly Marsh. The group befriends orphan Mike Hanlon, having rescued him from Bowers. Each member of the group has encountered terrifying manifestations of Pennywise: Ben is chased by a headless undead boy, Beverly is attacked by a sink spewing blood, Eddie is chased by a rotting leper, Stan witnesses a painting of a woman coming alive, Mike relives his parents burning alive, and a phantom of Georgie haunts Bill. No adults see what they witness. Dubbing themselves ""The Losers Club"", they realize they are all being stalked by the same entity, which they dub ""It"". They deduce that It appears as their individual worst fears, awakening from hibernation every 27 years to feed on the children of Derry, traveling via the sewer lines. In his garage, Bill shows the Losers blueprints of Derry's sewer lines, which lead to an old well under an abandoned house on Neibolt Street. After Pennywise attacks them in the garage, the group attempts to confront It in the Neibolt house, only to be separated and terrorized by their fears. It charges at them, but Beverly stabs It in the head with a metal spike. Pennywise retreats after injuring Ben. The group flees; traumatized by their experience, they separate. Weeks later, after Beverly confronts and incapacitates her sexually abusive father, Pennywise abducts her. The Losers return to the abandoned house to rescue her. Bowers, who has murdered his abusive father after being driven insane by Pennywise, attacks the group; Mike pushes Bowers down the well. The Losers descend into the sewers and find Pennywise's lair, which contains decayed circus props and children's belongings, above which the bodies of It's child victims float in mid-air. Beverly, catatonic after being exposed to Deadlights inside It's gaping mouth, is restored to consciousness when Ben kisses her. Bill encounters Georgie, but realizes he is Pennywise in disguise. Pennywise takes Bill hostage, offering to spare the others and hibernate if they abandon Bill. The Losers reject this, battling Pennywise while overcoming their various fears. The Losers beat Pennywise before Beverly stabs It in the face with a broken pipe. It retreats, falling down a well. Bill finds Georgie's bloodstained raincoat, and the group comfort him as he cries. As summer ends, Beverly informs the group of a vision she had while catatonic, of them fighting Pennywise again as adults. The Losers swear a blood oath that they will return if Pennywise ever returns. After the others make their goodbyes and disperse, Beverly and Bill discuss her moving away to live with her aunt. Bill reveals his feelings and they kiss."
106,Predator (film),ok,"An extraterrestrial spacecraft deploys a shuttle to Earth. Sometime later, Major Dutch and his paramilitary rescue team—mercenary Mac Eliot, explosives specialist Poncho Ramirez, heavy gunner Blain Cooper, expert tracker Billy Sole, and radio operator Rick Hawkins—are tasked with rescuing a local cabinet minister whose helicopter was shot down in a Central American jungle. Dutch's Vietnam War ally, Al Dillon, now a CIA agent, accompanies the team to oversee the mission. The team finds the helicopter wreckage and traces of guerrilla soldiers, as well as three skinned corpses hung high in the trees nearby. Dutch identifies the corpses as Green Berets and becomes suspicious of Dillon's intentions after learning the helicopter was outfitted for surveillance. Dutch's team attacks the guerrilla camp, killing the soldiers and their Soviet military allies, and learning the hostages were CIA agents. Dillon admits the cabinet minister story was a lie to convince Dutch—who refuses to use his team for assassinations—to eliminate the camp and prevent a Soviet-sponsored invasion. Dillon also discloses that the original mission team disappeared and the Green Berets had been sent to find them. Dillon takes a surviving guerrilla, Anna, prisoner, and the team travels towards the extraction point. Unbeknownst to the team, a technologically advanced, humanoid predator has stalked them since their arrival, remaining invisible with a cloaking device, and using thermal imaging vision to see their body heat. Billy senses the presence of something inhuman, but cannot confirm his suspicions. Anna flees when the team is distracted, and although Hawkins catches her, he is killed by the predator while Anna is spared. As the team searches for Hawkins' body, the predator kills Blain. Mac catches a glimpse of the predator's cloaked form and, enraged at Blain's death, provokes the team into blindly firing their weapons into the jungle, wounding the predator. The team sets up camp for the night, booby-trapping the perimeter. A wild boar triggers a trap, and the predator uses the ensuing confusion to steal Blain's corpse. The following day, Dutch deduces that the creature is stalking them from the treetops. Dutch releases Anna, needing her to work with them to survive. She recounts local folktales of a monster that kills men and takes trophies from their corpses, typically when the weather is hot. The team booby-traps the treetops to force the predator into a net, but it escapes and Poncho is injured. Mac and Dillon, who both want to make amends to the team, pursue the predator, but are outmaneuvered and killed. The predator soon catches the survivors, killing Billy and Poncho. Realizing the predator only attacks those it considers a threat, Dutch warns Anna to relinquish her weapon and run to the extraction point. Dutch distracts the predator before falling from a cliff into a waterfall and washing up on a muddy shore. The predator pursues Dutch, but is seemingly unable to see him, and leaves to collect the skulls of the others as trophies. Dutch concludes that the mud masked his body heat, making him invisible to the predator. Seeking to avenge his team, Dutch creates makeshift traps and weapons. As night falls, he covers himself in mud and lets out a war cry to lure the predator toward him. Dutch uses his invisibility to wound the predator and disable its cloaking device, but subsequently falls into a river which washes off his mud camouflage. Deeming Dutch a worthy opponent, the predator removes its weapons and mask—revealing a monstrous visage—to face him in hand-to-hand combat. Easily outmatched by the larger and stronger creature, Dutch attempts to goad it into a trapped tunnel, but the predator suspects his plan and circumvents it. Dutch triggers the trap himself, releasing its counterweight, which crushes the predator. Mortally wounded, the predator activates a wrist-mounted self-destruct device. Dutch flees, barely escaping the enormous resulting explosion that razes the area. As dawn breaks, the extraction helicopter arrives with Anna to collect the exhausted and traumatized Dutch."
254,King Kong (2005 film),ok,"In 1933, during the Great Depression, struggling New York City vaudeville performer Ann Darrow is hired by financially troubled filmmaker Carl Denham to star in a film with actor Bruce Baxter. Ann is hesitant to join the picture until she learns her favorite playwright, Jack Driscoll, is the screenwriter. Filming takes place on the SS Venture, a small cargo ship captained by Englehorn. Carl claims the Venture will sail to Singapore, but he actually intends to film the mysterious Skull Island. During the voyage, Ann and Jack fall in love. The Venture becomes lost in fog and runs aground on Skull Island. Carl and others, including his film crew, consisting of cameraman Herb, assistant Preston and boom operator Mike, explore the island and are attacked by natives who kill Mike and a crewman. Englehorn rescues Carl's group, but as they all prepare to leave, the natives secretly abduct Ann to offer her as a sacrifice to Kong, a 25-foot-tall (7.6 m) ape. Jack notices Ann's disappearance, and the crew returns to the island, but Kong flees with Ann into the jungle. Carl catches a glimpse of Kong and becomes determined to film him. Englehorn organizes a rescue party, led by his first mate Hayes and Jack, and accompanied by Carl, Herb, Baxter and Preston. The party gets caught between a herd of grazing Brontosaurus and a pack of Utahraptor-like Venatosaurus hunting them, with Herb and several other men killed in the resulting stampede. Baxter and some rescue party members return to the ship while the others decide to continue their search for Ann. Meanwhile, Ann wins Kong over with her vaudeville routine skills, and begins to grasp his intelligence and capacity for emotion. The remaining party members continue through the jungle when Kong attacks, killing Hayes and several more crew members, and making the others fall into a ravine where Carl loses his camera. Kong rescues Ann from three Tyrannosaurus-like Vastatosaurus rexes and brings her to his den in the mountains. Giant insects attack and kill the remaining members of the rescue party in the ravine, but Baxter and Englehorn rescue Preston, Carl, Jack, and Hayes' apprentice Jimmy. Jack searches for Ann alone, while Carl decides to capture Kong. Jack finds Kong's lair and accidentally awakens him, but escapes with Ann to where the crew is waiting to capture the pursuing Kong. As Ann begs the crew not to harm him, Kong kills several sailors, but is subdued when Carl knocks him out with chloroform. In New York City, around Christmas, Carl presents ""Kong, the Eighth Wonder of the World"" on Broadway, starring Baxter and an imprisoned Kong. An anonymous chorus girl plays Ann, who refuses to take part in the performance. Agitated by the chorus girl not being Ann and flashes from cameras, Kong breaks free of the chains, wrecks the theater, and bursts out into the streets of New York in search of Ann, chasing Jack before encountering her again. The U.S. Army attacks, and Kong tries to get Ann and himself to safety by climbing to the top of the Empire State Building. Six United States Navy biplanes arrive; Kong downs three of them, but is mortally wounded from the planes' gunfire and dies on the roof, giving one last gaze at Ann before his corpse falls from the building. As Jack reaches the top of the building to comfort and embrace Ann, civilians, policemen, and soldiers gather around the beast's corpse in the street. Carl makes his way through the crowd and takes one last look at the lifeless Kong. One bystander comments that the airplanes got him, and Carl says sadly, ""It wasn't the airplanes. It was Beauty killed the Beast,"" before walking away."
25,Jarhead (film),ok,"In 1989, Anthony ""Swoff"" Swofford, whose father served in the earlier Vietnam War (1955–1975), attends United States Marine Corps recruit training before being stationed at Camp Pendleton, California. Claiming that he joined the military because he ""got lost on the way to college"", Swofford finds his time at Camp Pendleton difficult and struggles to make friends. Although Swofford feigns illness to avoid his responsibilities, a ""lifer"",[clarification needed] Staff Sergeant Sykes, takes note of his potential and offers Swofford an opportunity to attend his competitive Scout Sniper course. After gruelling training, eight Marines graduate: among them Swofford, now a sniper, and Swofford's roommate Corporal Alan Troy, who becomes his spotter. When Kuwait is invaded by Iraq, Swofford's unit is deployed to Saudi Arabia as a part of ""Operation Desert Shield"" in the Gulf War (1990–1991). Eager for combat, the Marines find themselves bored with their remedial training, constant drills, and routine responsibilities.  The monotony prompts many to talk about the unfaithful girlfriends and wives waiting for them at home. They even erect a bulletin board featuring annotated photographs revealing what perfidies the women had committed (known in military slang as a ""Jodie Wall""). Swofford obtains unauthorized alcohol and organizes an impromptu Christmas party, arranging for Fergus to cover his watch so he can celebrate. Fergus accidentally sets fire to a tent while cooking some sausages and ignites a crate of flares, waking the whole camp and enraging Staff Sergeant Sykes.  Afterwards, rather than assign blame to Fergus, Swofford accepts full responsibility for the incident. Consequently, Swofford is demoted from lance corporal to private and receives latrine duty as punishment, which involves burning human waste from the camp with diesel fuel. The punishments, combined with the heat, the boredom, and Swofford's suspicions of his girlfriend's infidelity, give Swofford a mental breakdown, to the point where he threatens Fergus with an M16 rifle and then demands that Fergus shoot him. Later, Operation Desert Storm begins and the Marines are sent to the Kuwait–Saudi Arabia border. Swofford learns from Sykes that Troy concealed his criminal record when enlisting and will be discharged when the unit returns home. Troy becomes distant from his friends. Knowing that Troy will not be allowed to reenlist, the Marines attack him with a red-hot USMC branding iron, marking him as one of their own. Shortly afterward, the Marines come under Iraqi artillery fire, and Swofford dodges the barrage to recover batteries for a radio to call in strikes on the enemy positions. It turns out he recovered dead batteries but it's irrelevant as the Iraqi forces have begun to retreat with the Marines now in pursuit. Following an accidental air attack from friendly forces, the Marines advance through the desert, facing no enemies on the ground. The Marines march through the infamous ""Highway of Death"" (on the northbound road leading back to Iraq from capital Kuwait City), strewn with the burnt vehicles and charred bodies of retreating Iraqi soldiers, the aftermath of a bombing campaign. The Marines later catch sight of distant burning Kuwaiti oil wells, ignited only moments before by retreating Iraqis, and they attempt to dig sleeping holes as a rain of crude oil falls from the sky. Before they can finish, Sykes orders the squad to move upwind. Near the end of the war, Swofford and Troy are finally given a sniping mission. Lieutenant Colonel Kazinski, their battalion commander, orders them to kill at least one of two high-ranking Iraqi Republican Guard officers at a nearby airfield. At the last second before Swofford takes the shot, Major Lincoln interrupts them to call in an air strike. Troy desperately pleads to make a kill, but is denied and overruled as the airplanes destroy the Iraqi airfield, much to his and Swofford's disappointment. The war ends without Swofford ever firing his rifle. During a monologue, Swofford realizes that all of his training and effort to achieve the elite status as a marine sniper is meaningless in modern warfare. The Marines return home on a transport bus which is boarded by a Vietnam-era Marine veteran who congratulates them, to their obvious discomfort. They later parade through a town in a jovial celebration of victory. Swofford returns home to his family and girlfriend but his girlfriend's infidelity is confirmed. Fowler is seen with a prostitute in a bar, now as a Corporal, Kruger in a corporate boardroom, Cortez as a father of three children, Escobar as a supermarket employee and Sykes continuing his service as a first sergeant in the Iraq War. Later, Swofford learns of Troy's death during a surprise visit from Fergus. At Troy's funeral, they reunite with former comrades. The film ends as Swofford imagines being ""still in the desert"" as a marine."
215,Saw II,ok,"Police informant Michael Marks awakens in a room with a spike-filled mask locked around his neck. Billy the Puppet on a screen says that the key to open the death mask has been surgically inserted behind his eye. He cannot bring himself to cut his eye, and is killed when the mask closes on his head. At the scene of Michael's murder, Detective Allison Kerry finds a message for her former partner, Detective Eric Matthews. Eric joins Kerry and Officer Daniel Rigg in leading a SWAT team to the factory which produced the lock from Michael's trap. There, they apprehend John Kramer, the Jigsaw Killer, who indicates computer monitors showing eight people trapped in a house, including his only known survivor Amanda Young, Eric's son Daniel, and six other victims: Xavier, Jonas, Laura, Addison, Obi, and Gus. A nerve agent filling the house will kill them all within two hours, but John assures Eric that if he follows the rules of his own game, he will find Daniel again in a safe place. At Kerry's urging, Eric agrees to buy time for the tech team to arrive and trace the video signal. During their conversation, John reveals to Eric that his main motivation for his games was a suicide attempt after his cancer diagnosis, which led to a newfound appreciation for life; the games are intended to help his victims develop the same appreciation. A microcassette recorder informs the group that antidotes are hidden throughout the house; one is in the room's safe, and the tape provides a cryptic clue. Xavier ignores a warning note and uses the key provided with the cassette on the door, which triggers a revolver through the peephole that kills Gus. Once the door opens, they search the house and find a basement, where Obi, who helped with abducting the other victims, dies in a furnace trap while trying to retrieve two antidotes. In another room, Xavier's test involves digging through a pit filled with syringes to retrieve a key to a steel door in two minutes, but he instead throws Amanda into the pit. She retrieves the key, but Xavier fails to unlock the door in time. The group eventually determines that each has been incarcerated before except Daniel. During his father's test, John reveals their affiliation to Eric, who was a corrupt police officer who framed his suspects in various crimes. Xavier returns to the safe room and finds a number on the back of Gus's neck. After realizing the numbers are the combination for the safe, he kills Jonas and begins hunting the others. Laura succumbs to the nerve agent and dies, after finding the clue revealing Daniel's identity. Incensed by the revelation, Addison leaves on her own and finds a glass box containing an antidote, but her arms become trapped in the openings which are lined with hidden blades. Xavier enters the room and leaves her to die after reading her number. Amanda and Daniel find a tunnel from the first room leading to a dilapidated bathroom, finding Adam and Zep's bodies.[N 1] After Xavier corners them, Amanda taunts him by implying that he will not learn his number because nobody will read it to him. Xavier responds by cutting off a piece of skin from the back of his neck to read his own number. Xavier charges them, and Daniel slits his throat with a hacksaw. Having seen Xavier chasing his son, Eric assaults John and forces him to lead him to the house. The tech team tracks the video's source and while Rigg's team searches the house, Kerry realizes that the game took place days before they captured John and the footage they thought they had been seeing live was actually pre-recorded. The timer for Eric's game then expires and a safe in the factory unlocks to reveal Daniel inside, bound and breathing in an oxygen mask. Unaware of these events, Eric enters the house alone, reaches the bathroom, and is subdued by a pig-masked figure. He awakens shackled at the ankle to a pipe and finds a tape recorder left by Amanda, who reveals she had become John's accomplice after surviving her first trap and helped him set up Eric's test during the game at the house, intending to continue John's work after he dies. Amanda then appears and seals the door, leaving Eric to die as John hears his screams outside and smiles."
33,Unforgiven,ok,"In 1880, in the fictional town of Big Whiskey, Wyoming, a cowboy named Quick Mike slashes prostitute Delilah Fitzgerald's face with a knife over an insult, permanently disfiguring her. As punishment, Sheriff ""Little Bill"" Daggett orders Mike and his associate who was with him at the brothel, Davey Bunting, to turn over several of their ponies to Delilah's employer, Skinny DuBois, for his loss of revenue. Outraged, the prostitutes offer a $1,000 bounty for the cowboys' deaths. In Hodgeman County, Kansas, a boastful young man visits Will Munny's hog farm. He calls himself the ""Schofield Kid"" and claims to be an experienced bounty hunter looking for help pursuing the cowboys. Formerly a notorious outlaw and murderer, Will is now a repentant widower raising two children. After initially refusing to help, Will realizes that his farm is failing and his children's future is in jeopardy. He recruits his friend Ned Logan, another retired outlaw, and they catch up with the Kid, who they discover is severely near-sighted. Back in Big Whiskey, British-born gunfighter ""English"" Bob, an old acquaintance and rival of Little Bill's, arrives in town with his biographer W.W. Beauchamp, seeking the bounty. Enforcing the town's antigun law, Little Bill, with his deputies, disarms Bob and beats him savagely to discourage others from attempting to claim the bounty. Bob, humiliated, is banished from town the next morning, but Beauchamp stays out of a fascination with the sheriff, who debunks many of the romantic notions Beauchamp has about the Wild West. Little Bill explains to Beauchamp that the best attribute for a gunslinger is to be cool-headed under fire rather than to have the quickest draw, and to always kill the best shooter first. Will, Ned, and the Kid arrive in town during a rainstorm and enter Skinny's saloon. While Ned and the Kid meet with the prostitutes upstairs, Little Bill confronts a feverish Will. Not realizing Will's identity, but correctly guessing that he wants the bounty, Bill confiscates his weapon and beats him. Ned and the Kid escape through a back window and take Will to an unoccupied barn outside of town, where they and the prostitutes nurse him back to health. A few days later, the trio ambush Davey. After missing Davey and shooting his horse, Ned falters and Will shoots Davey instead. Ned decides to quit and return to Kansas. Ned is later captured and flogged to death by Little Bill to learn the whereabouts of Will and the Kid. Will takes the Kid with him to the cowboys' ranch, directing him to ambush Quick Mike in the outhouse and shoot him. After they escape, a distraught Kid drunkenly confesses he had never killed anyone before. Little Sue arrives with the reward and tells them about Ned's fate. Shocked by the news, Will begins drinking and demands the Kid's revolver. The Kid hands it over, saying that he no longer wants to be a killer, and Will sends him back to Kansas to distribute the reward. That night Will finds Ned's corpse displayed in a coffin outside Skinny's saloon. Inside, Little Bill and his deputies are organizing a posse. Will walks in brandishing a shotgun and kills Skinny for displaying Ned's corpse. He then aims at Little Bill, but the shotgun misfires. In the ensuing gunfight, Will shoots Little Bill and several other members of the posse with the revolver. He then orders the rest of the men out. Beauchamp lingers briefly to ask how Will survived. Will replies that it was luck and scares him away. Little Bill tries and fails to take another shot at Will while lying on the floor, then bemoans his fate and curses Will, who shoots him dead. Will shouts threats as he mounts his horse and rides out of town. A closing title card states that Will's mother-in-law found his farm abandoned years later, Will having possibly moved to San Francisco with the children. She remained at a loss to understand why her daughter married such a notorious outlaw and murderer."
184,Jackie Brown,ok,"Jackie Brown, a flight attendant, smuggles money from Mexico into the United States for Ordell Robbie, a gun runner in Los Angeles. When Beaumont Livingston—Ordell's bagman—is arrested, Ordell hires bail bondsman Max Cherry to bail him out. Ordell then lures Beaumont into the trunk of a car and murders him. Acting on information Beaumont already provided, ATF agent Ray Nicolette and LAPD detective Mark Dargus intercept Jackie with Ordell's cash and a bag of cocaine, which Jackie didn't know was with the money. After Jackie is sent to jail, Ordell has Max pay her bail. Upon meeting Jackie, Max immediately becomes smitten. Jackie requests that Max takes her to a bar to get a drink, where Max reveals that Beaumont is dead. After Jackie arrives home, Ordell arrives at Jackie's apartment to kill her, but she pulls out a gun she stole from Max's glovebox. Jackie negotiates a deal with Ordell; she will pretend to help the authorities while smuggling in the remaining $550,000 of Ordell's money. Ordell replaces Beaumont with Louis Gara, a criminal associate and former cellmate who was recently released from prison. Melanie Ralston, one of Ordell's mistresses, asks Louis to betray Ordell and take the money for themselves. Louis tells Ordell, but Ordell replies that he is not concerned about her, given that he knows that she is not to be trusted. Unaware of the plan to smuggle in $550,000, Nicolette and Dargus devise a sting to catch Ordell during a transfer of $50,000. Jackie plans to keep the remaining $500,000 for herself. She recruits Max, offering him a 10% cut. During a test run, Jackie smuggles in $10,000, with Nicolette and Dargus aware, to swap with Sheronda, one of Ordell's girlfriends, at a shopping mall. After Jackie leaves, Max observes an unknown woman swap bags with Sheronda. He informs Jackie and she confronts Ordell, who reveals that he sent Simone Hawkins, another mule, to secure his money as a backup. On the day of the transfer, Ordell discovers that Simone has left town with the $10,000. He reluctantly recruits Melanie to perform the swap instead. Jackie enters a dressing room in a department store to try on a suit. Although she told Nicolette that the exchange will take place in the food court, she told Ordell that she will swap bags in the dressing room. However, the bag contains only $40,000; Jackie leaves the rest in the dressing room for Max to pick up. Jackie takes $5,000 and places it on top of the bag she gives to Melanie. Jackie runs to the food court and finds Nicolette, claiming that Melanie burst into the dressing room and stole the money. During the exchange, Melanie is uncooperative. In the parking lot, after she makes fun of Louis for forgetting where they parked, Louis fatally shoots her. Louis tells Ordell about Melanie. They then discover that most of the money is missing. When Louis recalls seeing Max at the shopping mall, an enraged Ordell kills Louis. Ordell tries to contact Max, but instead gets Winston, Max's business partner, who passes on the message. Ordell instructs Max to tell Jackie that he will kill them both if she does not return the money, and that if she goes to the police, he will name her as an accessory. Max goes to the house where Ordell is staying, and tells him that Jackie, frightened, is waiting in Max's office with the money. Ordell holds Max at gunpoint as they enter his office. Jackie yells that Ordell has a gun. Nicolette, Dargus and Winston, hiding in the back, ambush him and shoot him dead. With Ordell, Louis, and Melanie dead, the charges against Jackie are dropped, and she plans a trip to Madrid. Max declines an invitation to join her. They kiss goodbye and he watches her drive away."
235,Stand by Me (film),ok,"In 1985, writer Gordon ""Gordie"" Lachance reads in the newspaper that attorney Chris Chambers—his childhood best friend—was murdered. In an extended flashback, Gordie recounts his experiences at age 12 on Labor Day weekend in 1959. In Castle Rock, Oregon, Vern Tessio tells his friends Gordie LaChance, Chris Chambers, and Teddy Duchamp that he overheard his older brother, Billy, and his friend Charlie discussing Ray Brower, a missing boy from a neighboring town. Billy and his friend found Ray's body in a wooded area near train tracks, but they are unable to notify police without making it known that they had stolen a car. Gordie, Chris, Teddy, and Vern decide to find the body, believing it will make them local heroes. The boys tell their families that they plan to camp out together. Before meeting up with Vern and Teddy, Chris shows Gordie a Colt .45 semi-automatic pistol stolen from his father. The two then run into the town bully, John ""Ace"" Merrill, and Chris' older brother, Richard ""Eyeball"" Chambers. Ace harasses Chris and steals a Yankees baseball cap that Gordie's recently deceased older brother, Denny, gave him. The boys trespass through Milo Pressman's yard. They barely outrun Chopper the guard dog, who is far less fearsome than his reputation would suggest. An angry Milo insults Teddy's father, a mentally ill war veteran. Enraged, Teddy tries to attack Milo. The other boys restrain him, and they continue on their journey. Chris encourages Gordie to fulfill his potential as a writer despite his neglectful father's disapproval. Later, Gordie and Vern barely avoid being hit by a train while crossing a railroad bridge. That night, Gordie entertains the boys with a fictional story about a character named David ""Lard-Ass"" Hogan, a constantly bullied obese boy. Seeking payback, Lard-Ass drinks a bottle of castor oil before entering a pie-eating contest. During the event, Lard-Ass deliberately throws up, inducing mass vomiting among the other contestants and spectators. Gordie calls the event a ""barf-o-rama"". Chris later tells Gordie that he hates being defined by his family's bad reputation. He admits to stealing the school's milk money fund. However, when he returned the money out of guilt, he was still suspended after the teacher he gave it back to secretly pocketed the money. Devastated by the betrayal, Chris breaks down crying. The next day, Gordie, Chris, Vern, and Teddy take a shortcut across a pond, getting covered in leeches. They frantically pull them off, but Gordie faints after removing one from his genitals. Soon after, they locate Ray Brower's body just off the train tracks where he was struck. The discovery traumatizes Gordie, who tearfully questions why his brother had to die and says his father hates him. Chris comforts him, saying his father simply does not know him. Ace and his gang arrive to claim Ray's body and demand the boys leave. When Chris refuses, Ace draws a switchblade and threatens him. Gordie fetches the gun and comes to Chris's defence. He fires a warning shot into the air before aiming the gun at Ace, claiming he will shoot him. Ace and his gang are forced to back off and leave, though Ace vows revenge. The boys agree that seeking recognition for finding Ray's body would be wrong and decide to report it anonymously instead. They arrive back in town the next morning, and each of them heads home. Back in 1985, Gordie is finishing his memoir about that weekend. He notes that Vern and Teddy drifted apart from him and Chris in junior high. Chris took pre-college courses and attended law school, and Gordie became a professional writer. While attempting to defuse a fight in a fast-food restaurant, Chris was fatally stabbed in the neck. Gordie writes that despite not having seen Chris in over a decade, he will miss him forever. He ends the narrative with the following: ""I never had any friends later on like the ones I had when I was twelve. Jesus, does anyone?"""
13,Forrest Gump,ok,"In 1981, a feather lands at a bus stop in Savannah, Georgia; Forrest Gump collects it, then recounts his life story to strangers on a bus bench. In the fictional city of Greenbow, Alabama during the 1950s, Forrest is fitted with leg braces to correct a curved spine. His mother runs a boarding house out of their home. Among their tenants is Elvis Presley, who incorporates Forrest's jerky dance movements into his performances. On his first day of school, Forrest befriends a girl named Jenny Curran. Forrest is often bullied because of his physical disability and low intelligence. While fleeing from several bullies, his leg braces break off, revealing Forrest to be a very fast runner. In 1963, after inadvertently interrupting a practice session of the University of Alabama football team, Forrest is noticed by coach Bear Bryant, who offers him an athletic scholarship. Forrest plays as a kick returner, is later named to the All-America college football team, and meets President John F. Kennedy at the White House. He also witnesses Governor George Wallace's Stand in the Schoolhouse Door, during which Forrest returns a dropped book to Vivian Malone Jones. After graduating college in 1966, Forrest enlists into the U.S. Army where he befriends Benjamin Buford ""Bubba"" Blue, who convinces Forrest to go into the shrimping business with him after their service. They arrive in Vietnam in 1967 and serve with the 9th Infantry Division in the Mekong Delta. Their platoon is ambushed during a patrol.  Despite being shot, Forrest saves several wounded platoon mates – including his lieutenant, Dan Taylor, who has suffered severe leg injuries – but Bubba is killed. Forrest is awarded the Medal of Honor for his heroism by President Lyndon B. Johnson. At the anti-war March on the Pentagon rally, Forrest meets Abbie Hoffman and briefly reunites with Jenny, who has been living a hippie life. While healing from his injury, Forrest develops a talent for ping-pong, and becomes a sports celebrity as he competes against Chinese teams in ping-pong diplomacy, earning him an interview alongside John Lennon on The Dick Cavett Show, influencing the song ""Imagine"". He spends the 1971 New Year's Eve in New York City with Dan, who lost his legs as a result of his injuries and has become a deeply embittered alcoholic. Forrest meets President Richard Nixon, who arranges a room for Forrest in the Watergate Hotel, where he unwittingly exposes the Watergate scandal. Discharged from the Army, Forrest returns to Alabama and endorses a ping-pong paddle manufacturer, using the earnings to buy a shrimping boat in Bayou La Batre, fulfilling his promise to Bubba. Dan joins Forrest in 1974, but their business initially starts off slow. The pair's fortunes turn after their boat becomes the sole survivor of Hurricane Carmen. They create the Bubba Gump Shrimp Company; Dan reconciles himself to his disabilities, and finally thanks Forrest for saving his life. Forrest returns home to his mother as she dies of cancer. Dan invests their money into what he initially believes is a ""fruit company,"" which later turns out to be Apple Computer, and the two become millionaires. Forrest shares his earnings with the community and Bubba's family. Jenny returns to stay with Forrest in 1976, recovering from years of abuse, drugs, and prostitution. Forrest proposes marriage, but Jenny turns him down.  After a night of sexual intercourse, Jenny leaves the next morning. Heartbroken, Forrest spends the next three years in a relentless cross-country run. In 1981, Forrest reveals that he is waiting at the bus stop because he received a letter from Jenny inviting him to visit. She introduces him to their son, Forrest Gump Jr. Jenny tells Forrest she is sick with an unknown incurable virus, and the three move back to Forrest's home in Alabama. Jenny and Forrest marry, but she dies a year later. Forrest sends his son off on his first day of school as the feather from the movie's opening floats away in the wind."
274,The Silence of the Lambs (film),ok,"Clarice Starling, a young FBI trainee at Quantico, is recruited by Behavioral Science Unit chief Jack Crawford to interview Dr. Hannibal Lecter, a brilliant and cannibalistic psychiatrist imprisoned at the Baltimore State Hospital for the Criminally Insane. Officially conducting a psychological survey, Starling is actually meant to draw out insights that could help capture ""Buffalo Bill"", a serial killer who murders young women and removes their skin. At the hospital, the manipulative director Dr. Frederick Chilton makes unwelcome advances toward Starling before escorting her to Lecter's cell. Initially courteous, Lecter grows dismissive upon deducing Crawford's ulterior motive. As Starling departs, inmate Miggs flings semen at her, provoking Lecter's disgust. He summons her back and offers an anagram as a clue that leads her to a storage unit containing a severed head in a jar—later revealed to belong to Benjamin Raspail, a former patient of Lecter whose killer is believed to be Buffalo Bill. Soon afterward, Miggs is found dead, having swallowed his own tongue—implicitly orchestrated by Lecter as retribution. Lecter agrees to assist in exchange for a transfer away from Chilton. Meanwhile, another victim is discovered with a death's-head moth lodged in her throat—the same species later found inside the severed head. When Buffalo Bill abducts Catherine Martin, daughter of U.S. Senator Ruth Martin, Crawford authorizes Starling to offer Lecter a fraudulent deal: a prison transfer in return for actionable intelligence. Lecter instead demands a quid pro quo, extracting personal details from Starling, who reveals that her father, a police officer, was murdered when she was ten, leaving her orphaned. In exchange, Lecter reveals that Buffalo Bill is not a genuine transsexual but mistakenly believes he is, having possibly been rejected from gender-reassignment clinics due to psychological instability. Chilton secretly records the conversation, exposes her deceit, and offers Lecter relocation to Tennessee in exchange for information. Lecter complies and is flown to Memphis, where he provides Senator Martin with accurate details about Buffalo Bill's appearance but falsely identifies him as ""Louis Friend"". Meanwhile, Buffalo Bill holds Catherine captive in a dry well in his basement, demanding she apply lotion to her skin; Catherine manages to seize his dog, Precious, as leverage. Starling deciphers ""Louis Friend"" as an anagram for ""iron sulfide"" (fool's gold) and confronts Lecter in his temporary cell at a Memphis courthouse. Lecter demands deeper revelations and offers a cryptic clue—""we covet what we see every day""—before Starling recounts a traumatic childhood incident: after her father's death, she lived on a relative's Montana farm, where she failed to save spring lambs from slaughter. Lecter intuits that saving Catherine might silence this recurring trauma and, satisfied, returns the case files. That night, he uses a piece of Chilton's pen to unlock his restraints, murders two guards, and escapes in an ambulance disguised in a dead guard's uniform and skinned face. Analyzing Lecter's annotations, Starling deduces that Buffalo Bill knew his first victim, Frederika Bimmel, a tailor from Ohio, and follows the lead. At Bimmel's home, she finds unfinished dresses and patterns matching patches of skin removed from the victims, realizing Bill seeks to construct a ""suit"" of human flesh and starves his captives to loosen their skin. Crawford cross-references Lecter's profile with names from Johns Hopkins and the Known Offenders database, identifying Jame Gumb as the prime suspect; the name is confirmed through LAX customs papers listing Gumb as the addressee of live death's-head moth caterpillars imported from Suriname. While Crawford's team raids Gumb's vacant Calumet City residence, Starling interviews Bimmel's acquaintances and arrives at a house where Gumb poses as ""Jack Gordon"". His façade crumbles when Starling spots a death's-head moth. Pursuing Gumb into his basement, Starling discovers Catherine trapped in the well. Gumb stalks Starling in complete darkness using night-vision goggles, but betrays his position by cocking his revolver; Starling fires instinctively and kills him. Catherine is rescued. Starling graduates from the FBI Academy. During the post-ceremony party, Lecter calls from an unnamed tropical location, asking whether ""the lambs have stopped screaming."" He assures her he has no intention of pursuing her and asks that she return the favor—a vow she declines. Lecter announces he is ""having an old friend for dinner"" before trailing Chilton into a crowd."
16869,Inglourious Basterds,ok,"In 1941, Austrian SS-Standartenführer Hans Landa, nicknamed ""The Jew Hunter,"" interrogates French dairy farmer Perrier LaPadite about a fugitive Jewish family, the Dreyfuses. Suspecting he is hiding the Dreyfus family, Landa plays cat-and-mouse with LaPadite. Speaking English so the Dreyfuses will not understand, Landa compels LaPadite to give up the Dreyfuses to save his own family. LaPadite tearfully admits the Dreyfuses are hiding under his floor. Landa's men massacre the Dreyfuses, but one, young Shosanna, escapes alive. Three years later, U.S. Army lieutenant Aldo Raine recruits Jewish American soldiers to the ""Basterds"", a black ops commando unit tasked with instilling fear among Nazis in occupied France by killing and scalping them. The group includes Sergeant Donny ""The Bear Jew"" Donowitz, Privates First Class Smithson Utivich and Omar Ulmer, rogue German Sergeant Hugo Stiglitz, and Austrian-born translator Corporal Wilhelm Wicki. Raine carves swastika marks on foreheads of surviving German soldiers so they cannot hide their Nazi affiliations after the war. In Paris, operating a cinema under the name ""Emmanuelle Mimieux"", Shosanna  meets Fredrick Zoller, a famed German sniper set to star in the German propaganda film Stolz der Nation (Nation's Pride). Infatuated with ""Emmanuelle"", Zoller convinces Joseph Goebbels to hold the film's premiere at her cinema. Landa, the premiere's head of security, interrogates Shosanna, but does not reveal whether he recognizes her. She plots with her Afro-French lover and projectionist, Marcel, to kill the German leaders by burning down the cinema with her collection of highly flammable nitrate films. British Commando Lieutenant Archie Hicox, a fluent German speaker, is recruited for Operation Kino, an attack on the premiere of Nation's Pride in Paris. The mission is to set off an explosion to take out the German High Command attending the premiere, including Goebbels, Göring, Bormann, and SS and Gestapo officers. Disguised as German officers, Hicox, Stiglitz, and Wicki meet with German film star Bridget von Hammersmark, an undercover Allied agent, in an occupied town at a tavern unexpectedly full of German soldiers. Hicox's unusual accent arouses suspicion from Wehrmacht Sergeant Wilhelm and SS-Sturmbannführer Dieter Hellström, who join them to play the German card game Wer bin ich? [de]. Hicox blows the group's cover with a non-German hand gesture. Everyone is killed in the ensuing gunfight except Wilhelm and a wounded Hammersmark. While Wilhelm holds Hammersmark at gunpoint, Raine arrives and negotiates for her release until she shoots Wilhelm. Believing she set his men up, Raine tortures Hammersmark, but she convinces him of her loyalty and reveals that Hitler will attend the premiere. The mission goes ahead with Raine, Donowitz, and Ulmer posing as Italian filmmakers. Hammersmark is doubtful but thinks the Germans may not find their Italian accents suspicious. Investigating the tavern, Landa finds Hammersmark's shoe and a souvenir napkin with her signature. The Basterds infiltrate the premiere with timed explosives. Fluent in Italian, Landa sees through their cover and privately confronts Hammersmark with her shoe before strangling her. Landa arrests Raine, along with Utivich, but leaves Ulmer and Donowitz in the theater. Recognizing opportunity in the situation, Landa offers to let the attack proceed if Raine's OSS commanders guarantee his safety after the war. Raine contacts his commanders, and Landa negotiates a generous deal for himself and his radio operator. During the screening, Zoller slips into the projection room seeking Shosanna. Unsuccessful at driving him away, Shosanna shoots Zoller, who shoots her as she checks his body; both die. As Nation's Pride reaches its climax, Shosanna's closeup face appears on the screen, telling the Nazi audience they are about to be killed by a Jew. Having locked the auditorium, Marcel ignites a pile of nitrate film behind the screen, setting the theater ablaze. Ulmer and Donowitz break into the opera box, gunning down Hitler and Goebbels, before firing into the crowd. The timed explosives kill everyone inside the cinema. According to the negotiated deal, Landa and his radio operator drive Raine and Utivich into Allied territory, where they surrender to Raine. Resigned to being reprimanded for his act of defiance, Raine shoots the radio operator. To brand Landa as a Nazi in his negotiated new life, Raine carves a swastika into Landa's forehead, declaring it to be his masterpiece."
389,12 Angry Men,ok,"On a hot summer day in the New York County Courthouse, the trial has just concluded of an 18-year-old boy, characterized as a ""slum kid"", who is accused of killing his abusive father. The judge instructs the jury that if there is reasonable doubt, they must return a verdict of ""not guilty"". If found guilty by unanimous verdict, the defendant will receive a mandatory death sentence via the electric chair. At first, the case seems clear. A neighbor who lives opposite testifies to having seen the defendant stab his father, as she lay in bed looking out of her window and through the windows of a passing elevated train into the apartment where the killing took place. A disabled neighbor living below testifies that he heard the defendant threaten to kill his father, then heard the body hitting the floor. He says that on going to his door and opening it, he saw the defendant running down the stairs. The defendant had recently purchased, but claims he had lost, a switchblade of the same type that was found at the murder scene, wiped of fingerprints. In a preliminary vote, all jurors vote ""guilty"" except Juror 8, who wants discussion before any verdict. When his first few arguments – including proving that the switchblade, believed to be unique, is in fact not – fail to convince the other jurors, he suggests a secret ballot. This reveals one other ""not guilty"" vote; Juror 9 reveals that he, too, now agrees there should be more discussion. Juror 8 argues that the noise of the passing train would have obscured everything the second witness claimed to have overheard. Several jurors question whether the death threat, even if correctly overheard, was simply a figure of speech. Juror 11 doubts that a defendant who was clear headed enough to wipe the blade of fingerprints would risk returning to the crime scene. Jurors 5 and 11 change their votes. After looking at a diagram of the second witness's apartment and conducting an experiment, the jurors determine that it was impossible for the disabled witness to have made it to the door in the time he stated. Infuriated at a comment made by Juror 8, Juror 3 lunges at him and threatens to kill him; all go silent as they realize his words cannot reasonably be taken literally. Jurors 2 and 6 change their votes; the jury is now evenly split. The victim's stab wound was angled downwards. Juror 5, who has had personal experience with switchblades, points out that such blades are designed to be thrust upwardly, and that a downward thrust from a shorter, experienced assailant is inconceivable, as it would have required the blade to have been repositioned in the killer's hand. Jurors 7, 12 and 1 change their votes, leaving the jurors  split 9:3. Juror 10 delivers a prejudiced rant against people from slum backgrounds, and the other jurors distance themselves from him. Juror 4 states that the evidence from the woman who saw the killing from her bed is incontrovertible, convincing Juror 12 to revert to a guilty vote. After watching Juror 4 remove his glasses and rub the impressions they made on his nose, Juror 9 realizes that the witness was constantly rubbing similar marks on her own nose, showing that she was a regular glasses-wearer despite not wearing them in court. Juror 8 remarks that the witness's evidence must be questionable, as she said she was in bed trying to sleep at the time, when she would not have been wearing her glasses, nor would she have had time to put them on. All jurors apart from Juror 3 now vote not guilty. Failing to convince the others, Juror 3 explodes in a fit of rage, opens his wallet and rips up a photograph of himself and his son. Seemingly realizing that his strained relationship with his son is the reason for his certainty, he breaks down in tears, and changes his vote. The jurors leave the jury room, now unanimous that the defendant should be acquitted. Juror 8 helps Juror 3 with his jacket. As they leave the courthouse, Jurors 8 and 9 briefly exchange names before parting ways."
673,Harry Potter and the Prisoner of Azkaban (film),ok,"During another unhappy summer with the Dursleys, Harry Potter becomes enraged when Vernon's sister Marge viciously insults his parents and provokes him to inflate her and float away. Expecting to be expelled from Hogwarts for using magic outside school, Harry runs away but is picked up by the Knight Bus and taken to The Leaky Cauldron, where Minister for Magic Cornelius Fudge assures Harry that he will not face punishment. Upon reuniting with his best friends Ron Weasley and Hermione Granger, Harry learns that Sirius Black, an alleged supporter of Lord Voldemort, has escaped Azkaban prison and is expected to come after Harry. While journeying to Hogwarts, the Hogwarts Express is boarded by Dementors, ghostly prison guards searching for Black; one of them causes Harry to faint, but the new Defense Against the Dark Arts teacher, Professor Lupin, repels it using a Patronus Charm. At Hogwarts, Headmaster Albus Dumbledore announces that Dementors will patrol the school until Black is captured. Hagrid is appointed as the Care of Magical Creatures teacher, but his first class goes awry when Draco Malfoy provokes a hippogriff named Buckbeak to attack him; as a result, Draco's father has Buckbeak sentenced to death. Hogwarts is put on high alert when the portrait of The Fat Lady warns that Black is in the castle and attempted to break into Gryffindor Tower. The Dementors attack Harry during a Quidditch match, but he is saved by Dumbledore, although his broomstick is destroyed; Harry's sensitivity to the Dementors prompts him to ask Lupin to teach him the Patronus Charm. Harry, unable to visit Hogsmeade Village without permission from his guardians, attempts to sneak out of the castle but is caught by Fred and George Weasley, who provide him with the Marauder's Map, which shows him a secure passage to Hogsmeade. Above The Three Broomsticks pub, he overhears Professor Minerva McGonagall, pub owner Madam Rosmerta and Fudge discuss how Black is Harry's godfather, divulged the Potters' whereabouts to Voldemort, and murdered their mutual friend Peter Pettigrew; Harry vows to kill Black if they meet. Harry, Ron, and Hermione witness the execution of Buckbeak, after which a large black dog drags Ron into a hole at the base of the Whomping Willow. Harry and Hermione follow them through an underground passage to the Shrieking Shack, where the dog is revealed to be Black, an Animagus. Lupin appears in the shack, where he is revealed to be an old friend of Black and a werewolf. Lupin and Black reveal that Ron's pet rat, Scabbers, is actually the Animagus form of Pettigrew, who is returned to human form and revealed to'd betrayed Harry's parents, framed Black, and faked his own death. The group heads back to the castle, intending to both exonerate Black, who offers to let Harry live with him instead of the Dursleys, and expose Pettigrew as the real killer, but the full moon causes Lupin to transform into a humanoid wolf; amid the chaos, Pettigrew turns back into a rat and escapes. Black transforms into his dog form and fights off werewolf Lupin, who seriously injures Black. Harry finds Black but the Dementors arrive and brutally attack them both until an unseen person casts a powerful Patronus charm to ward them off. Harry falls unconscious and awakens in the hospital wing, while Black has been recaptured and, with Pettigrew gone, sentenced to the Dementor's Kiss. With Dumbledore's advice, Harry and Hermione use her Time-Turner to travel back in time and rescue Buckbeak from execution. Harry realizes he had saved himself and Black previously with a Patronus charm and used it to drive the Dementors away. They successfully free Black, who escapes on Buckbeak. Lupin subsequently resigns, Severus Snape having exposed his secret condition as a werewolf. Harry receives a new Firebolt broomstick from Black."
283995,Guardians of the Galaxy Vol. 2,ok,"In 2014, Peter Quill, Gamora, Drax, Rocket, and Baby Groot are renowned as the Guardians of the Galaxy. High Priestess Ayesha of the Sovereign race has the Guardians protect valuable Anulax batteries from an Abilisk, an inter-dimensional monster, in exchange for Nebula, Gamora's estranged sister, who was caught attempting to steal the batteries. After Rocket steals the batteries for himself, the Sovereign attacks the Guardians' ship with a fleet of drones. A mysterious figure destroys the drones and the Guardians crash-land on nearby planet Berhert. The figure reveals himself as Ego, Quill's father, and he introduces Mantis, his naïve empath servant. Ego invites Quill, Gamora, and Drax to his home planet, while Rocket and Groot remain behind to repair the ship and watch Nebula. Ayesha hires Yondu Udonta and his crew, who have been exiled from the greater Ravager community by Ravager leader Stakar Ogord for child trafficking, to recapture the Guardians. They capture Rocket, but when Yondu hesitates to turn over Quill, whom he raised, his lieutenant Kraglin Obfonteri questions his objectivity, and Taserface, another lieutenant, leads a mutiny, aided by Nebula, who shoots Yondu. Taserface executes Yondu's loyalists, and imprisons him and Rocket aboard Yondu's ship. Nebula leaves to find and kill Gamora, whom she blames for the torture inflicted on her by Thanos, their adoptive father. Kraglin, who is remorseful and never signed up for a mutiny, helps Groot free Rocket and Yondu, and while escaping, the group set the ship to self-destruct using Yondu's arrow. Taserface informs the Sovereign before being killed by the explosion. Ego, a god-like Celestial that manipulated the matter around his consciousness to form his ""home"" planet, explains that he projected a humanoid guise to travel the universe and discover a purpose, eventually falling in love with Quill's mother Meredith. Ego hired Yondu to collect the young Quill after Meredith's death, but the boy was never delivered, and Ego has been searching for him ever since. He teaches Quill to manipulate his inherited Celestial power, while Mantis grows close to Drax and tries to warn him of Ego's plans. Nebula arrives at Ego's planet and tries to kill Gamora, but the pair reconcile and reach an uneasy alliance, soon discovering a cavern filled with skeletal remains. Ego brainwashes Quill and reveals that in his travels, he planted seedlings on thousands of worlds that can xenoform them into new extensions of himself, but only the power of two Celestials can activate them. He adds that he impregnated countless women and hired Yondu to collect their offspring but killed them all when they failed to inherit his Celestial power. When Ego admits that he gave Meredith the brain tumor that killed her, an infuriated Quill breaks out of his brainwashing and violently attacks him. Ego then parasitically draws Quill's energy to activate the seedlings, which begin to consume the worlds on which they are planted. Rocket, Yondu, Groot, and Kraglin arrive, and together with Mantis, Drax, Nebula and Gamora, they rescue Quill. The reunited Guardians travel to Ego's brain at the planet's core, where Yondu reveals that he kept Quill to spare him from Ego. As the Sovereign's drones return and attack, Rocket makes a bomb using the stolen batteries, which Groot plants on Ego's brain. Quill uses his newfound Celestial powers to fight Ego, distracting him long enough for the other Guardians and Mantis to escape. The bomb explodes, killing Ego and disintegrating the planet, but also draining Quill of his Celestial powers. Yondu sacrifices himself to save Quill by letting himself die in the vacuum of space. Despite having reconciled with Gamora, Nebula chooses to leave and resume her quest to kill Thanos. The Guardians, with Mantis as a new member, hold a funeral for Yondu as dozens of Ravager ships arrive, having heard of Yondu's sacrifice and they accept him as a Ravager again. In a series of mid-and post-credit scenes, Kraglin takes up Yondu's telekinetic arrow and control-fin; Stakar reunites with his ex-teammates and fellow Ravager captains; Ayesha creates Adam, a new artificial being with whom she plans to destroy the Guardians;[a] and Groot grows into a teenager.[b]"
68718,Django Unchained,ok,"In 1858 Texas, several male African American slaves are being ""driven"" by the Speck Brothers, Ace and Dicky. Among the shackled slaves is Django, sold off and separated from his wife, Broomhilda. The Speck Brothers are stopped by Dr. King Schultz, a German ex-dentist and bounty hunter from Düsseldorf (then under the Kingdom of Prussia). Schultz asks to buy one of the slaves, but while questioning Django about his knowledge of the Brittle Brothers, for whom Schultz is carrying a warrant, he irritates Ace, who aims his shotgun at Schultz. Schultz quickly kills Ace and leaves Dicky at the mercy of the other newly freed slaves, who kill him. Since Django can identify the Brittle Brothers, Schultz offers Django his freedom in exchange for his help in tracking them down. Django discovers Schultz is a bounty hunter, as Schultz kills an outlaw named Willard Peck, who was posing as the Sheriff in a small town. Schultz and Django then track the Brittle Brothers down, leading them to a plantation in Tennessee. Django shoots dead the first brother, brutally whips the second before shooting him too, while Schultz kills the third brother. After getting out of it by producing the warrant for their capture ""dead or alive"", they then ambush and kill the plantation owner who leads a group of lynchers to murder them in revenge. Django partners with Schultz through the winter and becomes his apprentice, and Schultz discovers Django's natural ability with gunslinging. Schultz explains that, being the first person he has ever given freedom to, he feels responsible for Django and is driven to help him in his quest to rescue Broomhilda. Django, now fully trained, collects his first bounty, keeping the handbill as a good luck charm. In Mississippi, Schultz uncovers the identity of Broomhilda's owner: Calvin Candie, the charming but brutal owner of the Candyland Plantation, where black slaves are forced to fight in wrestling deathmatches called ""Mandingo fights"". Schultz, expecting Candie will not sell Broomhilda if they ask for her directly, plots to feign interest in purchasing one of Candie's prized fighters, offer to purchase Broomhilda on the side for a reasonable sum, then take her and escape before the Mandingo deal is finalized. Schultz and Django meet Candie at his gentleman's club in Greenville and submit their offer. His greed tickled, Candie invites them to Candyland. After secretly briefing Broomhilda on the plan, Schultz claims to be charmed by the German-speaking Broomhilda and offers to buy her after arranging to buy a fighting slave. During dinner, Candie's staunchly loyal head house slave, Stephen, becomes suspicious. Deducing that Django and Broomhilda know each other and that the sale of the Mandingo fighter is just a misdirection, Stephen alerts and privately admonishes Candie on his greed. Candie is humiliated at being fooled by a black man, but he contains his anger long enough to theatrically display his knowledge of phrenology which he uses to justify white superiority and black inferiority. Candie's bodyguard suddenly bursts into the room with his shotgun trained on the two bounty hunters; Candie furiously threatens to kill Broomhilda if Schultz does not pay the complete bid amount, and taunts him by demanding a formal handshake to finalize the deal before he leaves. Tired of his arrogance and angered by his brutality, Schultz fatally shoots Candie with a concealed derringer and his bodyguard kills him in turn. Django grabs the bodyguard's revolver and kills him to avenge Schultz, and after a violent shootout, in which the Candies' lawyer is also killed along with several white overseers, Django is forced to surrender when Broomhilda is taken hostage at gunpoint. The next morning, Stephen tells Django that he will be sold to a mine where he will labor for the rest of his life. En route to the mine, Django proves to his dim-witted Australian escorts that he is a bounty hunter by showing them the handbill from his first kill. He convinces them the outlaws depicted in the bill are in hiding at Candyland (he had already killed them long ago), and promises that they would receive most of the money. The escorts release him and give him a pistol; Django immediately kills them, steals their horses, and leaves for Candyland. Django returns to the plantation and kills the slave trackers to avenge a slave they had torn apart by dogs and to ensure they will not be sent after him. He takes Broomhilda's freedom papers from Schultz's pocket, bidding his friend and mentor a final farewell before freeing Hildi from a nearby cabin. When Candie's mourners return from his burial, Django kills Candie's few remaining henchmen and his sister Lara, releases the two remaining house slaves, and kneecaps Stephen. Django then ignites dynamite that he has planted throughout the mansion. He and Broomhilda watch from a distance as the mansion explodes, killing Stephen, before they ride off into the moonlight together."
608,Men in Black II,ok,"In 1978, a group of aliens called the Zarthans, led by Princess Lauranna, travel to Earth and beg the Men in Black (MIB) organization for help in guarding a powerful item called the Light of Zartha before a shapeshifting alien called Serleena gets it. Due to their neutral status, the MIB refuse before Agent K seemingly sends the Light off-world in a rocket. Enraged, Serleena kills Lauranna and leaves to pursue it. In 2002, five years after joining the MIB,[a] Agent J has become one of its top agents, but has developed a reputation for neuralyzing partners he feels are emotionally unfit to cope with the work. Serleena returns after being informed by a two-headed alien named Scrad and Charlie that the Light is still on Earth and forces them to help her find it. She later kills a Zarthan pizzeria owner named Ben, who refuses to tell her where the Light is. While investigating Ben's murder, J develops an attraction towards a witness named Laura. J breaks MIB protocol and chooses not to neuralyze her. Investigating further, J later discovers that K hid the Light on Earth. Due to K having been neuralyzed five years ago before retiring, no one knows where the Light is. J finds K serving as postmaster of Truro, Massachusetts and convinces him to return after exposing his coworkers as disguised extraterrestrials. J brings K to MIB's headquarters to use the deneuralyzer machine to restore his memories. However, Serleena, Scrad, and Charlie attack the facility, forcing the pair to escape and find Jack Jeebs, an alien pawnbroker who built an illegal deneuralyzer. Although the machine works, K fails to remember the Light, as he had neuralyzed himself and those memories have not returned. Nonetheless, he left himself a series of clues. After locating a locker key at the pizzeria and leaving Laura with a group of alien worms for her safety, the pair head to Grand Central Terminal, where they find a locker containing a society of tiny aliens who worship K as their deity and developed a religion around a video store membership card. Visiting the store, the owner shows them a fictionalized version of the MIB's previous encounter with the Light and Serleena. K remembers what really happened, but only tells J that the Light must leave Earth within one hour or Earth will be destroyed. J believes the Light is Laura's bracelet, which is now glowing. The pair head back to the worms, only to learn Serleena attacked them and kidnapped Laura. Joined by the worms, the agents infiltrate and retake MIB headquarters and rescue Laura before escaping to return the Light. Serleena chases them across Manhattan until J tricks her into being eaten by Jeff, a gigantic worm-like alien living in the subway. Guided by Laura's bracelet, the agents locate a Zarthan transport ship, where K reveals Laura is the Light and Lauranna's daughter before convincing J to let her go so she can save Earth and Zartha. As Laura is about to leave, Serleena makes another attempt at seizing her, having assimilated Jeff, but K and J kill Serleena. K uses a giant neuralyzer hidden in the Statue of Liberty's torch to erase New York's populace's memories of Serleena's actions. J grieves his lost relationship with Laura. In the locker room, K and Zed provide relationship advice. K also puts the society of the locker in J's personal locker, before revealing that their world is also contained in a locker."
10138,Iron Man 2,ok,"In Russia, the media covers Tony Stark's disclosure of his identity as Iron Man. Ivan Vanko, mourning the death of his father Anton Vanko—a former Stark Industries employee, sees this and builds the same miniature arc reactor as Stark's using old Stark Industries blueprints left behind by Anton. Six months later,[b] Tony wants to continue the legacy of his father Howard, and re-institutes the Stark Expo in New York City's Flushing Meadows–Corona Park. He also resists pressure to turn over his armored suits to the government and Stark's rival, Justin Hammer. However, Stark learns that the palladium core in the arc reactor that keeps him alive and powers the armor is slowly poisoning him, and he is unable to find a substitute. Growing increasingly despondent about his impending death, and refusing to tell anyone about his condition, Stark appoints his assistant Pepper Potts as CEO of Stark Industries and promotes Stark employee ""Natalie Rushman"" to replace her as his assistant. Stark competes in the Monaco Historic Grand Prix, where he is attacked in the middle of the race by Vanko, who wields electrified whips powered by his arc reactor. Stark dons his armor and defeats Vanko, but the armor is severely damaged. Vanko explains that he intended to prove to the world that Iron Man is not invincible. Impressed by Vanko's performance, Hammer fakes Vanko's death while breaking him out of prison and asks him to build a line of armored suits to upstage Stark. Vanko decides that unmanned drones are better to eliminate the human factor. During his birthday party, Stark gets drunk while wearing the Iron Man suit. Annoyed by Tony's recklessness, Stark's best friend, U.S. Air Force Lieutenant Colonel James Rhodes, dons Stark's prototype armor and tries to restrain him. The fight ends in a stalemate, and Rhodes confiscates the prototype armor for the U.S. Air Force. Nick Fury, director of S.H.I.E.L.D., approaches Stark. Fury reveals that ""Rushman"" is S.H.I.E.L.D. agent Natasha Romanoff and that Fury personally knew Howard Stark, who was a founder of S.H.I.E.L.D. Fury explains that Vanko's father and Howard invented the arc reactor together, but Howard had Anton deported when the latter tried to sell it. The Soviets then sent Anton to the Gulag. Fury gives Stark some of his father's old material. In a diorama of the 1974 Stark Expo, Stark finds a diagram of the atomic structure of a new element. With the aid of his A.I., J.A.R.V.I.S., Stark determines it can replace his arc reactor's current palladium core, and successfully synthesizes it. When Stark learns that Vanko is still alive, he goes to Hammer's exhibition at the expo. The armored drones are unveiled, with Rhodes – in a heavily weaponized version of the prototype armor, dubbed ""War Machine"" – as their leader. Just as Stark arrives to warn Rhodes, Vanko takes remote control of all the drones and Rhodes's armor and attacks Stark. Hammer is arrested for breaking Vanko out of prison while Romanoff and Stark's bodyguard Happy Hogan infiltrate Hammer's factory. Vanko escapes, but Romanoff gains access to Hammer Industries software and returns control of Rhodes's armor to him. Together, Stark and Rhodes defeat Vanko, who dies by suicide via blowing up his suit and the drones. At a debriefing, Fury informs Stark that because of his difficult personality, S.H.I.E.L.D. intends to use him only as a consultant moving forward. Stark and Rhodes receive medals for their heroism. In a post-credits scene, S.H.I.E.L.D. agent Phil Coulson discovers a large hammer in New Mexico.[c]"
68,Brazil (1985 film),ok,"In a dystopian, polluted, hyper-consumerist, overbearing, bureaucratic, totalitarian future based on elements of the 20th century, Sam Lowry is a low-level government employee at the Records Department of the Ministry of Information, who frequently dreams of himself as a winged warrior saving a damsel in distress. One day, shortly before Christmas, an insect becomes jammed in a teleprinter, which misprints a copy of an arrest warrant it was receiving. This leads to the arrest and death during interrogation of cobbler Archibald Buttle instead of suspected terrorist Archibald Tuttle. Sam discovers the mistake when he finds that the wrong bank account has been debited for the arrest. He visits Buttle's widow to give her the refund where he catches a glimpse of her upstairs neighbour Jill Layton, a truck driver, and is astonished to discover that she resembles the woman from his dreams. He frantically tries to approach Jill, but she disappears before he can find her. Jill has been trying to help Mrs Buttle establish what happened to her husband, but her efforts have been obstructed by bureaucracy. Unbeknownst to her, she is now considered a terrorist accomplice of Tuttle for attempting to report the wrongful arrest of Buttle. Meanwhile, Sam reports a fault in his apartment's air conditioning. Central Services are uncooperative, but Tuttle unexpectedly comes to his assistance. Tuttle explains that he used to work for Central Services but left because of his dislike of the tedious and repetitive paperwork, and now illegally works as a freelance heating engineer. Tuttle repairs Sam's air conditioning, but when two Central Services workers, Spoor and Dowser, arrive, Sam has to stall to allow Tuttle to escape. Sam discovers that Jill's records have been classified and the only way to access them is to be promoted to the Department of Information Retrieval. He had previously turned down a promotion arranged by his well-connected mother Ida, who is obsessed with the rejuvenating plastic surgery of cosmetic surgeon Dr Jaffe. Sam retracts his refusal by speaking with Deputy Minister Eugene Helpmann at a party hosted by Ida. After obtaining Jill's records, Sam tracks her down before she can be arrested. Sam clumsily confesses his love to Jill, and they cause mayhem as they escape government agents. They stop at a mall and are frightened by a terrorist bombing (part of a campaign that has been occurring around the city). Following an altercation with the government agents who have arrived at the scene of the bombing, he wakes up in a prisoner transport vehicle. At work, Sam is chastised by his new boss Mr Warrenn for his lack of productivity. He returns home to find that Spoor and Dowser have repossessed his apartment. Tuttle appears in secret and helps him exact revenge on the two Central Services workers by filling their environment suits with raw sewage. Jill finds him outside his apartment, and the two take refuge in Ida's unoccupied home, where they share their first kiss. He falsifies government records to indicate her death, allowing her to escape pursuit. The two spend the night together, but in the morning are apprehended by government agents at gunpoint. Sam learns that Jill was killed during his arrest. Charged with a number of crimes, he is restrained in a chair in a large, empty cylindrical room, to be tortured by his old friend Jack Lint. As Jack is about to start the torture, Tuttle and other members of the resistance break into the Ministry, shooting Jack, rescuing Sam and blowing up the Ministry building. Sam and Tuttle flee together, but Tuttle mysteriously disappears amid a mass of scraps of paperwork from the destroyed building. Sam stumbles into the funeral of Ida's friend, who has died following botched cosmetic surgery. He discovers that his mother now resembles Jill and is too busy being fawned over by young men to care about her son's plight. Government agents disrupt the funeral, and he falls into the open casket. Through a black void, he lands in a street from his daydreams and tries to escape police and monsters by climbing a pile of flex-ducts. Opening a door, he passes through it and is surprised to be in a truck driven by Jill. The two leave the city together. However, this ""happy ending"" is a delusion: it is revealed that Sam is still strapped to the torture chair. Realising that he has been permanently driven insane after a frontal lobotomy,[19] Jack and Mr Helpmann declare him a lost cause and leave the room. He remains in the chair, smiling and humming ""Aquarela do Brasil"" to himself."
157336,Interstellar (film),ok,"In the near future, humanity faces extinction due to dust storms and widespread crop blights. Joseph Cooper, a widowed former NASA test pilot, works as a farmer and raises his children, Murphy ""Murph"" and Tom, with his father-in-law Donald. Following a dust storm, Cooper and Murph discover that dust patterns in Murph's room, which she had attributed to a ghost, result from a gravitational anomaly. Cooper recognizes the patterns as binary code specifying coordinates, which lead him and Murph to a secret NASA facility headed by Professor John Brand. Brand explains that 48 years earlier, a wormhole appeared near Saturn, apparently placed there by an unknown intelligence, leading to a system in another galaxy with 12 potentially habitable planets located near a black hole named Gargantua. Volunteers of the Lazarus expedition had previously traveled through the wormhole to evaluate the planets, with three—Miller, Mann, and Edmunds—reporting back desirable results. Cooper is enlisted to pilot the Endurance spacecraft through the wormhole as part of a mission to colonize a habitable planet with 5,000 frozen embryos and ensure humanity's survival. Meanwhile, Professor Brand would continue his work on solving a gravity equation whose solution would enable construction of a spacecraft for an exodus from Earth. Cooper accepts against Murph's wishes and promises to return. When she refuses to see him off, he leaves her his wristwatch to compare their relative time when he returns. The crew, consisting of Cooper, robots TARS and CASE, and scientists Amelia Brand (Professor Brand's daughter), Romilly, and Doyle, traverses the wormhole after a two-year voyage to Saturn. Cooper, Doyle, and Brand use a lander to investigate Miller's planet, where time is severely dilated. They land in knee-high water and find only wreckage from Miller's expedition before a gigantic tidal wave kills Doyle and waterlogs the lander's engines. By the time they leave the planet, Cooper and Brand discover that 23 years have elapsed on the Endurance. Having enough fuel left for only one of the remaining planets, Cooper and Romilly decide to go to Mann's planet, despite Brand's protests, as he is still broadcasting. En route, they receive messages from Earth. Cooper watches Tom grow up, marry, and have his first son, who soon passes away, while an adult Murph is now a scientist working on the gravity equation with Professor Brand. On his deathbed, Professor Brand confesses to Murph that the Endurance crew was never meant to return, since a complete solution to the equation was impossible to obtain without measurements from inside a black hole. On Mann's planet, they awaken him from cryostasis, and he assures them that colonization is possible, despite the extreme environment. During a scouting mission, Mann attempts to kill Cooper and reveals that he falsified his data in the hope of being rescued. He steals Cooper's lander and heads for the Endurance. A booby trap set by Mann kills Romilly, but Brand rescues Cooper with the other lander and they race back to the Endurance. Mann is killed in a failed manual docking operation, badly damaging the Endurance, but Cooper is able to regain control of the spacecraft through his own docking maneuver. With insufficient fuel, Cooper and Brand resort to a slingshot around Gargantua, which costs them 51 years due to time dilation. In the process, Cooper and TARS detach in their craft to lighten the Endurance so that Brand and CASE may reach Edmunds' planet. Falling past Gargantua's event horizon, they eject from their craft and find themselves in a tesseract made up of infinite copies of Murph's bedroom across moments in time. Cooper deduces that the tesseract was constructed by advanced humans in the far future, and realizes that he had always been Murph's ""ghost"". Using Morse code, he manipulates the second hand of her wristwatch to transmit the data TARS collected, enabling Murph to complete the gravity equation's solution. The tesseract, its purpose fulfilled, collapses, ejecting Cooper and TARS. Cooper wakes up on a station orbiting Saturn. He reunites with Murph, now elderly and on her deathbed, who tells him to seek out Brand. Cooper and TARS take a spacecraft to rejoin Brand and CASE, who are establishing the human colony on Edmunds' planet."
87,Indiana Jones and the Temple of Doom,ok,"In 1935, American archeologist Indiana Jones survives a murder attempt in Shanghai by Triad crime boss Lao Che, who hired him to retrieve the remains of Nurhaci.[b] Jones flees from the city accompanied by his young orphan sidekick Short Round and nightclub singer Willie Scott, unaware that the plane they are traveling on is owned by Lao Che. The plane's pilots dump the fuel and parachute away, but Jones, Willie, and Short Round escape using an inflatable raft before the plane crashes. The trio ride down the slopes of the Himalayas and fall into a river before arriving at the Indian village of Mayapore. The villagers plead for Jones' aid in retrieving a sacred lingam stone, along with the village's children, who were supposedly taken by evil forces from the nearby Pankot Palace. Jones agrees to do so, hypothesizing that the stone is one of five Sankara stones given by the Hindu gods to help humanity fight evil. Traveling to the palace, the trio are warmly welcomed and allowed to stay for the night as guests, attending a banquet hosted by the palace's young maharaja, Zalim Singh. During the night, Jones is attacked by an assassin, but manages to kill him. He discovers a series of tunnels underneath the palace and explores them with Willie and Short Round. Finding a temple and a complex of mine tunnels, they observe Thuggee cultists conducting a human sacrifice. The cult, which possesses three Sankara stones, is revealed to have brainwashed Singh and abducted the children of Mayapore, using them as slave labor to find the remaining stones. During Jones' attempt to retrieve the stones, the trio is captured. Thuggee high priest Mola Ram forces Jones to drink a potion that places him into a trance-like state, under which he prepares Willie for sacrifice. Short Round is briefly enslaved in the tunnels, but he escapes and interrupts Willie's sacrifice by freeing Jones from his trance, allowing him to rescue Willie. The trio defeat multiple cultists, collect the Sankara stones, and free Singh and the children, escaping an attempt by Mola Ram to drown them. When he and his men ambush the trio on a rope bridge, Jones severs it with a sword, causing several cultists to fall into the crocodile-infested river far below. As Jones, Willie, Short Round, and Mola Ram struggle to climb up the broken bridge, Jones invokes the name of Shiva, triggering the stones to burn through his satchel. Two stones fall into the river; Mola Ram catches the third, but it burns his hand and he falls to his death, being devoured by the crocodiles. Jones catches the stone with no ill effects and climbs up as a regiment of British Indian Army soldiers arrives, alerted by Singh, to defeat the remaining cultists. Jones, Willie, and Short Round return to Mayapore to hand over the stone, and Jones and Willie embrace as the villagers celebrate its and their children's return."
354912,Coco (2017 film),ok,"In the Mexican town of Santa Cecilia, a young woman named Imelda marries a man who eventually leaves her and their daughter Coco to pursue a music career. When he never returns, Imelda bans music from her family and opens a shoemaking business. Decades later, Imelda's great-great-grandson Miguel lives in the family home with his parents and relatives, including an elderly and ailing Coco. Despite the family's continued ban on music, Miguel secretly loves it and teaches himself to play guitar by watching the VHS documentary of his idol, the late musician Ernesto de la Cruz. On the Day of the Dead, Miguel inadvertently bumps the family ofrenda and breaks a frame containing a photo of Imelda and an infant Coco. He discovers a hidden section of the photograph that shows his great-great-grandfather, whose head has been torn from the photo, holding Ernesto's famous guitar. Believing this proves Ernesto is his relative, Miguel excitedly tells his family about his musical aspirations. In response, Miguel's grandmother, Elena, destroys his guitar, causing him to shun his family. Miguel breaks into Ernesto's mausoleum and takes his guitar to use in a local talent competition. Once Miguel strums it, he becomes invisible to all living people. However, he can interact with his skeletal dead relatives, who are visiting from the Land of the Dead for the holiday. Taking him back with them, they realize Imelda cannot visit since Miguel removed her photo from the ofrenda. Miguel also discovers that he has been cursed for stealing from the dead: he must receive a family blessing to return to the living world before sunrise or he will remain in the Land of the Dead forever. Imelda offers him a blessing on the condition that he abandons music, but Miguel refuses and seeks Ernesto's blessing instead. Miguel encounters Héctor, a down-on-his-luck skeleton who once performed with Ernesto. Héctor offers to bring Miguel to Ernesto in exchange for Miguel placing his photo on an ofrenda so he can visit his daughter before she forgets him, which would cause him to fade from existence.[13] Héctor helps Miguel perform in a talent competition to win entry to Ernesto's mansion, but Miguel flees after being discovered by his family. Miguel sneaks into Ernesto's mansion and is welcomed by a surprised Ernesto, but Héctor appears and accuses Ernesto of stealing his songs. As the two argue, Miguel slowly pieces together the truth: Ernesto and Héctor were once a musical act on the brink of fame until Héctor grew homesick and tried to leave. Unable to write songs himself, Ernesto poisoned Héctor and stole his guitar and songs to pass off as his own. To protect his legacy, Ernesto seizes Héctor's photo and has Miguel and Héctor thrown into a cenote pit. There, Héctor reveals that his daughter is named Coco, thus making him Miguel's actual great-great-grandfather. After being rescued by his family, Miguel reveals the truth about Héctor's death, and Imelda, though she is angry at Héctor, agrees to help him. The family infiltrates Ernesto's concert to retrieve Héctor's photo. Ernesto's crimes are exposed to the audience, who quickly turn on him, and he is crushed by a falling bell, mirroring his fate in real life, although Héctor's photograph is lost in the chaos. As the sun rises, Imelda and a fading Héctor unconditionally bless Miguel and return him to the living world. Back home, Miguel plays ""Remember Me"" on Héctor's guitar, brightening Coco to sing with him. She shares that she kept the torn piece of the photo with Héctor's face, then tells her family stories about her father, preserving his memory and existence in the Land of the Dead. Miguel reconciles with his family and their ban on music is finally lifted. One year later, Miguel shows his new baby sister the family ofrenda, now displaying photos of Héctor and a recently deceased Coco, while Coco's collected letters from Héctor prove Ernesto's theft of his songs, leading to Ernesto's disgrace and Héctor's rightful recognition. In the Land of the Dead, Héctor joins Imelda, Coco, and their family to visit the living world. Miguel performs a heartfelt song for both his living and dead relatives."
167,K-PAX,ok,"A man calling himself “prot” is committed to the Psychiatric Institute of Manhattan after claiming he is an extraterrestrial from the planet 'K-PAX', 1,000 light years away in the Lyra constellation. There, psychiatrist Dr. Mark Powell attempts to cure him of his apparent delusions. However, prot is unwavering in his ability to provide cogent answers to questions about himself, K-PAX, and its civilizations. His medical examination only reinforces his story, as prot can see ultraviolet light and he is completely resistant to the effects of Thorazine. Powell introduces him to a group of astrophysicists who are befuddled when prot displays a highly detailed level of knowledge about the star system he claims to be from and which had previously been unknown to them. Prot also wins over the other patients at the institute, each of whom believes unquestioningly that he is indeed from K-PAX. Prot, who claims to have journeyed to Earth by means of ""faster-than-light travel,"" explains that he can take a single person with him when he returns. Thereafter, most of the patients at the Institute ask prot to take them with him. Upon learning that many of his patients expect to leave Earth on July 27, Powell confronts prot, who explains that it is a predetermined date. However, Powell believes this to be a significant date in prot's life, a day on which he suffered severe psychological trauma. Powell decides to subject prot to regression hypnosis, which works well. Using information gained from these sessions, Powell figures out that prot may simply be an alter ego of Robert Porter, a man from New Mexico who had worked as a 'knocker' (animal slaughterer) in a local abattoir, and attempted suicide in 1996, after his wife and child had been murdered by a drifter. Powell tries to confront prot with this knowledge, showing him a photo of Robert Porter in a high school yearbook and stating that it is in fact prot himself; but prot‘s reaction is one of bemusement, and he cryptically tells Powell that he hopes he will take good care of Robert now that he has found him. On July 27, as the hospital staff watches, the camera in prot‘s room cuts to static at the precise time prot had said he would be departing Earth. A moment later, Powell finds Porter lying on the floor in his room, catatonic, prot having apparently left Porter's body for the light travel back to K-PAX. As Robert is being wheeled out of the room, none of the other patients recognizes him as prot, and claim that prot has left. In addition, one of the patients is missing: Bess, a woman mute since her home had been destroyed in a fire, and who had been among those patients who had asked prot to take them to K-PAX. She is never found again. Remaining patients believe prot had taken her to K-PAX. Powell continues to take care of the catatonic Porter and tells him about how the patients he helped have gone on to live normal lives again, but Robert does not respond. Powell is left with no absolute answer as to whether prot was in fact an alien entity or just a coping mechanism of the traumatized Porter, but seems far from convinced that Porter's behavior was a delusion. In a final voiceover, prot explains to Powell that the people of K-PAX have discovered that our universe will repeat its events again and again, so the mistakes we make will be repeated forever. Prot encourages Powell to make this time count, as it is the only chance we have. Inspired, Powell begins a new, better life by reconciling with his estranged son Michael. In a post-credit sequence, Powell watches the night sky before returning to his home."
63,12 Monkeys,ok,"James Cole is a prisoner in a compound underneath the ruins of Philadelphia. He is selected by scientists for a mission to travel about 30 years into the past, to the year 1996, and collect information on the original strain of a virus that killed 99% of the human population in 1996 and 1997. Cole experiences recurring dreams in which a man is shot in an airport terminal. Cole is sent back in time and arrives in Baltimore in 1990, not 1996 as planned. He is arrested and committed to a psychiatric hospital on the diagnosis of Dr. Kathryn Railly. He encounters fellow inmate Jeffrey Goines, an outspoken critic of consumerism. Cole tells the hospital doctors he is searching for the Army of the Twelve Monkeys, the group that unleashed the virus in 1996, which is the past. During an escape attempt aided by Jeffrey, Cole is abruptly returned to the future. The scientists attempt to send Cole back to 1996, but he briefly arrives on a World War I battlefield, where he encounters another inmate from the future, José, before being shot in the leg. In 1996, Railly gives a lecture on the Cassandra Complex where she briefly encounters Dr. Peters, who mentions the destruction of the environment by humanity. After she departs, she is kidnapped in her car and told to drive to Philadelphia. The kidnapper turns out to be Cole. Railly offers him medical help and extracts the bullet from his leg. His investigation leads them to Jeffrey, who they discover is the leader of the Army of the Twelve Monkeys and the son of renowned virologist Dr. Leland Goines. Cole is abruptly returned to the future. Railly is told by police that the bullet from Cole's leg was from before the 1920s, which prompts her to identify Cole in a battlefield photograph from World War I that she's gathered during her research. She urges Leland to secure his lab against access by his son. Leland shares his intention to improve the lab's security with his assistant, Dr. Peters. Cole arrives in 1996 again and finds Railly. He tells her he believes himself delusional, while she says she's not sure any more. Railly leaves a voicemail on a number Cole says was given to him by the scientists. Cole tells her he has already heard her message, played to him by the scientists in the future. Cole and Railly decide to spend the following days together at the Florida Keys. On their way there, they learn that the Army of the Twelve Monkeys is an animal rights organization led by Jeffrey, and their graffiti ""we did it"" refers to liberating animals from the Philadelphia Zoo, not releasing the virus. At the airport, Cole records a message on the voicemail number, saying the Army of the Twelve Monkeys is a false lead and that he's not coming back. Railly comes across Dr. Peters at the airport and recognizes him through a newspaper photo alongside Leland. Cole comes across José, who tracked him down after his last message, and hands him a gun. Railly informs Cole of Peters, and Cole attempts to shoot him, but is shot dead by police. As Cole dies in Railly's arms, she makes eye contact with a young boy witnessing the scene. Peters boards his flight and takes a seat beside Jones, one of the scientists who orchestrated Cole's mission. Outside the airport, the young boy who observed the shooting, Cole, watches an airplane take off."
75,Mars Attacks!,ok,"On the planet Mars, a Martian spaceship gathers hundreds of other ships and travels to Earth. U.S. President James Dale, along with his aides, addresses the United States concerning this historic event. Several days later, the President's science aides set up a first-contact meeting with the Martians in Pahrump, Nevada, as Dale watches the development on television with his wife Marsha and his daughter Taffy. Using a translation machine, the Martian ambassador announces that his race has ""come in peace"". In response, a hippie releases a live dove as a symbol of peace, causing the ambassador to shoot it before ordering the other Martians to massacre most of the attendees at the event, including General Casey, news reporter Jason Stone, and young private Billy-Glenn Norris. Talk-show host Natalie Lake, who is Jason's co-worker and girlfriend, is captured by the Martians in the process, alongside her pet chihuahua, Poppy. Thinking that the Martians assumed that the dove was a symbol of war, Dale tells Professor Donald Kessler to renegotiate with the Martians, whose ambassador later requests to address the United States Congress. At this meeting, the Martians annihilate most of Congress and, despite begging the ambassador to stop, Kessler is knocked unconscious and taken aboard their ship. Kessler's head is disembodied and animated as part of the experiments by the Martians, who have also switched around Nathalie and Poppy's heads onto their bodies. Back on Earth, General Decker fails to persuade Dale to retaliate with nuclear warfare. After a failed attempt to assassinate Dale using a disguised Martian, the Martians declare war and invade Earth in droves, starting with Washington, D.C., and quickly spreading around the globe. As they attack the White House, the U.S. Secret Service evacuates Dale, but Marsha is killed while Taffy is separated during the chaos. After the president of France is assassinated by the Martians that night, the U.S. government attempts a nuclear attack on the Martian mothership, but that proves futile. Eventually, two Martians, led by their leader, breach the bunker where Dale has been taken, and kill Decker and everyone else in the bunker except for Dale, who makes an impassioned speech in an attempt to plead for peace. The Martian leader seemingly agrees to a truce with Dale, but then uses a gadget disguised as a hand to assassinate him. As the Martians ravage Las Vegas, Byron Williams, a former world-champion boxer turned casino employee, leads a small group of survivors consisting of Barbara Land, singer Tom Jones, and Byron's waitress co-worker Cindy to escape the city in a small turboprop plane. As soon as they enter the plane, the group discover a large platoon of Martians (along with the ambassador) stationed there, as they are preparing to take off. Byron creates a diversion by challenging the Martians to a fistfight. While he succeeds in killing the ambassador, Byron is outnumbered and overwhelmed by the other Martians, but Jones, Barbara, and Cindy escape. While going to rescue his grandmother Florence, Billy-Glenn's brother Richie discovers the Martians' weakness: Slim Whitman's ""Indian Love Call"". Richie and Florence then drive around town, using the song to kill Martians and broadcast the song on a local radio station. Thereafter, armed forces broadcast the song around the globe, killing the Martian leader and most, if not all, of the other Martians. Nathalie and Kessler's disembodied heads accept their fate as the Martian mothership they are on crashes into the ocean. In the aftermath, Barbara, Cindy, and Jones emerge from a cave with some wild animals to see dozens of crashed Martian ships in Lake Tahoe. Taffy awards Richie and Florence the Medal of Honor. Byron, who survived the Martian brawl, arrives in Washington, D.C., to reunite with his former wife Louise and their two sons Cedric and Neville, as the devastation is being cleaned up."
22,Pirates of the Caribbean: The Curse of the Black Pearl,ok,"In the early 18th century, Governor Weatherby Swann and his daughter Elizabeth sail aboard HMS Dauntless, captained by Lieutenant Norrington. They encounter a shipwreck and rescue a boy, Will Turner. Elizabeth notices a gold medallion around Will's neck and takes it while he is unconscious, before seeing a ghostly ship sailing away. Eight years later in Port Royal, Jamaica, Captain Norrington is being promoted to commodore while Will works as a blacksmith. A pirate captain named Jack Sparrow arrives in Port Royal seeking a ship. Norrington proposes to Elizabeth atop a cliff, but she faints and falls into the ocean due to her tight-fitting corset, causing the medallion she is carrying to emit a pulse. Jack rescues Elizabeth and discovers the medallion. Governor Swann orders Jack's execution after he is identified as a pirate, but Jack flees into Will's smithy, where he is caught after Will duels him to a stalemate. That night, Port Royal is attacked by the pirate crew of the Black Pearl, who are searching for the medallion. They take Elizabeth hostage to meet Captain Barbossa after she identifies herself as ""Elizabeth Turner"". Barbossa explains that the medallion is one of 882 cursed gold pieces used to bribe Hernán Cortés to stop his slaughter of the Aztecs. After finding and stealing the cursed gold at Isla de Muerta, the crew became undead skeletons who cannot feel pleasure or pain. To lift the curse, the crew must return all the gold with an offering of blood from each member, but one piece belonging to ""Bootstrap"" Bill Turner, a crew member thrown overboard after the theft, is missing. Believing Elizabeth to be Bootstrap's daughter, Barbossa intends to use her blood for the ritual. Intent on rescuing Elizabeth, Will frees Jack and they steal the HMS Interceptor. They escape to Tortuga to recruit a crew from Joshamee Gibbs, who reveals Jack as the previous captain of the Black Pearl, whom Barbossa mutinied against and marooned on a deserted island. On Isla de Muerta, they sneak into the treasure grotto where Barbossa fails to lift the curse using Elizabeth's blood. Will and Elizabeth escape with the medallion, but Jack is captured and imprisoned on the Pearl, which pursues the Interceptor. Elizabeth informs Will of his true parentage. The Pearl destroys the Interceptor, with the crew captured by the pirates. Will surrenders to save Elizabeth, but threatens to kill himself unless she and the crew are left unharmed. Barbossa imprisons the crew and maroons Jack and Elizabeth on the same island that Jack was previously exiled to. Jack reveals that the island was used as a smuggling cache for rum runners, who rescued him after only three days. Elizabeth signals for help using a bonfire fueled by the rum, leading the Royal Navy to rescue them. She agrees to marry Norrington if he saves Will from Barbossa. Jack and Norrington concoct a plan to ambush the pirates at Isla de Muerta, but Jack reveals himself to the pirates and convinces Barbossa to delay lifting the curse until after killing Norrington's men. After Barbossa's crew leaves, Jack frees Will and attacks Barbossa, having surreptitiously pocketed a medallion to give himself immortality. Elizabeth frees Jack's crew on the Pearl, but they sail away without her. Jack shoots Barbossa just as Will returns his and Jack's medallions to the chest with their blood, breaking the curse and killing Barbossa. The remaining pirates are defeated by the Navy. At Port Royal, where Jack is to be hanged for his crimes, Will declares his love for Elizabeth before rescuing Jack. Jack and Will are surrounded by Norrington's soldiers, but Elizabeth joins Will, forcing Governor Swann to order the soldiers to stand down. Jack falls into the sea and is picked up by the Black Pearl. Norrington accepts that Elizabeth loves Will, and gives Jack a head start before pursuing him. Governor Swann gives his blessing to Will and Elizabeth, while Jack becomes captain of the Pearl. In a post-credits scene, Jack, Barbossa's pet monkey, climbs onto the chest of gold in the cave on Isla de Muerta and takes a coin from it, becoming undead once more."
253,Live and Let Die (film),ok,"Three MI6 agents are killed under mysterious circumstances within 24 hours in the United Nations headquarters in New York City, in New Orleans, and the small Caribbean nation of San Monique, while monitoring the operations of the island's dictator, Dr. Kananga. James Bond, Agent 007, is sent to New York to investigate. Kananga is also in New York, visiting the United Nations. After Bond arrives, his driver is killed by Whisper, one of Kananga's men, while driving Bond to Felix Leiter of the Central Intelligence Agency (CIA). Bond is nearly killed in the ensuing car crash. The killer's licence plate leads Bond to Harlem, where he meets Mr. Big, a mob boss who runs a chain of restaurants throughout the United States, but Bond and the CIA do not understand why the most powerful black gangster in New York works with an unimportant island's leader. Bond meets Solitaire, a tarot reader who has the power of the Obeah and can see both the future and remote events in the present. Mr. Big demands that his henchmen kill Bond, but Bond overpowers them and escapes with the help of CIA agent Strutter. Bond flies to San Monique, where he meets Rosie Carver, a local CIA agent. They meet up with Bond's ally Quarrel Jr., who takes them by boat near Solitaire's home. When Bond suspects Rosie of being a double agent for Kananga, Rosie tries to escape but is killed remotely by Kananga. Bond then uses a stacked deck of tarot cards that show only ""The Lovers"" to trick Solitaire into thinking that fate is meant for them; Bond then seduces her. Having lost her virginity and thus her ability to foretell the future, Solitaire realises she will be killed by Kananga, so she agrees to co-operate with Bond. The next day, Bond and Solitaire discover that Kananga has large poppy fields hidden from view. Bond and Solitaire escape by boat and fly to New Orleans. There, Bond is captured by Mr. Big, who removes a prosthetic face and reveals himself to be Kananga. He has been producing heroin and is protecting the poppy fields by exploiting the San Monique locals' fear of the occult and the voodoo priest Baron Samedi. As Mr. Big, Kananga plans to distribute the heroin free of charge at his restaurants, which will increase the number of addicts. He intends to bankrupt other drug dealers with his giveaway, then charge high prices for his heroin later in order to capitalise on the huge drug dependencies he has cultivated. Furious at Solitaire for having sex with Bond and losing her ability to read tarot cards, Kananga turns her over to Baron Samedi to be sacrificed. Kananga's henchmen, one-armed Tee Hee and tweed-jacketed Adam, leave Bond to be eaten by crocodilia at his farm in the Deep South backwoods. Bond uses the backs of the reptiles to escape to safety. After setting their drug laboratory on fire, he steals a speedboat and escapes, pursued by Kananga's men under Adam's order, and later Sheriff J.W. Pepper and the Louisiana State Police. Most pursuers get wrecked or left behind, and Adam is killed in a boat crash by Bond. Bond travels to San Monique and with the help of Quarrel Jr. sets timed explosives throughout the poppy fields. He rescues Solitaire from the voodoo sacrifice just as the explosives destroy the fields, and whilst fighting Samedi, Bond punches him and he falls into a coffin of venomous snakes. Bond and Solitaire escape below ground into Kananga's lair. Kananga captures them both and proceeds to lower them into a shark tank. However, Bond escapes and forces Kananga to swallow a compressed-gas pellet used in shark guns, causing him to inflate and explode. Leiter puts Bond and Solitaire on a train leaving for New York. Tee Hee sneaks aboard and attempts to kill Bond, but Bond cuts the wires of his prosthetic arm and throws him out the window. As the film ends, a laughing Samedi is revealed to be riding on the front of the train."
603,The Matrix,ok,"In an unnamed city in 1999, Thomas Anderson, a computer programmer known as ""Neo"" in hacking circles, investigates the mystery of the ""Matrix"", bringing him to the attention of hacker Trinity. She tells him that Morpheus can answer Neo's questions. At his workplace, Neo is pursued by Agents led by Agent Smith, while Morpheus, able to somehow observe their movements, guides him by phone, but Neo ultimately surrenders. The Agents interrogate Neo about Morpheus, but he refuses to cooperate. In response, they seal his mouth shut and implant a robotic tracking device in his abdomen. Neo awakens at home, believing the encounter was a nightmare until Trinity and her companions remove the device and take him to Morpheus. Morpheus offers Neo a choice: a red pill to uncover the truth about the Matrix or a blue pill to return to his normal life. Neo takes the red pill and awakens in the real world, submerged in a mechanical pod and connected to invasive cables. He sees countless humans similarly encased and tended by machines before he is ejected from the building and rescued by Morpheus aboard the hovercraft Nebuchadnezzar. Morpheus explains that the year is approximately 2199. In the 21st century, humanity lost a war against its artificially intelligent creations, leaving Earth a devastated ruin. Humans blackened the sky to deprive the machines of solar power, but the machines retaliated by creating vast fields of artificially grown humans, harvesting their bioelectric energy. To pacify their captives, they built the Matrix, a simulated reality modeled on human civilization at its peak. The remaining free humans founded an underground refuge called Zion, surviving on scarce resources. Morpheus and his crew hack into the Matrix to liberate others, exploiting its rules to gain superhuman abilities inside it. Even so, they remain outmatched by the Agents—sentient programs that protect the system—and death in the Matrix means death in the real world. Morpheus freed Neo because he believed him to be ""the One"", a prophesied figure destined to free humanity. The crew enters the Matrix to seek guidance from the Oracle, who foretold of the One. She implies that Neo is not the One and warns him of an imminent choice between his life and Morpheus's. The crew is ambushed by Agents after being betrayed by Cypher, a disillusioned crew member who longs to return to the virtual comforts of the Matrix. Convinced of Neo's importance, Morpheus sacrifices himself to confront Smith and is captured. Meanwhile, Cypher exits the Matrix and begins disconnecting the others, killing them. Before he can kill Neo and Trinity, he is killed by Tank, a wounded crew member, who extracts the survivors. Smith interrogates Morpheus to obtain access codes for Zion's mainframe, which would enable the machines to destroy the human resistance. Determined to rescue Morpheus, Neo re-enters the Matrix with Trinity. They free Morpheus, who escapes the Matrix with Trinity, but Smith intercepts Neo. Realizing his potential, Neo fights Smith as an equal and kills him. However, Smith is resurrected in a new body and kills Neo. In the real world, machines called Sentinels attack the Nebuchadnezzar. Standing by Neo's body, Trinity confesses her love for him and reveals that the Oracle prophesied she would fall in love with the One. In the Matrix, Neo revives with the ability to perceive and manipulate its code. He effortlessly destroys Smith and escapes the Matrix just as the Nebuchadnezzar's electromagnetic pulse disables the Sentinels. Later, within the Matrix, Neo communicates with the system, vowing to show humanity a world of limitless possibilities, before flying away."
101,Léon: The Professional,ok,"Léon is an Italian-American hitman (or ""cleaner"", as he refers to himself) working for a mafioso named Tony in the Little Italy neighborhood of New York City. One day, Léon meets Mathilda Lando, a lonely twelve-year-old who lives with her dysfunctional family in an apartment down the hall from Léon and has stopped attending class at her school for troubled girls. Mathilda's abusive father attracts the ire of corrupt DEA agents, who have been paying him to stash cocaine in his apartment. After they discover that he has been stealing from their stash, DEA agents invade the apartment, led by their drug-addicted boss, Norman Stansfield. During their search for the missing drugs, Stansfield murders Mathilda's family while she is out shopping for groceries. When she returns, Mathilda realizes what has happened just in time to continue down the hall to Léon's apartment; he hesitantly gives her shelter. Mathilda quickly discovers that Léon is a hitman. She begs him to take care of her and to teach her his skills, as she wants to avenge the murder of her four-year-old brother. At first, Léon is unsettled by her presence and considers killing her in her sleep, but he eventually trains Mathilda and shows her how to use various weapons. In exchange, she runs his errands, cleans his apartment, and teaches him how to read. Mathilda looks up to Léon and quickly develops a crush on him, often telling him she loves him, but he does not reciprocate. When Léon is out on a job, Mathilda fills a bag with guns from Léon's collection and sets out to kill Stansfield. She bluffs her way into the DEA office by posing as a delivery girl and is ambushed by Stansfield in a bathroom. One of his men arrives and informs him that Léon had killed Malky, one of the corrupt DEA agents, in Chinatown that morning. Léon, after discovering her plan in a note left for him, rescues Mathilda, killing two more of Stansfield's men in the process. An enraged Stansfield confronts Tony, who is roughed up and forced to disclose Léon's whereabouts. Léon tells Mathilda about how he became a hitman. When Léon was nineteen in Italy, he fell in love with a girl from a wealthy family, but Léon came from a poor family. The two made plans to elope. When the girl's father discovered their plans, he killed her out of anger. Léon killed the father in revenge and fled to New York, where he met Tony and trained to become a hitman. Later, while Mathilda returns home from grocery shopping, an NYPD ESU team sent by Stansfield captures her and infiltrates Léon's apartment. Léon ambushes the ESU team and rescues Mathilda. Léon creates a quick escape for Mathilda by smashing a hole in an air shaft. He tells her that he loves her and to meet him at Tony's place in an hour, moments before the ESU team fires a grenade into the apartment, wounding Léon and creating chaos. He manages to disguise himself as a wounded ESU officer and sneaks down through the staircase. He goes unnoticed by everyone except Stansfield, who follows him and shoots him in the back. As Léon dies, he presses a grenade pin in Stansfield's palm, saying that it is from Mathilda. Stansfield opens Léon's vest to find a cluster of grenades, which detonate, killing Stansfield. Mathilda goes to Tony and tries to convince him to hire her, but Tony flatly refuses to employ a twelve-year-old and tells Mathilda that he is holding Léon's money for her. Tony gives Mathilda $100 and orders her back to school, where the headmistress re-admits her after Mathilda reveals what has happened. Mathilda walks onto a field near the school to plant Léon's houseplant, as she had told Léon, to ""give it roots""."
18,The Fifth Element,ok,"In 1914, aliens known as Mondoshawans meet their contact on Earth, a priest of a secret order, at an ancient Egyptian temple. They take the only weapon capable of defeating a great evil that appears every 5,000 years, promising to protect it and return it before the great evil's re-emergence. The weapon consists of the four classical elements, as four engraved stones, plus a sarcophagus containing a ""fifth element"". In the 23rd century, the great evil appears in deep space as a giant living fireball.[a] It destroys an armed Earth spaceship as it heads to Earth. The Mondoshawans' human contact on Earth, priest Vito Cornelius, informs the president of the Federated Territories of the great evil's history and the weapon that can stop it. On their way to Earth, a Mondoshawan spacecraft carrying the weapon is ambushed and destroyed by a crew of Mangalores, alien mercenaries hired by Earth industrialist Jean-Baptiste Emanuel Zorg, who is working for the great evil. A severed hand in metal armour from the wreckage of the spacecraft is brought to New York City. From this, the government uses biotechnology to recreate the original occupant of the sarcophagus, a humanoid woman named Leeloo, who remembers her previous life. Alarmed by the unfamiliar surroundings and high security, she escapes and jumps off a ledge, crashing into the flying taxicab of Korben Dallas, a former major in Earth's special forces. Dallas delivers Leeloo to Cornelius and his apprentice, David, who recognises her as the fifth element. As Leeloo recuperates, she tells Cornelius that the stones were not on board the Mondoshawan ship. Simultaneously, the Mondoshawans inform Earth's government that the stones were entrusted to an alien opera singer, the diva Plavalaguna. Zorg reneges on his deal with the Mangalores for failing to obtain the stones, and kills some of them. Earth's military sends Dallas to meet Plavalaguna; a rigged radio contest provides a cover, awarding Dallas a luxury vacation aboard a flying hotel on planet Fhloston, accompanied by flamboyant talk-show host Ruby Rhod. It includes a concert by Plavalaguna, and learning that Leeloo shares his mission, Dallas lets her accompany him. Cornelius instructs David to prepare the temple, then stows away on the luxury spaceship. The Mangalore crew, pursuing the stones for themselves, also illegally board the ship. During the concert, the Mangalores attack, and Plavalaguna is killed. Dallas extracts the stones from her body and kills the Mangalore leader, causing the others to surrender. Zorg arrives, shoots Leeloo, and activates a time bomb. He flees with a carrying case which he presumes contains the stones, but returns when he discovers that it is empty. As Zorg's bomb causes the hotel's evacuation, Dallas finds Leeloo traumatised and escapes with her, Cornelius, Rhod, and the stones in Zorg's private spaceship. Zorg deactivates his bomb, but a dying Mangalore sets off his own, destroying the hotel and killing Zorg. As the great evil approaches Earth, the four meet David at the temple. They deploy the stones, but Leeloo, having learned of humanity's history of cruelty, has given up on life. Dallas declares his love for her and kisses her. Leeloo combines the power of the stones, emitting divine light onto the great evil and defeating it. Dallas and Leeloo are hailed as heroes, and as dignitaries wait to greet them, the two passionately embrace in a recovery chamber."
510,One Flew Over the Cuckoo's Nest (film),ok,"In 1963 Oregon, Randle McMurphy is incarcerated for his statutory rape of a 15-year-old girl and five previous arrests for assault. He feigns mental illness so he can be moved to a mental institution and avoid hard labor at a work farm. The medical ward is dominated by the cold, passive-aggressive Nurse Ratched, who maintains control over the patients through intimidation. Among them are young, anxious, stuttering Billy Bibbit; Charlie Cheswick, who is prone to temper tantrums; delusional, child-like Martini; the articulate and repressed homosexual Dale Harding; belligerent and profane Max Taber; epileptics Jim Sefelt and Bruce Fredrickson; quiet but violent-minded Scanlon; tall, deaf-mute Native American Chief Bromden; and several others with chronic conditions. Ratched sees McMurphy's lively, rebellious presence as a threat to her authority, and she rations the patients' cigarettes and suspends their card-playing privileges. McMurphy bets the other inmates he can escape by hurling a hydrotherapy fountain through a locked window, but unsurprisingly is unable to lift the heavy device. He hijacks a charter bus, picks up his girlfriend Candy, and escapes with several patients to steal a recreational fishing boat, exposing them to the outside world and encouraging them to discover their abilities and find self-confidence. Returning to the ward, an orderly explains the length of his stay in the mental institution is indefinite, something McMurphy didn't know. Chief, Taber, and McMurphy are the only nonchronic patients who have been involuntarily committed; the others have committed themselves voluntarily, but are too afraid to leave. When Cheswick throws a fit demanding his cigarettes from Ratched, McMurphy starts a fight with the orderlies, and Chief intervenes to help him. McMurphy, Chief, and Cheswick are sent to the disturbed ward, and Chief reveals to McMurphy he was faking deaf-muteness to avoid interacting with others. The two plan to escape to Canada together. McMurphy is subjected to electroconvulsive therapy and returns to the ward pretending to be brain-damaged before revealing that the treatment has made him even more determined to defeat Ratched. McMurphy and Chief plan a secret Christmas party for their friends after Ratched and the orderlies leave for the night, before making their escape. McMurphy bribes the night orderly, Turkle, to let Candy and her friend Rose into the ward with alcohol for the party. McMurphy and Chief invite Billy to escape with them. Billy refuses, but asks for a ""date"" with Candy; McMurphy arranges for him to spend a night with her. McMurphy falls asleep, drunk, instead of escaping with Chief. Ratched arrives in the morning to find most of the patients passed out. Discovering Billy and Candy in bed together, her attempts to embarrass Billy in front of the others fails when Billy overcomes his stutter and stands up to her. She threatens to tell his mother and Billy reverts to stuttering. Ratched has him locked in a separate room as punishment, where he kills himself. McMurphy punches an orderly trying to escape with Chief, and a melee ensues with the other orderlies. Ratched calls for order, but her nonchalant manner enrages McMurphy, who strangles her until he's subdued by the orderlies. Ratched returns later in a neck brace, speaking weakly, unable to stop Harding from resuming the card games. McMurphy is absent, rumored escaped, but Chief sees McMurphy being returned to his bed that night. He's elated that McMurphy had kept his promise not to escape without him, but discovers McMurphy has been lobotomized. He tearfully embraces McMurphy, then smothers him with a pillow. He rips the heavy hydrotherapy fountain from its base and throws it through the window, as McMurphy had earlier attempted. Chief escapes, with Taber and the other inmates awakening to cheer him on as he runs into the surrounding countryside."
475557,Joker (2019 film),ok,"In 1981, Arthur Fleck is a party clown and aspiring stand-up comedian who lives with his mother, Penny, in crime-ridden Gotham City. He suffers from a neurological disorder that causes him to have random, uncontrollable laughing fits, for which he takes medication that he obtains through the city's social services program. After Arthur is attacked by street youths while on the job, his co-worker Randall gives him a revolver to defend himself. Arthur pursues a relationship with his neighbor, single mother Sophie Dumond, and invites her to see his routine at a comedy club. Later, while performing at a children's hospital, Arthur's gun accidentally falls out of his pocket, resulting in him getting fired. While riding home on the subway and still wearing his clown make-up, he is mocked and assaulted by three drunk employees from Wayne Investments. He fatally shoots two of them in self-defense and murders the third as he attempts to flee. Their employer, billionaire mayoral candidate Thomas Wayne, condemns the killings, but supporters begin sporting clown masks in Arthur's image. Budget cuts shut down the social services program, leaving Arthur without his medication. Sophie attends Arthur's stand-up routine, which fails due to his disorder and his jokes falling flat. Arthur intercepts a letter from Penny to Thomas indicating that he is Thomas's illegitimate son, and berates his mother for hiding the truth of his parentage. He goes to Wayne Manor, where he meets Thomas's young son Bruce, but flees after a scuffle with family butler Alfred Pennyworth. Penny suffers a stroke after being questioned by two detectives investigating Arthur's involvement in the subway murders, and is hospitalized. Arthur's idol, popular late-night talk show host Murray Franklin, presents clips of Arthur's failed performance on his show and mockingly calls him a ""joker"", much to Arthur's distress. Arthur confronts Thomas at a movie theater. Thomas denies being his father, claiming that Penny also is not his biological mother. Arthur visits Arkham State Hospital and reads Penny's file, which states she was a delusional narcissist who adopted Arthur while working as a housekeeper for the Waynes. She developed an imaginary intimate relationship with Thomas, which included Arthur being their biological son. At the same time, Penny raised Arthur with a boyfriend who physically and sexually abused them, leading to his neurological disorder. A distraught Arthur enters Sophie's apartment unannounced. Frightened, she kindly asks him to leave, revealing their relationship to be a figment of Arthur's imagination. The following day, Arthur smothers Penny with a pillow at the hospital. Arthur is invited onto Murray's show and prepares by crafting a clown-themed persona. He is visited by Randall and another ex-colleague, Gary. Arthur fatally stabs and beats Randall, but spares Gary for being kind to him in the past. The detectives investigating Arthur pursue him onto a train filled with clown protesters. Arthur incites a brawl, during which one detective accidentally shoots and kills a protester. The other protesters, in turn, beat the detectives while Arthur escapes. At the studio, Arthur asks Murray to introduce him as ""Joker"", a reference to his earlier mockery. As the show broadcasts live, Arthur tells morbid jokes, confesses to the subway murders, rants about societal neglect of the downtrodden, and berates Murray for ridiculing him. After a final joke, Arthur shoots Murray in the head, killing him. Arthur is arrested, and riots erupt across the city. Looters in an ambulance crash into the police car carrying Arthur and free him. Meanwhile, one rioter corners the Wayne family in an alley and murders Thomas and his wife Martha in front of Bruce. Arthur stands atop the police car, dances to the cheers of the crowd, and smears the blood on his face into a smile. Sometime later at Arkham, Arthur laughs to himself about a joke during a session with his new therapist. He declines telling it to her, claiming she would not understand it. He leaves behind a trail of bloodied shoeprints as an orderly chases him down."
402,Basic Instinct,ok,"In San Francisco, a blonde woman ties retired rock star Johnny Boz to a bed with a silk scarf during sex, then stabs him to death with an ice pick. SFPD Detective Nick Curran and his partner, Gus Moran, investigate the murder. The prime suspect is Boz's girlfriend, crime novelist Catherine Tramell, whose latest novel mirrors the details of the killing. Catherine is uncooperative with the investigators, taunting them by smoking during questioning and exposing herself. Although released for lack of evidence, she becomes a person of interest when Nick learns that she has a history of close relationships with violent individuals. These include her girlfriend Roxanne ""Roxy"" Hardy, who killed her younger brothers as a teenager, and Hazel Dobkins, a convicted family murderer. Nick, a recovering alcoholic with a history of drug abuse and a prior incident in which he accidentally shot two tourists, attends mandatory counseling with police psychologist Dr. Elizabeth Garner, with whom he has an unstable romantic relationship. He discovers that Catherine is using him as the inspiration for a new character—a detective who is murdered after falling for the wrong woman. When Nick suspects that his confidential psychiatric file has been leaked, he assaults internal affairs lieutenant Marty Nilsen, who had access to the file. Nilsen is later found murdered and Nick is placed on administrative leave. At Boz's nightclub, Nick sees Catherine and Roxy using cocaine. Later, at Catherine's home, she ties Nick to the bed during sex while Roxy watches. Moran expresses concern about Nick's involvement with Catherine and uncovers that Nilsen received a $50,000 payment months before Nick met her. Roxy attempts to kill Nick in a car attack but dies in the ensuing crash. Catherine reveals that she had an intense relationship with a woman in college who became obsessed with her. Nick suspects the woman was Garner, who claims the obsession went the other way. Investigating further, Nick finds that Nilsen had withdrawn a complaint Catherine filed against Garner several years earlier. He also uncovers that a professor shared by Garner and Catherine was killed with an ice pick in an unsolved case resembling Catherine's fiction, and that Garner's former husband was murdered in another unresolved case investigated by Nilsen. Nick finds the draft of Catherine's new novel, which depicts a detective discovering his partner's body in an elevator. Catherine abruptly ends their relationship. Later, Moran tells Nick he has arranged to meet Catherine's former college roommate in Oakland to learn more about her and Garner. When Nick arrives, he finds Moran fatally stabbed with an ice pick in an elevator, mirroring the novel. Garner arrives shortly afterward, claiming she was lured there by a message on her phone. Believing she is reaching for a weapon, Nick shoots and kills her but she is found to be unarmed. Garner donned a wig to disguise her identity from Nick. Police find evidence in Garner's apartment implicating her in multiple murders, including files and photographs related to Catherine. Nick is left confused and emotionally shaken. Later, Catherine returns to Nick's apartment and they have sex. As they lie in bed discussing their future, an ice pick lies unseen beneath the bed."
117,The Untouchables (film),ok,"In 1930, during Prohibition, the notorious gangland boss Al Capone supplies illegal liquor and controls most of Chicago. Bureau of Prohibition agent Eliot Ness has been tasked with halting Capone's activities by hitting a warehouse with crates shipped from Canada, but his first attempt at a liquor raid fails due to corrupt policemen alerting Capone. He soon encounters veteran Irish-American officer James Malone, who opposes the rampant corruption and offers to help Ness, suggesting that they find a man from the police academy who is not yet under Capone's influence and still believes in the idealistic aspects of law enforcement. They recruit Italian-American trainee George Stone (born Giuseppe Petri) for his superior marksmanship and integrity. Joined by accountant Oscar Wallace, they successfully raid a Capone liquor warehouse and start to gain positive publicity, with the press dubbing them The Untouchables. During an organizational dinner team meeting, Capone kills the warehouse manager with a baseball bat to warn his other subordinates. Discovering that Capone has not filed an income tax return for four years, Wallace suggests trying to build a tax evasion case against him, as Capone's network keeps him well insulated from his other crimes. Crooked alderman John O'Shea offers Ness a bribe to drop his investigation, but Ness refuses. After Capone's enforcer Frank Nitti threatens Ness' family, Ness immediately moves his pregnant wife Catherine and their daughter to a safe house. In a subsequent raid on the Canadian border with the assistance of some Mounties, Ness and his team intercept an incoming liquor shipment, killing several gangsters and capturing a Capone bookkeeper named George, who ends up agreeing to help them testify against his employer. Back in Chicago, Nitti, dressed as a policeman, murders Wallace and George in the elevator of the police station and leaves a taunting message for Ness. Thereupon Ness confronts Capone at the Lexington Hotel after the murders, but Malone intervenes, urging Ness to focus on persuading the district attorney not to dismiss the charges against Capone. Realizing that police chief Mike Dorsett betrayed Wallace and George earlier on, Malone forces Dorsett to reveal where Capone's accountant Walter Payne is hiding, then tells Ness to meet him to plan their next move. After Malone returns home, Capone's henchmen attack him. He chases one away with a shotgun, but Nitti ambushes him with a Thompson submachine gun before retreating. Ness and Stone arrive to find Malone mortally wounded, but before dying he manages to tell them which train Payne will take to leave town. As Ness and Stone await Payne's arrival at Chicago Union Station, Ness notices a young mother with two suitcases and her baby in a carriage laboriously climbing the lobby steps. Ness ultimately decides to assist her, but the gangsters guarding Payne appear just as Ness and the woman reach the top of the stairs, and a bloody shootout occurs. Although outnumbered, Ness and Stone manage to capture Payne alive and kill all the gangsters, keeping both the mother and child unharmed. When Payne testifies at Capone's trial, Ness observes that Capone appears strangely calm. He then sees Nitti is wearing a gun in the courtroom and has a bailiff remove him. Outside the courtroom, Ness searches Nitti and finds a note from Chicago Mayor William Hale Thompson that effectively permits him to carry the weapon. Ness is frustrated until he discovers that Nitti also has a matchbook with Malone's address written inside his coat, which causes Ness to realize that Nitti is Malone's killer. In a panic, Nitti brandishes his gun and shoots the bailiff before fleeing to the courthouse roof. Ness eventually apprehends him and prepares to take him in custody, but then Nitti insults the memory of Malone and gloats that he will escape conviction for the murder; this enrages Ness and instead he tosses Nitti off the roof to his death, avenging both Wallace and Malone. Back in the courtroom, Stone gives Ness a list – taken from Nitti's coat – which shows that the jurors in the trial are all on Capone's payroll, thereby explaining Capone's calm and overconfident demeanor earlier on. Ness secretly persuades the judge to switch Capone's jury with one hearing an unrelated divorce case, and the judge relents after Ness tricks him into believing that his name is on Capone's payroll as well. This prompts Capone's lawyer to enter a guilty plea against Capone's wishes; as Capone furiously objects in a violent outburst, Ness victoriously taunts him by repeating Malone's motto: ""Never stop fighting until the fight is done. Here endeth the lesson"". Capone is ultimately convicted of tax evasion and sentenced to 11 years in prison. On the day of Capone's sentencing, Ness closes up his office and meets up with Stone to part ways with him; he gives Malone's St. Jude medallion and callbox key to Stone as a farewell present. As Ness leaves the police station, a reporter asks him what he will do after the probable repeal of Prohibition; Ness replies ""I think I'll have a drink"" before walking away."
263115,Logan (film),ok,"In 2029, no mutants have been born in 25 years, and an aging Logan suffers as his healing ability is failing, slowly poisoned by his adamantium skeletal grafts. Working as a limousine driver in El Paso, Texas, he and the mutant tracker Caliban take care of the elderly Charles Xavier, in an abandoned smelting plant in northern Mexico. Xavier has dementia that causes him to have destructive telepathic seizures, one of which killed several of the X-Men years prior. Logan reluctantly agrees to escort Gabriela López, a former nurse for biotechnology corporation Alkali-Transigen, and a young girl named Laura to Eden, a supposed refuge near the American-Canadian border, but finds Gabriela dead. Upon returning to the plant, Logan is confronted by Donald Pierce, Transigen's cyborg chief of security, who had killed Gabriela and was looking for Laura, who had stowed away in the back of Logan's limo and has powers similar to his. She, Logan, and Xavier escape from Pierce and his Reavers, but Caliban is captured. Pierce tortures Caliban into tracking Laura. Xavier and Logan watch a video on Gabriela's phone, revealing that Transigen created Laura and other children from mutant DNA to become weapons. The children proved challenging to control and were to be executed, but Gabriela and other nurses helped some escape. Xavier reveals to Logan that Laura was created from Logan's DNA and calls her Logan's daughter. In Oklahoma City, Logan discovers that Eden appears in Laura's X-Men comic and tells her it is fictional. The Reavers arrive, but Xavier has a seizure that incapacitates everyone except Logan and Laura, who kill the mercenaries and injects Xavier with levetiracetam. As they flee, Dr. Zander Rice, the head of Transigen, arrives to help Pierce. Logan, Laura, and Xavier help farmer Will Munson and his family after a traffic incident, accepting an offer of dinner at their home, where Logan drives off enforcers from a corporate farm. Rice unleashes X-24, a violent, mindless feral clone of Logan in his prime created as Transigen's ultimate weapon. X-24 kills Xavier and Will's family before capturing Laura. Caliban sets off grenades, killing himself and several Reavers but only injuring Pierce. Logan is outmatched by X-24, but Will pins X-24 with his truck before dying from his injuries. Logan and Laura escape with Xavier's body. After burying Xavier, Logan passes out. Laura takes him to a doctor, where he partially recovers.  Logan insists that the site in North Dakota is not Eden, but Laura does not relent and Logan accepts to take her there. They find Rictor and other Transigen children preparing to cross into Canada. Laura finds an adamantium bullet that Logan has kept since he escaped from the Weapon X facility, which he once considered using to commit suicide. Logan decides not to accompany them, to Laura's dismay. When the Reavers ambush the children, Logan takes an overdose of a serum given to him by Rictor that temporarily enhances his healing abilities and boosts his strength. With Laura's help, he slaughters most of the Reavers before the serum wears off. As Pierce holds Rictor at gunpoint, Rice tells Logan, who killed Rice's father years ago at the Weapon X facility, that no new mutants have been born in the USA due to genetically engineered crops created by Transigen and distributed through the food supply. Logan, having found a gun, shoots Rice dead and injures Pierce. X-24 fights Logan as the children combine their powers to kill Pierce and the remaining Reavers. Rictor uses his powers to flip a truck onto X-24, but X-24 frees himself and impales Logan on a large tree branch, mortally wounding him. Laura loads Logan's revolver with the adamantium bullet and shoots X-24 in the head, killing him. Near death, Logan tells Laura not to become the weapon she was made to be, and after she tearfully acknowledges him as her father, Logan dies peacefully in Laura's arms. She and the children bury Logan, with Laura reciting as his eulogy the closing speech from Shane, which Logan, Xavier, and she had watched in the Oklahoma City hotel. Before the children depart, Laura tilts the Cross on his grave marker to create an ""X""."
38,Eternal Sunshine of the Spotless Mind,ok,"Joel Barish discovers that his estranged girlfriend, Clementine Kruczynski, has undergone a procedure to have her memories of him erased by the suburban Long Island firm Lacuna. Heartbroken, he decides to undergo the same procedure. In preparation, he records a tape recounting his memories of their volatile relationship. The Lacuna employees work on Joel's brain as he sleeps in his apartment so that he will wake up with no memory of the procedure. One employee, Patrick, leaves to see Clementine; since her procedure, he has been using Clementine's memories of Joel as a guide to seduce her. While the procedure runs on Joel's brain, the technician (Stan) and the secretary (Mary) smoke cannabis, party, and have sex. Joel re-experiences his memories of Clementine in reverse chronological order as they are erased, starting with their last fight. As he reaches earlier, happier memories, he realizes that he does not want to forget her. His mental projection of Clementine suggests that he hides her in memories that do not involve her. This halts the procedure, but Stan calls his boss, Howard, who arrives and restarts it. Joel comes to his last remaining memory of Clementine: the day they first met, on a beach in Montauk. As the memory crumbles around them, Clementine tells Joel to meet her in Montauk. In Joel's apartment, Mary tries to impress Howard through their mutual interest in poetry by reciting a verse from Eloisa to Abelard. While Stan is outside, she tells Howard she is in love with him and they kiss. Howard's wife arrives and sees them through the window. Enraged, she tells Howard to tell Mary the truth: Mary and Howard had previously had an affair, and Mary had her memories of it erased. Disgusted, Mary steals the Lacuna records and mails them to the patients, including Joel and Clementine. Joel wakes up on Valentine's Day with his memories of Clementine erased. He impulsively takes the Long Island Rail Road to Montauk and calls in sick to work. He accidentally meets Clementine on the train ride home; they are drawn to one another, and go on a date to the frozen Charles River in Boston. Joel drives Clementine home and Patrick sees the two of them, realizing they have found each other again. Joel and Clementine receive their Lacuna records from Mary and listen to their tapes together. They are shocked by the bitter memories they had of each other and almost separate for good, but finally agree to try again."
137,Groundhog Day (film),ok,"On February 1, cynical television weatherman Phil Connors reassures his Pittsburgh viewers that an approaching blizzard will miss Western Pennsylvania. Alongside his new producer Rita Hanson and cameraman Larry, Phil travels to Punxsutawney for his annual coverage of the Groundhog Day festivities. He makes no secret of his contempt for the assignment, the small town, and the ""hicks"" who live there, asserting that he will soon leave his station for a new job. On February 2, Phil awakens in the Cherry Street Inn to Sonny & Cher's ""I Got You Babe"" playing on the clock radio. He gives a half-hearted report on the groundhog Punxsutawney Phil and the festivities. Contrary to his prediction, the blizzard strikes the area, preventing all travel, and although he desperately searches for a way to leave, he is forced to spend the night in the town. The next morning, Phil again awakens to ""I Got You Babe"" and the same DJ banter on the radio in his room at the Cherry Street Inn. He experiences the previous day's events repeating exactly and believes he is experiencing déjà vu. He again unsuccessfully attempts to leave the town and retires to bed, only to awaken on February 2 once more. Phil realizes that he is trapped in a time loop of which no one else is aware. He confides his situation to Rita, who directs him to a neurologist, who in turn directs him to a psychologist; neither can explain his experiences. He gets drunk with locals Gus and Ralph and then leads police on a high-speed car chase before being arrested and imprisoned; the next morning, Phil awakens in the Cherry Street Inn once again. Realizing that there are no consequences for his actions, Phil begins to spend his loops indulging in binge eating, one-night stands, and robbery, using his growing knowledge of the day's events and the town's residents to manipulate circumstances to his advantage. He eventually focuses on seducing the sweet-natured Rita, using the loops to learn more about her and exploit that knowledge. No matter what steps he takes, Rita rebuffs his advances, particularly when Phil tells her he loves her; she asserts that he does not even know her. Phil gradually becomes depressed and desperate for a way to escape the loop. He commits suicide in a variety of ways, including kidnapping Punxsutawney Phil and driving them both off a cliff. Each time, he reawakens on February 2. He tries to explain his situation to Rita again, using his detailed knowledge of the day to predict events accurately. Convinced, Rita spends the day with him and encourages him to view the loop as a blessing rather than a curse. As they lie on the bed together at night, Phil realizes that his feelings for Rita have become sincere. He wakes alone on February 2. He decides to use the loop to change himself and help others: he saves people from deadly accidents and misfortunes and learns to play the piano, sculpt ice, and speak French. Despite his efforts, however, he is haunted by his inability to prevent a homeless old man from dying of natural causes. During one iteration of the loop, Phil reports on the Groundhog Day festivities with such eloquence that other news crews stop working to listen, amazing Rita. Phil continues his day helping the people of Punxsutawney. That night, Rita witnesses Phil's expert piano-playing as the adoring townsfolk regale her with stories of his good deeds. Impressed by his apparent overnight transformation, Rita successfully bids for him at a charity bachelor auction. Phil carves an ice sculpture in Rita's image and tells her that no matter what happens, even if he is trapped in the loop forever, he is finally happy because he loves her. They share a kiss and retire to his room. Phil wakes the next morning to find Rita still in bed with him; it is now February 3. He tells Rita he wants to live in Punxsutawney with her."
79,Hero (2002 film),ok,"Hero incorporates multiple (and competing) narratives relating to the planned assassination of Ying Zheng, who will become the first emperor, Qin Shihuang.[10]: 280  As the narratives develop and the would-be assassin (Nameless) comes closer to his target, the emperor is portrayed in an increasingly sympathetic way, going from a cruel tyrant to a compassionate, strong, and solitary figure.[10]: 280 During the Warring States period, Nameless, a Qin prefect, arrives at the Qin capital city to meet the king, who has survived multiple assassination attempts by Long Sky, Flying Snow, and Broken Sword. Implementing tight security, the king forbids visitors from approaching within 100 paces. Nameless asserts he has killed the assassins, displaying their weapons. Impressed, the king permits Nameless to approach within ten paces to share his story. Nameless recounts killing Sky at a gaming house before meeting Flying Snow and Broken Sword at a calligraphy school in a city besieged by the Qin army. Seeking to learn Sword's skill, he commissions a calligraphy scroll with the character for ""Sword"" (劍). Nameless learns of Snow and Sword's strained relationship. Upon completing the scroll, Nameless reveals his identity and the truth about Snow and Sky's relationship. He challenges Snow to a duel. Meanwhile, a heartbroken and furious Sword engages in a tryst with his pupil, Moon. Snow kills Sword in retaliation, and Moon when she seeks vengeance. The following day, Nameless slays an emotionally unstable Snow before the Qin army, seizing her sword. As the story wraps up, the king doubts Nameless, alleging he orchestrated the duels with the assassins. During the previous attempt, the king saw Sword as honorable, doubting his betrayal of Snow. The king suggests the assassins sacrificed themselves to earn Nameless the king's trust, enabling him to get close and assassinate the king. In the king's version of the story, Nameless approaches Snow and Sword after staging a battle with Sky. He claims to have mastered a technique to kill anyone within ten paces, including the king. To get close to the king, Nameless needs to present one of their weapons. Snow and Sword argue over who should sacrifice themselves, leading to a brief scuffle where Snow injures Sword. Snow faces Nameless before the Qin army, while Sword, still recovering, watches. Snow is defeated, and Moon later gives Nameless her master's sword, suggesting that the swords of Snow and Sword should remain united even in death. Nameless admits possessing the special technique the king mentioned but insists the King underestimated Sword. He reveals the technique's dual nature: deadly yet capable of appearing fatal while avoiding vital organs. Nameless used it on Sky, then orchestrated a fake duel with Snow and Sword. Snow agrees, but Sword refuses. Snow accuses Sword of squandering their chance three years prior when he spared the king of Qin during their assault. In anger, she attacks Sword, wounding him with Nameless's aid. The following day, Nameless ""kills"" Snow before the Qin army. Later, Sword reveals to Nameless his decision to spare the king, expressing his desire for a unified, peaceful China achievable only through the king's leadership. Sending Nameless to the Qin capital, Sword inscribes ""All Under Heaven"" (天下) in the sand, urging reconsideration of assassination. Touched by Sword's understanding and the tale, the king overcomes his fear of Nameless. He relinquishes his sword, examines Sword's scroll, and grasps the concept that an ideal warrior should lack the desire to kill. Moved by this wisdom, Nameless abandons his mission, sparing the king. When Snow discovers that Sword persuaded Nameless to abandon the assassination, she angrily confronts Sword, which escalates into a duel. Hoping that Snow will grasp his love for her, Sword refuses to defend himself, and is accidentally killed by Snow. Consumed by grief, Snow commits suicide. Despite the king's reluctance, he orders Nameless's execution to uphold the law and set an example for national unity. Nameless is honored with a hero's funeral."
37165,The Truman Show,ok,"Selected at birth and legally adopted by a television studio following an unwanted pregnancy, Truman Burbank is the unsuspecting star of The Truman Show, a reality television program filmed and broadcast worldwide, 24/7, through hidden cameras. Truman's hometown, Seahaven Island, is set inside an enormous soundstage in Los Angeles, which allows Christof, the show's creator and executive producer, to control nearly all aspects of Truman's life. Truman's world is populated by actors and crew members who serve as his community while keeping him from discovering the truth. To prevent Truman from escaping, Christof has orchestrated various scenarios such as the ""death"" of Truman's father in a boating accident to instill thalassophobia, and has the cast reinforce Truman's anxieties with messages about the dangers of traveling and the virtues of staying home. Though the producers intend for Truman to fall in love with and marry a woman named Meryl, he develops feelings for an extra named Sylvia. Sympathetic to Truman's plight, Sylvia tries to tell him the truth, but is promptly fired and removed from the set. Truman marries Meryl, but their relationship is stilted and passionless, and he continues to dream of traveling to Fiji, where he was told Sylvia had moved, and living a happy life with her. In the real world, Sylvia joins ""Free Truman"", an activist group that calls for Truman's liberation from the show. As the show approaches its thirtieth anniversary, Truman notices unusual occurrences such as a stage light falling from the sky; an isolated patch of rain that falls only over him; a radio transmission describing his movements; and the reappearance of his father, who is rushed away by crew members and put on a bus before Truman can confront him. Inferring that the city somehow revolves around him, Truman questions his life and asks his closest confidants to help him solve the mystery. Truman's suspicions culminate in an attempt to escape the island, but increasingly implausible occurrences block his path. Eventually, he is caught and returned home under a flimsy pretext. There, he confronts Meryl and challenges the sincerity of their marriage. As he holds her at knifepoint, Meryl breaks character to call for help and is removed from the show. Hoping to bring Truman back to a controllable state, Christof reintroduces his father to the show under the guise of him having developed amnesia following the accident. The show regains its ratings, and Truman seems to return to his routines. One night, however, Christof discovers that Truman has begun sleeping in his basement. Disturbed by this change in behavior, Christof sends Truman's best friend Marlon to visit and discovers that Truman has disappeared through a makeshift tunnel. Christof suspends the broadcast for the first time in its history, leading to record viewing numbers. Truman is found sailing away from Seahaven, having conquered his fear of water. Christof resumes the transmission and, unable to fetch Truman by rescue boat, creates a violent storm in an attempt to capsize Truman's boat, ignoring the protests of the executive producers and his assistants. Truman nearly drowns but continues to sail until his boat strikes the wall of the soundstage. He finds a staircase leading to an exit door. As Truman contemplates leaving, Christof speaks to him, revealing the truth about the show and encouraging him to stay by claiming that there is no more truth in the real world than in his artificial one. Truman utters his catchphrase—""In case I don't see ya, good afternoon, good evening, and good night""—before bowing to the audience and exiting. Sylvia races to greet him as the executive producers end the program with a shot of the open exit door, leaving Christof devastated. Viewers around the world celebrate Truman's escape, before quickly becoming bored and switching to the other TV channels."
121,The Lord of the Rings: The Two Towers,ok,"Awakening from a dream of Gandalf fighting the Balrog in Moria,[a] Frodo Baggins finds himself, along with Samwise Gamgee, lost in the Emyn Muil near Mordor. They discover they are being pursued by Gollum, a former bearer of the One Ring. Capturing Gollum, Frodo takes pity and allows him to guide them into Mordor, despite Sam's reservations. Aragorn, Legolas, and Gimli pursue a band of Uruk-hai to save their companions Merry and Pippin, entering the kingdom of Rohan. The Uruk-hai are ambushed by a group of Rohirrim, allowing Merry and Pippin to escape into Fangorn Forest. Meeting Aragorn's group, Rohirrim leader Éomer explains that he has been exiled with his men by Rohan's king, Théoden, who is under the control of Saruman and his servant Gríma Wormtongue. Éomer believes Merry and Pippin were killed during the raid but leaves the group with two horses. In Fangorn, Aragorn's group confronts Gandalf, who, after killing the Balrog at the cost of his own life, was revived to help save Middle-earth. Gandalf leads the trio to Rohan's capital, Edoras, and frees Théoden from Saruman's control. Aragorn stops Théoden from executing Wormtongue, who flees. Théoden evacuates the citizens to Helm's Deep as Saruman sends an army of Uruk-hai to intercept them. Gandalf seeks Éomer and his followers to urge them to support their king. Aragorn connects with Théoden's niece, Éowyn, who becomes infatuated with him. When Saruman's Warg-riding Orcs attack the refugees, Aragorn falls and is presumed dead, but he has visions of Arwen before being found by his horse, Brego. He rides to Helm's Deep as Saruman's army approaches the fortress. In Rivendell, Arwen is told by her father, Elrond, that Aragorn will not come back. He reminds her that if she remains in Middle-earth, she will outlive Aragorn by thousands of years, and she reluctantly departs for Valinor. Elrond is contacted by Galadriel of Lothlórien, who convinces him that the Elves should honour their alliance to men, and they dispatch a company of Elves to Helm's Deep. In Fangorn, Merry and Pippin meet Treebeard, an Ent. Convincing Treebeard that they are allies, they are brought to an Ent council, where the Ents decide not to participate in the coming war. Pippin asks Treebeard to take them toward Isengard, where they witness the deforestation caused by Saruman's war effort. Enraged, Treebeard and the Ents storm Isengard, flooding the deforestation operations and trapping Saruman in his tower. Aragorn arrives at Helm's Deep, warning Théoden of Saruman's army. Théoden prepares for battle despite being outnumbered. A company of Lothlorien Elves arrives to aid Rohan just before the attack. The Uruk-hai breach the outer wall with explosives and kill the Elves' commander, Haldir, in the charge. The defenders retreat to the keep, where Aragorn convinces Théoden to make a final charge. At dawn, Gandalf and Éomer arrive with the Rohirrim, turning the tide of battle. Gandalf warns Sauron will retaliate. Gollum leads Frodo and Sam to the Black Gate but recommends they enter Mordor by another route. Frodo and Sam are captured by Rangers led by Faramir, younger brother of the late Boromir. Frodo helps Faramir catch Gollum to save him from being killed by the Rangers. Learning of the One Ring, Faramir takes his captives to Gondor to bring the Ring to his father, Denethor. As they pass through the besieged city of Osgiliath, Sam warns Faramir that Boromir was driven mad by the Ring's power. A Nazgûl nearly captures Frodo, but Sam saves him and reminds a disheartened Frodo that they are fighting for the good still left in Middle-earth. Impressed by Frodo's resolve, Faramir releases them. Feeling betrayed by his capture, Gollum decides he will reclaim the Ring by leading Frodo and Sam to ""her"" upon arriving at Cirith Ungol."
96,Beverly Hills Cop II,ok,"In Beverly Hills, an organised criminal gang led by the ruthless Karla Fry carries out a precision robbery of a jewellery store, leaving behind an envelope marked ""A"" containing a cryptic code. Captain Andrew Bogomil investigates the robbery with Detective Billy Rosewood and Sergeant John Taggart, but is suspended by the egotistical new police chief, Harold Lutz, in retaliation for Rosewood contacting the FBI for assistance, believing outside help undermines his authority. On his way home, Bogomil is lured into a trap by Fry, who leaves him with near-fatal gunshot wounds and a letter marked ""B"". Learning of Bogomil's attack, his friend, Detroit police detective Axel Foley, travels to Beverly Hills to investigate. After examining expertly modified bullet casings recovered from the robbery, Foley visits a local gun club, where he meets Fry—who matches the description of one of the robbery's perpetrators—and learns similar casings were produced for the club's manager, Charles Cain. Furious that Cain used traceable ammunition, his employer, businessman Maxwell Dent, orders him to kill Foley. The assassination attempt by Cain's men fails, but Foley recovers a matchbook from which he lifts Cain's fingerprint. Foley breaks into the gun club that night and discovers a set of coordinates, which lead him, Rosewood, and Taggart to the city depository, the target of the ""C"" and ""D"" robberies. They foil the heist before pursuing the perpetrators' armored truck through Beverly Hills in a cement mixer, causing extensive collateral damage. Although the robbers escape, Foley, Rosewood, and Taggart trace the getaway vehicle to an event at the Playboy Mansion. Recognizing Fry from the gun club, Foley confronts her and Dent before they are all removed from the event. Foley learns from Dent's accountant that Dent and Fry have applied for visas to Costa Rica. At the same time, Bogomil's daughter Jan, uses her connections as an insurance agent to discover that Dent's companies are in financial difficulty and that he has allowed the insurance to lapse on all of them, except for his horse racetrack, Empyrean Fields. Foley deciphers the ""D"" letter and learns it is signed ""Carlos"", the Spanish version of Charles. Realizing the letter was deliberately easier to decode, Foley deduces that Dent is framing Cain as the Alphabet robber. Dent sends Cain with Fry during the racetrack robbery. Afterwards, Fry kills Cain, making it appear that he was killed by a guard. Lutz publicly announces that Cain was the Alphabet bandit and takes credit for the success. Foley notices red mud at the stables identical to traces found on Bogomil's running shoes. This leads Foley, Rosewood, and Taggart to Dent's nearby oil field, where Dent is using the $10 million stolen in the robberies to purchase weapons from arms dealer Nikos Thomopolis, intending to resell them in Central America for massive profit. Foley, Rosewood, and Taggart engage Dent's men in a shootout and destroy the trucks carrying the weapons with explosives. Dent attempts to run Foley down, but Foley shoots him dead before being struck by the vehicle. Fry attempts to kill Foley, but is shot dead by Taggart. As Dent's remaining associates attempt to flee, police reinforcements arrive and arrest Thomopolis and the rest of Dent's gang. Lutz and Mayor Egan also arrive; Lutz berates Rosewood and Taggart for their insubordination, but they finally stand up to him and prove that Dent was the mastermind behind the Alphabet crimes. Finally realizing Lutz's incompetence, the mayor dismisses him for jeopardizing the investigation and mistreating his officers. Following his recovery, Bogomil becomes the new police chief. As Foley prepares to return to Detroit, Mayor Egan telephones Inspector Todd to thank him for Foley's assistance, prompting Todd to angrily order him back to Detroit."
176,Saw (film),ok,"Adam Stanheight, a photographer, awakens in a dilapidated bathtub with his ankle chained to a pipe. Across the room is oncologist Dr. Lawrence Gordon, and between them is the corpse of a suicide victim holding a revolver and a microcassette recorder. Both men find a tape in their pockets, and Adam retrieves the recorder. Adam's tape urges him to survive, while Lawrence's tape orders him to kill Adam by 6:00, or his wife, Alison, and daughter, Diana, will be murdered. After listening to the tapes, the duo uncovers a clue leading Adam to find a bag containing two hacksaws inside the toilet. Both men try to saw through their chains, but Adam's saw breaks. Lawrence realizes that the saws are intended for their feet, and identifies their captor as the Jigsaw Killer, a serial killer who tests his victims' will to survive through murderous contraptions known as ""games""; Lawrence knows about him because he was once a suspect. Five months prior, Lawrence, after discussing the terminal brain cancer of patient John Kramer with his medical interns, was interrogated by detectives David Tapp and Steven Sing, who found his penlight at the scene of one of Jigsaw's games. Lawrence's alibi cleared him, but he agreed to view the testimony of heroin addict Amanda Young, the only known survivor of one of Jigsaw's traps. Tapp and Sing later found Jigsaw's warehouse using the videotape from Amanda's game. There, they detained Jigsaw and saved a man from a trap, but Jigsaw managed to escape after he critically injured Tapp; Sing was killed by a shotgun trap. In the present, Alison and Diana are tied up and gagged in their apartment, as their captor watches Adam and Lawrence through a hidden camera. The house is simultaneously watched by Tapp who, after being discharged from the police following Sing's death, has become obsessed with the Jigsaw case, and remains convinced that Lawrence is the killer. Meanwhile, Lawrence finds a box containing two cigarettes, a lighter, and a one-way cellphone. Adam asks Lawrence for the cigarette but Lawrence discourages this. He recounts his abduction in a parking garage by a pig-masked figure. Adam recalls his own abduction when he returned home to find a puppet in his darkroom, where he stored photos of Lawrence. Held at gunpoint, Alison calls her husband and warns him not to trust Adam, who admits to Lawrence that he was paid by Tapp to spy on him, and reveals his knowledge of Lawrence's affair with one of his medical students whom he had visited on the night of his abduction. Lawrence deduces that the affair is the reason why he is being tested. Adam finds a photo of Alison and Diana's captor, whom Lawrence identifies as Zep Hindle, an orderly at his hospital. Zep, seeing that Lawrence has still not killed Adam, moves to murder Alison and Diana while Lawrence listens, but Alison frees herself and fights him. The struggle attracts Tapp's attention, and he saves Alison and Diana before chasing Zep to the sewers, where he is shot in the chest after a brief fight. Lawrence, only aware of the gunshots and screaming, is shocked but cannot reach his cell phone. In desperation, he saws off his foot and shoots Adam with the corpse's revolver. Zep enters the bathroom to kill Lawrence, but Adam, having survived the gunshot, bludgeons him to death with the toilet tank lid. Lawrence crawls out of the bathroom to find help while Adam searches Zep's body for a key. He finds another tape, which reveals that Zep was just another victim of Jigsaw, following rules to obtain the antidote for a slow-acting poison in his body. The ""corpse"" lying in the room suddenly rises to its feet; it turns out to be John Kramer, who is the real Jigsaw Killer. John tells Adam that the key to his chain was in the bathtub; it went down the drain when Adam had first awoken and drained the water. Adam attempts to shoot John with Zep's gun, but John electrically shocks him through his chain. John exits the bathroom before sealing the door, leaving Adam alone to die."
299536,Avengers: Infinity War,ok,"Having acquired the Power Stone—one of six Infinity Stones—from the planet Xandar, Thanos and his lieutenants—Ebony Maw, Cull Obsidian, Proxima Midnight, and Corvus Glaive—intercept the spaceship carrying the survivors of Asgard's destruction.[a] After subduing Thor, Thanos extracts the Space Stone from the Tesseract, overpowers the Hulk, kills Loki, and fatally wounds Heimdall. Before dying, Heimdall sends Hulk to Earth using the Bifröst. Thanos and his lieutenants leave, destroying the ship. Hulk crash-lands in the Sanctum Sanctorum in New York City, reverting to the form of Bruce Banner. He warns Stephen Strange and Wong about Thanos's plan to destroy half of all life in the universe, and they recruit Tony Stark. Maw and Obsidian arrive to retrieve the Time Stone from Strange, drawing Peter Parker's attention. Maw, unable to take the Time Stone due to Strange's enchantment, captures him. Stark and Parker sneak aboard Maw's spaceship while Wong stays behind to guard the Sanctum. The Guardians of the Galaxy respond to the Asgardian ship's distress call and rescue Thor. Thor surmises that Thanos is after the Reality Stone, which Taneleer Tivan possesses on Knowhere. He travels with Rocket and Groot to Nidavellir to enlist the dwarf king Eitri's aid in creating the battle-axe Stormbreaker. Peter Quill, Gamora, Drax, and Mantis travel to Knowhere, finding Thanos already has the Reality Stone. Thanos kidnaps Gamora, who discloses the Soul Stone's location to save Nebula from torture. On Vormir, the Stone's keeper, Red Skull, tells Thanos that he can only acquire it by sacrificing someone he loves. Thanos sacrifices Gamora, earning the Stone. Midnight and Glaive ambush Wanda Maximoff and Vision in Edinburgh to retrieve the Mind Stone, which is in Vision's forehead. Steve Rogers, Natasha Romanoff, and Sam Wilson rescue them and they take shelter with James Rhodes and Banner at the Avengers Compound. Vision asks Wanda to destroy him and the Mind Stone to keep it from Thanos, but she refuses. The group travels to Wakanda, which Rogers believes has the resources to remove the Stone without killing Vision. Nebula escapes captivity and asks the remaining Guardians to meet her on Thanos's destroyed homeworld, Titan. Stark and Parker kill Maw and rescue Strange. The trio crash-lands on Titan, where they meet Quill, Drax, and Mantis. Using the Time Stone, Strange views millions of possible futures, seeing only one in which the Avengers win. The group formulates a plan to subdue Thanos and remove the Infinity Gauntlet, with which he safely houses and wields the Stones. Thanos appears, justifying his plans as necessary to guarantee the survival of an overpopulated universe. Nebula arrives soon after and helps the others subdue Thanos, but deduces that Thanos has killed Gamora. Enraged, Quill attacks Thanos, allowing him to break the group's hold and overpower them. Thanos grievously wounds Stark, but Strange offers the Time Stone in exchange for sparing Stark's life. In Wakanda, Rogers reunites with Bucky Barnes before Thanos' army invades. The Avengers, along with T'Challa and the Wakandan forces, mount a defense while Shuri works to extract the Mind Stone from Vision. Unable to summon the Hulk, Banner fights in Stark's Hulkbuster armor. Thor, Rocket, and Groot arrive to reinforce the Avengers. Together they kill Midnight, Obsidian, and Glaive, and rout Thanos's army. Shuri cannot complete the extraction before Thanos arrives on the field; the Avengers and their allies fail to stop him from reaching Vision. Vision convinces a reluctant Wanda to destroy him and the Mind Stone, but Thanos uses the Time Stone to reverse her actions, rip the stone from Vision's forehead, and complete the Gauntlet. Thor severely wounds Thanos with Stormbreaker, but Thanos activates the completed Gauntlet by snapping his fingers before teleporting away. Half of all life across the universe disintegrates, including Barnes, T'Challa, Groot, Wanda, Wilson, Mantis, Drax, Quill, Strange, Parker, Maria Hill, and Nick Fury, the last of whom sends an emergency signal on a modified pager before disintegrating.[b] Stark and Nebula remain stranded on Titan while Banner, M'Baku, Okoye, Rhodes, Rocket, Rogers, Romanoff, and Thor are left on the Wakandan battlefield. Meanwhile, Thanos watches a sunrise on a remote planet."
199,Star Trek: First Contact,ok,"In the 24th century, Captain Jean-Luc Picard awakens from a nightmare in which he relives his assimilation by the cybernetic Borg six years earlier. He is contacted by Starfleet, who inform him of a new Borg threat against Earth. Concerned that Picard is too emotionally involved with the Borg, Starfleet orders the USS Enterprise to patrol the Neutral Zone in case of Romulan aggression. During their patrol, the Enterprise learns that the fleet is losing the battle against the Borg. Picard and his crew disobey orders and head for Earth, where a single Borg Cube ship holds its own against a group of Starfleet vessels. Enterprise arrives in time to assist the crew of the USS Defiant and its commander, the Klingon Worf. Picard takes command of the fleet and directs the surviving ships to concentrate their firepower on a seemingly unimportant point on the Borg ship.[3] The Cube launches a smaller spherical ship towards Earth before being destroyed. Enterprise pursues the sphere into a temporal vortex. As the sphere disappears, Enterprise discovers Earth has been altered—Borg now populate it. Realizing the Borg have used time travel to change the past, Enterprise follows the sphere through the vortex.[4] Enterprise arrives hundreds of years in the past on April 4, 2063, the day before the historic warp drive flight that leads to humanity's first encounter with alien life. The crew surmise that the Borg are trying to prevent first contact and assimilate humanity while the planet is recovering from World War III. After destroying the Borg sphere, an away team transports down to Zefram Cochrane's warp ship, Phoenix, in Bozeman, Montana. Beverly Crusher and Cochrane's assistant Lily Sloane return to the Enterprise to treat her radiation sickness. Picard and Data also return to the ship after suspecting the Borg have survived their sphere's destruction, leaving Commander William T. Riker on Earth to make sure Phoenix's flight proceeds as planned.[5] While in the future Cochrane is seen as a hero, in reality he built the Phoenix for financial gain and is reluctant to be the historic figure the crew describes.[4] A group of Borg invade Enterprise's lower decks, assimilating some of the crew and modifying the ship. Picard and a team attempt to reach engineering to disable the Borg with a corrosive gas, but are forced back; the android Data is captured in the melee. A frightened Lily corners Picard with a weapon, but he gains her trust. The two escape the Borg-infested area of the ship by creating a diversion in the holodeck.[5] Picard, Worf, and the ship's navigator, Lieutenant Hawk, travel outside the ship in space suits to stop the Borg from using the navigational deflector to call for reinforcements, but Hawk is assimilated in the process. As the Borg assimilate more decks, Worf suggests destroying the ship, but Picard angrily calls him a coward. Lily confronts the captain and makes him realize he is acting irrationally because of his past with the Borg. Picard apologizes to Worf and orders the activation of the ship's self-destruct and evacuation of the crew to escape pods, while he stays behind to rescue Data.[6] As Cochrane, Riker, and engineer Geordi La Forge prepare to activate the warp drive on Phoenix, Picard discovers that the Borg Queen has grafted human skin onto Data, giving him the sensation of touch he has long desired so that she can obtain the android's encryption codes to the Enterprise computer. Although Picard offers himself to the Borg in exchange for Data's freedom, Data refuses to leave, deactivates the self-destruct, and fires torpedoes at Phoenix. At the last moment, the torpedoes miss, and the Queen discovers that Data has deceived her.[6] The android ruptures a coolant tank, and the corrosive vapor eats away the biological components of the Borg and Data's new skin. With the Borg threat neutralized, Cochrane completes his warp flight.[4] Later that night, the crew watches from a distance as an alien Vulcan ship, attracted by the Phoenix warp test, lands on Earth. Cochrane greets the aliens. Having ensured the correction of the timeline, Picard bids Lily farewell, and the Enterprise crew slips away and returns to the 24th century.[4]"
674,Harry Potter and the Goblet of Fire (film),ok,"Harry Potter has a nightmare in which a Muggle caretaker named Frank Bryce is murdered at the Riddle House after overhearing a plot by Lord Voldemort, Peter Pettigrew, and another man whom Harry does not recognise. The following morning, Harry attends the Quidditch World Cup with the Weasleys, Hermione Granger, Cedric Diggory and his father Amos. That night, Death Eaters attack the campsite after the tournament and the unknown man from Harry's nightmare casts the Dark Mark. At Hogwarts, Professor Dumbledore announces that the school will host the Triwizard Tournament along with the Durmstrang Institute and the Beauxbatons Academy. One student from each school will be chosen by the Goblet of Fire to participate; students under the age of seventeen are ineligible. The Goblet selects Fleur Delacour for Beauxbatons, Viktor Krum for Durmstrang, and Cedric for Hogwarts. It then chooses Harry as a fourth Champion, leading to much confusion. Many students believe Harry cheated, and Ron distances himself from him, hurt that Harry did not tell him when he allegedly entered. Harry is forced to compete due to a magical binding contract when a Champion's name was selected. For the first task, the Champions must retrieve an egg by getting past a dragon. Professor Alastor Moody, the new Defence Against the Dark Arts teacher, hints that Harry can use his wand to summon his broomstick. All four Champions collect their eggs. Ron reconciles with Harry after witnessing how perilous the first task was. On Christmas Eve, the school hosts the Yule Ball, but Harry and Ron could not attend with their preferred dates and instead go with Parvati and Padma Patil, respectively; Hermione goes with Viktor, provoking Ron's jealousy. Cedric advises Harry to use the Prefects' bathroom on the fifth floor of Hogwarts, take a bath, and submerge the egg in the water to find the second clue. For the second task, the Champions must rescue somebody of value to them from the Black Lake: Harry has to save Ron, Cedric has to save his girlfriend, Cho Chang, Viktor has to rescue Hermione, and Fleur has to save her sister, Gabrielle. Neville Longbottom gives Harry gillyweed to help him breathe underwater. Cedric comes in first, and Harry is awarded second place after he saves not only Ron, but also Gabrielle, after Fleur had withdrawn from the task. Harry later finds the lifeless body of Bartemius Crouch, a Ministry of Magic official, in the Forbidden Forest. In Dumbledore's office, he enters a Pensieve. He witnesses the questioning of Igor Karkaroff, current headmaster of Durmstrang, by Bartemius Crouch. Karkaroff is asked to name those who served Voldemort. He names Severus Snape, but Dumbledore vouches for Snape. Karkaroff then names Barty Crouch Jr. Harry recognises Barty Jr. from his nightmare. For the third task, the Champions must navigate a maze to reach the Triwizard Cup. Harry and Cedric reach the Cup only to discover it is a Portkey that transports them to the graveyard from Harry's dream. Pettigrew kills Cedric on Voldemort's orders. He then uses Harry's blood to fully restore Voldemort. Lucius Malfoy and the Death Eaters arrive and are punished by Voldemort, while Pettigrew is rewarded. Voldemort tortures Harry and attempts to use the Killing Curse on him but as it clashes with Harry's spell, the ghosts of Voldemort's previous victims: Cedric, Frank, and Harry's parents Lily and James appear, distracting Voldemort long enough for Harry to use the Cup to return to Hogwarts with Cedric's body. Harry informs Dumbledore of Cedric's murder and Voldemort's return. Harry is escorted by Moody to his office where he learns that Moody put his name into the Goblet and was guiding him to ensure the return of Voldemort. Just as Moody is about to kill Harry, Dumbledore, Snape, and Minerva McGonagall subdue Moody. Using Veritaserum, they learn that they have caught Barty Crouch Jr., who was impersonating Moody using Polyjuice Potion; the real Moody is imprisoned in a magical trunk. At a memorial ceremony, Dumbledore announces that Voldemort murdered Cedric, although the Ministry denies these claims. Harry informs Dumbledore of his encounter with Voldemort, which Dumbledore describes as Priori Incantatem. The three schools bid farewell, with Harry, Ron, and Hermione agreeing that everything will change."
55,Amores perros,ok,The film is constructed from three distinct stories linked by a car crash that brings the characters briefly together.
106646,The Wolf of Wall Street (2013 film),ok,"In 1987, twenty-two-year-old Jordan Belfort becomes a Wall Street stockbroker for L.F. Rothschild, employed under Mark Hanna. Quickly enticed by the drug-fueled stockbroker culture, he learns that their goal is to make themselves rich. Jordan loses his job following Black Monday, the largest one-day stock market drop since the crash of 1929, and joins Investor's Center, a boiler room brokerage on Long Island, specializing in pink sheet penny stocks. He makes a small fortune thanks to his aggressive pitching style and high commissions. Befriending neighbor Donnie Azoff, Jordan and he start their own boiler room brokerage. Jordan's childhood friends Robbie Feinberg, Alden Kupferburg, Nicky Koskoff, Chester Ming, and Toby Welch are recruited as well as drug pusher Brad Bodnick. Jordan trains them on the ""hard sell."" Jordan's tactics and salesmanship make his pump and dump scheme successful. To cloak this, Jordan gives the firm the respectable-sounding name of Stratton Oakmont in 1989. Soon after, the company becomes immensely successful, moving out of the auto repair shop into a bigger office. An exposé in Forbes which dubs Jordan ""The Wolf of Wall Street"" – ""a sort of twisted Robin Hood who takes from the rich and gives to himself and his merry band of brokers""— initially enrages Belfort until it causes hundreds of ambitious young financiers to flock to the company, thus causing them to move into even bigger offices. Jordan becomes immensely wealthy, and slides into a decadent lifestyle of prostitutes and drugs. He has an affair with lingerie designer Naomi Lapaglia; when his wife Teresa finds out, Jordan divorces her and marries Naomi in 1991. Meanwhile, the SEC and the FBI begin investigating Stratton Oakmont. In 1993, Jordan illegally makes $22 million in three hours after securing the IPO of Steve Madden, Ltd., founded by Donnie's childhood friend and women's shoes designer Steve Madden, bringing him and his firm further FBI attention. Jordan tries to bribe agent Denham but fails, prompting him to seek a safe place for the money. He opens a Swiss bank account with corrupt banker Jean-Jacques Saurel, in the name of Naomi's aunt Emma, a British citizen who is outside the immediate reach of American authorities. He uses Brad's Swiss-Slovenian wife Chantalle and her family, who have Swiss passports, to smuggle the cash into Switzerland. Donnie and Brad get into a heated argument in public during a money exchange, resulting in Brad's arrest as Donnie escapes. Donnie informs Jordan that he has come upon some ""Lemmon 714"" quaaludes, which the latter refers to as ""the holy grail"" of drugs. The two take the pills at Belfort's home, but they have no effect. They assume that they have expired, and wind up taking the rest of their supply. Jordan's private investigator Bo Dietl calls him and tells him he needs to talk to him on a payphone. Jordan drives to a local country club and calls Bo, who informs him that the FBI is wiretapping his phones. While talking with Bo, the quaaludes kick in, and Jordan becomes extremely inebriated, struggling to get home in his Lamborghini Countach. When he gets home, he finds Donnie talking on the phone, and nearly strangles him with the phone cord. Donnie chokes on some meat; Jordan ingests cocaine to counteract the quaaludes and gives him the Heimlich maneuver. The next day, the police arrive and inform Jordan that his car has been trashed. Jordan's father Max advises him to leave Stratton Oakmont and lie low while Jordan's lawyer negotiates a deal to keep him out of prison. In the midst of his farewell speech, Jordan cannot bear to quit and talks himself into staying, to the relief of his friends and employees, and the dismay of his father. In 1996, Jordan, Donnie, and their wives are on a yacht trip to Italy, when they learn that Emma has died. Fearing for the money he left under her name in a Swiss account, Jordan announces that they will chart a course to Switzerland to forge her name on a document and save the account before going to London for the funeral. To bypass the border patrols, he orders his yacht captain Ted to sail to Monaco, but their ship capsizes in a storm. After their rescue, the plane sent to take them to Geneva is destroyed when a seagull flies into the engine; Jordan takes this as a sign from God to address his worsening drug addiction and attempts to sober up. In 1998, Saurel and Koskoff are arrested for an unrelated crime, the former informing the FBI about Jordan as part of a plea bargain. Since the evidence against him is overwhelming, Jordan agrees to gather evidence from the rest of his colleagues in exchange for leniency. Now fully disgusted with Jordan's lifestyle, Naomi tells him that she is divorcing him, and is taking full custody of their children, causing Jordan to angrily punch her,  relapse on cocaine, and tries to drive away with their daughter, but crashes his car in the driveway. Later, Jordan wears a wire to work but slips a note to Donnie, warning him. The note is found by the FBI, who arrest Jordan, then raid and shut down Stratton Oakmont. Despite breaching his deal, Jordan receives a reduced sentence of 36 months in a minimum security prison for his testimony, and is released in 2000 after serving 22 months. After his release, Jordan makes a living hosting seminars on sales techniques, using the same test he used with his founding partners at his firm."
14,American Beauty (1999 film),ok,"Lester Burnham, a middle-aged media executive in suburbia, despises his job and is unhappily married to neurotic, status-obsessed Carolyn. Their 16-year-old daughter and only child, Jane, resents her parents and has low self-esteem. Retired Marine colonel Frank Fitts, his near-catatonic wife Barbara, and their teenage son Ricky move in next door. Ricky documents the world around him with a camcorder, collecting recordings on videotape in his bedroom, as he finds beauty in unexpected places and things; he pays for supplies by dealing marijuana, using his part-time catering and waitstaff jobs as a front. A strict and abusive disciplinarian, Frank previously had Ricky sent to a psychiatric hospital and military school. Gay couple Jim Olmeyer and Jim Berkley, also neighbors, welcome the Fitts family, angering the homophobic Frank. One evening during a cheerleading routine at a school basketball game, Lester becomes infatuated with Jane's best friend Angela Hayes, who brags to her classmates about being sexually experienced. He starts having sexual fantasies about her, in which red rose petals are a recurring motif. Carolyn begins an affair with married real estate ""King"" Buddy Kane. Lester quits his job, blackmails his supervisor into giving him a generous severance package, and starts working as a fry cook at a fast food restaurant. He also buys his dream car, a 1970 Pontiac Firebird, and starts regularly exercising after overhearing Angela teasing Jane that she would have sex with Lester if he improved his physique. He begins smoking marijuana supplied by Ricky and returning Angela's flirts. The girls' friendship wanes when Angela and Lester start having sexual interests in one another and when Jane starts a relationship with Ricky; while Angela thinks he is strange, Jane appreciates him for focusing on the beauty he sees within her. Buddy and Carolyn have a date at a shooting range. Lester then discovers Carolyn's infidelity when they order a meal at the fast food's drive-through. Buddy fears a costly divorce and ends the affair, while Carolyn is humiliated and simultaneously frustrated by her lack of professional success. Frank finds Ricky's recording of a nude Lester working out and becomes suspicious of their friendship, assuming that they are sexually involved after spying on their drug session. He viciously accuses Ricky of being gay and expels him from the house. Ricky defiantly embraces this forced dissociation. Carolyn withdraws a handgun from the glove box as she listens to a self-help tape during her commute. At home, Jane argues with Lester and Angela over Angela's sexual interest in Lester. Ricky interrupts to ask Jane to leave with him for New York City. Frank tentatively approaches Lester in the Burnhams' garage, then breaks down and tearfully embraces him. Lester comforts Frank and gently rebuffs Frank's attempts to kiss him. Lester finds Angela alone and consoles her, then professes his attraction to her during their conversation. As he begins to undress her on the couch, she confesses that she is a virgin. Realizing she feigned her level of sexual experience, he cannot continue. He bonds with her as they share their frustrations. Angela goes to the bathroom as Lester smiles at a family photograph, when an unseen figure shoots him in the back of the head at point-blank range. Carolyn finds Lester's body and hides in the master bedroom closet. She discards her gun and hugs Lester's clothing. Ricky and Jane, who had earlier considered killing Lester themselves, also find his body. A blood-soaked Frank returns home, a gun missing from his collection. Lester's closing narration expresses gratitude for the meaningful experiences in his life. Despite being murdered, he is finally happy, having found beauty in the world."
232,Rumble Fish,ok,"In Tulsa, Oklahoma, Rusty James is the younger brother of ""The Motorcycle Boy"", a legendary figure amongst the European-American gangs in the area who brokered peace between them. The Motorcycle Boy has been missing for two months, leaving the gangs to start to dissolve as heroin takes over the streets, while Rusty James tries to live up to his reputation. Rusty James fights a rival gang leader and gets the upper hand, but is distracted by the Motorcycle Boy's return, causing him to be wounded. The Motorcycle Boy runs the man down with his cycle before nursing Rusty James back to health. Rusty James's awkward, nerdy friend Steve helps the Motorcycle Boy, but is wary due to his rumored insanity similar to that of his long-absent mother. The brothers spend time with their impoverished, alcoholic father, who notes that the Motorcycle Boy takes after his mother. Rusty James quits school after his fighting gets him suspended and cheats on his girlfriend Patty at a party hosted by his friend Smokey. She breaks up with him and Smokey accosts her, making Rusty James realize that the party was set up so Smokey could take advantage of the situation and date her. Steve and the brothers go drinking and the Motorcycle Boy mentions that he found his mother dating a television producer while out in California and laments not getting to see the Pacific Ocean. Steve and Rusty James are mugged as they leave a bar, and Rusty James is beaten to the point where he has a brief out-of-body experience. The Motorcycle Boy saves them and tries to convince Rusty James to leave the gang life, but Steve decries him as insane, which Rusty James starts to believe. Rusty James finds the Motorcycle Boy in a pet store, where he is taken with the Siamese fighting fish (which he dubs ""rumble fish"" and are the only element of color in the film, as the Motorcycle Boy is colorblind). Patterson, a police officer who hates the Motorcycle Boy, regards them with suspicion. Rusty James's father tells him that the Motorcycle Boy and their mother are people with an ""acute perception"" rather than crazy. The brothers ride back to the pet store, where the Motorcycle Boy sets the animals loose while Rusty James fails to convince him to return to gang life. As the Motorcycle Boy asks him to take his cycle to the Pacific and hurries to a nearby river to drop the fighting fish, he is shot dead by a patrolling Patterson. Rusty James takes the fish and finishes carrying them to the river."
15,Citizen Kane,ok,"On a vast palatial estate in Florida, elderly wealthy newspaper publisher and industry magnate Charles Foster Kane dies in his mansion, Xanadu, uttering his last word, ""Rosebud"". With Kane's death sensational news around the world, a newsreel producer tasks reporter Jerry Thompson with discovering the meaning of ""Rosebud"". Thompson sets out to interview Kane's friends and associates. He tries to approach Kane's second wife, Susan Alexander Kane, now an alcoholic nightclub owner, but she refuses to talk to him. Thompson goes to the private archive of the late banker Walter Parks Thatcher, where he learns of Kane's early years in a Colorado boarding house. When gold was discovered in 1871 through a mining deed belonging to Kane's mother, Mary Kane, she hired Thatcher to establish a trust that would provide for Kane's education and assume guardianship of him, protecting him from his brutal father. While the young Kane plays happily in the snow with his sled, his parents introduced him to Thatcher and told him he would live with him, prompting the boy to angrily strike Thatcher with his sled and attempt to run away. At age 25, Kane gained control of his trust and, through the mine's productivity and Thatcher's shrewd investing, becomes one of the richest men in the world. Kane bought the New York Inquirer newspaper and embarked on a career of yellow journalism, publishing scandalous articles that attacked Thatcher's (and his own) business interests. Thompson interviews Kane's personal business manager, Mr. Bernstein, who recalls that Kane hired the best journalists available to build the Inquirer's circulation. Kane rose to power by successfully manipulating public opinion regarding the Spanish–American War and marrying Emily Norton, the niece of the President of the United States, before eventually selling the newspaper to Thatcher in the aftermath of the 1929 stock market crash. Thompson interviews Kane's estranged best friend, Jedediah Leland, in a retirement home. Leland says that Kane's marriage to Emily disintegrated over the years, despite their having a son, and he began an affair with amateur singer Susan Alexander while running for Governor of New York as a ""fighting liberal"". His opponent, Jim W. Gettys, discovered the affair, revealing it to Emily and the press, the public scandal ending Kane's political career. Kane married Susan and forced her into becoming an opera singer, which she had neither talent nor ambition for, and built a large opera house in Chicago for her to perform in. Kane fired Leland from the Inquirer after he wrote a bad review of Susan's disastrous opera debut, finishing and printing the negative review himself. Susan protested that she never wanted the opera career anyway, but Kane forced her to continue the season. Susan consents to an interview with Thompson and describes the aftermath of her opera career, which Kane allowed her to end after she attempted suicide. After many unhappy years at Xanadu, Kane and Susan's relationship turns bitter and violent, prompting Susan to leave. Kane's butler Raymond recounts that, after Susan moved out of Xanadu, Kane began violently destroying the contents of her former bedroom. When Kane discovered a snow globe, he calmed down and tearfully said ""Rosebud"". Having exhausted every lead, Thompson concludes that he cannot solve the mystery and that the meaning of Kane's last word will remain unknown. Kane's possessions at Xanadu are catalogued or discarded by the mansion's staff, who find the sled the eight-year-old Kane was playing on the day he was taken from his home in Colorado, and throw it into a furnace with other items. Unbeknownst to anyone, the sled's trade name is ""Rosebud""."
321,Mambo Italiano (film),ok,"Angelo Barberini is the oddball son of Italian immigrants Gino and Maria, who inadvertently ended up in Canada rather than the United States. Angelo shocks his parents – and his sister, Anna – by moving out on his own without getting married, and, shortly after that, shocks them further still when he reveals he is gay. But his boyfriend (and childhood best friend), policeman Nino Paventi, isn't as ready to come out of the closet – especially not to his busybody Sicilian mother, Lina."
259316,Fantastic Beasts and Where to Find Them (film),ok,"In 1926, British wizard and ""magizoologist"" Newt Scamander arrives in New York City. He observes Mary Lou Barebone, the non-magical (""No-Maj"" or ""Muggle"") head of the New Salem Philanthropic Society, preaching that witches and wizards are real and dangerous. Attempting to recapture a Niffler that escapes from his suitcase of magical creatures, Newt bumps into No-Maj Jacob Kowalski, an aspiring baker, and unwittingly swaps suitcases. Porpentina ""Tina"" Goldstein, a demoted Auror of the Magical Congress of the United States (MACUSA), spots the Niffler and arrests Newt for breaking magical law. Since the suitcase Newt holds contains only Jacob's baked goods, he is released. At home, Jacob opens Newt's suitcase, inadvertently freeing several creatures into the city, and is bitten by one. Tina and Newt follow a trail of wreckage and track down an ill Jacob and the case. To cure Jacob, Tina takes them both to her apartment and introduces them to Queenie, her Legilimens sister. Jacob and Queenie are mutually attracted, though it is illegal for wizards and witches to have any social relationship with No-Majs in America. To cure Jacob, Newt takes him inside his magically expanded suitcase, which houses various creatures, including an Obscurial of a deceased girl, a parasite that develops inside magically gifted children when their abilities are suppressed; those afflicted rarely live past the age of 10. After Newt and Jacob recapture two of the four escaped beasts, Tina grabs and returns the suitcase to MACUSA, but all three are arrested. Officials believe the Obscurial in Newt's case is responsible for the spate of destruction, including the killing of Senator Henry Shaw Jr., when instead the destruction was caused by a second Obscurial already in the city. The Director of Magical Security, Percival Graves, accuses Newt of conspiring with the infamous dark wizard Gellert Grindelwald, and decides to destroy Newt's case and its contents, and obliviate Jacob's recent memories. Newt and Tina are sentenced to death. Upon sensing this, Queenie rescues Jacob and helps Newt and Tina escape and retrieve the case before the sentences can be carried out. Later, in a speakeasy dive bar, a tip from Tina's goblin informant Gnarlak leads the four to recapture the last two escaped creatures. Graves approaches Credence, Mary Lou's adult adopted son, offering to free him from his abusive mother in exchange for helping to find the destructive Obscurial. Credence finds a wand under his younger adopted sister Modesty's bed. Mary Lou assumes it is his, but just as Credence is to be punished, the Obscurial kills Mary Lou and her elder adopted daughter, Chastity. Assuming Modesty is the Obscurial's host, Graves dismisses Credence as a squib reneging on his promise to teach him magic in return for service. Credence reveals he is the real host, having survived to maturity due to the intensity of his magic, and openly attacks the city. Newt finds Credence hiding in a subway tunnel and tries to persuade him to come with him, but Graves attacks him. Tina, who had tried to protect Credence from Mary Lou (which action had led to her demotion), attempts to calm the boy, while Graves tries to convince Credence to join him. As Credence returns to human form, MACUSA President Seraphina Picquery and the Aurors enter to counterattack, shattering the Obscurial to nothing in a barrage of magical blasts. Graves claims MACUSA's laws openly protect No-Majs at the expense of the magical community, and declares that he no longer cares to live in hiding. He confesses his plan to unleash the Obscurial and expose the magical community to No-Majs and frame Newt with his case of creatures for this. Picquery orders the Aurors to apprehend Graves, but he defeats them. Newt captures him with the help of one of his beasts and reveals Graves as Grindelwald in disguise, who is then arrested. Picquery laments that the destruction to the city is too extensive to keep their world secret anymore, but Newt releases his Thunderbird to disperse an extract in the form of rain that wipes recent bad memories across the city. During this, MACUSA wizards and witches - who are immune to the extract - repair the destruction and erase all traces of their existence. Queenie kisses Jacob goodbye as the rain seemingly erases his memories too. Before returning to Britain, Newt secretly gives Jacob his occamy silver eggshells, which Jacob uses as capital to open a bakery business. His business thrives, with unique baked goods crafted to resemble Newt's magical beasts. When Queenie enters his shop, he smiles at her, his memory revealed to have just been suppressed by her now reawakening."
272,Batman Begins,ok,"In Gotham City, young Bruce Wayne falls down a well and develops a fear of bats. One evening, Bruce visits the opera with his parents; the performers masquerading as bats upset him, and he asks to leave. As the Waynes leave the theater, a mugger named Joe Chill attempts to rob Bruce's parents and shoots them dead. Officer Jim Gordon comforts the orphaned Bruce. The Gotham police capture Chill, who is sent to prison for his crime. Bruce is raised by the family butler, Alfred Pennyworth. Fourteen years later, Chill testifies against mafia crime boss Carmine Falcone, and is paroled. Bruce intends to murder Chill to avenge his parents, but an assassin in Falcone's employ kills him first. Bruce's childhood friend, Rachel Dawes, confronts him about his desire for vengeance. After confronting Falcone, who says real power comes from being feared, Bruce spends the next seven years traveling the world, training in combat, and immersing himself in the criminal underworld. In a Bhutan prison, Bruce is approached by Henri Ducard, who recruits him into the League of Shadows, led by Ra's al Ghul. Ducard trains Bruce to conquer his fear using a hallucinogenic compound derived from the mountain's blue flowers. After completing his training, Bruce rejects the League's mandate for capital punishment and learns they plan to destroy Gotham, which Ra's believes is corrupt beyond saving. Bruce escapes after burning the League's temple; Ra's is killed by falling debris, while Bruce saves an unconscious Ducard. Intent on fighting crime and redeeming Gotham, Bruce returns to Gotham, Alfred, and his family's company, Wayne Enterprises, which is being taken public by businessman William Earle. Company archivist Lucius Fox, a friend of Bruce's father, allows him access to prototype defense technologies, including a protective bodysuit and the Tumbler, an armored vehicle. Finding the well from his childhood, Bruce explores further, discovering a vast cave underneath Wayne Manor. Bruce poses publicly as a shallow playboy while taking up the vigilante identity of ""Batman"", inspired by his childhood fear. Intercepting a drug shipment, Batman provides Rachel, now an Assistant District Attorney, with evidence against Falcone and enlists Sergeant James Gordon, one of Gotham's few honest police officers, to arrest him. In prison, Falcone meets with Dr. Jonathan Crane, a corrupt psychologist with whom Falcone has been smuggling drugs into Gotham. Falcone threatens to inform the police about a secret compound in the drugs unless Crane's mysterious employer cuts a deal with him. Donning a scarecrow mask, Crane sprays Falcone with a fear-inducing hallucinogen, driving him insane. While investigating Crane, Batman is sprayed with the hallucinogen. He awakens on his birthday, having been saved by Alfred and Fox, who developed an antidote for the toxin. Rachel confronts Crane, who reveals the drug has been introduced into Gotham's water supply and gives her a potentially lethal dose. Batman captures Crane, who claims to work for Ra's al Ghul. Evading the police in the Tumbler, Batman saves Rachel and administers Fox's antidote. He gives her two antidote vials: one for Gordon, and one for mass production. At Bruce's birthday party, Ducard reveals himself as the true Ra's al Ghul, who employed Crane to weaponize the League's blue flower compound. Having stolen a powerful microwave emitter from Wayne Enterprises, Ra's plans to vaporize Gotham's water supply, rendering Crane's drug airborne and causing mass hysteria that will destroy the city. He burns down Wayne Manor, but Alfred rescues Bruce. The League of Shadows releases Crane and the other Arkham inmates into the Narrows, a poverty-ridden district of Gotham. Rachel enters the Narrows and finds Gordon, but the police isolate the district. Ra's loads the emitter onto Gotham's monorail to release the drug at the city's central water source under Wayne Tower. Rachel is attacked by Crane but fends him off with a taser. As the gas strikes the Narrows, Rachel, the inoculated Gordon, and Batman struggle to survive. Batman reveals his identity to Rachel before fighting Ra's on the train. Gordon uses the Tumbler's cannons to destroy the monorail's track and Batman glides from the train as it derails and crashes, killing Ra's. Rachel now respects Bruce but refuses to be with him, promising they can be together when Gotham no longer needs Batman. Batman becomes a public hero. After purchasing a controlling stake in Wayne Enterprises, Bruce fires Earle and replaces him with Fox. Gordon is promoted to Lieutenant, shows Batman the Bat-Signal, and tells him about a criminal who leaves behind Joker playing cards.[a] Batman glides away into the night to investigate."
767,Harry Potter and the Half-Blood Prince (film),ok,"Lord Voldemort tightens his grip on the wizarding and Muggle worlds: his Death Eaters kidnap wandmaker Ollivander and destroy the Millennium Bridge. With Lucius Malfoy incarcerated in Azkaban, Voldemort chooses his son, Draco Malfoy, to carry out a secret mission at Hogwarts. Draco's mother, Narcissa, and aunt Bellatrix Lestrange seek out Severus Snape, who claims he is a spy in the Order of the Phoenix. Snape makes an Unbreakable Vow with Narcissa to protect Draco and fulfill his task. Harry Potter accompanies Albus Dumbledore to persuade former Potions professor Horace Slughorn to return to Hogwarts. At the Burrow, Harry reunites with his best friends, Ron and Hermione. In Diagon Alley, they see Draco and Narcissa, and follow them into Knockturn Alley. The pair meet with Death Eaters, including the werewolf, Fenrir Greyback. When Harry believes Draco is now a Death Eater, Ron and Hermione are skeptical. At Hogwarts, Harry discovers that his used Potions textbook is filled with notes and spells, added by the Half-Blood Prince. Using it, Harry excels in class, impressing Slughorn, who awards him a luck potion. Ron makes the Gryffindor Quidditch team as Keeper and begins dating Lavender Brown, upsetting Hermione, who harbours feelings for him. Harry consoles Hermione while acknowledging his own feelings for Ginny Weasley. Harry spends Christmas with the Weasleys. His suspicions about Draco are dismissed by the Order, but Arthur Weasley reveals that the Malfoys may be interested in a Vanishing Cabinet. Bellatrix and Greyback attack the Burrow in which Bellatrix boasts about killing Sirius Black. At Hogwarts, Dumbledore asks Harry to retrieve Slughorn's memory of a young Voldemort; Slughorn has resisted giving an accurate memory. After Ron accidentally ingests a love potion intended for Harry, Harry takes him to Slughorn for a cure. After curing Ron, Slughorn offers Harry and Ron mead. Ron is poisoned after drinking it, and while recovering in the infirmary, he murmurs Hermione's name, causing Lavender to end their relationship. Harry confronts Draco about the poisoned mead, and also a cursed necklace that nearly killed Katie Bell. Harry and Draco duel, and Harry uses one of the Half-Blood Prince's curses that severely injures Malfoy, and he is only saved by Snape. Fearing the book contains Dark Magic, Ginny persuades Harry to hide it in the Room of Requirement, where they share their first kiss. Harry uses his luck potion to convince the reluctant Slughorn to surrender the memory Dumbledore needs. Viewing it in the Pensieve, Dumbledore and Harry learn Voldemort sought information about Horcruxes, magical objects containing pieces of a wizard's soul for immortality. Dumbledore believes Voldemort divided his soul into six Horcruxes, two of which have been destroyed: Tom Riddle's diary[a] and Marvolo Gaunt's ring. They travel to a cave where Harry aids Dumbledore in drinking a potion that hides another Horcrux: Slytherin's locket. A weakened Dumbledore apparates them back to Hogwarts, where Bellatrix, Greyback, and the other Death Eaters have entered through the Vanishing Cabinet in the Room of Requirement that Draco has secretly connected to Knockturn Alley. As Harry hides, Draco appears and disarms Dumbledore, revealing that Voldemort chose him to kill Dumbledore. Draco hesitates; Snape arrives and kills Dumbledore with the Killing Curse. As the Death Eaters escape, Harry attacks Snape, and he reveals to Harry that he is the Half-Blood Prince. As Hogwarts mourns Dumbledore's death, Harry tells Ron and Hermione that the locket is fake and contains a message from ""R.A.B."", who stole the real Horcrux and intended to destroy it. The trio agrees to abandon their final year at Hogwarts, vowing to find and destroy Voldemort's remaining Horcruxes."
675,Harry Potter and the Order of the Phoenix (film),ok,"While staying at the Dursleys', Harry Potter and Dudley Dursley are attacked by Dementors. Harry repels them using a Patronus spell. The Ministry of Magic detects Harry using magic and expels him from Hogwarts, though he is later exonerated. The Order of the Phoenix, a secret organisation founded by Albus Dumbledore, informs Harry that the Ministry of Magic is attempting to stonewall rumors about Lord Voldemort's return.[a] At the Order's headquarters, Harry's godfather, Sirius Black, mentions that Voldemort seeks an object he previously lacked; Harry believes it to be a weapon. Minister for Magic Cornelius Fudge has appointed Dolores Umbridge as Hogwarts' new Defence Against the Dark Arts professor. Umbridge's refusal to teach defensive spells causes her and Harry to clash. Harry is forced to write lines for ""lying"" about Voldemort; a magic quill etches the words into his hand as he writes. Ron and Hermione are outraged, but Harry refuses to tell Dumbledore, who has distanced himself from Harry. As Umbridge gains more control over the school, Ron and Hermione help Harry form ""Dumbledore's Army"", a secret group to teach students defensive spells. Umbridge recruits Slytherins for an Inquisitorial Squad to spy on the other students. Meanwhile, Harry and Cho Chang develop romantic feelings for each other. One night, Harry envisions Arthur Weasley being attacked at the Ministry, seeing it from the attacker's perspective. Concerned that Voldemort will exploit this connection to Harry, Dumbledore has Severus Snape teach Harry Occlumency to defend his mind from Voldemort's influence. During a lesson, Harry sees Snape's memories of how his father, James, bullied and tormented Snape in school. The connection between Harry and Voldemort further isolates Harry from his friends. Meanwhile, Bellatrix Lestrange, Sirius's deranged Death Eater cousin, escapes Azkaban prison along with nine other Death Eaters. At Hogwarts, Umbridge and her Inquisitorial Squad expose Dumbledore's Army. Dumbledore, falsely accused of forming it, escapes as Fudge orders his arrest. Harry believes Cho betrayed Dumbledore's Army to Umbridge, ending their budding relationship. Umbridge becomes the new Headmistress. Harry experiences a vision that Voldemort is torturing Sirius. Harry, Ron, and Hermione rush to Umbridge's office to alert the Order via the Floo Network. Umbridge catches them and, as she is about to severely punish Harry, Hermione claims Dumbledore has hidden a ""secret weapon"" in the Forbidden Forest. She and Harry lead Umbridge to where Hagrid's giant half-brother, Grawp is kept. The centaurs confront them and kidnap Umbridge after she insults and attacks them. Harry, Hermione, Ron, Luna, Neville and Ginny fly to the Ministry of Magic on Thestrals to save Sirius. The six enter the Department of Mysteries and recover the object that Voldemort is after, a bottled prophecy labelled with Harry's name. Death Eaters ambush them, including Lucius Malfoy and Bellatrix Lestrange. Lucius reveals that Harry's vision of Sirius being tortured was a ruse to lure him there. Harry refuses to give Lucius the prophecy, and a fight ensues. The Death Eaters overpower the students and force Harry to surrender the prophecy. When Harry hands it to Lucius, Sirius and Remus Lupin arrive with Order members, including Nymphadora Tonks, Kingsley Shacklebolt and Mad-Eye Moody. Lucius accidentally drops the prophecy during the chaos, destroying it. Just as Sirius overpowers Lucius, Bellatrix kills Sirius. Voldemort appears, but moments before he can kill Harry, Dumbledore arrives. A violent duel erupts, destroying much of the Atrium, while Bellatrix escapes. The two wizards are evenly matched, so Voldemort possesses Harry's body, wanting Dumbledore to sacrifice him. The love Harry feels for his friends and family quickly drives out Voldemort. Ministry officials arrive before Voldemort disapparates; Fudge admits that Voldemort has returned and resigns in disgrace. Umbridge is dismissed and Dumbledore returns as Hogwarts headmaster. Dumbledore explains he had distanced himself from Harry to prevent Voldemort exploiting their connection. He also reveals the prophecy. As he grieves Sirius's death, Harry tries to accept the prophecy: ""Neither can live while the other survives."""
100402,Captain America: The Winter Soldier,ok,"Two years after the Battle of New York,[a] Steve Rogers works in Washington, D.C., for the espionage agency S.H.I.E.L.D., while adjusting to contemporary society. While running laps around the Lincoln Memorial Reflecting Pool and Tidal Basin, Rogers meets and befriends Sam Wilson, a VA counselor and former USAF pararescueman. Rogers is then sent with Agent Natasha Romanoff and S.H.I.E.L.D.'s counter-terrorism team S.T.R.I.K.E., led by Agent Brock Rumlow, to free hostages aboard a S.H.I.E.L.D. vessel from pirates led by Georges Batroc. During the mission, Rogers learns that Romanoff has a secret assignment from S.H.I.E.L.D. Director Nick Fury to extract data from the ship's computers. At the Triskelion, S.H.I.E.L.D.'s headquarters, Rogers confronts Fury and is briefed about Project Insight: three Helicarriers linked to spy satellites, designed to preemptively eliminate threats. Unable to decrypt Romanoff's data, Fury becomes suspicious about Insight and asks senior S.H.I.E.L.D. official Alexander Pierce to delay the project. On his way to rendezvous with Agent Maria Hill, Fury is ambushed by assailants led by an assassin called the Winter Soldier. Escaping to Rogers's apartment, Fury warns him that S.H.I.E.L.D. is compromised. He is shot by the Winter Soldier before handing Rogers a flash drive of the ship's data and tells him to trust no one. Fury is later pronounced dead during surgery. Pierce questions Rogers about Fury, but Rogers refuses to answer. He is branded a fugitive, escapes from S.T.R.I.K.E., and is joined by Romanoff. They use the flash drive to find a secret S.H.I.E.L.D. bunker in New Jersey, where they activate a supercomputer containing the preserved consciousness of Arnim Zola. Zola explains that after being captured by Rogers during World War II, he was recruited to S.H.I.E.L.D. and helped to secretly reform Hydra within its ranks. Over the decades, Hydra convinced the world to trade freedom for security and used the Winter Soldier to cover their tracks. Rogers and Romanoff narrowly escape a S.H.I.E.L.D. missile that destroys the bunker, and realize that Pierce is Hydra's leader within S.H.I.E.L.D. Rogers and Romanoff seek refuge at Sam Wilson's home, whom they discover uses a powered ""Falcon"" wingpack. The trio captures S.H.I.E.L.D. agent Jasper Sitwell, a Hydra mole, and force him to divulge that Zola developed a data mining algorithm that can identify current or future threats to Hydra. The Insight Helicarriers would sweep the globe using satellite-directed guns to eliminate these threats. Sitwell is killed in an ambush by the Winter Soldier, whom Rogers recognizes as his presumed-dead best friend Bucky Barnes. Barnes survived due to Zola's experimentation and has been repeatedly brainwashed and cryogenically frozen to perform Hydra's missions. Hill extracts Rogers, Romanoff, and Wilson to a safehouse where Fury, who faked his death, plans to sabotage the Helicarriers by replacing their control chips. After World Security Council members arrive at the Triskelion for the Insight launch, Rogers broadcasts Hydra's plot to the building. Romanoff, disguised as one of the Council members, disarms Pierce. Fury arrives and forces Pierce to unlock S.H.I.E.L.D.'s database so Romanoff can leak classified information, exposing Hydra to the public. Following a struggle, Fury fatally shoots Pierce. Rogers and Wilson raid two Helicarriers and replace the control chips, but Barnes destroys Wilson's wingpack and fights Rogers on the third. Rogers replaces the final chip, allowing Hill to take control and have the vessels destroy each other. He refuses to fight Barnes, who does not recognize Rogers but hesitates when given the chance to kill him. As the Helicarriers collide with the Triskelion, Rogers falls into the Potomac River. Rumlow, another Hydra agent, is injured in the destruction. Barnes rescues the unconscious Rogers before disappearing. With S.H.I.E.L.D. in disarray, Romanoff appears before a Senate subcommittee to defend her and Rogers's actions. Fury, under the cover of his apparent death, pursues Hydra's remaining cells. Rogers and Wilson decide to find Barnes. In a mid-credits scene, Baron Wolfgang von Strucker and his scientists at a Hydra lab dismiss the actions of Rogers and Romanoff as they examine an energy-filled scepter[b] and twin test subjects who have been given superhuman abilities: one has superhuman speed, the other has telekinetic powers.[c] In a post-credits scene, Barnes visits his own memorial at the Smithsonian Institution to learn about himself."
78,Blade Runner,ok,"In 2019 Los Angeles, former police officer Rick Deckard is detained by Officer Gaff, who likes to make origami figures, and is brought to his former supervisor, Bryant. Deckard, whose job as a ""blade runner"" was to track down bioengineered humanoids known as replicants and terminally ""retire"" them, is informed that four replicants are on Earth illegally. Deckard begins to leave, but Bryant makes veiled threats and Deckard stays. The two watch a video of a blade runner named Holden administering the Voight-Kampff test, which is designed to distinguish replicants from humans based on their emotional responses to questions. The test subject, Leon, shoots Holden on the second question. Bryant wants Deckard to retire Leon and three other Nexus-6 replicants: Roy Batty, Zhora, and Pris. Bryant has Deckard meet with the CEO of the company that creates the replicants, Eldon Tyrell, so he can administer the V-K test on a Nexus-6 to see if it works on them. Tyrell expresses his interest in seeing the test fail first and asks him to administer it on his assistant Rachael. After a much longer than standard test, Deckard concludes privately to Tyrell that Rachael is a replicant who believes she is human. Tyrell explains that she is an experiment who has been given false memories to provide an ""emotional cushion"", and that she has no knowledge of her true nature. In searching Leon's hotel room, Deckard finds photos and a scale from the skin of an animal, which is later identified as a synthetic snake scale. Deckard returns to his apartment, where Rachael is waiting. She tries to prove her humanity by showing him a family photo, but Deckard reveals that her memories are implants from Tyrell's niece, and she leaves in tears. Meanwhile, replicants Roy and Leon investigate a replicant eye-manufacturing laboratory and learn of J. F. Sebastian, a gifted genetic designer who works closely with Tyrell. Pris locates Sebastian and manipulates him to gain his trust. A photograph from Leon's apartment and the snake scale lead Deckard to a strip club, where Zhora works. After a confrontation and chase, Deckard kills Zhora. Bryant also orders him to retire Rachael, who has disappeared from the Tyrell Corporation. Deckard spots Rachael in a crowd, but he is ambushed by Leon, who knocks the gun out of Deckard's hand and beats him. As Leon is about to kill Deckard, Rachael saves him by using Deckard's gun to kill Leon. They return to Deckard's apartment and, during a discussion, he promises not to track her down, warning her that someone else will. As Rachael abruptly tries to leave, Deckard restrains her and forces her to kiss him, and she ultimately relents. Deckard leaves Rachael at his apartment and departs to search for the remaining replicants. Roy arrives at Sebastian's apartment and tells Pris that the other replicants are dead. Sebastian reveals that because of a genetic premature aging disorder, his life will be cut short, like the replicants that were built with a four-year lifespan. Roy uses Sebastian to gain entrance to Tyrell's penthouse. He demands more life from his maker, which Tyrell says is impossible. Roy confesses that he has done ""questionable things"" but Tyrell dismisses this, praising Roy's advanced design and accomplishments in his short life. Roy kisses Tyrell and then kills him by crushing his eyes and skull. Sebastian tries to flee and is later reported dead.[nb 1] At Sebastian's apartment, Deckard is ambushed by Pris, but he kills her as Roy returns. Roy's body begins to fail as the end of his lifespan nears. He chases Deckard through the building and onto the roof. Deckard tries to jump onto another roof but is left hanging from the edge. Roy makes the jump with ease and, as Deckard's grip loosens, Roy hoists him onto the roof to save him. Before Roy dies, he laments that his memories ""will be lost in time, like tears in rain"". Gaff arrives to congratulate Deckard, also reminding him that Rachael will not live, but ""then again, who does?"" Deckard returns to his apartment to retrieve Rachael. While escorting her to the elevator, he notices a small origami unicorn on the floor. He recalls Gaff's words and departs with Rachael."
120,The Lord of the Rings: The Fellowship of the Ring,ok,"In the Second Age of Middle-earth, the lords of Elves, Dwarves, and Men each receive Rings of Power. Unbeknownst to them, the Dark Lord Sauron forges the One Ring, imbuing it with his power to control the other Rings and conquer Middle-earth. An alliance of Men and Elves battles Sauron's forces in Mordor. Isildur of Gondor severs Sauron's finger, vanquishing him and returning him to spirit form, marking the beginning of the Third Age. The Ring corrupts Isildur, who takes it and is later killed by Orcs. The Ring is lost in a river for 2,500 years until it is found by Gollum, who possesses it for five centuries until it abandons him and is found by a hobbit named Bilbo Baggins. Decades later, Bilbo celebrates his 111th birthday in the Shire with his old friend, the wizard Gandalf the Grey. He leaves the Shire for one last adventure, passing on his inheritance, including the Ring, to his nephew Frodo. Gandalf investigates the Ring, learns its true nature, and discovers that Gollum was captured by Sauron and revealed two words during interrogation: ""Shire"" and ""Baggins"". Gandalf warns Frodo to leave the Shire. As Frodo departs with his gardener friend, Samwise Gamgee, Gandalf travels to Isengard to consult with the wizard Saruman. Saruman reveals Sauron has dispatched his nine Nazgûl servants to retrieve the Ring. Gandalf immediately attempts to flee to warn Frodo, but is imprisoned by Saruman, who has allied himself with Sauron. Frodo and Sam join up with fellow hobbits Merry and Pippin and evade the Nazgûl before reaching Bree to meet Gandalf, who never arrives. A Ranger named Strider helps them get to Rivendell but they are ambushed on Weathertop by the Nazgûl, who wound Frodo with a Morgul blade. Arwen, Strider's Elf beloved, finds them, rescues Frodo, and takes him to Rivendell to be healed and reunite with Gandalf, who had escaped Isengard on a Great Eagle. That night, Arwen declares to Strider she is willing to sacrifice her immortality for their love. Learning from Gandalf and that they now face threats from both Sauron and Saruman, Arwen's father Lord Elrond holds a council of Elves, Men, and Dwarves, also attended by Frodo and Gandalf. There they decide the Ring must be destroyed. However, Elrond explains that it can only be destroyed in the fires of Mount Doom, the volcano where it was forged. Frodo volunteers to take the Ring, accompanied by Gandalf, Sam, Merry, Pippin, the Elf Legolas, the Dwarf Gimli, Boromir of Gondor, and Strider—who is actually Aragorn, Isildur's heir and the rightful King of Gondor. The Fellowship of the Ring is forced to travel through the Mines of Moria due to a storm summoned by Saruman. Gandalf warns Frodo that Gollum, released from Sauron's fortress, has been trailing them with the intention to reclaim the Ring. They find the Dwarves of Moria dead and are attacked by Orcs and a troll. While they hold off the attack, they are pursued by a Balrog. The others escape as Gandalf confronts the Balrog and falls into a deep chasm while battling it. The devastated Fellowship reaches Lothlórien, where Galadriel, the Elf-queen, tells Frodo that he alone can complete the quest and warns that one of his companions will try to take the Ring. She shows him a vision of Sauron enslaving Middle-earth should he fail. Meanwhile, Saruman creates an army of Uruk-hai in Isengard to destroy the Fellowship. The Fellowship travels to Parth Galen by river. As warned by Galadriel, Frodo is confronted privately by Boromir, who attempts to take the Ring. Uruk-hai scouts ambush the group; their leader, Lurtz, mortally wounds Boromir as he fails to stop them from capturing Merry and Pippin. Aragorn arrives and kills Lurtz, comforting Boromir in his final moments, promising to aid Gondor in their conflict. Worried the Ring will corrupt his friends, Frodo decides to go to Mordor alone, but Sam insists on accompanying him, honouring Gandalf's promise to protect him. Aragorn, Legolas, and Gimli plan to rescue Merry and Pippin, while Frodo and Sam navigate the pass of Emyn Muil towards Mordor."
97,Tron,ok,"Leading software engineer Kevin Flynn, formerly employed by technology corporation ENCOM, now runs a video game arcade, where he hacks into ENCOM's system with a program called CLU, hoping to find proof that he is the true author of ENCOM's best-selling videogame, Space Paranoids. However, ENCOM's Master Control Program (MCP) halts his progress and deletes CLU. Within ENCOM, programmer Alan Bradley and his girlfriend, engineer Lora Baines, discover that the MCP has closed off their access to projects. When Alan confronts the senior executive vice president, Ed Dillinger, he asserts the security measures are an effort to stop the hacking attempts. However, when Dillinger privately questions the MCP through his computerized desk, he realizes the MCP has expanded into a powerful virtual intelligence and has been illegally appropriating personal, business, and government programs to increase its own capabilities. As Dillinger rose to the top of ENCOM by presenting Flynn's games as his own, the MCP blackmails Dillinger by threatening to expose his plagiarism should he not comply with its directives. Lora deduces that Flynn is the hacker, and she and Alan go to his arcade to warn him. Flynn reveals that he has been trying to locate evidence proving Dillinger's guilt. Together, the three form a plan to break into ENCOM and unlock Alan's ""Tron"" program, a self-governing security measure designed to protect the system and counter the functions of the MCP. Once inside ENCOM, the three split up, and Flynn comes into direct conflict with the MCP through a laboratory terminal. Before Flynn can get the information he needs, the MCP uses an experimental laser to digitize and upload him into the ENCOM gaming grid. There, computer programs are living entities appearing in the likeness of the human ""Users"" (programmers) who created them. The space is ruled by the MCP and its second-in-command, Sark (an avatar of Dillinger), who coerce programs to renounce their belief in the Users and force those who resist to compete in deadly games. Flynn is put into the games and plays well; between matches, he befriends two other captured programs, Ram and Tron. The three escape into the system during a round of Light Cycle (an arcade game Flynn created and is skilled at), but Flynn and Ram become separated from Tron by an MCP pursuit party. While attempting to help a badly injured Ram, Flynn learns that he can manipulate portions of the system by accessing his programmer knowledge. Just before Ram ""derezzes"" (essentially, being erased), he recognizes Flynn as a User, and encourages him to find Tron and free the system. Using his newfound ability, Flynn rebuilds a broken ""Recognizer"" craft and disguises himself as one of Sark's soldiers. Tron enlists help from Yori, a sympathetic program and avatar of Lora, and at an I/O tower receives information from Alan necessary to destroy the MCP. Flynn rejoins them, and the three board a hijacked solar sailer to reach the MCP's core. However, Sark's command ship derezzes the sailer, capturing Flynn and Yori and presumably killing Tron. Sark leaves the command ship and orders its deresolution, but Flynn keeps it intact by manipulating the system again. Sark reaches the MCP's core on a shuttle carrying captured programs deemed powerful or useful. While the MCP attempts to absorb these programs, Tron, who is still alive, confronts Sark and critically injures him, prompting the MCP to give Sark all its functions. Realizing that his ability to manipulate the system might give Tron an opening, Flynn leaps into the beam of the MCP, distracting it. Seeing a break in the MCP's shield, Tron attacks through the gap and destroys the MCP and erases Sark, ending the MCP's control over the system, releasing all lockouts on computer access, and allowing the captured programs to communicate with users again. Flynn reappears in the real world, rematerialized at the terminal. A printed document proves Dillinger's guilt and Flynn as the original author of Space Paranoids. The next morning, Dillinger enters his office to find the MCP deactivated and his theft exposed. Flynn is subsequently promoted to CEO of ENCOM and is happily greeted by Alan and Lora as their new boss."
81,Nausicaä of the Valley of the Wind (film),ok,"One thousand years have passed since the Seven Days of Fire, an apocalyptic war that destroyed civilization and caused an ecocide, creating the vast Toxic Jungle,[b] a poisonous forest swarming with giant mutant insects.[4] In the kingdom of the Valley of the Wind, a prophecy predicts a savior ""clothed in a blue robe, descending onto a golden field"". The Valley's 16-year-old princess Nausicaä explores the jungle and communicates with its creatures, including the gigantic, trilobite-like armored Ohm.[c] She hopes to understand the jungle and find a way for it and humans to coexist. One morning, a massive cargo aircraft from the militaristic Empire of Tolmekia crashes in the Valley despite Nausicaä's efforts to save it. Its sole survivor, Princess Lastelle of Pejite, asks Nausicaä to destroy the cargo before she dies. The cargo is an embryo of a Giant Warrior, one of the lethal, gargantuan humanoid bioweapons that caused the Seven Days of Fire. Tolmekia seized the embryo and Lastelle from Pejite, but their plane was unable to support the embryo's weight and landed in the forest, causing the insects to attack. One of the insects emerges wounded from the wreckage and poises to attack, but Nausicaä uses a bullroarer to calm it and guides it away from the village. Soon after, Tolmekian soldiers under the command of Princess Kushana invade the Valley and kill Nausicaä's father, Jihl. Nausicaä briefly fights the Tolmekians, but the Valley's elderly swordsmaster, Yupa, intervenes and ushers both Nausicaä and the Tolmekians to stand down. Kushana, having retrieved the Giant Warrior's embryo, plans to mature and use the bioweapon to burn the Toxic Jungle. The valley's wise woman, Obaba, warns that such a feat cannot be done as many have tried to destroy the forest before, but the Ohm have attacked and destroyed many cities and killed thousands of people. Yupa discovers a secret garden of jungle plants that had been cared for by Nausicaä; according to her findings, plants that grow in clean soil and water are not toxic, but the jungle's soil has been tainted by pollution. Kushana leaves for Tolmekian-occupied Pejite with Nausicaä and five hostages from the Valley, but a Pejite interceptor shoots down the Tolmekian airships carrying them. Nausicaä, Kushana and the hostages crash-land in the jungle, disturbing several Ohm, which Nausicaä soothes. She leaves to rescue the interceptor's pilot, who turns out to be Princess Lastelle's twin brother, Asbel, but both crash through a stratum of quicksand into a non-toxic area below the Toxic Jungle. Nausicaä realizes that the jungle plants purify the polluted topsoil, producing clean water and soil underground. Nausicaä and Asbel reach Pejite but find it ravaged by insects. They learn that the local survivors lured the insects to eradicate the Tolmekians, and are doing the same to the Valley. Nausicaä is taken prisoner, but escapes with the help of a group of Pejite sympathizers, including Asbel and his mother. She soon discovers two Pejite soldiers using a wounded baby Ohm to lure thousands of Ohm into the Valley. As the Tolmekians fight against the Ohm, the Giant Warrior, having hatched prematurely, disintegrates after killing a fraction of the Ohm. Meanwhile, Nausicaä fights the Pejite soldiers and liberates the baby Ohm, but the pink dress she received from Asbel's mother is drenched in the Ohm's blue blood. Nausicaä and the Ohm return to the Valley and stand before the herd but are run over. The Ohm calm down and resuscitate her with their golden antennae resembling vines. Nausicaä walks atop the vines as though golden fields, fulfilling the savior prophecy. With the Valley saved, the Ohm and Tolmekians leave as the Pejites remain with the Valley people, helping them rebuild. Deep underneath the Toxic Jungle, a non-toxic tree sprouts."
423,The Pianist (2002 film),ok,"In September 1939, Polish-Jewish pianist Władysław Szpilman plays live on the radio in Warsaw when the station is bombed during a Nazi German air raid against Warsaw. Szpilman and his family prepare to leave the city when they learn that Britain and France have declared war on Germany. Relieved at the news, Szpilman stays in Warsaw with his family. However, Poland is invaded and Warsaw falls under Nazi occupation. Jews are persecuted by the new government, heavily restricted from public life and forced to wear blue Star of David armbands. Szpilman and his family sell their belongings, including his grand piano, in order to survive. The Szpilmans are forced to abandon their home in late 1940 and move into the overcrowded Warsaw Ghetto. Conditions are deplorable, disease and starvation are rampant. Jews are under constant threat of brutality by the SS. Szpilman gets a job performing in a café frequented by upper-class Jews, who smuggle in forbidden goods to live comfortably. Szpilman witnesses a young boy savagely beaten by a guard and left for dead while attempting to escape the ghetto. The boy dies despite Szpilman's attempt to save him. Szpilman and his family also witness an SS raid on an apartment block opposite them, during which a man who uses a wheelchair is thrown off the balcony to his death. To the horror of the Szpilmans, the rest of the men are shot. Despite securing German work certificates, the Szpilmans are rounded up and herded, with hundreds of other Jews, onto trains. They were told they were going to labor camps, but the train is actually headed to the Treblinka extermination camp in August 1942 as part of Operation Reinhard. A member of the Jewish Ghetto Police, who Szpilman knows, separates Szpilman from his family at the railhead, allowing him to escape while his family is taken to the death camp. Szpilman wanders through the liquidated ghetto, bodies of executed Jews litter the streets, including children and an infant. Szpilman becomes a slave labourer and learns of an upcoming Warsaw Ghetto Uprising. He smuggles weapons into the ghetto and goes into hiding with help from his friends Andrzej Bogucki and his wife Janina Godlewska, who are with the Polish resistance. Szpilman watches the uprising unfold and fail in April 1943 from his hiding place. When a female neighbor attempts to report Szpilman, he travels to another hiding place in the German quarter, provided by the husband of his former romantic interest Dorota, who is pregnant. The new apartment is opposite a German Schutzpolizei station and has a piano, which Szpilman cannot play for fear of drawing attention. Szpilman suffers from malnourishment and jaundice, as he is neglected by his handler. After learning of his condition, Dorota and her husband obtain a doctor to treat him before leaving Warsaw. Szpilman recovers by August 1944 and witnesses the Warsaw Uprising unfold. The Home Army attacks the military hospital and police station across the street, taking positions in Szpilman's apartment block, but the resistance fighters are overrun. German troops destroy his apartment with a tank. Szpilman narrowly escapes from German soldiers and hides in the now abandoned hospital as Warsaw is destroyed in the fighting. When German troops later set fire to the hospital with flamethrowers during the razing of the city, Szpilman flees through the city's ruins and is discovered by Wehrmacht officer Wilm Hosenfeld, who learns that he is a pianist. After Szpilman plays Frédéric Chopin's ""Ballade No. 1 in G minor"" on the house's grand piano, the officer allows him to continue to hide in the house, providing him food. The Germans are forced to retreat from Warsaw because of a Soviet offensive in January 1945, Hosenfeld promises Szpilman he will listen to him on Polish Radio after the war and leaves him with a large supply of food and his greatcoat. After Warsaw is liberated, Szpilman is attacked by Polish soldiers who mistake him for a German because of his coat. The soldiers eventually spare him. Hosenfeld is held after the war in a Soviet POW camp. When passing former concentration camp inmates hurl abuses at the prisoners, one laments the loss of his career as a violinist. Hosenfeld asks if he knows Szpilman and implores the violinist to bring Szpilman as a character reference, but when they return to the site, Hosenfeld and the camp are long gone. Szpilman resumes his career, performing Chopin's ""Grande polonaise"" with an orchestra in a large concert hall to a full crowd. Wladyslaw Szpilman continued to live in Warsaw until his death on 6th July, 2000. He was 88 years old. The name of the German officer was Captain Wilm Hosenfeld. All that is known is that he died in a Soviet prisoner-of-war camp in 1952."
862,Toy Story,ok,"In a world where toys are sentient but pretend to be lifeless around humans, a group of toys, led by Sheriff Woody, are preparing to move to a new house with their young owner, Andy Davis, and his family. During the party for Andy's sixth birthday, the toys—including Mr. Potato Head, Slinky Dog, Rex, Hamm, and Bo Peep—become concerned that Andy might receive a new toy that will replace them. Andy receives a Buzz Lightyear action figure, who believes that he is an actual Space Ranger and does not know that he is a toy. Buzz impresses the others with his electronic features and becomes Andy's new favorite toy, much to Woody's jealousy. Two days before the move, Andy's family plans to have dinner at Pizza Planet, and Andy is allowed to bring one toy along. To ensure Andy brings him instead of Buzz, Woody tries to trap Buzz behind Andy's desk but accidentally knocks him out the window. Believing Woody pushed Buzz on purpose, the other toys rebel against Woody until Andy takes him into the car, with Buzz following. When the car stops at a gas station, Buzz furiously confronts Woody. The two fight, fall out of the car, and are left behind, but then manage to hitch a ride on a Pizza Planet delivery truck. At Pizza Planet, Buzz mistakes a claw machine for a rocket and climbs in, pursued by Woody. Sid Phillips, Andy's sadistic next-door neighbor, grabs Woody and Buzz with the claw and takes them to his house, where they encounter his mutant toys, made from parts of toys Sid has destroyed. After evading Sid's dog Scud, Buzz sees a television commercial promoting Buzz Lightyear toys and suffers an existential crisis, finally realizing that he is a toy. He attempts to fly, but falls and breaks his arm off. After Sid's toys repair Buzz, Sid tapes him to a firework rocket, planning to blow him up the following day. Overnight, Woody helps Buzz realize that his purpose is to make Andy happy, reinvigorating him. The next morning, as Sid prepares to launch the rocket, Woody and the mutant toys come to life and frighten him. After Sid flees, Woody and Buzz pursue the Davises' moving truck, but Scud attacks Woody. Buzz jumps off the truck and fights off Scud, while Woody climbs up and pushes RC out to rescue Buzz. The other toys think Woody is harming RC and promptly throw him out of the truck. Woody and Buzz race after the truck on RC, but his batteries run out. Woody ignites the rocket strapped to Buzz, and Buzz opens his wings to sever the tape just before the rocket explodes. Woody and Buzz glide through the sunroof of the Davises' car, landing safely inside. On Christmas in the new house, the toys happily listen to Andy opening his presents, no longer concerned over new toys replacing them. When Andy receives a puppy, Woody and Buzz nervously smile at each other."
161,Ocean's Eleven,ok,"Professional thief Danny Ocean is paroled after four years in a New Jersey prison. He breaks his parole by traveling to Los Angeles and reunites with friend and colleague Rusty Ryan. They travel to Las Vegas to secure financial backing from wealthy friend Reuben Tishkoff for a multi-million dollar heist to rob three casinos owned by Tishkoff's ruthless rival, Terry Benedict: the Bellagio, Mirage, and MGM Grand. Legally required to have enough cash to cover all casino patrons' bets, Danny estimates that during an upcoming high-profile boxing match, the casinos will hold over $150 million in an underground vault guarded by virtually unassailable security measures and systems. Having been forced out of his casino by Benedict, Tishkoff readily agrees to participate. Danny and Rusty recruit eight accomplices: con man Frank Catton, retired con man Saul Bloom, auto specialists Virgil and Turk Malloy, explosives expert Basher Tarr, surveillance technician Livingston Dell, acrobat Yen, and pickpocket Linus Caldwell. A precise replica of the vault is built to practice the heist, and team members are assigned to infiltrate or surveil the Bellagio to assess the security, staff routines, and the building's layout. Linus, tasked with tracking Benedict, discovers he is dating Danny's ex-wife, Tess. Believing Danny's motive is driven by wanting to reunite with Tess, Rusty wants to call off the heist, but Danny refuses. Danny later meets with Tess, who is still hurting from their failed relationship, and also Benedict, who has Danny barred from his casinos. The team commences the heist while Danny enters the Bellagio. Benedict has him detained in a surveillance-free room to be beaten by Bruiser, who secretly works with Danny. Danny reaches the vault elevator through the vent and meets up with Linus, who has infiltrated the casino as a state gaming official. Meanwhile, Saul, disguised as a wealthy foreigner, persuades Benedict to secure a briefcase containing jewels—actually disguised explosives—in the casino vault. Virgil and Turk smuggle Yen into the vault in a casino trolley. Basher triggers a stolen EMP device which disables electricity across Las Vegas, including the laser grid protecting the elevator shaft, allowing Danny and Linus to descend to the vault entrance. The pair neutralizes the guards and, with Yen, use Saul's explosive ""jewels"" to destroy the vault locks and secure the cash. Rusty calls Benedict and reveals the robbery, blackmailing him to surrender half the cash to a van waiting outside or else all the money will be blown up. Verifying the compromised vault by camera, Benedict complies, but has his men pursue the van while summoning a SWAT team to retake the vault. During the SWAT team's assault the explosives are detonated, destroying the remaining half of the cash while the thieves seemingly escape. Meanwhile, the van is discovered to be under remote control and the money bags filled with paper advertisements. Benedict dismisses the SWAT team before realizing that the video footage was faked because the Bellagio logo, a recent addition, was not on the vault's floor; the footage was from the team's replica vault. It is revealed that, after intercepting the 911 call, the team entered the casino disguised as SWAT members and left the vault with duffel bags containing over $160 million in cash. Danny returns to the secure room before Benedict arrives to confront him. Tess receives a call telling her to watch her TV which shows a surveillance camera feed of Danny tricking Benedict into admitting that he would give up Tess in exchange for the money's return. Unable to connect Danny to the heist, Benedict instead gets him arrested for parole violation; Danny and Tess reconcile before he is taken away. As dawn breaks, the remaining team contemplates their victory before going their separate ways. Several months later, Danny is released from prison and picked up by Rusty and Tess. They drive off, knowingly followed by Benedict's men."
395,Alien vs. Predator (film),ok,"A satellite detects a heat bloom beneath Bouvet Island, an island about 1,000 mi (1,600 km) off the coast of Antarctica. Wealthy industrialist Charles Bishop Weyland discovers through thermal imaging that there is a pyramid buried 2,000 ft (610 m) beneath the ice. He assembles a team of experts to investigate, including archaeologists, linguists, mercenaries, and mountaineering guide Lex Woods. Terminally ill, Weyland desires to claim the discovery in his name. Meanwhile, a Predator ship arrives at Earth and uses a heating device to melt a hole in the ice. When the team arrives at the abandoned whaling station, they find a newly made tunnel running directly from the ice's surface toward the pyramid beneath. The team descends the tunnel and begins to explore the pyramid, soon finding evidence of an ancient civilization and what appears to be a sacrificial chamber filled with human skeletons that all have ruptured rib cages. Meanwhile, three Predators ⁠– Scar, Celtic, and Chopper ⁠– arrive and kill the remaining team members on the surface. They make their way down to the pyramid and arrive just as the team unwittingly activates the structure and is trapped within it. A captured Xenomorph Queen is awakened from cryogenic stasis and begins to produce eggs. When the eggs hatch, several facehuggers attach themselves to several of the team members trapped in the sacrificial chamber. Chestbursters emerge from the humans and quickly grow into adult Xenomorphs. The humans take possession of the Predators' Plasmacasters, and conflict erupts between the Predators, Xenomorphs, and humans. Chopper is killed by a Xenomorph named Grid, and after an intense battle, Celtic is killed too. Weyland buys Lex and Italian archaeologist Sebastian De Rosa enough time to escape from Scar, who initially spares him due to his illness. After attempting to challenge Scar by using a flare and his oxygen breather as a makeshift flamethrower, Weyland is killed. The two witness Scar kill a facehugger and a Xenomorph before unmasking and marking both his mask and forehead with the acidic blood of the facehugger. After Lex and Sebastian leave, another facehugger attacks Scar. Through translation of the pyramid's hieroglyphs, Lex and Sebastian learn that the Predators have been visiting Earth for millennia. They taught the early human civilization how to build pyramids and were worshipped as gods. Once a century, they visit Earth to take part in a rite of passage by which several humans sacrifice themselves as hosts for the Xenomorphs, creating the ""ultimate prey"" for the Predators to hunt. As a fail-safe, if overwhelmed, the Predators would activate a self-destruct device to eliminate the Xenomorphs. They deduce that the Predators lured them into the pyramid to use as a sacrifice. Lex and Sebastian decide that the Predators must be allowed to succeed so that the Xenomorphs do not escape to the surface. Sebastian is captured by Grid, and Lex gives Scar a Plasmacaster. They are attacked by a Xenomorph, and Lex manages to kill it. Impressed, Scar uses parts of the alien's corpse to fashion a sword and shield for Lex, and the two strike up an alliance. Lex finds Sebastian, who has become the host of a Xenomorph. She mercy kills him with a pistol, but the Xenomorph Queen is freed from her restraints and, along with the other Xenomorphs, begin to pursue Lex and Scar. Scar detaches and uses the bomb in his Wrist Gauntlet to destroy the pyramid and the remaining Xenomorphs and their eggs. Lex and Scar reach the surface, and Scar uses acidic Xenomorph blood to mark Lex with the Xenomorph hunter symbol. The Xenomorph Queen reappears and attacks them, but they defeat the Queen by hooking her chains to a water tank and pushing her over a cliff to sink to the ocean floor under the tank's weight; Scar is mortally wounded in the battle when the Queen impales him through the back with her tail. A Predator spaceship appears, and its crew retrieves its fallen comrade. An elder Predator sees the hunter scar on Lex's face and gives her his spear as a gift as the spaceship departs; Lex walks over to a snowcat and leaves the area. On the Predator spaceship, Scar's body is placed at rest in front of a window by his comrades when a Predalien chestburster erupts from his chest."
680,Pulp Fiction,ok,"A young Butch Coolidge is visited by Captain Koons, an Air Force pilot. Koons reveals a gold watch to Butch and explains that the watch is a family heirloom and belonged to Butch's father, who served with Koons and died in a POW camp in the Vietnam War. Koons continues the tradition by giving the watch to Butch. Years later in Los Angeles, two hitmen, Jules Winnfield and Vincent Vega, drive to an apartment to retrieve a briefcase from Brett, a dishonest business partner for their boss, gangster Marsellus Wallace. Vincent mentions that Marsellus has instructed him to take his wife, Mia, to dinner the following night. At the apartment, they find Brett, Roger and an informant for Marsellus, Marvin. When Brett attempts to appease the two hitmen, Jules casually shoots Roger. He then recites a paraphrased passage from the Book of Ezekiel before he and Vincent kill Brett. Another man bursts out of the bathroom and fires at them, but misses every shot. Jules and Vincent kill him and leave with the briefcase and Marvin. While Jules is driving, Vincent accidentally shoots Marvin in the head, covering them in blood. They hide the car at the home of Jules' friend Jimmie, who demands they dispose of Marvin's corpse and the blood-stained car before his wife, Bonnie, comes home. Marsellus sends a cleaner, Winston Wolfe, who directs Jules and Vincent to hide the body in the trunk, clean the car, dispose of their bloody clothes and take the car to a junkyard. Afterwards, Jules and Vincent eat breakfast at a diner. Jules tells Vincent that he plans to retire from his life of crime, convinced that their survival at the apartment was divine intervention. While Vincent is in the bathroom, a pair of thieves, Pumpkin and Honey Bunny, hold up the diner and demand Marsellus' briefcase from Jules. Jules overpowers Pumpkin and holds him at gunpoint, making Honey Bunny hysterical. She points her gun at Jules; Vincent returns and points his gun at her. Jules defuses the situation, allowing the two to keep the money from only his wallet and letting them leave. Jules and Vincent meet Marsellus at a bar, where Marsellus is bribing an aging Butch to intentionally lose in his upcoming boxing match. The following night, Vincent purchases heroin from his drug dealer, Lance. He shoots up and drives to meet Mia at her house. They eat at a 1950s-themed restaurant and participate in a twist contest, then return home. While Vincent is in the bathroom, Mia finds his heroin, mistakes it for cocaine, and snorts it. She passes out from an overdose, and Vincent rushes her to Lance's house, where they revive her by injecting her heart with adrenaline. Vincent and Mia agree never to tell Marsellus about the incident. Butch double-crosses Marsellus by killing his opponent. He plans to flee with his girlfriend, Fabienne, but discovers that she has forgotten to pack the gold watch. Returning to his apartment to retrieve it, he notices a gun on the kitchen counter and hears the toilet flush. Vincent, who has been staking out Butch's apartment, emerges from the bathroom. Butch kills him with the gun and leaves. While returning to the motel, he sees Marsellus crossing the road. Marsellus chases Butch into a pawnshop. Maynard, the shop owner, captures them at gunpoint and gags them in the basement. Maynard and his accomplice, Zed, take Marsellus into another room and rape him. Butch breaks free and kills Maynard with a katana, freeing Marsellus who incapacitates Zed. Marsellus instructs Butch to tell no one about the incident and leave Los Angeles forever while he himself intends to ""get medieval"" on Zed. Butch picks up Fabienne on Zed's motorcycle."
116,Match Point,ok,"Recently retired tennis pro Chris Wilton is hired as an instructor at an upscale London club. He becomes friendly with wealthy club member, Tom Hewett. Tom's sister, Chloe, is smitten with Chris, and they begin dating. During a family gathering, Chris meets Tom's American fiancée Nola Rice, an aspiring actress. They are immediately attracted to each other. After Chloe persuades her father to give Chris an entry-level job at his company, he gradually blends into the family. While the clan gathers at the Hewett country house, Tom's mother, Eleanor, condescendingly questions Nola's struggling acting career, causing a dejected Nola to leave the house during a thunderstorm. Chris follows Nola and confesses his feelings for her. They kiss and have sex in a wheat field, but Nola considers the encounter a mistake while Chris wants an ongoing affair. Chris and Chloe marry, while Tom ends his relationship with Nola after falling in love with someone else. Chloe is obsessed with becoming pregnant, though Chris acts ambivalent and tries to track down Nola. When he happens to run into her, they begin an affair. When Nola becomes pregnant, Chris panics. He tells her to get an abortion, but she wants them to raise the child together. Chris becomes distant from Chloe, who suspects he is having an affair, which Chris denies. Nola presses Chris to divorce Chloe. Though Chris finds Chloe boring, he is unwilling to give up his promising career and the affluent lifestyle their marriage affords him. Chris feels trapped and lies to both Chloe and Nola. Tired of waiting, Nola angrily confronts Chris outside his apartment and threatens to tell Chloe everything. Desperate to cover it up, Chris later takes one of his father-in-law's hunting shotguns. He calls Nola saying he has good news and wants them to meet at her place. He gains entry into her neighbor Mrs. Eastby's flat and fatally shoots her, then stages a burglary by ransacking the rooms and stealing jewelry and prescription drugs. He hides in the hallway and kills Nola when she returns. He then meets Chloe at the theatre. Scotland Yard concludes the crime was likely committed by a drug addict. The next day, when the murder is reported in the news, Chris sneaks the shotgun back into the gun case. He and Chloe then announce to the family that she is pregnant. Detective Banner contacts Chris to request an interview concerning the murders. Before meeting the detectives, Chris throws Mrs. Eastby's jewelry and medicines into the river. By chance, her wedding ring bounces off the railing and falls to the pavement. At the police station, Chris lies about his relationship with Nola, but Banner surprises him with her diary, in which Chris is extensively featured. He confesses his affair but denies any link to the murder. Chris appeals to the detectives to avoid involving him further to protect his marriage. They agree to be discreet. Late one night, Nola and Mrs. Eastby appear as apparitions and warn Chris that his actions will have consequences. Nola berates him for his clumsy planning and execution, as if wanting to be caught; Chris defends his crimes, though wrong, were committed for a ""grander scheme"", and he can suppress his guilt. The same night, Banner dreams that Chris committed the murders. The next day, however, Banner's partner Dowd discredits his theory by revealing a drug addict found murdered on the streets had Eastby's ring. The detectives consider the case closed. Months later, Chloe has a baby boy. Tom blesses his newborn nephew with luck rather than greatness."
268,Batman (1989 film),ok,"Newspaper reporter Alexander Knox and photojournalist Vicki Vale investigate sightings of ""Batman"", a masked vigilante targeting Gotham City's criminals. Both attend a fundraiser hosted by billionaire Bruce Wayne, who is secretly Batman, having chosen this path after witnessing a mugger murder his parents when he was a child. During the event, Wayne becomes attracted to Vale. Meanwhile, mob boss Carl Grissom sends his sociopathic second-in-command Jack Napier to break into Axis Chemicals and retrieve incriminating evidence. However, this is secretly a ploy to have Napier murdered for carrying on an affair with Grissom's mistress, Alicia Hunt. Corrupt Gotham City police lieutenant Max Eckhardt arranges the hit on Napier by conducting an unauthorized raid on Axis Chemicals. However, Commissioner James Gordon learns of the raid and takes command, ordering the officers to capture Napier alive. Batman also appears, while Napier shoots and kills Eckhardt as revenge for the double-cross. During a scuffle with Batman, Napier topples off a catwalk and falls into a vat of chemicals. Although presumed dead, Napier survives with various disfigurements including chalk white skin and emerald-green hair and nails. He undergoes surgery to repair the damage, but ends up with a rictus grin. Driven insane by his hideous appearance, Napier, now calling himself ""the Joker"", kills Grissom, massacres Grissom's associates, and takes over his operations. The Joker begins terrorizing Gotham by lacing various hygiene products with ""Smylex"" – a deadly chemical that causes victims to die laughing. Joker soon becomes obsessed with Vicki and lures her to the Flugelheim Museum, which his henchmen vandalize. Batman rescues Vicki, takes her to the Batcave, and provides her with all of his research on Smylex, which will allow Gotham's residents to escape the toxin. Conflicted with his love for her, Wayne visits her apartment intending to reveal his secret identity, only for the Joker to interrupt the meeting. Joker asks Wayne, ""Have you ever danced with the devil in the pale moonlight?"", which Wayne recognizes as the phrase used by the mugger who murdered his parents. He shoots Wayne, who survives by hiding a serving tray underneath his shirt. Vicki is taken to the Batcave by Wayne's butler, Alfred Pennyworth, who had been coaxing the relationship between the pair. After Vicki learns his secret, Wayne chooses to battle the Joker for the sake of the city over their relationship. He then departs to destroy the Axis plant used to create Smylex. Meanwhile, Joker lures Gotham's citizens to a parade honoring Gotham's bicentennial with the promise of free money. This turns out to be a trap designed to dose them with Smylex gas held within giant parade balloons. Batman foils his plan by using his Batwing to remove the balloons, but Joker shoots him down. The Batwing crashes in front of a cathedral, which Joker uses to take Vicki hostage. Batman pursues the Joker, and in the ensuing fight, he identifies Napier killed his parents and thus, indirectly created Batman. Joker eventually pulls Batman and Vicki over the cathedral's roof, leaving them hanging while he calls for a helicopter piloted by his goons, who throw down a ladder for him to climb. Batman uses a grappling hook to attach Joker's leg to a crumbling gargoyle that eventually falls off the roof. Unable to bear the statue's immense weight, Joker falls to his death while Batman and Vicki make it to safety. Sometime later, Gordon announces that the police have arrested all of Joker's men, effectively dismantling the remains of Grissom's organizations, and unveils the Bat-Signal. Batman leaves the police a note, promising to defend Gotham should crime strike again, and asking them to use the Bat-Signal to summon him in times of need. Alfred takes Vicki to Wayne Manor, explaining that Wayne will be a little late. She responds that she is not surprised, as Batman looks at the signal's projection from a rooftop, standing watch over the city."
19,Metropolis (1927 film),ok,"In a dystopian world,[15] wealthy industrialists and business magnates and their top employees reign over the city of Metropolis from colossal skyscrapers, while underground-dwelling workers toil to operate the great machines that power it. Joh Fredersen is the city's master. His son, Freder, idles away his time at sports and in a pleasure garden, but is interrupted by the arrival of a young woman named Maria, who has brought a group of workers' children to witness the lifestyle of their rich ""brothers"". Maria and the children are ushered away, but Freder becomes fascinated by her. Against the strict rules of the city, he enters the lower levels to search for her. In the machine halls, he witnesses the explosion of a huge machine that kills and injures numerous workers. Freder has a hallucination that the machine is a temple of Moloch and the workers are being fed to it. When the hallucination ends, and he sees the dead workers being carried away on stretchers, he rushes to tell his father about the accident. Grot, foreman of the Heart Machine, brings Fredersen two maps found in the dead workers' pockets. Fredersen fires his assistant Josaphat for not being the first to bring him details about the explosion or the maps. After seeing his father's cold indifference towards the harsh conditions faced by the workers, Freder secretly rebels by deciding to help them. He enlists Josaphat's assistance and returns to the machine halls, taking the place of a worker who has collapsed from exhaustion. Fredersen takes the maps to the city's greatest inventor, Rotwang, to learn their meaning. Rotwang had been in love with a woman named Hel, who left him to marry Fredersen and later died giving birth to Freder. Rotwang shows Fredersen a robot he has built to ""resurrect"" Hel. The maps show a network of catacombs beneath Metropolis, and the two men go to investigate. They eavesdrop on a gathering of workers, including Freder. Maria addresses them, prophesying the arrival of a mediator who can bring the working and ruling classes together. Freder believes he can fill the role and declares his love for Maria. Fredersen orders Rotwang to give Maria's likeness to the robot so that it can discredit her among the workers, but is unaware of Rotwang's true plan to destroy Metropolis and kill Freder in revenge. Rotwang kidnaps Maria, fashions the robot in her image, and presents her to Fredersen. Freder finds the two embracing and, believing his father to have betrayed him, falls into a prolonged delirium. The false Maria dances sensuously at Rotwang's house and the Yoshiwara club, causing mayhem—the wealthy men do not recognize she is a machine. Intercut with Freder's hallucinations, the false Maria preaches to the workers that they must rise up against the surface world, resulting in chaos and dissent. Freder recovers and returns to the catacombs, accompanied by Josaphat. Finding the false Maria urging the workers to destroy the machines, he accuses her of not being the real Maria. The workers ignore him and carry out her wishes, smashing the machines and triggering a great flood in their underground city that threatens to drown their children. Fredersen and Rotwang struggle, and the real Maria, having escaped from Rotwang's house, rescues the children with help from Freder and Josaphat. Grot berates the celebrating workers for abandoning their children in the flood. The workers become hysterical and condemn the false Maria, burning her at the stake. A horrified Freder watches until the fire reveals her to be a robot. Rotwang, now suffering from a delusion that Maria is Hel, chases her to the roof of the cathedral, pursued by Freder. The two men fight as Fredersen and the workers watch from the street, and Rotwang falls to his death. Freder fulfills his destiny to unite the two halves of Metropolis' society by linking the hands of Fredersen and Grot to bring them together."
141,Donnie Darko,ok,"On October 2, 1988 in a Virginia suburb, troubled teenager Donald ""Donnie"" Darko sleepwalks outside, led by a mysterious voice. Once outside, he meets a figure named Frank in a monstrous rabbit costume. Frank tells Donnie that the world will end in 28 days, 6 hours, 42 minutes, and 12 seconds. Donnie wakes up the next morning on a local golf course and returns home to discover a jet engine has crashed into his bedroom. His older sister, Elizabeth, tells him the FAA investigators do not know its origin. Over the next several days, Donnie continues to have visions of Frank, and his parents, Eddie and Rose, send him to psychotherapist Dr. Thurman. Thurman believes Donnie is detached from reality and that his visions of Frank are ""daylight hallucinations"", symptomatic of paranoid schizophrenia. Frank asks Donnie if he believes in time travel, and Donnie in turn asks his science teacher, Dr. Kenneth Monnitoff. Monnitoff gives Donnie The Philosophy of Time Travel, a book written by Roberta Sparrow, a former science teacher at the school who is now a seemingly senile old woman living outside of town, known to the local teenagers as Grandma Death. Frank begins to influence Donnie's actions through his sleepwalking episodes, including causing him to flood his high school by breaking a water main, an act for which Donnie almost gets caught. Donnie later starts dating Gretchen Ross, who has recently moved into town with her mother under a new identity to escape her violent stepfather. Gym teacher Kitty Farmer begins teaching ""attitude lessons"" taken from local motivational speaker Jim Cunningham, but Donnie rebels against these, leading to friction between Kitty and Rose. Kitty arranges for Cunningham to speak at a school assembly, where Donnie insults him. He later finds Cunningham's wallet and address. Gretchen and Donnie go on a movie theater date, where Gretchen falls asleep and Frank reveals himself to be a teenager with his right eye hollow and bleeding. Frank then convinces Donnie to burn down Cunningham's house, which he does while Gretchen is at the theatre. Firefighters discover a hoard of child pornography at the burned remains. Cunningham is arrested, and Kitty, who wishes to testify in his defense, asks Rose to replace her as chaperone for their daughters' dance troupe on its trip to Los Angeles. With Rose in Los Angeles and Eddie away for business, Donnie and Elizabeth hold a Halloween costume party to celebrate Elizabeth's acceptance to Harvard. At the party, Gretchen arrives distraught as her mother has gone missing, and she and Donnie have sex for the first time. When Donnie realizes that Frank's prophesied end of the world is only hours away, he takes Gretchen and two other friends to see Sparrow. Instead of Sparrow, they find two high school bullies, Seth and Ricky, who are trying to rob Sparrow's home. Donnie, Seth, and Ricky fight in the road in front of her house just as Sparrow returns home. The bullies and Donnie's two friends leave when an oncoming car runs over Gretchen, killing her. The driver turns out to be Elizabeth's boyfriend, Frank Anderson, wearing the same rabbit costume from Donnie's visions. Angered, and realizing what is happening, Donnie shoots Frank in the right eye with his father's gun and walks home carrying Gretchen's body. Donnie returns home in the morning as a vortex forms over his house. He borrows one of his parents' cars, loads Gretchen's body into it, and drives to a nearby ridge that overlooks the town. There, he watches as the plane carrying Rose and the dance troupe home from Los Angeles gets caught in the vortex's wake, violently ripping off one of its engines and sending it back in time. Events of the previous 28 days unwind. Donnie wakes up in his bedroom, recognizes the date is October 2, and laughs as the jet engine falls into his bedroom, killing him. Around town, those whose lives Donnie would have touched wake up from troubled dreams. Gretchen rides by the Darko home the following day and learns of Donnie's death from his neighbor. Gretchen sees Rose, and the two wave at each other in a moment of déjà vu."
118340,Guardians of the Galaxy (film),ok,"In 1988, following his mother's death, the child Peter Quill is abducted from Earth by the Ravagers, a group of alien thieves and smugglers led by Yondu Udonta. In 2014, on the abandoned planet Morag, Quill steals a mysterious Orb but is attacked by henchmen of the fanatical Kree renegade Ronan the Accuser, led by Korath. Although Quill escapes with the Orb, Yondu discovers his theft and issues a bounty for his capture, while Ronan sends the assassin Gamora after the Orb. When Quill attempts to sell the Orb on Xandar, the capital of the Nova Empire, Gamora ambushes him and steals it. A fight ensues, drawing in a pair of bounty hunters: Rocket, a genetically and cybernetically modified raccoon, and his companion, the tree-like humanoid Groot. Nova Corps officers capture the four, detaining them in the Kyln prison. An inmate, Drax the Destroyer, attempts to kill Gamora due to her association with Ronan, who killed his wife and daughter. Quill convinces Drax that Gamora can bring Ronan to him, though Gamora reveals that she has betrayed Ronan, unwilling to let him use the Orb's power. Learning that Gamora intends to sell the Orb to the Collector Taneleer Tivan, Quill, Rocket, Groot, and Drax work with her to escape the Kyln in Quill's ship, the Milano. Ronan meets with Gamora's adoptive father, Thanos, to discuss her betrayal. Quill's group flees to Knowhere, a city planet inhabited by thieves and merchants made from the severed head of a dead Celestial. A drunken Drax summons Ronan while the rest of the group meets Tivan. Tivan opens the Orb, revealing an Infinity Stone, an item of immeasurable power that destroys all but the most powerful beings who wield it. Tivan's slave, Carina, grabs the Stone, triggering an explosion that engulfs Tivan's collection. Ronan arrives and easily defeats Drax, while the others flee by ship, pursued by Ronan's followers, including Gamora's adoptive sister Nebula. Nebula destroys Gamora's ship, leaving her floating in space, and Ronan's fighters capture the Orb. Quill contacts Yondu before following Gamora into space, giving her his helmet to survive; Yondu arrives and retrieves the pair. Rocket, Drax, and Groot threaten to attack Yondu's ship to rescue them, but Quill negotiates a truce, promising the Orb to Yondu. Quill's group agrees that facing Ronan means certain death but that they cannot let him use the Infinity Stone to destroy the galaxy. On Ronan's flagship, the Dark Aster, Ronan embeds the Stone in his warhammer, taking its power for himself. He contacts Thanos, threatening to kill him after first destroying Xandar. Hateful of her adoptive father, Nebula allies with Ronan. The Ravagers and Quill's group join the Nova Corps to confront the Dark Aster at Xandar, with Quill's group breaching the warship with the Milano. Ronan uses his empowered warhammer to destroy the Nova Corps fleet. Drax kills Korath, and Gamora defeats Nebula, who escapes. However, the group finds themselves outmatched by Ronan's power. Rocket crashes a Ravager ship through the Dark Aster. The damaged Dark Aster crash-lands on Xandar, with Groot sacrificing himself to shield the group. Ronan emerges from the wreck and prepares to destroy Xandar, but Quill distracts him, allowing Drax and Rocket to destroy Ronan's warhammer. Quill grabs the freed Stone, and with Gamora, Drax, and Rocket sharing its burden, uses it to vaporize Ronan. Quill gives Yondu a container supposedly containing the Stone and gives the real one to the Nova Corps. As the Ravagers leave Xandar, Kraglin Obfonteri remarks that it turned out well that they did not deliver Quill to his father per their contract. Quill's group, now known as the Guardians of the Galaxy, has their criminal records expunged, and Quill learns that he is only half-human, his father being part of an ancient, unknown species. Quill finally opens the last present he received from his mother, a cassette tape filled with her favorite songs. The Guardians leave in the rebuilt Milano along with a potted sapling cut from Groot, which grows into a baby version of him. In a post-credits scene, Tivan sits in his destroyed archive with two of his living exhibits: a canine cosmonaut and an anthropomorphic duck.[a]"
229,Bride of Frankenstein,ok,"In a castle on a stormy night, Percy Bysshe Shelley and Lord Byron praise Mary Shelley for her story of Frankenstein and his Monster. She reminds them that her intention for writing the novel was to impart a moral lesson, the consequences of a mortal man who tries to play God, then says she has more of the story to tell. Following the events of Frankenstein (1931), villagers gather around the burning windmill to cheer the apparent death of the Monster. Hans, the father of the girl the Monster drowned, wants to see the Monster's bones. He falls into a flooded pit underneath the mill, where the Monster—having survived the fire—strangles him. Hauling himself from the pit, the Monster also casts Hans' wife to her death. He next encounters Frankenstein's servant Minnie, who flees in terror. The body of Henry Frankenstein, who is thought to have died at the windmill, is returned to his fiancée Elizabeth at his castle home. Minnie arrives to sound the alarm about the Monster, but her warning goes unheeded. Elizabeth, seeing Henry move, realizes he is still alive. Nursed back to health by Elizabeth, Henry renounces his creation, but still believes he may be destined to unlock the secret of life and immortality. A hysterical Elizabeth cries that she foresees death. Henry visits the lab of his former mentor Doctor Septimus Pretorius, where Pretorius shows Henry several homunculi he has created. Pretorius wishes to work with Henry to create a mate for the Monster, with the proposed venture involving Pretorius growing an artificial brain while Henry gathers parts for the mate. Meanwhile, the Monster saves a young shepherdess from drowning. Her screams upon seeing the Monster alert two hunters, who shoot and injure him. They raise a mob that sets out in pursuit. Captured and trussed to a pole, the Monster is hauled to a dungeon and chained. Left alone, he breaks his chains, overpowers the guards, and escapes into the woods. That night, the Monster encounters an old blind hermit who thanks God for sending him a friend. He teaches the Monster words like ""friend"" and ""good"" and shares a meal with him. Two lost hunters stumble upon the cottage and recognize the Monster. He attacks them and accidentally burns down the cottage as the hunters lead the hermit away. Taking refuge from another angry mob in a crypt, the Monster spies Pretorius and his cronies Karl and Ludwig breaking open a grave. The henchmen depart as Pretorius has supper. The Monster reveals himself, eats some of the food, and learns that Pretorius plans to create a mate for him. Henry and Elizabeth, now married, are visited by Pretorius. Henry expresses his refusal to assist Pretorius, who calls the Monster. The Monster demands Henry's help, to no avail. Pretorius orders the Monster out, secretly signaling him to kidnap Elizabeth. Pretorius guarantees her safe return upon Henry's participation. Henry returns to his tower laboratory and, despite himself, grows excited over his work. After being assured of Elizabeth's safety, Henry completes the Bride's body. A storm rages as final preparations are made to bring the Bride to life. Her bandage-wrapped body is raised through the roof, where electricity is harnessed from lightning to animate her. Henry and Pretorius lower her and, after realizing their success in bringing her to life, remove her bandages and help her to stand. The Monster comes down the steps after killing Karl on the rooftop and sees the Bride. The Monster reaches out to her and asks, ""Friend?"" The Bride, screaming, rejects him. He observes, ""She hate me! Like others."" As Elizabeth races to Henry's side, the Monster rampages through the lab. Before destroying everything, the Monster pauses and tells Henry and Elizabeth: ""Go! You live! Go!"" To Pretorius and the Bride, he says: ""You stay. We belong dead."" While Henry and Elizabeth flee, the Bride hisses at the Monster. Shedding a tear, the Monster pulls a lever to trigger the laboratory and tower's destruction."
58,Pirates of the Caribbean: Dead Man's Chest,ok,"About one year after Will Turner and Elizabeth Swann helped Captain Jack Sparrow escape from Port Royal,[a] their wedding is interrupted by Lord Cutler Beckett of the East India Trading Company, who arrives with arrest warrants. Commodore James Norrington, who has since resigned from the British Navy after losing his ship, the HMS Dauntless, in a hurricane while pursuing Jack, also has a warrant. Later, revealing Letters of Marque signed by King George, Beckett offers to free Will and Elizabeth in exchange for recovering Sparrow's compass. Meanwhile, aboard the Black Pearl, Jack is visited by Will's father, Bootstrap Bill Turner, now a cursed crewman of the Flying Dutchman, captained by Davy Jones. Jack made a deal with Jones to raise the Pearl from the depths and 13 years as captain, a debt Jack must repay by now serving aboard the Dutchman or he will be dragged into Davy Jones' Locker by the Kraken, after which Bootstrap marks Jack with the Black Spot. Will finds Jack's crew on an island, helps them escape from a tribe of cannibals, and makes a deal with Jack to find the key to the Dead Man's Chest in return for Jack's compass. Afterward, Jack visits Tia Dalma, a voodoo priestess who helps in finding the chest, which holds Jones' still-beating heart; whoever has it can control Jones. Will is tricked into servitude with Jones' cursed crew aboard the Dutchman in Jack's stead, while Jones agrees to free Jack if he can provide 99 more souls in three days. Will reunites with Bootstrap Bill aboard the Dutchman, and learns that Jones himself possesses the key through a game of Liar's Dice. After Will escapes with the key by climbing aboard the Edinburgh Trader, Jones summons the Kraken to attack the ship, but Will manages to escape. Meanwhile, Elizabeth is broken out of prison by her father, Governor Swann, who is then captured himself. Elizabeth steals the Letters of Marque from Beckett and makes her way to Tortuga, where she finds both a drunken Norrington and Jack, who tricks Elizabeth into using his compass to find Jones' chest. All parties arrive on Isla Cruces, where the chest is buried. A three-way sword fight breaks out between Jack, Will, and Norrington, who all want the heart for their respective goals: Jack to negate his debt to Jones and call off the Kraken; Will to free his father from the Dutchman; and Norrington to regain his life as a Navy officer. Norrington secretly steals the heart and the Letters of Marque in the chaos before running off, drawing Jones' crew long enough for the others to escape. However, Jones sends the Kraken to attack the Pearl, killing most of Jack's crew and destroying all but one of the lifeboats, which Jack briefly uses to flee before returning to help wound the Kraken with a net full of gunpowder and rum. As Jack orders the survivors to abandon ship, Elizabeth realizes the Kraken only wants Jack and chains him to the mast so the crew can escape while the Kraken drags Jack and the Pearl to the depths. Seemingly satisfied that Jack’s debt is settled, Jones opens the chest and is enraged to find his heart missing. Norrington gives Beckett the Letters and Jones's heart, thereby reinstating Norrington in the Navy and allowing Beckett to gain control of Jones, the Dutchman, and the Kraken. Jack's crew return to Tia Dalma, and agree about the possibility of rescuing him at ""world's end"". Tia Dalma introduces their guide: Hector Barbossa, who has been resurrected."
550,Fight Club,ok,"The unnamed Narrator works an office job as an insurance claims examiner/insurance investigator[8]. He sees a doctor for his disordered sleep, complaining that he falls asleep unexpectedly and wakes up in unfamiliar places. The doctor suggests he attend a testicular cancer support group to see what actual pain looks like. The Narrator does so, and finds that the honesty and vulnerability he experiences there improve his sleep. He begins attending other support groups and encounters Marla Singer, another impostor, whose presence unnerves him. After a confrontation, the two agree to split the groups they attend. The Narrator meets luxury soap salesman Tyler Durden on a business flight. Upon returning home, the Narrator finds his apartment destroyed in an explosion, and calls Tyler. They meet at a bar, where Tyler criticizes the Narrator's consumerist lifestyle and mocks him for not directly asking for a place to stay. Tyler agrees the Narrator can stay with him, but first asks a favor: for the Narrator to punch him as hard as he can. The Narrator does so, instigating an agreeable exchange of painful blows. At Tyler's large and decrepit house, they start an underground ""Fight Club"" at the bar, as a way for men to reclaim control of their lives. Tyler saves Marla from an overdose, leading to a sexual relationship, while the Narrator remains cold to her. Tyler has the Narrator promise not to talk to Marla about him. His experiences at Fight Club transform the Narrator, and he grows increasingly disillusioned with his career. He extorts his boss by beating himself up in his boss's office, staging it as if the boss had assaulted him, and uses the hush money to expand Fight Club. He attracts new members, including his cancer support group friend, Robert ""Bob"" Paulsen. Tyler transforms the club into Project Mayhem, which commits increasingly destructive anti-capitalist acts. The Narrator confronts Tyler, who confesses to exploding the Narrator's apartment to free him from his consumerist lifestyle. They argue, then Tyler goes missing. When the police kill Bob during a Project Mayhem mission, the Narrator tries to dismantle Project Mayhem and discovers its nationwide reach. Across several cities, the Narrator finds local chapters and asks if they have seen Tyler, but they give evasive and confusing answers until one member identifies the Narrator as Mr. Durden. The Narrator calls Marla to enquire about their relationship; she calls him Tyler. Once she hangs up, Tyler appears in the room with the Narrator and rebukes him for involving Marla. The Narrator realizes he and Tyler are the same person, with Tyler taking control during the Narrator's apparent narcolepsy. The Narrator discovers Project Mayhem's ultimate objective: to erase all debt records by blowing up the skyscrapers of consumer credit companies. He warns Marla to stay away from him and goes to alert the police, but finds the officers are themselves Project Mayhem members. They attempt to castrate him on Tyler's orders. The Narrator escapes and disarms one of the bombs, prompting Tyler to attack him. The Narrator reasons that Tyler's gun must be in his own hand, and finds that he is now holding it. He shoots himself in the cheek, ""killing"" Tyler but leaving the Narrator alive. He and Marla hold hands and watch the skyline as buildings collapse."
252,Willy Wonka & the Chocolate Factory,ok,"Charlie Bucket, a 12-year-old paperboy from a poor family, passes by Willy Wonka's chocolate factory in Charlie's town, where a tinker tells him that nobody ever enters or exits the building. Charlie's grandfather, Joe, reveals that Wonka shut down the factory some years earlier due to espionage from rival confectioners. Though production resumed three years later, the factory remained closed to the public and the identities of the new workers remain unknown. The next day, it is globally announced that Wonka has hidden five Golden Tickets in Wonka Bars; the finders of the tickets will receive a private tour of the factory and a lifetime supply of chocolate. The first four tickets are found by the gluttonous West German Augustus Gloop, the spoiled Veruca Salt, the gum-loving Violet Beauregarde, and the television-loving Mike Teevee. A mysterious man is seen speaking to each child. Then, someone in Paraguay claims to have found the last ticket, but the authorities discover that it was forged. On the day before the factory tour, Charlie finds money in a gutter and uses it to purchase a Wonka Bar, which contains the fifth Golden Ticket. On his way home, he encounters the man who whispered to the other winners. The man speaks out loud this time, and introduces himself as Arthur Slugworth, one of Wonka's rivals, and offers Charlie a large sum of money in exchange for a sample of Wonka's latest invention, the Everlasting Gobstopper. Arriving home with the Golden Ticket, Charlie asks Grandpa Joe to chaperone him to the factory. The next day, Wonka greets the children and the 5 accompanied adults at the factory gates and leads them inside, passing ""Slugworth"" on the way, and once inside they are required to sign a contract. Inside, they meet the Oompa-Loompas, Wonka's workforce, and receive Everlasting Gobstoppers. All of the children have separate incidents disobeying Wonka's instructions and with their adult are expelled from the tour (except Grandpa Joe and Charlie): Augustus is sucked up a pipe after falling into the Chocolate River, Violet is transformed into a giant blueberry from chewing experimental gum, Charlie and Grandpa Joe sample Fizzy Lifting Drinks causing them to float dangerously close to a large fan but descend safely by burping, Veruca and her father fall down a garbage chute, and Mike is shrunken after misusing the Wonkavision teleporter. When the tour is over, Wonka hastily dismisses Charlie and Grandpa Joe and retreats to his office. When Grandpa Joe asks Wonka about Charlie's promised lifetime supply of chocolate, Wonka tells them that they have forfeited it on the grounds that they violated the contract by stealing the Fizzy Lifting Drinks. Grandpa Joe wishes to give the Gobstopper to Slugworth out of spite, but Charlie returns it to Wonka. Wonka declares Charlie the winner of the contest and reveals that ""Slugworth"" was actually one of his employees, Mr. Wilkinson, and that the offer was a test of character for the kids. Wonka then invites Charlie and Grandpa Joe to fly over the town in the Wonkavator, a multi-directional glass elevator. Wonka then explains that he created the contest to find an honest child to succeed him as the factory's owner. Charlie, having fulfilled that, is invited along with his family to come and live in the factory."
11324,Shutter Island (film),ok,"In 1954, U.S. Marshal Edward ""Teddy"" Daniels and his new partner Chuck Aule travel to Ashecliffe Hospital for the criminally insane on Shutter Island in Boston Harbor. They are investigating the disappearance of Rachel Solando, a patient of the hospital who had killed her three children by drowning. The staff, led by psychiatrist Dr. John Cawley and his colleague Dr. Jerimiah Naehring, appear uncooperative. The marshals learn that Dr. Lester Sheehan, who was treating Solando, left the island on vacation immediately after Solando disappeared. Teddy experiences migraines and flashbacks of his time as a U.S. soldier in the liberation of Dachau, as well as vivid dreams of his wife Dolores, who was killed in a fire in their building set by pyromaniac Andrew Laeddis. Teddy tells Chuck he took this case to find Laeddis, who he believes is a patient. Solando suddenly resurfaces, but believes Teddy is her husband. Teddy breaks into the restricted Ward C to find Laeddis, but meets patient George Noyce, who acts as if he knows Teddy. Noyce says the doctors experiment on patients and lobotomize them in the lighthouse. He warns Teddy that everyone will deceive him and not to trust his partner Chuck. Teddy and Chuck climb the cliffs toward the lighthouse but are separated. Believing he saw Chuck's body on the rocks below, Teddy climbs down but finds a cave where a woman claiming to be the real Rachel Solando is hiding. She reveals she is a former psychiatrist who discovered clandestine experiments on mind control at the facility, and was forcibly committed to silence her. She warns that Cawley and Naehring will use Teddy's war trauma to feign a psychotic break, so they can have him committed. Teddy returns to the hospital. When he asks about Chuck, Cawley insists that Teddy arrived at Shutter Island alone. Convinced that Chuck has been taken to the lighthouse, Teddy is intercepted by Naehring, who attempts to sedate him. Teddy overpowers him and breaks into the lighthouse to find Cawley waiting for him. Cawley tells him that Rachel Solando never existed and that Teddy has not been drugged but is experiencing withdrawal from chlorpromazine, a neuroleptic medication he has taken for the past two years. Chuck arrives and reveals that he is Dr. Sheehan. Cawley reveals that ""Teddy"" is really Andrew Laeddis, a former U.S. Marshal incarcerated at Ashecliffe for killing his manic depressive wife Dolores Chanal after she drowned their three children. Andrew failed to seek treatment for Dolores when she burned down their apartment. He instead moved his family to a lakehouse where Dolores carried out the killings. As a result of his guilt, Andrew became delusional and created the alternate persona of Edward Daniels.[a] The ""investigation"" of Rachel Solando was an elaborate roleplay, supported by hospital staff, to help Andrew play out his delusion so he might break out of it and return to reality. Overwhelmed, Andrew faints. Awakening, Andrew recounts the truth, satisfying the doctors that he is lucid. Cawley notes they had achieved this state nine months ago but had quickly regressed. He warns that this will be Andrew's last chance, and if he lapses again, he will be lobotomized due to his violent conduct toward the guards and other patients, such as Noyce. Some time later, Andrew relaxes on the hospital grounds with Sheehan. Appearing delusional, he calls Sheehan ""Chuck"", and says they must leave the island. Sheehan signals to a watching Cawley, who orders the lobotomy. Andrew asks Sheehan if it would be worse ""to live as a monster or to die as a good man"". A stunned Sheehan calls Andrew ""Teddy"", but the latter does not respond and leaves peacefully with the orderlies for his operation."
602,Independence Day (1996 film),ok,"On July 2, 1996, an extraterrestrial mothership, entering Earth's orbit outside the Moon, deploys its flying saucers, each 15 mi (24 km) in diameter, which hover over major cities worldwide. U.S. Marine Captain Steven Hiller and his unit, the Black Knights fighter squadron stationed out of MCAS El Toro, are called back from Independence Day leave; his girlfriend, Jasmine Dubrow, decides to flee Los Angeles with her son, Dylan. Retired combat pilot Russell Casse, now an alcoholic single father and crop duster, sees this as vindication of the alien abduction he has been claiming for 10 years. In New York City, technician David Levinson decodes a signal embedded within global satellite transmissions, realizing it is the aliens' countdown for a coordinated attack. Aided by his ex-wife, White House Communications Director Constance Spano, David and his father Julius reach the Oval Office in Washington, D.C. and alert President Thomas Whitmore. Whitmore orders evacuations of Los Angeles, New York City, and the District of Columbia, but it is too late. Each saucer fires a beam, incinerating every targeted city, killing millions. Whitmore, Spano, the Levinsons, and a few others barely escape aboard Air Force One while Jasmine and Dylan take shelter in a tunnel's inspection alcove and survive the destruction of Los Angeles. On July 3, Earth's military retaliations against the invaders are thwarted by the alien warships' force fields. Each saucer launches shielded fighters, devastating the human fighter squadrons and military bases, including Steven's. Steven lures one fighter into the Grand Canyon before ejecting from his plane, blinding the fighter using his parachute and causing it to crash in the Mojave Desert. He subdues the downed alien and flags down the convoy of refugees Russell joined with, transporting the alien to Area 51, where Whitmore's plane has landed. U.S. Defense Secretary Albert Nimziki reveals that a government faction has been involved in a UFO conspiracy since 1947, when one of the invaders' fighters crashed near Roswell, New Mexico. Area 51 houses the refurbished ship and three alien corpses from the crash. Chief scientist Dr. Brackish Okun examines the alien captured by Steven, which awakens, telepathically invades Okun's mind, and psychically attacks Whitmore before the alien is killed by Secret Service agents and military personnel. Whitmore learns the invaders' plan from the psychic attack; they intend to annihilate Earth's inhabitants while harvesting its natural resources, as they have done to other planetary civilizations. Whitmore reluctantly authorizes a trial nuclear attack against a saucer above a mostly evacuated Houston, but while Houston is destroyed, the saucer's force field protects it from the blast. All subsequent nuclear attacks are aborted. Jasmine and Dylan, having commandeered a highway maintenance truck and rescued several survivors, including the badly injured First Lady, Marilyn Whitmore, reunite with Steven, who takes them to Area 51, where Marilyn succumbs to her injuries after reuniting with her own family. On July 4, inspired by Julius, David plans to infiltrate the enemy using the refurbished fighter and a computer virus he developed with Area 51 researchers. Once docked with the mothership, it will upload the virus into its operating system  to disable the shields before a tactical nuclear missile destroys the enemy vessel. Steven volunteers as the mission's pilot, and the U.S. military contacts other nations using Morse code to organize a united aerial counterattack. Lacking pilots, Whitmore and General William Grey enlist volunteers with flight experience, including Russell, to fly the remaining jets. Steven marries Jasmine, with David and Constance present, during which the divorced pair reconciles before Steven and David leave on the mission. Entering the mothership, they upload the virus. With the shields down, Whitmore's squadron engages a saucer targeting the Area 51 base. They exhaust their ammunition, and as the saucer readies to fire, Russell sacrifices himself by crashing into its primary weapon, destroying the saucer. Grey orders notifications to resistance groups worldwide about the saucers' critical weakness, leading to their destruction. Steven and David launch the missile and narrowly escape the destruction of the mothership and all the aliens in it. As humanity celebrates its victory against the aliens, Steven and David are rescued after surviving the crash and are reunited with their families."
194,Amélie,ok,"Amélie Poulain is born in 1974 and brought up by eccentric parents who – incorrectly believing that she has a heart defect – decide to homeschool her. To cope with her loneliness, Amélie develops an active imagination and a mischievous personality. When Amélie is six, her mother, Amandine, is killed when a suicidal Canadian tourist jumps from the roof of Notre-Dame de Paris and lands on her. As a result, her father, Raphaël, withdraws more and more from society. Amélie leaves home at the age of 18 and becomes a waitress at the Café des 2 Moulins in Montmartre, which is staffed and frequented by a collection of eccentrics. She is single and lets her imagination roam freely, finding contentment in simple pleasures like dipping her hand into grain sacks, cracking crème brûlée with a spoon, and skipping stones along the Canal Saint-Martin.[8] On 31 August 1997, startled by the news of the death of Diana, Princess of Wales, Amélie drops a plastic perfume-stopper, which dislodges a wall tile and accidentally reveals an old metal box which contains childhood memorabilia hidden by a boy who lived in her apartment decades earlier. Amélie resolves to track down the boy and return the box to him. She promises herself that if it makes him happy, she will devote her life to bringing happiness to others. After asking the apartment's concierge and several old tenants about the boy's identity, Amélie meets her reclusive neighbour, Raymond Dufayel, an artist with brittle bone disease who replicates Pierre-Auguste Renoir's 1881 painting Luncheon of the Boating Party every year. He recalls the boy's name as ""Bretodeau"". Amélie finds the man, Dominique Bretodeau, and surreptitiously gives him the box. Moved to tears by the discovery and the memories it holds, Bretodeau resolves to reconcile with his estranged daughter and the grandson he has never met. Amélie happily embarks on her new mission. Amélie secretly executes complex schemes that positively affect the lives of those around her. She escorts a blind man to the Métro station while giving him a rich description of the street scenes he passes. She persuades her father to follow his dream of touring the world by stealing his garden gnome and having a flight attendant friend mail pictures of it posing with landmarks from all over the world. She starts a romance between her hypochondriacal co-worker Georgette and Joseph, a patron of the café. She convinces Madeleine Wallace, the concierge of her block of flats, that the husband who abandoned her had sent her a final conciliatory love letter just before his accidental death years before. She plays practical jokes on Collignon, the nasty greengrocer. Mentally exhausted, Collignon no longer abuses his meek, good-natured assistant Lucien. A delighted Lucien subsequently takes charge at the grocery stand. Dufayel, having observed Amélie, begins a conversation with her about his painting. Although he has copied the same Renoir painting 20 times, he has never quite captured the look of the girl drinking a glass of water. They discuss the meaning of this character, and over several conversations, Amélie begins projecting her loneliness onto the image. Dufayel recognizes this and uses the girl in the painting to push Amélie to examine her attraction to a quirky young man, Nino Quincampoix, who collects the discarded photographs of strangers from passport photo booths. When Amélie bumps into Nino a second time, she realizes she is falling in love with him. He accidentally drops a photo album in the street. Amélie retrieves it. Amélie plays a cat-and-mouse game with Nino around Paris before returning his treasured album anonymously. After arranging a meeting at the 2 Moulins, Amélie panics and tries to deny her identity. Her co-worker, Gina, concerned for Amélie's well-being, screens Nino for her; Joseph's comment about this misleads Amélie to believe she has lost Nino to Gina. It takes Dufayel's insight to give her the courage to pursue Nino, resulting in a romantic night together and the beginning of a relationship. The film ends as Amélie experiences a moment of happiness she has found for herself."
74,War of the Worlds (2005 film),ok,"A narrator opens the film stating that extraterrestrials with immense intelligence have grown envious of humanity's dominion of Earth and are plotting against them. Charming but self-absorbed longshoreman Ray Ferrier works as a crane operator at a dock in Brooklyn, New York and is estranged from his children, ten-year-old daughter Rachel and his teenage son Robbie. Ray's pregnant former wife, Mary Ann, drops the two off at his house in Bayonne, New Jersey on her way to visit her parents in Boston, Massachusetts. Later, a strange thunderstorm occurs, during which lightning strikes multiple times into the middle of a nearby intersection, causing an EMP that instantly disables almost all electronic devices. On his way to investigate the impacts, Ray suggests his mechanic friend Manny repair a customer's minivan by replacing a solenoid. He joins the crowd at the scene of the impacts, where a massive ""tripod"" war machine emerges from the ground following an earthquake and attacks the crowd using energy weapons to disintegrate most of the witnesses into ash. Ray collects his children and commandeers the van Manny has repaired; he attempts to persuade Manny to join them but is forced to leave him behind when the tripod attacks, resulting in Manny's death. Ray drives his children to Mary Ann's empty suburban New Jersey home to take refuge. Later, a Boeing 747 crashes into the neighborhood. Ray meets a wandering television news team scavenging the wreckage for food, upon which a correspondent reveals that many tripods have attacked major cities around the world and that they have force shields that protect them from humanity's defenses. She adds that the tripods' pilots traveled to Earth within the lightning storms to enter their machines, presumed to have been buried underground long ago. Ray attempts to transport his children to Boston to be with their mother, but a desperate mob swarms their vehicle, forcing them to abandon it. They eventually get on a ferry crossing over the Hudson River before tripods attack the refugees. A tripod emerges from the water and capsizes the ferry, forcing Ray and his children to swim to shore while the tripods abduct several refugees. They then witness a US military counter-offensive against the tripods. To Ray's dismay, Robbie joins the futile fight out of hatred for the invaders, leaving Ray and Rachel to flee. The military forces are obliterated, with Robbie presumed dead along with them. Shortly afterward, the pair are offered shelter in a nearby house by a former ambulance driver, Harlan Ogilvy. The three remain undetected for several hours, even as a tripod's probe and a group of aliens explore the basement. Tensions soon arise between Harlan and Ray, with Harlan insistent on fighting and killing the aliens, having heard that the Japanese military was successful in doing so in Osaka, while Ray prefers hiding with Rachel to avoid being spotted and killed by the aliens. They soon discover that the aliens have started cultivating a red-colored vegetation across the landscape that is quickly spreading. Later, Harlan suffers a mental breakdown after witnessing the tripods harvesting human blood and tissue to fertilize the alien vegetation. Fearing that his mad shouting will alert the aliens, Ray reluctantly kills him. Later in the night, a second tripod probe then catches the Ferriers sleeping, causing Rachel to flee outside only to be abducted by the tripod. Chasing after the tripod, Ray grabs a belt of grenades from an abandoned Humvee that has been overgrown with the red vegetation, then intentionally allows himself to be abducted. With the help of other abductees, Ray destroys the tripod from within with the grenades. Ray and Rachel eventually reach Boston, where they find the alien vegetation withering and the tripods inexplicably collapsing. When another tripod appears, active yet unstable, Ray notices birds landing on it, indicating that its force shields have been disabled. He alerts the soldiers escorting the fleeing crowd, who shoot it down with Javelin missiles. As the soldiers advance on the downed tripod, a hatch opens, and a weak, horribly diseased alien struggles halfway out before dying. Ray and Rachel finally approach Mary Ann's parents' house, reuniting with Mary Ann and Robbie, who inexplicably survived. Against a backdrop featuring multiple dead and destroyed tripods, the narrator explains that the aliens died because they could not have possibly prepared themselves against the countless microbes and viruses inhabiting the Earth, to which humanity has adapted over millennia."
213,North by Northwest,ok,"A waiter pages George Kaplan at the Oak Room restaurant at the Plaza Hotel in New York City at the request of two well-dressed men. While summoning the same waiter, advertising executive Roger Thornhill is mistaken for Kaplan, kidnapped by the pair, and brought to the estate of Lester Townsend in Glen Cove. Townsend interrogates Thornhill and subsequently arranges to kill him in a staged drunk-driving crash; Thornhill survives, but fails to convince the police or his mother of what happened. Upon returning to the estate, Thornhill learns that Townsend is a United Nations diplomat. Thornhill and his mother sneak into Kaplan's empty room at the Plaza, where the thugs have followed him. Thornhill heads to the United Nations General Assembly Building to meet Townsend, who turns out to be a different man. As he asks him about the man impersonating him, one of the gang's thugs throws a knife into Townsend's back. Thornhill is photographed grabbing at the knife, giving the appearance that he is the murderer. Thornhill flees, attempting to find the real Kaplan. The ""United States Intelligence Agency"" (USIA) realizes that Thornhill has been mistaken for Kaplan, a non-existent agent they created as a decoy to distract their quarries, but its chief, ""the Professor"", decides against rescuing him for fear of compromising their operation. Thornhill sneaks aboard the luxurious 20th Century Limited train to Chicago without a ticket and meets Eve Kendall, who hides him from the police in her stateroom's upper berth. Kendall helps Thornhill elude a police dragnet. Kendall then says that she has arranged a meeting with Kaplan at a rural bus stop in Indiana. Thornhill arrives there and is attacked by a crop duster armed with a machine gun. After being flushed from cover in a cornfield, he attempts to halt a passing tanker truck; the airplane crashes into it and both explode. In the ensuing confusion, Thornhill steals a bystander's pickup truck. At Kaplan's hotel in Chicago, Thornhill learns that Kaplan had checked out before the time when Kendall claimed to have spoken with him. He goes to her room and confronts her, but she eludes him. Thornhill tracks Kendall to an art auction, where the Townsend impersonator—Phillip Vandamm, the ringleader of the group—is purchasing a small statue. Vandamm instructs his henchmen to deal with Thornhill. Thornhill disrupts the auction until police are called to remove him. He confesses to them that he is the fugitive murderer, but the Professor intervenes. At the airport, he tells Thornhill that Kaplan was fictitious and that Kendall is their real agent. Vandamm lives above Mount Rushmore, and the agency thinks he will be leaving the country by plane from there. Thornhill agrees to help maintain Kendall's cover. At the Mount Rushmore visitor center, now playing the role of Kaplan at the USIA's request, Thornhill negotiates for Vandamm's turnover of Kendall to be arrested. Kendall shoots Thornhill with blanks and flees. Afterward, the Professor arranges for Thornhill and Kendall to meet; Thornhill learns that Kendall is to depart on the plane with Vandamm and his right-hand man Leonard. He tries to dissuade her from going, but is knocked unconscious by the Professor's driver and locked in a hospital room. Thornhill escapes, goes to Vandamm's home to rescue Kendall and overhears that the sculpture holds microfilm and that Leonard has discovered the blanks in Kendall's gun. Vandamm indicates that he will throw Kendall from the plane; Thornhill warns her with a surreptitious note. Vandamm, Leonard, and Kendall head for the plane. Thornhill is held at gunpoint by the housekeeper until he realizes she is holding Kendall's gun. As Vandamm boards, Kendall takes the sculpture and runs to the pursuing Thornhill, and they flee to the top of Mount Rushmore. While climbing down, they are pursued by Vandamm's men. A park ranger fatally shoots Leonard, and Vandamm is taken into custody by the Professor. As Kendall hangs on by her fingertips, Thornhill reaches down to pull her up and there is a cut to Thornhill pulling Kendall into the upper berth of a train compartment, saying, ""Come along, Mrs. Thornhill"". They share a passionate embrace as the train enters a tunnel."
62,2001: A Space Odyssey,ok,"In a prehistoric veld, a tribe of hominins is driven away from a water hole by a rival tribe, and the next day finds an alien monolith. The tribe learns how to use the bones of dead animals as weapons and, after a successful first hunt, uses them to drive away the rival tribe. Millions of years later, Dr Heywood Floyd, Chairman of the United States National Council of Astronautics, travels to Clavius Base, an American lunar outpost. During a stopover at Space Station Five, he meets Russian scientists who are concerned that Clavius seems to be unresponsive. He refuses to discuss rumours of an epidemic at the base. At Clavius, Floyd addresses a meeting of personnel, stressing the need for secrecy regarding their newest discovery. His mission is to investigate a recently found artefact, a monolith buried four million years earlier near the lunar crater Tycho. As Floyd and others examine and photograph the object, it emits a high-powered radio signal. Eighteen months later, the American spacecraft Discovery One is bound for Jupiter, with mission pilots and scientists Dr Dave Bowman and Dr Frank Poole on board, along with three other scientists in suspended animation. Most of Discovery's operations are controlled by HAL, a HAL 9000 computer with a human-like personality. When HAL reports the imminent failure of an antenna control device, Bowman retrieves it in an extravehicular activity (EVA) pod, but finds nothing wrong. HAL suggests reinstalling the device and letting it fail so the problem can be verified. Mission Control advises the astronauts that results from their twin 9000 computer indicate that HAL has made an error, but HAL blames it on human error. Concerned about HAL's behaviour, Bowman and Poole enter an EVA pod so they can talk in private without HAL overhearing. They agree to disconnect HAL if he is proven wrong. HAL follows their conversation by lip reading. While Poole is floating away from his pod to replace the antenna unit, HAL takes control of the pod and attacks him, sending Poole tumbling away from the ship with a severed air line. Bowman takes another pod to rescue Poole. While he is outside, HAL turns off the life support functions of the crewmen in suspended animation, killing them. When Bowman returns to the ship with Poole's body, HAL refuses to let him back in, stating that their plan to deactivate him jeopardises the mission. Bowman releases Poole's body and opens the ship's emergency airlock with his remote manipulators. Lacking a helmet for his spacesuit, he positions his pod carefully so that when he jettisons the pod's door, he is propelled by the escaping air across the vacuum into Discovery's airlock. He enters HAL's processor core and begins disconnecting HAL's memory, ignoring HAL's pleas to stop. When he is finished, a prerecorded video by Heywood Floyd plays, revealing that the mission's actual objective is to investigate the radio signal sent from the monolith to Jupiter. At Jupiter, Bowman finds a third, much larger monolith orbiting the planet. He leaves Discovery in an EVA pod to investigate. He is pulled into a vortex of coloured light and observes bizarre astronomical phenomena and strange landscapes of unusual colours as he passes by. Finally, he finds himself in a large rococo[6] bedroom where he sees, then becomes, older versions of himself: first standing in the bedroom, middle-aged and still in his spacesuit, then dressed in leisure attire and eating dinner, and finally as an old man lying in bed. A monolith appears at the foot of the bed, and as Bowman reaches for it, he is transformed into a foetus enclosed in a transparent orb of light, which then floats in space above the Earth."
301,Rio Bravo (film),ok,"Joe Burdette, the spoiled younger brother of wealthy land baron Nathan Burdette, taunts town drunk Dude by tossing money into a spittoon. The sheriff, John T. Chance, stops Dude from reaching into the spittoon, prompting Dude to lash out and knock Chance unconscious. Joe beats up Dude for fun, while two of his friends hold Dude, then shoots and kills an unarmed bystander who had tried to intervene. Chance recovers, follows Joe into another saloon, and with help from a penitent Dude, arrests Joe for murder. Chance's friend Pat Wheeler attempts to enter town with a wagon train of supplies and dynamite, but has to force his way through Nathan Burdette's men. Chance reveals that Dude (who used to be a deputy before he became a drunk), his lame old deputy Stumpy, and he are all that stand between Nathan's small army and Joe, whom they wish to free. Chance notices young gunslinger Colorado Ryan in Wheeler's wagon train, but Colorado promises he does not want to start any trouble. That night, Carlos Robante, the owner of the local hotel, warns Chance that Wheeler is trying to recruit fighters. Chance tries to stop Wheeler, not wanting anyone to get hurt on his account. Wheeler asks if Colorado could help, but Colorado declines, feeling that it is not his fight. Chance then notices a rigged card game at the hotel. Recognizing one of the players as ""Feathers"", the widow of a cheating gambler, Chance confronts her, but Colorado reveals that another player is the cheater. Out in the street, Wheeler is gunned down. Chance and Dude pursue the killer into Nathan's saloon, and Chance allows Dude to prove himself and confront the killer, earning the respect of Nathan's men. Colorado and the rest of Wheeler's men are forced to stay in town to await a court order releasing Wheeler's possessions, and the wagons are left behind the Burdette warehouse. After Feathers secretly stays up all night with a shotgun to guard Chance, an irritated Chance orders Feathers to leave town for her safety. She refuses, and the two begin to bond. Nathan himself rides into town. Stumpy, having old grudges against Nathan for taking his land, threatens to shoot Joe if any trouble starts around the jail. In response, Nathan has his saloon musicians repeatedly play ""El Degüello"", a.k.a. ""The Cutthroat Song"". Colorado realizes the song means Nathan will show no mercy and warns Chance. Chance gives Dude back his old guns, some clothes, and a black hat he left behind when he became a drunkard. Dude also gets a shave, trying to start afresh. Unfortunately, Stumpy does not recognize Dude when he returns and shoots at him, shattering Dude's nerves. The next day, Dude is still shaky and is ambushed by Burdette's men, who threaten to kill him unless Chance lets Joe go. Colorado and Feathers distract the men long enough for Chance to get his rifle, and Colorado and he shoot down the men and free Dude. Dude thinks about quitting and letting Colorado take his place, but when he hears ""El Degüello"" being played, he resolves to see the thing through to the end. Dude and Chance return to the hotel so Dude can take a bath. Burdette's men capture Carlos' wife Consuelo and deliberately make her scream, which lures Dude and Chance into a trap. Dude tells Chance to take the men to the jail, under the pretext that Stumpy would let Joe out. Stumpy opens fire, though, as Dude secretly predicted. In the chaos, some men drag Dude off to Nathan, who demands a trade—Dude for Joe. Chance agrees, but brings Colorado as backup. Dude and Joe brawl during the trade and a firefight ensues. Stumpy throws some sticks of dynamite from the wagons into the warehouse where Burdette and his men are holed up; Chance and Dude detonate them with their guns, abruptly ending the fight. With both Burdettes and their few surviving gunmen in jail, Chance finally spends some time with Feathers and admits his feelings for her. Colorado volunteers to guard the jail, allowing Stumpy and Dude to enjoy a night out in the town."
244,King Kong (1933 film),ok,"In New York Harbor, filmmaker Carl Denham, known for wildlife films in remote, exotic locations, charters Captain Englehorn's ship, the Venture, for his new project. However, he cannot secure an actress for a female role he is reluctant to disclose. In the streets of New York City, he finds struggling actress Ann Darrow and promises her ""the thrill of a lifetime"". The Venture sets off, during which Denham reveals their destination is an uncharted island with a mountain shaped like a skull. He alludes to a mysterious entity named Kong, rumored to dwell there. The crew arrives and anchors offshore. They encounter a native village separated from the rest of the island by an enormous stone wall with a large wooden gate. They witness a group of natives preparing to sacrifice a young woman, termed the ""bride of Kong"". The intruders are spotted, and the native chief stops the ceremony. When he sees the blonde-haired Ann, he offers to trade for the ""golden woman"". They refuse him and return to the ship. That night, after the ship's first mate, Jack Driscoll, admits his love for Ann, the natives kidnap Ann from the ship and take her through the gate and onto an altar. They offer her to Kong, a giant gorilla-like beast. Kong carries a terrified Ann away into the jungle as Denham, Jack, and some crewmen give chase. The men encounter and are attacked by living dinosaurs and eventually Kong himself, leaving Jack and Denham as the only survivors. After Kong slays a Tyrannosaurus to save Ann, Jack keeps following them while Denham returns to the village. Upon arriving in Kong's mountain lair, Jack rescues Ann while Kong mauls a Pteranodon, and they flee back to the village, where Denham, Englehorn, and the surviving crewmen await. Kong pursues, breaks open the gate, and relentlessly rampages through the village. Onshore, Denham, determined to bring Kong back alive, renders him unconscious with a gas bomb. Shackled in chains, Kong is taken to New York City and presented to a Broadway theatre audience as ""King Kong, the Eighth Wonder of the World!"" Ann and Jack join him on stage, surrounded by press photographers. The ensuing flash photography causes Kong to break loose as the audience flees in terror. Ann is whisked away to a high-floor hotel room, but Kong scales the building and reclaims her. He makes his way through the city with Ann in his grasp and begins climbing the Empire State Building. Jack suggests that airplanes shoot Kong off the building without hitting Ann. Four biplanes take off; seeing them arrive, Jack becomes agitated for Ann's safety and rushes inside with Denham. At the top, the planes shoot at Kong as he swats at them. Kong destroys one, but the continual gunfire slowly weakens him until he plummets to the streets below. Jack reunites with Ann. Denham heads back down and is allowed through a crowd surrounding Kong's corpse in the street. When a policeman remarks that the planes got him, Denham sadly states, ""Oh no, it wasn't the airplanes. It was Beauty killed the Beast."""
35,The Simpsons Movie,ok,"After finishing a concert at Lake Springfield, Green Day tries to engage the audience in a discussion about the environment, but they refuse to listen and throw garbage at the band.  The pollution in the lake erodes the band's barge, causing them to drown. Concerned about the terrible state of the environment, Lisa and her new boyfriend Colin hold a seminar and convince the town to clean up the lake. Meanwhile, Grampa has a spiritual experience and prophesies that a disaster will befall Springfield (which involves a ""twisted tail"", ""a thousand eyes"", the people being ""trapped forever"", and ending it with an ominous warning of ""eepah""), which only Marge takes seriously. Homer adopts a pig he names ""Plopper"" to save him from being slaughtered by Krusty the Clown at Krusty Burger. When Homer brings the pig back home, Marge identifies the pig as a part of the prophecy and warns Homer to get rid of him, but Homer refuses. Homer's fawning over Plopper makes Bart, now fed up with Homer's carelessness, look to Ned Flanders as a father figure. Marge orders Homer to dispose of an overflowing silo full of Plopper's feces (and some of Homer's own, as well). Rather than disposing of it safely, he becomes distracted after hearing that Lard Lad is giving away free donuts and hastily dumps the silo in the lake, critically polluting it. After a squirrel falls into the lake and becomes mutated (bearing the ""thousand eyes"" Grandpa mentioned in the process), Russ Cargill, head of the Environmental Protection Agency (EPA), informs President Arnold Schwarzenegger of Springfield's pollution crisis and presents him with five solutions. Schwarzenegger randomly picks the third option – sealing Springfield off from the rest of the world under a giant glass dome, trapping everyone and completing the prophecy. Being trapped under the dome causes mass hysteria in Springfield and when Homer's silo is discovered on the news, hundreds of townspeople arrive at the Simpsons' house in an attempt to lynch the family. They escape through a sinkhole, which destroys the house. The family is furious at Homer for his blundering, but he convinces them to follow him to Alaska, where he had always planned to go if something like the incident happened. Homer wins a truck by riding a motorcycle around a globe of death and the family restarts their lives in a remote Alaskan cabin. As Springfield begins exhausting its supplies, the townspeople eventually attack the dome and the city descends into chaos. Cargill, mad with the power he has over Springfield and outraged by their defiance, tricks Schwarzenegger into ordering the town's demolition. The Simpsons see Tom Hanks on television advertising a ""new Grand Canyon"" on the site of Springfield. Realizing that their hometown is in danger, the family vow to save it except Homer, who refuses to assist and storms out. When he returns the next morning, he finds his family has left to save Springfield, with Marge taping a message over their wedding video to explain this to him. However, Marge and the kids are captured by the EPA in Seattle and placed back inside the dome. Meanwhile, a distraught Homer is recovered by an Inuk shaman, who helps him come to an epiphany about his selfishness; he decides to save the town and his family. The EPA lowers a time bomb suspended by a rope through a hole at the top of the dome. While the townspeople attempt climbing the rope to escape, Homer returns to Springfield and descends the rope, knocking the escaping townspeople and the bomb off, inadvertently shortening its countdown and further provoking the town's ire. Refusing to give up, Homer reconciles with Bart and they use a motorcycle to travel up the side of the dome with the bomb. Bart throws the bomb through the hole seconds before it detonates, shattering the dome and freeing the town. Cargill attempts to murder Homer for foiling his plan, but Maggie knocks him out by dropping a rock on his head. The dome's destruction prompts the townspeople to forgive and praise Homer as a hero. The citizens begin restoring the town and the Simpsons' house."
