id,movie_id,person_id,name,character,cast_order,movie_title,movie_release_date
2671,11,2,Mark Hamill,Luke Skywalker,0,Star Wars,1977-05-25
2672,11,3,Harrison Ford,Han Solo,1,Star Wars,1977-05-25
2673,11,4,Carrie Fisher,Princess Leia Organa,2,Star Wars,1977-05-25
2674,11,5,Peter Cushing,Grand Moff Tarkin,3,Star Wars,1977-05-25
2675,11,12248,Alec Guinness,"Obi-Wan ""Ben"" Kenobi",4,Star Wars,1977-05-25
2676,11,6,Anthony Daniels,C-3PO,5,Star Wars,1977-05-25
2677,11,130,Kenny Baker,R2-D2,6,Star Wars,1977-05-25
2678,11,24343,Peter Mayhew,Chewbacca,7,Star Wars,1977-05-25
2679,11,24342,David Prowse,Darth Vader (performer),8,Star Wars,1977-05-25
2680,11,15152,James Earl Jones,Darth Vader (voice) (uncredited),9,Star Wars,1977-05-25
2681,11,33032,Phil Brown,Uncle Owen,10,Star Wars,1977-05-25
2682,11,131625,Shelagh Fraser,Aunt Beru,11,Star Wars,1977-05-25
2683,11,132538,Jack Purvis,Chief Jawa,12,Star Wars,1977-05-25
2684,11,216087,Alex McCrindle,General Dodonna,13,Star Wars,1977-05-25
2685,11,69249,Eddie Byrne,General Willard,14,Star Wars,1977-05-25
2686,11,47401,Drewe Henley,Red Leader,15,Star Wars,1977-05-25
2687,11,47698,Denis Lawson,Red Two (Wedge Antilles),16,Star Wars,1977-05-25
2688,11,17356,Garrick Hagon,Red Three (Biggs Darklighter),17,Star Wars,1977-05-25
2689,11,162432,Jack Klaff,"Red Four (John ""D"")",18,Star Wars,1977-05-25
2690,11,663,William Hootkins,Red Six (Porkins),19,Star Wars,1977-05-25
5489,12,13,Albert Brooks,Marlin (voice),0,Finding Nemo,2003-05-30
5490,12,14,Ellen DeGeneres,Dory (voice),1,Finding Nemo,2003-05-30
5491,12,12,Alexander Gould,Nemo (voice),2,Finding Nemo,2003-05-30
5492,12,5293,Willem Dafoe,Gill (voice),3,Finding Nemo,2003-05-30
5493,12,118,Geoffrey Rush,Nigel (voice),4,Finding Nemo,2003-05-30
5494,12,18,Brad Garrett,Bloat (voice),5,Finding Nemo,2003-05-30
5495,12,19,Allison Janney,Peach (voice),6,Finding Nemo,2003-05-30
5496,12,6168,Austin Pendleton,Gurgle (voice),7,Finding Nemo,2003-05-30
5497,12,17401,Stephen Root,Bubbles (voice),8,Finding Nemo,2003-05-30
5498,12,14723,Vicki Lewis,Deb / Flo (voice),9,Finding Nemo,2003-05-30
5499,12,7911,Joe Ranft,Jacques (voice),10,Finding Nemo,2003-05-30
5500,12,7,Andrew Stanton,Crush (voice),11,Finding Nemo,2003-05-30
5501,12,20,Elizabeth Perkins,Coral (voice),12,Finding Nemo,2003-05-30
5502,12,981048,Nicholas Bird,Squirt (voice),13,Finding Nemo,2003-05-30
5503,12,10,Bob Peterson,Mr. Ray / Additional Voices (voice),14,Finding Nemo,2003-05-30
5504,12,22,Barry Humphries,Bruce (voice),15,Finding Nemo,2003-05-30
5505,12,8783,Eric Bana,Anchor (voice),16,Finding Nemo,2003-05-30
5506,12,27752,Bruce Spence,Chum (voice),17,Finding Nemo,2003-05-30
5507,12,23,Bill Hunter,Dentist (voice),18,Finding Nemo,2003-05-30
5508,12,981049,LuLu Ebeling,Darla (voice),19,Finding Nemo,2003-05-30
2711,13,31,Tom Hanks,Forrest Gump,0,Forrest Gump,1994-06-23
2712,13,32,Robin Wright,Jenny Curran,1,Forrest Gump,1994-06-23
2713,13,33,Gary Sinise,Lieutenant Dan Taylor,2,Forrest Gump,1994-06-23
2714,13,35,Sally Field,Mrs. Gump,3,Forrest Gump,1994-06-23
2715,13,34,Mykelti Williamson,Bubba Blue,4,Forrest Gump,1994-06-23
2716,13,37821,Michael Conner Humphreys,Young Forrest Gump,5,Forrest Gump,1994-06-23
2717,13,204997,Hanna Hall,Young Jenny Curran,6,Forrest Gump,1994-06-23
2718,13,9640,Haley Joel Osment,Forrest Junior,7,Forrest Gump,1994-06-23
2719,13,6751,Siobhan Fallon Hogan,School Bus Driver,8,Forrest Gump,1994-06-23
2720,13,3817610,Rebecca Williams,Nurse at Park Bench,9,Forrest Gump,1994-06-23
2721,13,196855,Bob Penny,Crony,10,Forrest Gump,1994-06-23
2722,13,3052237,Harold G. Herthum,Doctor,11,Forrest Gump,1994-06-23
2723,13,951881,George Kelly,Barber,12,Forrest Gump,1994-06-23
2724,13,3817629,John Randall,Crony,13,Forrest Gump,1994-06-23
2725,13,36221,Sam Anderson,Principal Hancock,14,Forrest Gump,1994-06-23
2726,13,1215432,Margo Moorer,Louise,15,Forrest Gump,1994-06-23
2727,13,3817635,Ione M. Telech,Elderly Woman,16,Forrest Gump,1994-06-23
2728,13,3817637,Christine Seabrook,Elderly Woman's Daughter,17,Forrest Gump,1994-06-23
2729,13,946856,John Worsham,Southern Gentleman / Landowner,18,Forrest Gump,1994-06-23
2730,13,37822,Peter Dobson,Young Elvis Presley,19,Forrest Gump,1994-06-23
4071,22,85,Johnny Depp,Jack Sparrow,0,Pirates of the Caribbean: The Curse of the Black Pearl,2003-07-09
4072,22,118,Geoffrey Rush,Barbossa,1,Pirates of the Caribbean: The Curse of the Black Pearl,2003-07-09
4073,22,114,Orlando Bloom,Will Turner,2,Pirates of the Caribbean: The Curse of the Black Pearl,2003-07-09
4074,22,116,Keira Knightley,Elizabeth Swann,3,Pirates of the Caribbean: The Curse of the Black Pearl,2003-07-09
4075,22,1709,Jack Davenport,Norrington,4,Pirates of the Caribbean: The Curse of the Black Pearl,2003-07-09
4076,22,378,Jonathan Pryce,Governor Weatherby Swann,5,Pirates of the Caribbean: The Curse of the Black Pearl,2003-07-09
4077,22,1710,Lee Arenberg,Pintel,6,Pirates of the Caribbean: The Curse of the Black Pearl,2003-07-09
4078,22,1711,Mackenzie Crook,Ragetti,7,Pirates of the Caribbean: The Curse of the Black Pearl,2003-07-09
4079,22,1712,Damian O'Hare,Lt. Gillette,8,Pirates of the Caribbean: The Curse of the Black Pearl,2003-07-09
4080,22,1713,Giles New,Murtogg,9,Pirates of the Caribbean: The Curse of the Black Pearl,2003-07-09
4081,22,1714,Angus Barnett,Mullroy,10,Pirates of the Caribbean: The Curse of the Black Pearl,2003-07-09
4082,22,1715,David Bailie,Cotton,11,Pirates of the Caribbean: The Curse of the Black Pearl,2003-07-09
4083,22,1716,Michael Berry Jr.,Twigg,12,Pirates of the Caribbean: The Curse of the Black Pearl,2003-07-09
4084,22,1717,"Isaac C. Singleton, Jr.",Bo'sun,13,Pirates of the Caribbean: The Curse of the Black Pearl,2003-07-09
4085,22,2449,Kevin McNally,Joshamee Gibbs,14,Pirates of the Caribbean: The Curse of the Black Pearl,2003-07-09
4086,22,12802,Treva Etienne,Koehler,15,Pirates of the Caribbean: The Curse of the Black Pearl,2003-07-09
4087,22,8691,Zoe Saldaña,Anamaria,16,Pirates of the Caribbean: The Curse of the Black Pearl,2003-07-09
4088,22,9298,Guy Siner,Harbormaster,17,Pirates of the Caribbean: The Curse of the Black Pearl,2003-07-09
4089,22,155955,Ralph P. Martin,Mr. Brown,18,Pirates of the Caribbean: The Curse of the Black Pearl,2003-07-09
4090,22,59056,Paula J. Newman,Estrella,19,Pirates of the Caribbean: The Curse of the Black Pearl,2003-07-09
4400,98,934,Russell Crowe,Maximus,0,Gladiator,2000-05-04
4401,98,73421,Joaquin Phoenix,Commodus,1,Gladiator,2000-05-04
4402,98,935,Connie Nielsen,Lucilla,2,Gladiator,2000-05-04
4403,98,936,Oliver Reed,Proximo,3,Gladiator,2000-05-04
4404,98,194,Richard Harris,Marcus Aurelius,4,Gladiator,2000-05-04
4405,98,937,Derek Jacobi,Gracchus,5,Gladiator,2000-05-04
4406,98,938,Djimon Hounsou,Juba,6,Gladiator,2000-05-04
4407,98,939,David Schofield,Falco,7,Gladiator,2000-05-04
4408,98,940,John Shrapnel,Gaius,8,Gladiator,2000-05-04
4409,98,941,Tomas Arana,Quintus,9,Gladiator,2000-05-04
4410,98,942,Ralf Moeller,Hagen,10,Gladiator,2000-05-04
4411,98,4012,Spencer Treat Clark,Lucius,11,Gladiator,2000-05-04
4412,98,15196,David Hemmings,Cassius,12,Gladiator,2000-05-04
4413,98,2478,Tommy Flanagan,Cicero,13,Gladiator,2000-05-04
4414,98,20761,Sven-Ole Thorsen,Tiger,14,Gladiator,2000-05-04
4415,98,41379,Omid Djalili,Slave Trader,15,Gladiator,2000-05-04
4416,98,80368,Nicholas McGaughey,Praetorian Officer,16,Gladiator,2000-05-04
4417,98,3785463,Chris Kell,Scribe,17,Gladiator,2000-05-04
4418,98,2220,Tony Curran,Assassin #1,18,Gladiator,2000-05-04
4419,98,27408,Mark Lewis,Assassin #2,19,Gladiator,2000-05-04
3785,105,521,Michael J. Fox,Marty McFly,0,Back to the Future,1985-07-03
3786,105,1062,Christopher Lloyd,Emmett Brown,1,Back to the Future,1985-07-03
3787,105,1064,Crispin Glover,George McFly,2,Back to the Future,1985-07-03
3788,105,1063,Lea Thompson,Lorraine Baines,3,Back to the Future,1985-07-03
3789,105,1066,Claudia Wells,Jennifer Parker,4,Back to the Future,1985-07-03
3790,105,1065,Thomas F. Wilson,Biff Tannen,5,Back to the Future,1985-07-03
3791,105,1067,Marc McClure,Dave McFly,6,Back to the Future,1985-07-03
3792,105,1068,Wendie Jo Sperber,Linda McFly,7,Back to the Future,1985-07-03
3793,105,1069,George DiCenzo,Sam Baines,8,Back to the Future,1985-07-03
3794,105,1070,Frances Lee McCain,Stella Baines,9,Back to the Future,1985-07-03
3795,105,1072,James Tolkan,Mr. Strickland,10,Back to the Future,1985-07-03
3796,105,11673,J.J. Cohen,Skinhead,11,Back to the Future,1985-07-03
3797,105,1953,Casey Siemaszko,3-D,12,Back to the Future,1985-07-03
3798,105,1954,Billy Zane,Match,13,Back to the Future,1985-07-03
3799,105,1074,"Harry Waters, Jr.",Marvin Berry,14,Back to the Future,1985-07-03
3800,105,84494,Donald Fullilove,Goldie Wilson,15,Back to the Future,1985-07-03
3801,105,97708,Lisa Freeman,Babs,16,Back to the Future,1985-07-03
3802,105,1116544,Cristen Kauffman,Betty,17,Back to the Future,1985-07-03
3803,105,172280,Elsa Raven,Clocktower Lady,18,Back to the Future,1985-07-03
3804,105,97718,Will Hare,Pa Peabody,19,Back to the Future,1985-07-03
2098,120,109,Elijah Wood,Frodo,0,The Lord of the Rings: The Fellowship of the Ring,2001-12-18
2099,120,1327,Ian McKellen,Gandalf,1,The Lord of the Rings: The Fellowship of the Ring,2001-12-18
2100,120,110,Viggo Mortensen,Aragorn,2,The Lord of the Rings: The Fellowship of the Ring,2001-12-18
2101,120,1328,Sean Astin,Sam,3,The Lord of the Rings: The Fellowship of the Ring,2001-12-18
2102,120,65,Ian Holm,Bilbo,4,The Lord of the Rings: The Fellowship of the Ring,2001-12-18
2103,120,882,Liv Tyler,Arwen,5,The Lord of the Rings: The Fellowship of the Ring,2001-12-18
2104,120,113,Christopher Lee,Saruman,6,The Lord of the Rings: The Fellowship of the Ring,2001-12-18
2105,120,48,Sean Bean,Boromir,7,The Lord of the Rings: The Fellowship of the Ring,2001-12-18
2106,120,1329,Billy Boyd,Pippin,8,The Lord of the Rings: The Fellowship of the Ring,2001-12-18
2107,120,1330,Dominic Monaghan,Merry,9,The Lord of the Rings: The Fellowship of the Ring,2001-12-18
2108,120,655,John Rhys-Davies,Gimli,10,The Lord of the Rings: The Fellowship of the Ring,2001-12-18
2109,120,114,Orlando Bloom,Legolas,11,The Lord of the Rings: The Fellowship of the Ring,2001-12-18
2110,120,112,Cate Blanchett,Galadriel,12,The Lord of the Rings: The Fellowship of the Ring,2001-12-18
2111,120,1331,Hugo Weaving,Elrond,13,The Lord of the Rings: The Fellowship of the Ring,2001-12-18
2112,120,1333,Andy Serkis,Gollum,14,The Lord of the Rings: The Fellowship of the Ring,2001-12-18
2113,120,20982,Marton Csokas,Celeborn,15,The Lord of the Rings: The Fellowship of the Ring,2001-12-18
2114,120,1332,Craig Parker,Haldir,16,The Lord of the Rings: The Fellowship of the Ring,2001-12-18
2115,120,1365,Lawrence Makoare,Lurtz,17,The Lord of the Rings: The Fellowship of the Ring,2001-12-18
2116,120,1590835,Brent McIntyre,Witch-King,18,The Lord of the Rings: The Fellowship of the Ring,2001-12-18
2117,120,1366,Sala Baker,Sauron,19,The Lord of the Rings: The Fellowship of the Ring,2001-12-18
2791,121,109,Elijah Wood,Frodo,0,The Lord of the Rings: The Two Towers,2002-12-18
2792,121,1327,Ian McKellen,Gandalf,1,The Lord of the Rings: The Two Towers,2002-12-18
2793,121,110,Viggo Mortensen,Aragorn,2,The Lord of the Rings: The Two Towers,2002-12-18
2794,121,1328,Sean Astin,Sam,3,The Lord of the Rings: The Two Towers,2002-12-18
2795,121,1333,Andy Serkis,Gollum,4,The Lord of the Rings: The Two Towers,2002-12-18
2796,121,655,John Rhys-Davies,Gimli / Treebeard (voice),5,The Lord of the Rings: The Two Towers,2002-12-18
2797,121,114,Orlando Bloom,Legolas,6,The Lord of the Rings: The Two Towers,2002-12-18
2798,121,1369,Bernard Hill,Théoden,7,The Lord of the Rings: The Two Towers,2002-12-18
2799,121,502,Miranda Otto,Éowyn,8,The Lord of the Rings: The Two Towers,2002-12-18
2800,121,1330,Dominic Monaghan,Merry,9,The Lord of the Rings: The Two Towers,2002-12-18
2801,121,1329,Billy Boyd,Pippin,10,The Lord of the Rings: The Two Towers,2002-12-18
2802,121,113,Christopher Lee,Saruman,11,The Lord of the Rings: The Two Towers,2002-12-18
2803,121,112,Cate Blanchett,Galadriel,12,The Lord of the Rings: The Two Towers,2002-12-18
2804,121,882,Liv Tyler,Arwen,13,The Lord of the Rings: The Two Towers,2002-12-18
2805,121,1331,Hugo Weaving,Elrond,14,The Lord of the Rings: The Two Towers,2002-12-18
2806,121,1371,David Wenham,Faramir,15,The Lord of the Rings: The Two Towers,2002-12-18
2807,121,1370,Brad Dourif,Wormtongue,16,The Lord of the Rings: The Two Towers,2002-12-18
2808,121,1372,Karl Urban,Éomer,17,The Lord of the Rings: The Two Towers,2002-12-18
2809,121,1332,Craig Parker,Haldir,18,The Lord of the Rings: The Two Towers,2002-12-18
2810,121,173431,Bruce Allpress,Aldor,19,The Lord of the Rings: The Two Towers,2002-12-18
1766,122,109,Elijah Wood,Frodo,0,The Lord of the Rings: The Return of the King,2003-12-17
1767,122,1327,Ian McKellen,Gandalf,1,The Lord of the Rings: The Return of the King,2003-12-17
1768,122,110,Viggo Mortensen,Aragorn,2,The Lord of the Rings: The Return of the King,2003-12-17
1769,122,1328,Sean Astin,Sam,3,The Lord of the Rings: The Return of the King,2003-12-17
1770,122,1333,Andy Serkis,Gollum / Smeagol,4,The Lord of the Rings: The Return of the King,2003-12-17
1771,122,1330,Dominic Monaghan,Merry,5,The Lord of the Rings: The Return of the King,2003-12-17
1772,122,1329,Billy Boyd,Pippin,6,The Lord of the Rings: The Return of the King,2003-12-17
1773,122,1381,John Noble,Denethor,7,The Lord of the Rings: The Return of the King,2003-12-17
1774,122,1371,David Wenham,Faramir,8,The Lord of the Rings: The Return of the King,2003-12-17
1775,122,502,Miranda Otto,Éowyn,9,The Lord of the Rings: The Return of the King,2003-12-17
1776,122,1369,Bernard Hill,Théoden,10,The Lord of the Rings: The Return of the King,2003-12-17
1777,122,655,John Rhys-Davies,Gimli,11,The Lord of the Rings: The Return of the King,2003-12-17
1778,122,114,Orlando Bloom,Legolas,12,The Lord of the Rings: The Return of the King,2003-12-17
1779,122,1331,Hugo Weaving,Elrond,13,The Lord of the Rings: The Return of the King,2003-12-17
1780,122,882,Liv Tyler,Arwen,14,The Lord of the Rings: The Return of the King,2003-12-17
1781,122,112,Cate Blanchett,Galadriel,15,The Lord of the Rings: The Return of the King,2003-12-17
1782,122,1372,Karl Urban,Éomer,16,The Lord of the Rings: The Return of the King,2003-12-17
1783,122,65,Ian Holm,Bilbo,17,The Lord of the Rings: The Return of the King,2003-12-17
1784,122,48,Sean Bean,Boromir,18,The Lord of the Rings: The Return of the King,2003-12-17
1785,122,1365,Lawrence Makoare,Witchking / Gothmog,19,The Lord of the Rings: The Return of the King,2003-12-17
1526,155,3894,Christian Bale,Bruce Wayne,0,The Dark Knight,2008-07-16
1527,155,1810,Heath Ledger,Joker,1,The Dark Knight,2008-07-16
1528,155,6383,Aaron Eckhart,Harvey Dent,2,The Dark Knight,2008-07-16
1529,155,3895,Michael Caine,Alfred,3,The Dark Knight,2008-07-16
1530,155,1579,Maggie Gyllenhaal,Rachel,4,The Dark Knight,2008-07-16
1531,155,64,Gary Oldman,Gordon,5,The Dark Knight,2008-07-16
1532,155,192,Morgan Freeman,Lucius Fox,6,The Dark Knight,2008-07-16
1533,155,53651,Monique Gabriela Curnen,Ramirez,7,The Dark Knight,2008-07-16
1534,155,57597,Ron Dean,Wuertz,8,The Dark Knight,2008-07-16
1535,155,2037,Cillian Murphy,Scarecrow,9,The Dark Knight,2008-07-16
1536,155,101015,Ng Chin Han,Lau,10,The Dark Knight,2008-07-16
1537,155,21316,Nestor Carbonell,Mayor,11,The Dark Knight,2008-07-16
1538,155,21315,Eric Roberts,Maroni,12,The Dark Knight,2008-07-16
1539,155,13939,Ritchie Coster,Chechen,13,The Dark Knight,2008-07-16
1540,155,1904,Anthony Michael Hall,Engel,14,The Dark Knight,2008-07-16
1541,155,87957,Keith Szarabajka,Stephens,15,The Dark Knight,2008-07-16
1542,155,128386,Colin McFarlane,Loeb,16,The Dark Knight,2008-07-16
1543,155,34544,Joshua Harto,Reese,17,The Dark Knight,2008-07-16
1544,155,58692,Melinda McGraw,Barbara Gordon,18,The Dark Knight,2008-07-16
1545,155,18052,Nathan Gamble,James Gordon,19,The Dark Knight,2008-07-16
1172,238,3084,Marlon Brando,Don Vito Corleone,0,The Godfather,1972-03-14
1173,238,1158,Al Pacino,Michael Corleone,1,The Godfather,1972-03-14
1174,238,3085,James Caan,Sonny Corleone,2,The Godfather,1972-03-14
1175,238,3087,Robert Duvall,Tom Hagen,3,The Godfather,1972-03-14
1176,238,3086,Richard S. Castellano,Clemenza,4,The Godfather,1972-03-14
1177,238,3092,Diane Keaton,Kay Adams,5,The Godfather,1972-03-14
1178,238,3094,Talia Shire,Connie Corleone Rizzi,6,The Godfather,1972-03-14
1179,238,3095,Gianni Russo,Carlo Rizzi,7,The Godfather,1972-03-14
1180,238,3088,Sterling Hayden,Captain McCluskey,8,The Godfather,1972-03-14
1181,238,3142,John Marley,Jack Woltz,9,The Godfather,1972-03-14
1182,238,3090,Richard Conte,Barzini,10,The Godfather,1972-03-14
1183,238,3091,Al Lettieri,Sollozzo,11,The Godfather,1972-03-14
1184,238,3093,Abe Vigoda,Sal Tessio,12,The Godfather,1972-03-14
1185,238,3096,John Cazale,Fredo Corleone,13,The Godfather,1972-03-14
1186,238,3143,Rudy Bond,Cuneo,14,The Godfather,1972-03-14
1187,238,3144,Al Martino,Johnny Fontane,15,The Godfather,1972-03-14
1188,238,933716,Morgana King,Mama Corleone,16,The Godfather,1972-03-14
1189,238,106811,Lenny Montana,Luca Brasi,17,The Godfather,1972-03-14
1190,238,99724,John Martino,Paulie Gatto,18,The Godfather,1972-03-14
1191,238,1195877,Salvatore Corsitto,Bonasera,19,The Godfather,1972-03-14
4440,272,3894,Christian Bale,Bruce Wayne / Batman,0,Batman Begins,2005-06-10
4441,272,3895,Michael Caine,Alfred,1,Batman Begins,2005-06-10
4442,272,3896,Liam Neeson,Ducard,2,Batman Begins,2005-06-10
4443,272,3897,Katie Holmes,Rachel Dawes,3,Batman Begins,2005-06-10
4444,272,64,Gary Oldman,Jim Gordon,4,Batman Begins,2005-06-10
4445,272,2037,Cillian Murphy,Dr. Jonathan Crane,5,Batman Begins,2005-06-10
4446,272,207,Tom Wilkinson,Carmine Falcone,6,Batman Begins,2005-06-10
4447,272,585,Rutger Hauer,Earle,7,Batman Begins,2005-06-10
4448,272,3899,Ken Watanabe,Ra's al Ghul,8,Batman Begins,2005-06-10
4449,272,534,Mark Boone Junior,Flass,9,Batman Begins,2005-06-10
4450,272,3900,Linus Roache,Thomas Wayne,10,Batman Begins,2005-06-10
4451,272,192,Morgan Freeman,Lucius Fox,11,Batman Begins,2005-06-10
4452,272,544,Larry Holden,Finch,12,Batman Begins,2005-06-10
4453,272,151943,Gerard Murphy,Judge Faden,13,Batman Begins,2005-06-10
4454,272,128386,Colin McFarlane,Loeb,14,Batman Begins,2005-06-10
4455,272,3902,Sara Stewart,Martha Wayne,15,Batman Begins,2005-06-10
4456,272,1172371,Gus Lewis,Bruce Wayne (Age 8),16,Batman Begins,2005-06-10
4457,272,3901,Richard Brake,Joe Chill,17,Batman Begins,2005-06-10
4458,272,1118,Rade Šerbedžija,Homeless Man,18,Batman Begins,2005-06-10
4459,272,78114,Emma Lockhart,Rachel Dawes (Age 8),19,Batman Begins,2005-06-10
1366,278,504,Tim Robbins,Andy Dufresne,0,The Shawshank Redemption,1994-09-23
1367,278,192,Morgan Freeman,Ellis Boyd 'Red' Redding,1,The Shawshank Redemption,1994-09-23
1368,278,4029,Bob Gunton,Warden Norton,2,The Shawshank Redemption,1994-09-23
1369,278,6573,William Sadler,Heywood,3,The Shawshank Redemption,1994-09-23
1370,278,6574,Clancy Brown,Captain Byron T. Hadley,4,The Shawshank Redemption,1994-09-23
1371,278,6575,Gil Bellows,Tommy,5,The Shawshank Redemption,1994-09-23
1372,278,6577,James Whitmore,Brooks Hatlen,6,The Shawshank Redemption,1994-09-23
1373,278,6576,Mark Rolston,Bogs Diamond,7,The Shawshank Redemption,1994-09-23
1374,278,12645,Jeffrey DeMunn,1946 D.A.,8,The Shawshank Redemption,1994-09-23
1375,278,92119,Larry Brandenburg,Skeet,9,The Shawshank Redemption,1994-09-23
1376,278,168323,Neil Giuntoli,Jigger,10,The Shawshank Redemption,1994-09-23
1377,278,6580,Brian Libby,Floyd,11,The Shawshank Redemption,1994-09-23
1378,278,2555,David Proval,Snooze,12,The Shawshank Redemption,1994-09-23
1379,278,5063,Joseph Ragno,Ernie,13,The Shawshank Redemption,1994-09-23
1380,278,8693,Jude Ciccolella,Guard Mert,14,The Shawshank Redemption,1994-09-23
1381,278,32393,Paul McCrane,Guard Trout,15,The Shawshank Redemption,1994-09-23
1382,278,6578,Renee Blaine,Andy Dufresne's Wife,16,The Shawshank Redemption,1994-09-23
1383,278,1624179,Scott Mann,Glenn Quentin,17,The Shawshank Redemption,1994-09-23
1384,278,163979,John Horton,1946 Judge,18,The Shawshank Redemption,1994-09-23
1385,278,194459,Gordon Greene,1947 Parole Hearings Man,19,The Shawshank Redemption,1994-09-23
2218,550,819,Edward Norton,Narrator,0,Fight Club,1999-10-15
2219,550,287,Brad Pitt,Tyler Durden,1,Fight Club,1999-10-15
2220,550,1283,Helena Bonham Carter,Marla Singer,2,Fight Club,1999-10-15
2221,550,7470,Meat Loaf,Robert Paulson,3,Fight Club,1999-10-15
2222,550,7499,Jared Leto,Angel Face,4,Fight Club,1999-10-15
2223,550,7471,Zach Grenier,Richard Chesler (Regional Manager),5,Fight Club,1999-10-15
2224,550,7497,Holt McCallany,The Mechanic,6,Fight Club,1999-10-15
2225,550,7498,Eion Bailey,Ricky,7,Fight Club,1999-10-15
2226,550,7472,Richmond Arquette,Intern at Hospital,8,Fight Club,1999-10-15
2227,550,7219,David Andrews,Thomas at Remaining Men Together,9,Fight Club,1999-10-15
2228,550,1129738,George Maguire,Group Leader at Remaining Men Together,10,Fight Club,1999-10-15
2229,550,1317693,Eugenie Bondurant,Weeping Woman - Onward and Upward,11,Fight Club,1999-10-15
2230,550,68277,Christina Cabot,Group Leader - Partners in Positivity,12,Fight Club,1999-10-15
2231,550,202080,Sydney 'Big Dawg' Colston,Speaker - Free and Clear,13,Fight Club,1999-10-15
2232,550,7473,Rachel Singer,Chloe,14,Fight Club,1999-10-15
2233,550,1172435,Christie Cronenweth,Airline Check-In Attendant,15,Fight Club,1999-10-15
2234,550,956719,Tim DeZarn,Federated Motor Co. - Inspector Bird,16,Fight Club,1999-10-15
2235,550,59285,Ezra Buzzington,Federated Motor Co. - Inspector Dent,17,Fight Club,1999-10-15
2236,550,1705289,Dierdre Downing-Jackson,Business Woman on Plane,18,Fight Club,1999-10-15
2237,550,17449,Bob Stephenson,Airport Security Officer,19,Fight Club,1999-10-15
3765,557,2219,Tobey Maguire,Spider-Man / Peter Parker,0,Spider-Man,2002-05-01
3766,557,5293,Willem Dafoe,Green Goblin / Norman Osborn,1,Spider-Man,2002-05-01
3767,557,205,Kirsten Dunst,Mary Jane Watson,2,Spider-Man,2002-05-01
3768,557,17051,James Franco,Harry Osborn,3,Spider-Man,2002-05-01
3769,557,19153,Cliff Robertson,Ben Parker,4,Spider-Man,2002-05-01
3770,557,18998,Rosemary Harris,May Parker,5,Spider-Man,2002-05-01
3771,557,18999,J.K. Simmons,J. Jonah Jameson,6,Spider-Man,2002-05-01
3772,557,20580,Joe Manganiello,Flash Thompson,7,Spider-Man,2002-05-01
3773,557,19468,Gerry Becker,Maximilian Fargas,8,Spider-Man,2002-05-01
3774,557,5502,Bill Nunn,Joseph 'Robbie' Robertson,9,Spider-Man,2002-05-01
3775,557,20581,Jack Betts,Henry Balkan,10,Spider-Man,2002-05-01
3776,557,15253,Stanley Anderson,General Slocum,11,Spider-Man,2002-05-01
3777,557,125024,Ron Perkins,Dr. Mendel Stromm,12,Spider-Man,2002-05-01
3778,557,20582,Michael Papajohn,Carjacker,13,Spider-Man,2002-05-01
3779,557,6945,K.K. Dodds,Simkins,14,Spider-Man,2002-05-01
3780,557,11769,Ted Raimi,Hoffman,15,Spider-Man,2002-05-01
3781,557,11357,Bruce Campbell,Ring Announcer,16,Spider-Man,2002-05-01
3782,557,9281,Elizabeth Banks,Miss Brant,17,Spider-Man,2002-05-01
3783,557,19326,John Paxton,Houseman,18,Spider-Man,2002-05-01
3784,557,956719,Tim DeZarn,Philip Watson,19,Spider-Man,2002-05-01
1657,597,6193,Leonardo DiCaprio,Jack Dawson,0,Titanic,1997-12-18
1658,597,204,Kate Winslet,Rose DeWitt Bukater,1,Titanic,1997-12-18
1659,597,1954,Billy Zane,Cal Hockley,2,Titanic,1997-12-18
1660,597,8534,Kathy Bates,Molly Brown,3,Titanic,1997-12-18
1661,597,3713,Frances Fisher,Ruth DeWitt Bukater,4,Titanic,1997-12-18
1662,597,8535,Gloria Stuart,Old Rose,5,Titanic,1997-12-18
1663,597,2053,Bill Paxton,Brock Lovett,6,Titanic,1997-12-18
1664,597,1369,Bernard Hill,Captain Smith,7,Titanic,1997-12-18
1665,597,2076,David Warner,Spicer Lovejoy,8,Titanic,1997-12-18
1666,597,8536,Victor Garber,Thomas Andrews,9,Titanic,1997-12-18
1667,597,8537,Jonathan Hyde,Bruce Ismay,10,Titanic,1997-12-18
1668,597,2179,Suzy Amis,Lizzy Calvert,11,Titanic,1997-12-18
1669,597,8538,Lewis Abernathy,Lewis Bodine,12,Titanic,1997-12-18
1670,597,8539,Nicholas Cascone,Bobby Buell,13,Titanic,1997-12-18
1671,597,93215,Anatoly M. Sagalevitch,Anatoly Milkailavich,14,Titanic,1997-12-18
1672,597,8540,Danny Nucci,Fabrizio,15,Titanic,1997-12-18
1673,597,8541,Jason Barry,Tommy Ryan,16,Titanic,1997-12-18
1674,597,3071,Ewan Stewart,1st Officer Murdoch,17,Titanic,1997-12-18
1675,597,65524,Ioan Gruffudd,Fifth Officer Lowe,18,Titanic,1997-12-18
1676,597,8547,Jonny Phillips,2nd Officer Lightoller,19,Titanic,1997-12-18
2038,603,6384,Keanu Reeves,Neo,0,The Matrix,1999-03-31
2039,603,2975,Laurence Fishburne,Morpheus,1,The Matrix,1999-03-31
2040,603,530,Carrie-Anne Moss,Trinity,2,The Matrix,1999-03-31
2041,603,1331,Hugo Weaving,Agent Smith,3,The Matrix,1999-03-31
2042,603,9364,Gloria Foster,Oracle,4,The Matrix,1999-03-31
2043,603,532,Joe Pantoliano,Cypher,5,The Matrix,1999-03-31
2044,603,9372,Marcus Chong,Tank,6,The Matrix,1999-03-31
2045,603,7244,Julian Arahanga,Apoc,7,The Matrix,1999-03-31
2046,603,9374,Matt Doran,Mouse,8,The Matrix,1999-03-31
2047,603,9376,Belinda McClory,Switch,9,The Matrix,1999-03-31
2048,603,9378,Anthony Ray Parker,Dozer,10,The Matrix,1999-03-31
2049,603,9380,Paul Goddard,Agent Brown,11,The Matrix,1999-03-31
2050,603,39545,Robert Taylor,Agent Jones,12,The Matrix,1999-03-31
2051,603,9383,David Aston,Rhineheart,13,The Matrix,1999-03-31
2052,603,9384,Marc Aden Gray,Choi,14,The Matrix,1999-03-31
2053,603,181214,Ada Nicodemou,Dujour,15,The Matrix,1999-03-31
2054,603,1090466,Deni Gordon,Priestess,16,The Matrix,1999-03-31
2055,603,218366,Rowan Witt,Spoon Boy,17,The Matrix,1999-03-31
2056,603,1209244,Eleanor Witt,Potential,18,The Matrix,1999-03-31
2057,603,1209245,Tamara Brown,Potential,19,The Matrix,1999-03-31
2509,671,10980,Daniel Radcliffe,Harry Potter,0,Harry Potter and the Philosopher's Stone,2001-11-16
2510,671,10989,Rupert Grint,Ron Weasley,1,Harry Potter and the Philosopher's Stone,2001-11-16
2511,671,10990,Emma Watson,Hermione Granger,2,Harry Potter and the Philosopher's Stone,2001-11-16
2512,671,194,Richard Harris,Albus Dumbledore,3,Harry Potter and the Philosopher's Stone,2001-11-16
2513,671,10993,Tom Felton,Draco Malfoy,4,Harry Potter and the Philosopher's Stone,2001-11-16
2514,671,4566,Alan Rickman,Severus Snape,5,Harry Potter and the Philosopher's Stone,2001-11-16
2515,671,1923,Robbie Coltrane,Rubeus Hagrid,6,Harry Potter and the Philosopher's Stone,2001-11-16
2516,671,10978,Maggie Smith,Minerva McGonagall,7,Harry Potter and the Philosopher's Stone,2001-11-16
2517,671,10983,Richard Griffiths,Vernon Dursley,8,Harry Potter and the Philosopher's Stone,2001-11-16
2518,671,10985,Ian Hart,Quirinus Quirrell,9,Harry Potter and the Philosopher's Stone,2001-11-16
2519,671,10981,Fiona Shaw,Petunia Dursley,10,Harry Potter and the Philosopher's Stone,2001-11-16
2520,671,5049,John Hurt,Mr. Ollivander,11,Harry Potter and the Philosopher's Stone,2001-11-16
2521,671,11180,David Bradley,Argus Filch,12,Harry Potter and the Philosopher's Stone,2001-11-16
2522,671,96841,Matthew Lewis,Neville Longbottom,13,Harry Potter and the Philosopher's Stone,2001-11-16
2523,671,11179,Sean Biggerstaff,Oliver Wood,14,Harry Potter and the Philosopher's Stone,2001-11-16
2524,671,11184,Warwick Davis,Goblin Bank Teller / Filius Flitwick / Griphook (voice),15,Harry Potter and the Philosopher's Stone,2001-11-16
2525,671,10982,Harry Melling,Dudley Dursley,16,Harry Potter and the Philosopher's Stone,2001-11-16
2526,671,96851,James Phelps,Fred Weasley,17,Harry Potter and the Philosopher's Stone,2001-11-16
2527,671,140368,Oliver Phelps,George Weasley,18,Harry Potter and the Philosopher's Stone,2001-11-16
2528,671,8930,John Cleese,Nearly Headless Nick,19,Harry Potter and the Philosopher's Stone,2001-11-16
5409,672,10980,Daniel Radcliffe,Harry Potter,0,Harry Potter and the Chamber of Secrets,2002-11-13
5410,672,10989,Rupert Grint,Ron Weasley,1,Harry Potter and the Chamber of Secrets,2002-11-13
5411,672,10990,Emma Watson,Hermione Granger,2,Harry Potter and the Chamber of Secrets,2002-11-13
5412,672,11181,Kenneth Branagh,Gilderoy Lockhart,3,Harry Potter and the Chamber of Secrets,2002-11-13
5413,672,13014,Toby Jones,Dobby (voice),4,Harry Potter and the Chamber of Secrets,2002-11-13
5414,672,1923,Robbie Coltrane,Rubeus Hagrid,5,Harry Potter and the Chamber of Secrets,2002-11-13
5415,672,194,Richard Harris,Albus Dumbledore,6,Harry Potter and the Chamber of Secrets,2002-11-13
5416,672,4566,Alan Rickman,Severus Snape,7,Harry Potter and the Chamber of Secrets,2002-11-13
5417,672,10993,Tom Felton,Draco Malfoy,8,Harry Potter and the Chamber of Secrets,2002-11-13
5418,672,11355,Jason Isaacs,Lucius Malfoy,9,Harry Potter and the Chamber of Secrets,2002-11-13
5419,672,1834,Shirley Henderson,Moaning Myrtle,10,Harry Potter and the Chamber of Secrets,2002-11-13
5420,672,10983,Richard Griffiths,Vernon Dursley,11,Harry Potter and the Chamber of Secrets,2002-11-13
5421,672,477,Julie Walters,Molly Weasley,12,Harry Potter and the Chamber of Secrets,2002-11-13
5422,672,10991,Bonnie Wright,Ginny Weasley,13,Harry Potter and the Chamber of Secrets,2002-11-13
5423,672,10981,Fiona Shaw,Petunia Dursley,14,Harry Potter and the Chamber of Secrets,2002-11-13
5424,672,10978,Maggie Smith,Minerva McGonagall,15,Harry Potter and the Chamber of Secrets,2002-11-13
5425,672,11184,Warwick Davis,Filius Flitwick,16,Harry Potter and the Chamber of Secrets,2002-11-13
5426,672,11180,David Bradley,Argus Filch,17,Harry Potter and the Chamber of Secrets,2002-11-13
5427,672,11179,Sean Biggerstaff,Oliver Wood,18,Harry Potter and the Chamber of Secrets,2002-11-13
5428,672,23076,Robert Hardy,Cornelius Fudge,19,Harry Potter and the Chamber of Secrets,2002-11-13
4024,673,10980,Daniel Radcliffe,Harry Potter,0,Harry Potter and the Prisoner of Azkaban,2004-05-31
4025,673,10989,Rupert Grint,Ron Weasley,1,Harry Potter and the Prisoner of Azkaban,2004-05-31
4026,673,10990,Emma Watson,Hermione Granger,2,Harry Potter and the Prisoner of Azkaban,2004-05-31
4027,673,1923,Robbie Coltrane,Rubeus Hagrid,3,Harry Potter and the Prisoner of Azkaban,2004-05-31
4028,673,5658,Michael Gambon,Albus Dumbledore,4,Harry Potter and the Prisoner of Azkaban,2004-05-31
4029,673,64,Gary Oldman,Sirius Black,5,Harry Potter and the Prisoner of Azkaban,2004-05-31
4030,673,11207,David Thewlis,Remus Lupin,6,Harry Potter and the Prisoner of Azkaban,2004-05-31
4031,673,9191,Timothy Spall,Peter Pettigrew,7,Harry Potter and the Prisoner of Azkaban,2004-05-31
4032,673,4566,Alan Rickman,Severus Snape,8,Harry Potter and the Prisoner of Azkaban,2004-05-31
4033,673,10993,Tom Felton,Draco Malfoy,9,Harry Potter and the Prisoner of Azkaban,2004-05-31
4034,673,7056,Emma Thompson,Sybill Trelawney,10,Harry Potter and the Prisoner of Azkaban,2004-05-31
4035,673,477,Julie Walters,Molly Weasley,11,Harry Potter and the Prisoner of Azkaban,2004-05-31
4036,673,10983,Richard Griffiths,Vernon Dursley,12,Harry Potter and the Prisoner of Azkaban,2004-05-31
4037,673,10981,Fiona Shaw,Petunia Dursley,13,Harry Potter and the Prisoner of Azkaban,2004-05-31
4038,673,10978,Maggie Smith,Minerva McGonagall,14,Harry Potter and the Prisoner of Azkaban,2004-05-31
4039,673,11180,David Bradley,Argus Filch,15,Harry Potter and the Prisoner of Azkaban,2004-05-31
4040,673,11213,Pam Ferris,Marge Dursley,16,Harry Potter and the Prisoner of Azkaban,2004-05-31
4041,673,5539,Dawn French,The Fat Lady,17,Harry Potter and the Prisoner of Azkaban,2004-05-31
4042,673,1666,Julie Christie,Madam Rosmerta,18,Harry Potter and the Prisoner of Azkaban,2004-05-31
4043,673,23076,Robert Hardy,Cornelius Fudge,19,Harry Potter and the Prisoner of Azkaban,2004-05-31
4656,674,10980,Daniel Radcliffe,Harry Potter,0,Harry Potter and the Goblet of Fire,2005-11-16
4657,674,10989,Rupert Grint,Ron Weasley,1,Harry Potter and the Goblet of Fire,2005-11-16
4658,674,10990,Emma Watson,Hermione Granger,2,Harry Potter and the Goblet of Fire,2005-11-16
4659,674,2039,Brendan Gleeson,Alastor 'Mad-Eye' Moody,3,Harry Potter and the Goblet of Fire,2005-11-16
4660,674,5658,Michael Gambon,Albus Dumbledore,4,Harry Potter and the Goblet of Fire,2005-11-16
4661,674,11288,Robert Pattinson,Cedric Diggory,5,Harry Potter and the Goblet of Fire,2005-11-16
4662,674,5469,Ralph Fiennes,Lord Voldemort,6,Harry Potter and the Goblet of Fire,2005-11-16
4663,674,1923,Robbie Coltrane,Rubeus Hagrid,7,Harry Potter and the Goblet of Fire,2005-11-16
4664,674,4566,Alan Rickman,Severus Snape,8,Harry Potter and the Goblet of Fire,2005-11-16
4665,674,20049,David Tennant,Barty Crouch Junior,9,Harry Potter and the Goblet of Fire,2005-11-16
4666,674,12044,Predrag Bjelac,Igor Karkaroff,10,Harry Potter and the Goblet of Fire,2005-11-16
4667,674,11291,Clémence Poésy,Fleur Delacour,11,Harry Potter and the Goblet of Fire,2005-11-16
4668,674,11290,Stanislav Yanevski,Viktor Krum,12,Harry Potter and the Goblet of Fire,2005-11-16
4669,674,47468,Frances de la Tour,Madame Olympe Maxime,13,Harry Potter and the Goblet of Fire,2005-11-16
4670,674,81024,Roger Lloyd Pack,Barty Crouch,14,Harry Potter and the Goblet of Fire,2005-11-16
4671,674,8436,Miranda Richardson,Rita Skeeter,15,Harry Potter and the Goblet of Fire,2005-11-16
4672,674,64,Gary Oldman,Sirius Black,16,Harry Potter and the Goblet of Fire,2005-11-16
4673,674,11355,Jason Isaacs,Lucius Malfoy,17,Harry Potter and the Goblet of Fire,2005-11-16
4674,674,10978,Maggie Smith,Minerva McGonagall,18,Harry Potter and the Goblet of Fire,2005-11-16
4675,674,9191,Timothy Spall,Wormtail,19,Harry Potter and the Goblet of Fire,2005-11-16
3904,675,10980,Daniel Radcliffe,Harry Potter,0,Harry Potter and the Order of the Phoenix,2007-07-08
3905,675,10989,Rupert Grint,Ron Weasley,1,Harry Potter and the Order of the Phoenix,2007-07-08
3906,675,10990,Emma Watson,Hermione Granger,2,Harry Potter and the Order of the Phoenix,2007-07-08
3907,675,11356,Imelda Staunton,Dolores Umbridge,3,Harry Potter and the Order of the Phoenix,2007-07-08
3908,675,1283,Helena Bonham Carter,Bellatrix Lestrange,4,Harry Potter and the Order of the Phoenix,2007-07-08
3909,675,1923,Robbie Coltrane,Rubeus Hagrid,5,Harry Potter and the Order of the Phoenix,2007-07-08
3910,675,64,Gary Oldman,Sirius Black,6,Harry Potter and the Order of the Phoenix,2007-07-08
3911,675,5469,Ralph Fiennes,Lord Voldemort,7,Harry Potter and the Order of the Phoenix,2007-07-08
3912,675,5658,Michael Gambon,Albus Dumbledore,8,Harry Potter and the Order of the Phoenix,2007-07-08
3913,675,4566,Alan Rickman,Severus Snape,9,Harry Potter and the Order of the Phoenix,2007-07-08
3914,675,10983,Richard Griffiths,Vernon Dursley,10,Harry Potter and the Order of the Phoenix,2007-07-08
3915,675,2039,Brendan Gleeson,Alastor 'Mad-Eye' Moody,11,Harry Potter and the Order of the Phoenix,2007-07-08
3916,675,11355,Jason Isaacs,Lucius Malfoy,12,Harry Potter and the Order of the Phoenix,2007-07-08
3917,675,140367,Evanna Lynch,Luna Lovegood,13,Harry Potter and the Order of the Phoenix,2007-07-08
3918,675,234933,Katie Leung,Cho Chang,14,Harry Potter and the Order of the Phoenix,2007-07-08
3919,675,11184,Warwick Davis,Filius Flitwick,15,Harry Potter and the Order of the Phoenix,2007-07-08
3920,675,10981,Fiona Shaw,Petunia Dursley,16,Harry Potter and the Order of the Phoenix,2007-07-08
3921,675,10978,Maggie Smith,Minerva McGonagall,17,Harry Potter and the Order of the Phoenix,2007-07-08
3922,675,11207,David Thewlis,Remus Lupin,18,Harry Potter and the Order of the Phoenix,2007-07-08
3923,675,7056,Emma Thompson,Sybill Trelawney,19,Harry Potter and the Order of the Phoenix,2007-07-08
2631,680,8891,John Travolta,Vincent Vega,0,Pulp Fiction,1994-09-10
2632,680,2231,Samuel L. Jackson,Jules Winnfield,1,Pulp Fiction,1994-09-10
2633,680,139,Uma Thurman,Mia Wallace,2,Pulp Fiction,1994-09-10
2634,680,62,Bruce Willis,Butch Coolidge,3,Pulp Fiction,1994-09-10
2635,680,10182,Ving Rhames,Marsellus Wallace,4,Pulp Fiction,1994-09-10
2636,680,1037,Harvey Keitel,The Wolf,5,Pulp Fiction,1994-09-10
2637,680,7036,Eric Stoltz,Lance,6,Pulp Fiction,1994-09-10
2638,680,3129,Tim Roth,Pumpkin,7,Pulp Fiction,1994-09-10
2639,680,99,Amanda Plummer,Honey Bunny,8,Pulp Fiction,1994-09-10
2640,680,2319,Maria de Medeiros,Fabienne,9,Pulp Fiction,1994-09-10
2641,680,138,Quentin Tarantino,Jimmie Dimmick,10,Pulp Fiction,1994-09-10
2642,680,4690,Christopher Walken,Captain Koons,11,Pulp Fiction,1994-09-10
2643,680,2165,Rosanna Arquette,Jody,12,Pulp Fiction,1994-09-10
2644,680,11803,Peter Greene,Zed,13,Pulp Fiction,1994-09-10
2645,680,11804,Duane Whitaker,Maynard,14,Pulp Fiction,1994-09-10
2646,680,71836,Angela Jones,Esmarelda Villalobos,15,Pulp Fiction,1994-09-10
2647,680,31549,Phil LaMarr,Marvin,16,Pulp Fiction,1994-09-10
2648,680,884,Steve Buscemi,Buddy Holly,17,Pulp Fiction,1994-09-10
2649,680,33399,Bronagh Gallagher,Trudi,18,Pulp Fiction,1994-09-10
2650,680,11807,Laura Lovelace,Waitress,19,Pulp Fiction,1994-09-10
5930,767,10980,Daniel Radcliffe,Harry Potter,0,Harry Potter and the Half-Blood Prince,2009-07-15
5931,767,10989,Rupert Grint,Ron Weasley,1,Harry Potter and the Half-Blood Prince,2009-07-15
5932,767,10990,Emma Watson,Hermione Granger,2,Harry Potter and the Half-Blood Prince,2009-07-15
5933,767,388,Jim Broadbent,Horace Slughorn,3,Harry Potter and the Half-Blood Prince,2009-07-15
5934,767,5658,Michael Gambon,Albus Dumbledore,4,Harry Potter and the Half-Blood Prince,2009-07-15
5935,767,10993,Tom Felton,Draco Malfoy,5,Harry Potter and the Half-Blood Prince,2009-07-15
5936,767,4566,Alan Rickman,Severus Snape,6,Harry Potter and the Half-Blood Prince,2009-07-15
5937,767,10991,Bonnie Wright,Ginny Weasley,7,Harry Potter and the Half-Blood Prince,2009-07-15
5938,767,234924,Jessie Cave,Lavender Brown,8,Harry Potter and the Half-Blood Prince,2009-07-15
5939,767,140367,Evanna Lynch,Luna Lovegood,9,Harry Potter and the Half-Blood Prince,2009-07-15
5940,767,234934,Freddie Stroma,Cormac McLaggen,10,Harry Potter and the Half-Blood Prince,2009-07-15
5941,767,1923,Robbie Coltrane,Rubeus Hagrid,11,Harry Potter and the Half-Blood Prince,2009-07-15
5942,767,1283,Helena Bonham Carter,Bellatrix Lestrange,12,Harry Potter and the Half-Blood Prince,2009-07-15
5943,767,10978,Maggie Smith,Minerva McGonagall,13,Harry Potter and the Half-Blood Prince,2009-07-15
5944,767,9191,Timothy Spall,Peter Pettigrew,14,Harry Potter and the Half-Blood Prince,2009-07-15
5945,767,11207,David Thewlis,Remus Lupin,15,Harry Potter and the Half-Blood Prince,2009-07-15
5946,767,477,Julie Walters,Molly Weasley,16,Harry Potter and the Half-Blood Prince,2009-07-15
5947,767,11180,David Bradley,Argus Filch,17,Harry Potter and the Half-Blood Prince,2009-07-15
5948,767,11184,Warwick Davis,Filius Flitwick,18,Harry Potter and the Half-Blood Prince,2009-07-15
5949,767,9138,Gemma Jones,Poppy Pomfrey,19,Harry Potter and the Half-Blood Prince,2009-07-15
4141,807,192,Morgan Freeman,Somerset,0,Se7en,1995-09-22
4142,807,287,Brad Pitt,Mills,1,Se7en,1995-09-22
4143,807,12052,Gwyneth Paltrow,Tracy,2,Se7en,1995-09-22
4144,807,12055,John Cassini,Officer Davis,3,Se7en,1995-09-22
4145,807,30487,Peter Crombie,Dr. O'Neill,4,Se7en,1995-09-22
4146,807,38951,Reg E. Cathey,Dr. Santiago,5,Se7en,1995-09-22
4147,807,8655,R. Lee Ermey,Police Captain,6,Se7en,1995-09-22
4148,807,12054,Daniel Zacapa,Detective Taylor at First Murder,7,Se7en,1995-09-22
4149,807,12047,Andrew Kevin Walker,Dead Man at 1st Crime Scene,8,Se7en,1995-09-22
4150,807,1583695,George Christy,Workman at Door of Somerset's Office,9,Se7en,1995-09-22
4151,807,43461,Endre Hules,Cab Driver,10,Se7en,1995-09-22
4152,807,12056,Hawthorne James,George the Night Guard at the Library,11,Se7en,1995-09-22
4153,807,4294859,Bob Mack,Gluttony Victim,12,Se7en,1995-09-22
4154,807,1025337,William Davidson,First Guard at the Library,13,Se7en,1995-09-22
4155,807,1055173,Bob Collins,Second Guard at the Library,14,Se7en,1995-09-22
4156,807,4207972,Jimmy Dale Hartsell,Library Janitor,15,Se7en,1995-09-22
4157,807,6487,Richard Roundtree,Talbot,16,Se7en,1995-09-22
4158,807,4294870,Charline Su,TV News Reporter,17,Se7en,1995-09-22
4159,807,95200,Dominique Jennings,TV News Reporter,18,Se7en,1995-09-22
4160,807,31533,Allan Kolman,First Forensic Man in the Law Office,19,Se7en,1995-09-22
4051,862,31,Tom Hanks,Woody (voice),0,Toy Story,1995-11-22
4052,862,12898,Tim Allen,Buzz Lightyear (voice),1,Toy Story,1995-11-22
4053,862,7167,Don Rickles,Mr. Potato Head (voice),2,Toy Story,1995-11-22
4054,862,12899,Jim Varney,Slinky Dog (voice),3,Toy Story,1995-11-22
4055,862,12900,Wallace Shawn,Rex (voice),4,Toy Story,1995-11-22
4056,862,7907,John Ratzenberger,Hamm (voice),5,Toy Story,1995-11-22
4057,862,8873,Annie Potts,Bo Peep (voice),6,Toy Story,1995-11-22
4058,862,1116442,John Morris,Andy (voice),7,Toy Story,1995-11-22
4059,862,12901,Erik von Detten,Sid (voice),8,Toy Story,1995-11-22
4060,862,12133,Laurie Metcalf,Mrs. Davis (voice),9,Toy Story,1995-11-22
4061,862,8655,R. Lee Ermey,Sergeant (voice),10,Toy Story,1995-11-22
4062,862,12903,Sarah Freeman,Hannah (voice),11,Toy Story,1995-11-22
4063,862,37221,Penn Jillette,TV Announcer (voice),12,Toy Story,1995-11-22
4064,862,19545,Jack Angel,Shark / Rocky Gibraltar (voice),13,Toy Story,1995-11-22
4065,862,1266092,Spencer Aste,Wounded Soldier (voice),14,Toy Story,1995-11-22
4066,862,94038,Greg Berg,Local Announcer (voice),15,Toy Story,1995-11-22
4067,862,1202809,Lisa Bradley,Kid (voice),16,Toy Story,1995-11-22
4068,862,134713,Kendall Cunningham,Kid (voice),17,Toy Story,1995-11-22
4069,862,73016,Debi Derryberry,Aliens / Pizza Planet Announcer (voice),18,Toy Story,1995-11-22
4070,862,186614,Cody Dorkin,Kid (voice),19,Toy Story,1995-11-22
4380,1726,3223,Robert Downey Jr.,Tony Stark,0,Iron Man,2008-04-30
4381,1726,18288,Terrence Howard,Rhodey,1,Iron Man,2008-04-30
4382,1726,1229,Jeff Bridges,Obadiah Stane,2,Iron Man,2008-04-30
4383,1726,12052,Gwyneth Paltrow,Pepper Potts,3,Iron Man,2008-04-30
4384,1726,57451,Leslie Bibb,Christine Everhart,4,Iron Man,2008-04-30
4385,1726,17857,Shaun Toub,Yinsen,5,Iron Man,2008-04-30
4386,1726,57452,Faran Tahir,Raza,6,Iron Man,2008-04-30
4387,1726,9048,Clark Gregg,Agent Coulson,7,Iron Man,2008-04-30
4388,1726,17200,Bill Smitrovich,General Gabriel,8,Iron Man,2008-04-30
4389,1726,173810,Sayed Badreya,Abu Bakaar,9,Iron Man,2008-04-30
4390,1726,6162,Paul Bettany,Jarvis (voice),10,Iron Man,2008-04-30
4391,1726,15277,Jon Favreau,Hogan,11,Iron Man,2008-04-30
4392,1726,12708,Peter Billingsley,William Ginter Riva,12,Iron Man,2008-04-30
4393,1726,40275,Tim Guinee,Major Allen,13,Iron Man,2008-04-30
4394,1726,163671,Will Lyman,Award Ceremony Narrator (voice),14,Iron Man,2008-04-30
4395,1726,78299,Tom Morello,Guard,15,Iron Man,2008-04-30
4396,1726,54809,Marco Khan,Guard,16,Iron Man,2008-04-30
4397,1726,944830,Daston Kalili,Guard,17,Iron Man,2008-04-30
4398,1726,1209417,Ido Mor,Guard,18,Iron Man,2008-04-30
4399,1726,95698,Kevin Foster,Jimmy,19,Iron Man,2008-04-30
21692,1771,16828,Chris Evans,Captain America / Steve Rogers,0,Captain America: The First Avenger,2011-07-22
21693,1771,39459,Hayley Atwell,Peggy Carter,1,Captain America: The First Avenger,2011-07-22
21694,1771,60898,Sebastian Stan,James Buchanan 'Bucky' Barnes,2,Captain America: The First Avenger,2011-07-22
21695,1771,2176,Tommy Lee Jones,Colonel Chester Phillips,3,Captain America: The First Avenger,2011-07-22
21696,1771,1331,Hugo Weaving,Johann Schmidt / Red Skull,4,Captain America: The First Avenger,2011-07-22
21697,1771,55470,Dominic Cooper,Howard Stark,5,Captain America: The First Avenger,2011-07-22
21698,1771,30315,Richard Armitage,Heinz Kruger,6,Captain America: The First Avenger,2011-07-22
21699,1771,2283,Stanley Tucci,Dr. Abraham Erskine,7,Captain America: The First Avenger,2011-07-22
21700,1771,2231,Samuel L. Jackson,Nick Fury,8,Captain America: The First Avenger,2011-07-22
21701,1771,13014,Toby Jones,Dr. Arnim Zola,9,Captain America: The First Avenger,2011-07-22
21702,1771,2203,Neal McDonough,Timothy 'Dum Dum' Dugan,10,Captain America: The First Avenger,2011-07-22
21703,1771,15543,Derek Luke,Gabe Jones,11,Captain America: The First Avenger,2011-07-22
21704,1771,41561,Kenneth Choi,Jim Morita,12,Captain America: The First Avenger,2011-07-22
21705,1771,30710,JJ Feild,James Montgomery Falsworth,13,Captain America: The First Avenger,2011-07-22
21706,1771,145161,Bruno Ricci,Jacques Dernier,14,Captain America: The First Avenger,2011-07-22
21707,1771,55583,Lex Shrapnel,Gilmore Hodge,15,Captain America: The First Avenger,2011-07-22
21708,1771,131814,Michael Brandon,Senator Brandt,16,Captain America: The First Avenger,2011-07-22
21709,1771,1094667,Martin Sherman,Brandt's Aide,17,Captain America: The First Avenger,2011-07-22
21710,1771,58502,Natalie Dormer,Pvt. Lorraine,18,Captain America: The First Avenger,2011-07-22
21711,1771,1104994,Oscar Pearce,Search Team Leader,19,Captain America: The First Avenger,2011-07-22
4496,10138,3223,Robert Downey Jr.,Tony Stark,0,Iron Man 2,2010-04-28
4497,10138,12052,Gwyneth Paltrow,Pepper Potts,1,Iron Man 2,2010-04-28
4498,10138,1896,Don Cheadle,Lt. Col. James 'Rhodey' Rhodes,2,Iron Man 2,2010-04-28
4499,10138,1245,Scarlett Johansson,Natalie Rushman / Natasha Romanoff,3,Iron Man 2,2010-04-28
4500,10138,6807,Sam Rockwell,Justin Hammer,4,Iron Man 2,2010-04-28
4501,10138,2295,Mickey Rourke,Ivan Vanko,5,Iron Man 2,2010-04-28
4502,10138,2231,Samuel L. Jackson,Nick Fury,6,Iron Man 2,2010-04-28
4503,10138,9048,Clark Gregg,Agent Coulson,7,Iron Man 2,2010-04-28
4504,10138,21134,John Slattery,Howard Stark,8,Iron Man 2,2010-04-28
4505,10138,52865,Garry Shandling,Senator Stern,9,Iron Man 2,2010-04-28
4506,10138,6162,Paul Bettany,Jarvis (voice),10,Iron Man 2,2010-04-28
4507,10138,51072,Kate Mara,U.S. Marshal,11,Iron Man 2,2010-04-28
4508,10138,57451,Leslie Bibb,Christine Everhart,12,Iron Man 2,2010-04-28
4509,10138,15277,Jon Favreau,Happy Hogan,13,Iron Man 2,2010-04-28
4510,10138,73641,Christiane Amanpour,Christiane Amanpour,14,Iron Man 2,2010-04-28
4511,10138,14741,Philippe Bergeron,Detective Lemieux,15,Iron Man 2,2010-04-28
4512,10138,1209714,James Bethea,Security Force #1,16,Iron Man 2,2010-04-28
4513,10138,216601,Michael Bruno,Security Force #2,17,Iron Man 2,2010-04-28
4514,10138,1265248,Kate Clark,Expo Fan,18,Iron Man 2,2010-04-28
4515,10138,1265249,Luminita Docan,Russian Newscaster,19,Iron Man 2,2010-04-28
10274,10195,74568,Chris Hemsworth,Thor,0,Thor,2011-04-21
10275,10195,524,Natalie Portman,Jane Foster,1,Thor,2011-04-21
10276,10195,91606,Tom Hiddleston,Loki,2,Thor,2011-04-21
10277,10195,4173,Anthony Hopkins,Odin,3,Thor,2011-04-21
10278,10195,1640,Stellan Skarsgård,Erik Selvig,4,Thor,2011-04-21
10279,10195,52852,Kat Dennings,Darcy Lewis,5,Thor,2011-04-21
10280,10195,9048,Clark Gregg,Agent Coulson,6,Thor,2011-04-21
10281,10195,10132,Colm Feore,King Laufey,7,Thor,2011-04-21
10282,10195,17605,Idris Elba,Heimdall,8,Thor,2011-04-21
10283,10195,56614,Ray Stevenson,Volstagg,9,Thor,2011-04-21
10284,10195,13275,Tadanobu Asano,Hogun,10,Thor,2011-04-21
10285,10195,77880,Josh Dallas,Fandral,11,Thor,2011-04-21
10286,10195,59817,Jaimie Alexander,Sif,12,Thor,2011-04-21
10287,10195,14343,Rene Russo,Frigga,13,Thor,2011-04-21
10288,10195,270,Adriana Barraza,Isabela Alvarez,14,Thor,2011-04-21
10289,10195,1018947,Maximiliano Hernández,Agent Sitwell,15,Thor,2011-04-21
10290,10195,12371,Richard Cetrone,Frost Giant Captain,16,Thor,2011-04-21
10291,10195,125050,Darren Kendrick,Frost Giant Sentry,17,Thor,2011-04-21
10292,10195,78150,Josh Coxx,Frost Giant Hailstrum,18,Thor,2011-04-21
10293,10195,1579743,Justice J. Smith Jr.,Frost Giant Brute,19,Thor,2011-04-21
5010,10681,670,Ben Burtt,WALL·E / M-O (voice),0,WALL·E,2008-06-22
5011,10681,72754,Elissa Knight,EVE (voice),1,WALL·E,2008-06-22
5012,10681,60074,Jeff Garlin,Captain (voice),2,WALL·E,2008-06-22
5013,10681,20753,Fred Willard,"Shelby Forthright, BnL CEO",3,WALL·E,2008-06-22
5014,10681,7907,John Ratzenberger,John (voice),4,WALL·E,2008-06-22
5015,10681,11074,Kathy Najimy,Mary (voice),5,WALL·E,2008-06-22
5016,10681,10205,Sigourney Weaver,Ship's Computer (voice),6,WALL·E,2008-06-22
5017,10681,24358,Lori Alan,Additional Voices (voice),7,WALL·E,2008-06-22
5018,10681,78317,Bob Bergen,Additional Voices (voice),8,WALL·E,2008-06-22
5019,10681,167295,John Cygan,Additional Voices (voice),9,WALL·E,2008-06-22
5020,10681,12890,Pete Docter,Additional Voices (voice),10,WALL·E,2008-06-22
5021,10681,86006,Paul Eiding,Additional Voices (voice),11,WALL·E,2008-06-22
5022,10681,84494,Donald Fullilove,Additional Voices (voice),12,WALL·E,2008-06-22
5023,10681,117081,Teresa Ganzel,Additional Voices (voice),13,WALL·E,2008-06-22
5024,10681,84495,Jess Harnell,Additional Voices (voice),14,WALL·E,2008-06-22
5025,10681,214701,Sherry Lynn,Additional Voices (voice),15,WALL·E,2008-06-22
5026,10681,84493,Mickie McGowan,Additional Voices (voice),16,WALL·E,2008-06-22
5027,10681,35159,Laraine Newman,Additional Voices (voice),17,WALL·E,2008-06-22
5028,10681,59357,Teddy Newton,Additional Voices (voice),18,WALL·E,2008-06-22
5029,10681,7882,Jeff Pidgeon,Additional Voices (voice),19,WALL·E,2008-06-22
5637,11324,6193,Leonardo DiCaprio,Teddy Daniels,0,Shutter Island,2010-02-14
5638,11324,103,Mark Ruffalo,Chuck Aule,1,Shutter Island,2010-02-14
5639,11324,2282,Ben Kingsley,Dr. Cawley,2,Shutter Island,2010-02-14
5640,11324,2201,Max von Sydow,Dr. Naehring,3,Shutter Island,2010-02-14
5641,11324,1812,Michelle Williams,Dolores,4,Shutter Island,2010-02-14
5642,11324,1246,Emily Mortimer,Rachel 1,5,Shutter Island,2010-02-14
5643,11324,1276,Patricia Clarkson,Rachel 2,6,Shutter Island,2010-02-14
5644,11324,17183,Jackie Earle Haley,George Noyce,7,Shutter Island,2010-02-14
5645,11324,15854,Ted Levine,Warden,8,Shutter Island,2010-02-14
5646,11324,3911,John Carroll Lynch,Deputy Warden McPherson,9,Shutter Island,2010-02-14
5647,11324,13550,Elias Koteas,Laeddis,10,Shutter Island,2010-02-14
5648,11324,11902,Robin Bartlett,Bridget Kearns,11,Shutter Island,2010-02-14
5649,11324,61510,Christopher Denham,Peter Breene,12,Shutter Island,2010-02-14
5650,11324,177898,Nellie Sciutto,Nurse Marino,13,Shutter Island,2010-02-14
5651,11324,82631,Joseph Sikora,Glen Miga,14,Shutter Island,2010-02-14
5652,11324,2254,Curtiss Cook,Trey Washington,15,Shutter Island,2010-02-14
5653,11324,1181562,Raymond Anthony Thomas,Orderly Ganton,16,Shutter Island,2010-02-14
5654,11324,141458,Joseph McKenna,Inmate Billings,17,Shutter Island,2010-02-14
5655,11324,1218228,Ruby Jerins,Little Girl,18,Shutter Island,2010-02-14
5656,11324,58333,Tom Kemp,Ward C Guard,19,Shutter Island,2010-02-14
5719,12444,10980,Daniel Radcliffe,Harry Potter,0,Harry Potter and the Deathly Hallows: Part 1,2010-11-17
5720,12444,10990,Emma Watson,Hermione Granger,1,Harry Potter and the Deathly Hallows: Part 1,2010-11-17
5721,12444,10989,Rupert Grint,Ron Weasley,2,Harry Potter and the Deathly Hallows: Part 1,2010-11-17
5722,12444,13014,Toby Jones,Dobby (voice),3,Harry Potter and the Deathly Hallows: Part 1,2010-11-17
5723,12444,1283,Helena Bonham Carter,Bellatrix Lestrange,4,Harry Potter and the Deathly Hallows: Part 1,2010-11-17
5724,12444,4566,Alan Rickman,Severus Snape,5,Harry Potter and the Deathly Hallows: Part 1,2010-11-17
5725,12444,5469,Ralph Fiennes,Lord Voldemort,6,Harry Potter and the Deathly Hallows: Part 1,2010-11-17
5726,12444,2440,Bill Nighy,Rufus Scrimgeour,7,Harry Potter and the Deathly Hallows: Part 1,2010-11-17
5727,12444,16358,Simon McBurney,Kreacher (voice),8,Harry Potter and the Deathly Hallows: Part 1,2010-11-17
5728,12444,7026,Rhys Ifans,Xenophilius Lovegood,9,Harry Potter and the Deathly Hallows: Part 1,2010-11-17
5729,12444,140367,Evanna Lynch,Luna Lovegood,10,Harry Potter and the Deathly Hallows: Part 1,2010-11-17
5730,12444,3549,Andy Linden,Mundungus Fletcher,11,Harry Potter and the Deathly Hallows: Part 1,2010-11-17
5731,12444,40638,Guy Henry,Pius Thicknesse,12,Harry Potter and the Deathly Hallows: Part 1,2010-11-17
5732,12444,11355,Jason Isaacs,Lucius Malfoy,13,Harry Potter and the Deathly Hallows: Part 1,2010-11-17
5733,12444,2039,Brendan Gleeson,Alastor 'Mad-Eye' Moody,14,Harry Potter and the Deathly Hallows: Part 1,2010-11-17
5734,12444,5049,John Hurt,Ollivander,15,Harry Potter and the Deathly Hallows: Part 1,2010-11-17
5735,12444,1923,Robbie Coltrane,Rubeus Hagrid,16,Harry Potter and the Deathly Hallows: Part 1,2010-11-17
5736,12444,11207,David Thewlis,Remus Lupin,17,Harry Potter and the Deathly Hallows: Part 1,2010-11-17
5737,12444,10983,Richard Griffiths,Vernon Dursley,18,Harry Potter and the Deathly Hallows: Part 1,2010-11-17
5738,12444,477,Julie Walters,Molly Weasley,19,Harry Potter and the Deathly Hallows: Part 1,2010-11-17
4636,12445,10980,Daniel Radcliffe,Harry Potter,0,Harry Potter and the Deathly Hallows: Part 2,2011-07-12
4637,12445,10990,Emma Watson,Hermione Granger,1,Harry Potter and the Deathly Hallows: Part 2,2011-07-12
4638,12445,10989,Rupert Grint,Ron Weasley,2,Harry Potter and the Deathly Hallows: Part 2,2011-07-12
4639,12445,5469,Ralph Fiennes,Lord Voldemort,3,Harry Potter and the Deathly Hallows: Part 2,2011-07-12
4640,12445,4566,Alan Rickman,Severus Snape,4,Harry Potter and the Deathly Hallows: Part 2,2011-07-12
4641,12445,5658,Michael Gambon,Albus Dumbledore,5,Harry Potter and the Deathly Hallows: Part 2,2011-07-12
4642,12445,11184,Warwick Davis,Griphook / Filius Flitwick,6,Harry Potter and the Deathly Hallows: Part 2,2011-07-12
4643,12445,1283,Helena Bonham Carter,Bellatrix Lestrange,7,Harry Potter and the Deathly Hallows: Part 2,2011-07-12
4644,12445,8785,Ciarán Hinds,Aberforth Dumbledore,8,Harry Potter and the Deathly Hallows: Part 2,2011-07-12
4645,12445,96841,Matthew Lewis,Neville Longbottom,9,Harry Potter and the Deathly Hallows: Part 2,2011-07-12
4646,12445,5049,John Hurt,Ollivander,10,Harry Potter and the Deathly Hallows: Part 2,2011-07-12
4647,12445,140367,Evanna Lynch,Luna Lovegood,11,Harry Potter and the Deathly Hallows: Part 2,2011-07-12
4648,12445,1923,Robbie Coltrane,Rubeus Hagrid,12,Harry Potter and the Deathly Hallows: Part 2,2011-07-12
4649,12445,9015,Kelly Macdonald,Helena Ravenclaw,13,Harry Potter and the Deathly Hallows: Part 2,2011-07-12
4650,12445,10993,Tom Felton,Draco Malfoy,14,Harry Potter and the Deathly Hallows: Part 2,2011-07-12
4651,12445,15737,Helen McCrory,Narcissa Malfoy,15,Harry Potter and the Deathly Hallows: Part 2,2011-07-12
4652,12445,11355,Jason Isaacs,Lucius Malfoy,16,Harry Potter and the Deathly Hallows: Part 2,2011-07-12
4653,12445,10978,Maggie Smith,Minerva McGonagall,17,Harry Potter and the Deathly Hallows: Part 2,2011-07-12
4654,12445,11207,David Thewlis,Remus Lupin,18,Harry Potter and the Deathly Hallows: Part 2,2011-07-12
4655,12445,64,Gary Oldman,Sirius Black,19,Harry Potter and the Deathly Hallows: Part 2,2011-07-12
5090,14160,68812,Ed Asner,Carl Fredricksen (voice),0,Up,2009-05-28
5091,14160,290,Christopher Plummer,Muntz (voice),1,Up,2009-05-28
5092,14160,80676,Jordan Nagai,Russell (voice),2,Up,2009-05-28
5093,14160,10,Bob Peterson,Dug / Alpha (voice),3,Up,2009-05-28
5094,14160,18792,Delroy Lindo,Beta (voice),4,Up,2009-05-28
5095,14160,7960,Jerome Ranft,Gamma (voice),5,Up,2009-05-28
5096,14160,7907,John Ratzenberger,Construction Foreman Tom (voice),6,Up,2009-05-28
5097,14160,84490,David Kaye,Newsreel Announcer (voice),7,Up,2009-05-28
5098,14160,84491,Elie Docter,Young Ellie (voice),8,Up,2009-05-28
5099,14160,84492,Jeremy Leary,Young Carl (voice),9,Up,2009-05-28
5100,14160,84493,Mickie McGowan,Police Officer Edith (voice),10,Up,2009-05-28
5101,14160,52699,Danny Mann,Construction Worker Steve (voice),11,Up,2009-05-28
5102,14160,84494,Donald Fullilove,Nurse George (voice),12,Up,2009-05-28
5103,14160,84495,Jess Harnell,Nurse AJ (voice),13,Up,2009-05-28
5104,14160,84496,Josh Cooley,Omega (voice),14,Up,2009-05-28
5105,14160,12890,Pete Docter,Campmaster Strauch (voice),15,Up,2009-05-28
5106,14160,126638,Mark Andrews,Additional Voices (voice),16,Up,2009-05-28
5107,14160,78317,Bob Bergen,Additional Voices (voice),17,Up,2009-05-28
5108,14160,59803,Brenda Chapman,Additional Voices (voice),18,Up,2009-05-28
5109,14160,1266117,Emma Coats,Additional Voices (voice),19,Up,2009-05-28
5050,16869,287,Brad Pitt,LT. Aldo Raine,0,Inglourious Basterds,2009-08-02
5051,16869,19119,Mélanie Laurent,Shosanna,1,Inglourious Basterds,2009-08-02
5052,16869,27319,Christoph Waltz,COL. Hans Landa,2,Inglourious Basterds,2009-08-02
5053,16869,16847,Eli Roth,SGT. Donny Donowitz,3,Inglourious Basterds,2009-08-02
5054,16869,17288,Michael Fassbender,LT. Archie Hicox,4,Inglourious Basterds,2009-08-02
5055,16869,9824,Diane Kruger,Bridget von Hammersmark,5,Inglourious Basterds,2009-08-02
5056,16869,3872,Daniel Brühl,Fredrick Zoller,6,Inglourious Basterds,2009-08-02
5057,16869,1844,Til Schweiger,SGT. Hugo Stiglitz,7,Inglourious Basterds,2009-08-02
5058,16869,32823,Gedeon Burkhard,CPL. Wilhelm Wicki,8,Inglourious Basterds,2009-08-02
5059,16869,51636,Jacky Ido,Marcel,9,Inglourious Basterds,2009-08-02
5060,16869,107770,B. J. Novak,PFC. Smithson Utivich,10,Inglourious Basterds,2009-08-02
5061,16869,23286,Omar Doom,PFC. Omar Ulmer,11,Inglourious Basterds,2009-08-02
5062,16869,6091,August Diehl,Major Hellstrom,12,Inglourious Basterds,2009-08-02
5063,16869,81125,Denis Ménochet,Perrier LaPadite,13,Inglourious Basterds,2009-08-02
5064,16869,41965,Sylvester Groth,Joseph Goebbels,14,Inglourious Basterds,2009-08-02
5065,16869,49056,Martin Wuttke,Hitler,15,Inglourious Basterds,2009-08-02
5066,16869,12073,Mike Myers,General Ed Fenech,16,Inglourious Basterds,2009-08-02
5067,16869,2539,Julie Dreyfus,Francesca Mondino,17,Inglourious Basterds,2009-08-02
5068,16869,49487,Richard Sammel,SGT. Rachtman,18,Inglourious Basterds,2009-08-02
5069,16869,31663,Alexander Fehling,Master SGT. Wilhelm / Pola Negri,19,Inglourious Basterds,2009-08-02
915,19995,65731,Sam Worthington,Jake Sully,0,Avatar,2009-12-16
916,19995,8691,Zoe Saldaña,Neytiri,1,Avatar,2009-12-16
917,19995,10205,Sigourney Weaver,Dr. Grace Augustine,2,Avatar,2009-12-16
918,19995,32747,Stephen Lang,Colonel Miles Quaritch,3,Avatar,2009-12-16
919,19995,17647,Michelle Rodriguez,Trudy Chacon,4,Avatar,2009-12-16
920,19995,1771,Giovanni Ribisi,Parker Selfridge,5,Avatar,2009-12-16
921,19995,59231,Joel David Moore,Norm Spellman,6,Avatar,2009-12-16
922,19995,30485,CCH Pounder,Mo'at,7,Avatar,2009-12-16
923,19995,15853,Wes Studi,Eytukan,8,Avatar,2009-12-16
924,19995,10964,Laz Alonso,Tsu'Tey,9,Avatar,2009-12-16
925,19995,95697,Dileep Rao,Dr. Max Patel,10,Avatar,2009-12-16
926,19995,98215,Matt Gerald,Corporal Lyle Wainfleet,11,Avatar,2009-12-16
927,19995,154153,Sean Anthony Moran,Private Fike,12,Avatar,2009-12-16
928,19995,397312,Jason Whyte,Cryo Vault Med Tech,13,Avatar,2009-12-16
929,19995,42317,Scott Lawrence,Venture Star Crew Chief,14,Avatar,2009-12-16
930,19995,986734,Kelly Kilgour,Lock Up Trooper,15,Avatar,2009-12-16
931,19995,1207227,James Patrick Pitt,Shuttle Pilot,16,Avatar,2009-12-16
932,19995,1180936,Sean Patrick Murphy,Shuttle Co-Pilot,17,Avatar,2009-12-16
933,19995,1019578,Peter Dillon,Shuttle Crew Chief,18,Avatar,2009-12-16
934,19995,91443,Kevin Dorman,Tractor Operator,19,Avatar,2009-12-16
569,24428,3223,Robert Downey Jr.,Tony Stark / Iron Man,0,The Avengers,2012-04-25
570,24428,16828,Chris Evans,Steve Rogers / Captain America,1,The Avengers,2012-04-25
571,24428,103,Mark Ruffalo,Bruce Banner / The Hulk,2,The Avengers,2012-04-25
572,24428,74568,Chris Hemsworth,Thor,3,The Avengers,2012-04-25
573,24428,1245,Scarlett Johansson,Natasha Romanoff / Black Widow,4,The Avengers,2012-04-25
574,24428,17604,Jeremy Renner,Clint Barton / Hawkeye,5,The Avengers,2012-04-25
575,24428,91606,Tom Hiddleston,Loki,6,The Avengers,2012-04-25
576,24428,9048,Clark Gregg,Agent Phil Coulson,7,The Avengers,2012-04-25
577,24428,71189,Cobie Smulders,Agent Maria Hill,8,The Avengers,2012-04-25
578,24428,1640,Stellan Skarsgård,Selvig,9,The Avengers,2012-04-25
579,24428,2231,Samuel L. Jackson,Nick Fury,10,The Avengers,2012-04-25
580,24428,12052,Gwyneth Paltrow,Pepper Potts,11,The Avengers,2012-04-25
581,24428,6162,Paul Bettany,Jarvis (voice),12,The Avengers,2012-04-25
582,24428,1214673,Alexis Denisof,The Other,13,The Avengers,2012-04-25
583,24428,60120,Tina Benko,NASA Scientist,14,The Avengers,2012-04-25
584,24428,43553,Jerzy Skolimowski,Georgi Luchkov,15,The Avengers,2012-04-25
585,24428,1479945,Kirill Nikiforov,Weaselly Thug,16,The Avengers,2012-04-25
586,24428,51303,Jeff Wolfe,Tall Thug,17,The Avengers,2012-04-25
587,24428,1479946,M'laah Kaur Singh,Young Girl,18,The Avengers,2012-04-25
588,24428,86157,Rashmi Rustagi,Calcutta Woman,19,The Avengers,2012-04-25
1461,27205,6193,Leonardo DiCaprio,Dom Cobb,0,Inception,2010-07-15
1462,27205,24045,Joseph Gordon-Levitt,Arthur,1,Inception,2010-07-15
1463,27205,3899,Ken Watanabe,Saito,2,Inception,2010-07-15
1464,27205,2524,Tom Hardy,Eames,3,Inception,2010-07-15
1465,27205,27578,Elliot Page,Ariadne,4,Inception,2010-07-15
1466,27205,95697,Dileep Rao,Yusuf,5,Inception,2010-07-15
1467,27205,2037,Cillian Murphy,"Robert Fischer, Jr.",6,Inception,2010-07-15
1468,27205,13022,Tom Berenger,Peter Browning,7,Inception,2010-07-15
1469,27205,8293,Marion Cotillard,Mal Cobb,8,Inception,2010-07-15
1470,27205,4935,Pete Postlethwaite,Maurice Fischer,9,Inception,2010-07-15
1471,27205,3895,Michael Caine,Stephen Miles,10,Inception,2010-07-15
1472,27205,526,Lukas Haas,Nash,11,Inception,2010-07-15
1473,27205,66441,Talulah Riley,Blonde,12,Inception,2010-07-15
1474,27205,173212,Tohoru Masamune,Japanese Security Guard,13,Inception,2010-07-15
1475,27205,967376,Taylor Geare,Phillipa (5 years),14,Inception,2010-07-15
1476,27205,973135,Claire Geare,Phillipa (3 years),15,Inception,2010-07-15
1477,27205,1677266,Johnathan Geare,James (3 years),16,Inception,2010-07-15
1478,27205,56120,Yuji Okumoto,Saito's Attendant,17,Inception,2010-07-15
1479,27205,2246,Earl Cameron,Elderly Bald Man,18,Inception,2010-07-15
1480,27205,1677267,Ryan Hayward,Lawyer,19,Inception,2010-07-15
5259,37165,206,Jim Carrey,Truman Burbank,0,The Truman Show,1998-06-04
5260,37165,350,Laura Linney,Meryl Burbank / Hannah Gill,1,The Truman Show,1998-06-04
5261,37165,11315,Noah Emmerich,Marlon / Louis Coltrane,2,The Truman Show,1998-06-04
5262,37165,11317,Natascha McElhone,Lauren Garland / Sylvia,3,The Truman Show,1998-06-04
5263,37165,11318,Holland Taylor,Angela Montclair / Alanis Montclair,4,The Truman Show,1998-06-04
5264,37165,228,Ed Harris,Christof,5,The Truman Show,1998-06-04
5265,37165,13242,Paul Giamatti,Simeon,6,The Truman Show,1998-06-04
5266,37165,6579,Brian Delate,Walter Moore / Kirk Burbank,7,The Truman Show,1998-06-04
5267,37165,23119,Peter Krause,Lawrence,8,The Truman Show,1998-06-04
5268,37165,116898,Blair Slater,Young Truman,9,The Truman Show,1998-06-04
5269,37165,11321,Heidi Schanz,Vivien,10,The Truman Show,1998-06-04
5270,37165,154644,Una Damon,Chloe,11,The Truman Show,1998-06-04
5271,37165,1048405,Krista Lynn Landolfi,Bar Waitress,12,The Truman Show,1998-06-04
5272,37165,1912,O-Lan Jones,Bar Waitress,13,The Truman Show,1998-06-04
5273,37165,116899,Ron Taylor,Ron,14,The Truman Show,1998-06-04
5274,37165,116900,Don Taylor,Don,15,The Truman Show,1998-06-04
5275,37165,116901,Ted Raymond,Spencer,16,The Truman Show,1998-06-04
5276,37165,6008,Harry Shearer,Mike Michaelson,17,The Truman Show,1998-06-04
5277,37165,58929,Jeanette Miller,Senior Citizen,18,The Truman Show,1998-06-04
5278,37165,1551,Philip Glass,Keyboard Artist,19,The Truman Show,1998-06-04
3944,49026,3894,Christian Bale,Bruce Wayne,0,The Dark Knight Rises,2012-07-17
3945,49026,64,Gary Oldman,Commissioner Gordon,1,The Dark Knight Rises,2012-07-17
3946,49026,2524,Tom Hardy,Bane,2,The Dark Knight Rises,2012-07-17
3947,49026,24045,Joseph Gordon-Levitt,Blake,3,The Dark Knight Rises,2012-07-17
3948,49026,1813,Anne Hathaway,Selina,4,The Dark Knight Rises,2012-07-17
3949,49026,8293,Marion Cotillard,Miranda,5,The Dark Knight Rises,2012-07-17
3950,49026,192,Morgan Freeman,Fox,6,The Dark Knight Rises,2012-07-17
3951,49026,3895,Michael Caine,Alfred,7,The Dark Knight Rises,2012-07-17
3952,49026,8654,Matthew Modine,Foley,8,The Dark Knight Rises,2012-07-17
3953,49026,16607,Alon Aboutboul,Dr. Pavel,9,The Dark Knight Rises,2012-07-17
3954,49026,77335,Ben Mendelsohn,Daggett,10,The Dark Knight Rises,2012-07-17
3955,49026,39659,Burn Gorman,Stryver,11,The Dark Knight Rises,2012-07-17
3956,49026,10582,Daniel Sunjata,Captain Jones,12,The Dark Knight Rises,2012-07-17
3957,49026,49735,Aidan Gillen,CIA Op,13,The Dark Knight Rises,2012-07-17
3958,49026,224365,Sam Kennard,Special Ops Sergeant,14,The Dark Knight Rises,2012-07-17
3959,49026,3391936,Aljaž Tepina,Hooded Man #2,15,The Dark Knight Rises,2012-07-17
3960,49026,21316,Nestor Carbonell,Mayor,16,The Dark Knight Rises,2012-07-17
3961,49026,16841,Brett Cullen,Congressman,17,The Dark Knight Rises,2012-07-17
3962,49026,1334308,Nick Julian,Caterer,18,The Dark Knight Rises,2012-07-17
3963,49026,1334309,Miranda Nolan,Maid #2,19,The Dark Knight Rises,2012-07-17
3318,68718,134,Jamie Foxx,Django Freeman,0,Django Unchained,2012-12-25
3319,68718,27319,Christoph Waltz,Dr. King Schultz,1,Django Unchained,2012-12-25
3320,68718,6193,Leonardo DiCaprio,Calvin J. Candie,2,Django Unchained,2012-12-25
3321,68718,11703,Kerry Washington,Broomhilda von Shaft,3,Django Unchained,2012-12-25
3322,68718,2231,Samuel L. Jackson,Stephen,4,Django Unchained,2012-12-25
3323,68718,27740,Walton Goggins,Billy Crash,5,Django Unchained,2012-12-25
3324,68718,27770,Dennis Christopher,Leonide Moguy,6,Django Unchained,2012-12-25
3325,68718,1736,James Remar,Butch Pooch / Ace Speck,7,Django Unchained,2012-12-25
3326,68718,1067187,David Steen,Mr. Stonesipher,8,Django Unchained,2012-12-25
3327,68718,1133063,Dana Gourrier,Cora,9,Django Unchained,2012-12-25
3328,68718,1037108,Nichole Galicia,Sheba,10,Django Unchained,2012-12-25
3329,68718,565498,Laura Cayouette,Lara Lee Candie-Fitzwilly,11,Django Unchained,2012-12-25
3330,68718,5377,Ato Essandoh,D'Artagnan,12,Django Unchained,2012-12-25
3331,68718,19300,Sammi Rotibi,Rodney,13,Django Unchained,2012-12-25
3332,68718,1291797,Clay Donahue Fontenot,Big Fred's Opponent,14,Django Unchained,2012-12-25
3333,68718,1129647,Escalante Lundy,Big Fred,15,Django Unchained,2012-12-25
3334,68718,1291798,Miriam F. Glover,Betina,16,Django Unchained,2012-12-25
3335,68718,25129,Don Johnson,"Spencer ""Big Daddy"" Bennett",17,Django Unchained,2012-12-25
3336,68718,22383,Franco Nero,Amerigo Vessepi,18,Django Unchained,2012-12-25
3337,68718,785,James Russo,Dicky Speck,19,Django Unchained,2012-12-25
5118,68721,3223,Robert Downey Jr.,Tony Stark,0,Iron Man 3,2013-04-18
5119,68721,12052,Gwyneth Paltrow,Pepper Potts,1,Iron Man 3,2013-04-18
5120,68721,1896,Don Cheadle,Colonel James Rhodes,2,Iron Man 3,2013-04-18
5121,68721,529,Guy Pearce,Aldrich Killian,3,Iron Man 3,2013-04-18
5122,68721,15556,Rebecca Hall,Maya Hansen,4,Iron Man 3,2013-04-18
5123,68721,15277,Jon Favreau,Happy Hogan,5,Iron Man 3,2013-04-18
5124,68721,2282,Ben Kingsley,Trevor Slattery,6,Iron Man 3,2013-04-18
5125,68721,18473,James Badge Dale,Savin,7,Iron Man 3,2013-04-18
5126,68721,121953,Stephanie Szostak,Brandt,8,Iron Man 3,2013-04-18
5127,68721,6162,Paul Bettany,Jarvis (voice),9,Iron Man 3,2013-04-18
5128,68721,6573,William Sadler,President Ellis,10,Iron Man 3,2013-04-18
5129,68721,46814,Dale Dickey,Mrs. Davis,11,Iron Man 3,2013-04-18
5130,68721,17181,Ty Simpkins,Harley Keener,12,Iron Man 3,2013-04-18
5131,68721,15860,Miguel Ferrer,Vice President Rodriguez,13,Iron Man 3,2013-04-18
5132,68721,77303,Wang Xueqi,Doctor Wu,14,Iron Man 3,2013-04-18
5133,68721,17857,Shaun Toub,Ho Yinsen,15,Iron Man 3,2013-04-18
5134,68721,1735538,Matthew Sterling Nye,Annoying Conference Guy,16,Iron Man 3,2013-04-18
5135,68721,1480047,Pat Kiernan,Pat Kiernan,17,Iron Man 3,2013-04-18
5136,68721,1735539,Josh Elliott,Josh Elliott,18,Iron Man 3,2013-04-18
5137,68721,1212282,Megan Henderson,Megan Henderson,19,Iron Man 3,2013-04-18
18987,70160,72129,Jennifer Lawrence,Katniss Everdeen,0,The Hunger Games,2012-03-12
18988,70160,27972,Josh Hutcherson,Peeta Mellark,1,The Hunger Games,2012-03-12
18989,70160,96066,Liam Hemsworth,Gale Hawthorne,2,The Hunger Games,2012-03-12
18990,70160,57755,Woody Harrelson,Haymitch Abernathy,3,The Hunger Games,2012-03-12
18991,70160,9281,Elizabeth Banks,Effie Trinket,4,The Hunger Games,2012-03-12
18992,70160,77069,Lenny Kravitz,Cinna,5,The Hunger Games,2012-03-12
18993,70160,2283,Stanley Tucci,Caesar Flickerman,6,The Hunger Games,2012-03-12
18994,70160,55636,Donald Sutherland,President Coriolanus Snow,7,The Hunger Games,2012-03-12
18995,70160,8210,Wes Bentley,Seneca Crane,8,The Hunger Games,2012-03-12
18996,70160,13014,Toby Jones,Claudius Templesmith,9,The Hunger Games,2012-03-12
18997,70160,23498,Alexander Ludwig,Cato,10,The Hunger Games,2012-03-12
18998,70160,77517,Isabelle Fuhrman,Clove,11,The Hunger Games,2012-03-12
18999,70160,561869,Amandla Stenberg,Rue,12,The Hunger Games,2012-03-12
19000,70160,530025,Willow Shields,Primrose Everdeen,13,The Hunger Games,2012-03-12
19001,70160,427,Sandra Ellis Lafferty,Greasy Sae,14,The Hunger Games,2012-03-12
19002,70160,47533,Paula Malcomson,Asterid Everdeen,15,The Hunger Games,2012-03-12
19003,70160,51456,Rhoda Griffis,Registration Woman,16,The Hunger Games,2012-03-12
19004,70160,2309646,Sandino Moya-Smith,Propaganda Film Tribute,17,The Hunger Games,2012-03-12
19005,70160,1539949,Raiko Bowman,Peeta's Mother,18,The Hunger Games,2012-03-12
19006,70160,83602,Dwayne Boyd,Peacekeeper #1,19,The Hunger Games,2012-03-12
4091,76341,2524,Tom Hardy,Max Rockatansky,0,Mad Max: Fury Road,2015-05-13
4092,76341,6885,Charlize Theron,Imperator Furiosa,1,Mad Max: Fury Road,2015-05-13
4093,76341,3292,Nicholas Hoult,Nux,2,Mad Max: Fury Road,2015-05-13
4094,76341,26060,Hugh Keays-Byrne,Immortan Joe,3,Mad Max: Fury Road,2015-05-13
4095,76341,1056053,Josh Helman,Slit,4,Mad Max: Fury Road,2015-05-13
4096,76341,24898,Nathan Jones,Rictus Erectus,5,Mad Max: Fury Road,2015-05-13
4097,76341,37153,Zoë Kravitz,Toast the Knowing,6,Mad Max: Fury Road,2015-05-13
4098,76341,236048,Rosie Huntington-Whiteley,The Splendid Angharad,7,Mad Max: Fury Road,2015-05-13
4099,76341,98522,Riley Keough,Capable,8,Mad Max: Fury Road,2015-05-13
4100,76341,1036288,Abbey Lee,The Dag,9,Mad Max: Fury Road,2015-05-13
4101,76341,1278500,Courtney Eaton,Cheedo the Fragile,10,Mad Max: Fury Road,2015-05-13
4102,76341,102603,John Howard,The People Eater,11,Mad Max: Fury Road,2015-05-13
4103,76341,44838,Richard Carter,The Bullet Farmer,12,Mad Max: Fury Road,2015-05-13
4104,76341,1272941,Iota,The Doof Warrior,13,Mad Max: Fury Road,2015-05-13
4105,76341,59117,Angus Sampson,The Organic Mechanic,14,Mad Max: Fury Road,2015-05-13
4106,76341,1475853,Jennifer Hagan,Miss Giddy,15,Mad Max: Fury Road,2015-05-13
4107,76341,1232126,Megan Gale,The Valkyrie,16,Mad Max: Fury Road,2015-05-13
4108,76341,82437,Melissa Jaffer,Keeper of the Seeds,17,Mad Max: Fury Road,2015-05-13
4109,76341,217828,Melita Jurišić,The Vuvalini,18,Mad Max: Fury Road,2015-05-13
4110,76341,75540,Gillian Jones,The Vuvalini,19,Mad Max: Fury Road,2015-05-13
2369,99861,3223,Robert Downey Jr.,Tony Stark / Iron Man,0,Avengers: Age of Ultron,2015-04-22
2370,99861,74568,Chris Hemsworth,Thor,1,Avengers: Age of Ultron,2015-04-22
2371,99861,103,Mark Ruffalo,Bruce Banner / Hulk,2,Avengers: Age of Ultron,2015-04-22
2372,99861,16828,Chris Evans,Steve Rogers / Captain America,3,Avengers: Age of Ultron,2015-04-22
2373,99861,1245,Scarlett Johansson,Natasha Romanoff / Black Widow,4,Avengers: Age of Ultron,2015-04-22
2374,99861,17604,Jeremy Renner,Clint Barton / Hawkeye,5,Avengers: Age of Ultron,2015-04-22
2375,99861,13548,James Spader,Ultron (voice),6,Avengers: Age of Ultron,2015-04-22
2376,99861,2231,Samuel L. Jackson,Nick Fury,7,Avengers: Age of Ultron,2015-04-22
2377,99861,1896,Don Cheadle,James Rhodes / War Machine,8,Avengers: Age of Ultron,2015-04-22
2378,99861,27428,Aaron Taylor-Johnson,Pietro Maximoff / Quicksilver,9,Avengers: Age of Ultron,2015-04-22
2379,99861,550843,Elizabeth Olsen,Wanda Maximoff / Scarlet Witch,10,Avengers: Age of Ultron,2015-04-22
2380,99861,6162,Paul Bettany,Jarvis / Vision,11,Avengers: Age of Ultron,2015-04-22
2381,99861,71189,Cobie Smulders,Maria Hill,12,Avengers: Age of Ultron,2015-04-22
2382,99861,53650,Anthony Mackie,Sam Wilson / The Falcon,13,Avengers: Age of Ultron,2015-04-22
2383,99861,39459,Hayley Atwell,Peggy Carter,14,Avengers: Age of Ultron,2015-04-22
2384,99861,17605,Idris Elba,Heimdall,15,Avengers: Age of Ultron,2015-04-22
2385,99861,1817,Linda Cardellini,Laura Barton,16,Avengers: Age of Ultron,2015-04-22
2386,99861,1640,Stellan Skarsgård,Erik Selvig,17,Avengers: Age of Ultron,2015-04-22
2387,99861,1401531,Claudia Kim,Dr. Helen Cho,18,Avengers: Age of Ultron,2015-04-22
2388,99861,3491,Thomas Kretschmann,Strucker,19,Avengers: Age of Ultron,2015-04-22
20525,100402,16828,Chris Evans,Steve Rogers / Captain America,0,Captain America: The Winter Soldier,2014-03-20
20526,100402,2231,Samuel L. Jackson,Nick Fury,1,Captain America: The Winter Soldier,2014-03-20
20527,100402,1245,Scarlett Johansson,Natasha Romanoff / Black Widow,2,Captain America: The Winter Soldier,2014-03-20
20528,100402,4135,Robert Redford,Alexander Pierce,3,Captain America: The Winter Soldier,2014-03-20
20529,100402,60898,Sebastian Stan,Bucky Barnes / Winter Soldier,4,Captain America: The Winter Soldier,2014-03-20
20530,100402,53650,Anthony Mackie,Sam Wilson / Falcon,5,Captain America: The Winter Soldier,2014-03-20
20531,100402,71189,Cobie Smulders,Maria Hill,6,Captain America: The Winter Soldier,2014-03-20
20532,100402,81685,Frank Grillo,Brock Rumlow,7,Captain America: The Winter Soldier,2014-03-20
20533,100402,1018947,Maximiliano Hernández,Jasper Sitwell,8,Captain America: The Winter Soldier,2014-03-20
20534,100402,84247,Emily VanCamp,Kate / Agent 13,9,Captain America: The Winter Soldier,2014-03-20
20535,100402,39459,Hayley Atwell,Peggy Carter,10,Captain America: The Winter Soldier,2014-03-20
20536,100402,13014,Toby Jones,Dr. Arnim Zola,11,Captain America: The Winter Soldier,2014-03-20
20537,100402,7624,Stan Lee,Smithsonian Guard,12,Captain America: The Winter Soldier,2014-03-20
20538,100402,208296,Callan Mulvey,Jack Rollins,13,Captain America: The Winter Soldier,2014-03-20
20539,100402,14464,Jenny Agutter,Councilwoman Hawley,14,Captain America: The Winter Soldier,2014-03-20
20540,100402,156739,Bernard White,Councilman Singh,15,Captain America: The Winter Soldier,2014-03-20
20541,100402,52760,Alan Dale,Councilman Rockwell,16,Captain America: The Winter Soldier,2014-03-20
20542,100402,101015,Ng Chin Han,Councilman Yen,17,Captain America: The Winter Soldier,2014-03-20
20543,100402,52865,Garry Shandling,Senator Stern,18,Captain America: The Winter Soldier,2014-03-20
20544,100402,74750,Georges St-Pierre,Georges Batroc,19,Captain America: The Winter Soldier,2014-03-20
5870,102899,22226,Paul Rudd,Scott Lang / Ant-Man,0,Ant-Man,2015-07-14
5871,102899,3392,Michael Douglas,Dr. Hank Pym,1,Ant-Man,2015-07-14
5872,102899,19034,Evangeline Lilly,Hope van Dyne,2,Ant-Man,2015-07-14
5873,102899,74541,Corey Stoll,Darren Cross / Yellowjacket,3,Ant-Man,2015-07-14
5874,102899,21127,Bobby Cannavale,Paxton,4,Ant-Man,2015-07-14
5875,102899,53650,Anthony Mackie,Sam Wilson / Falcon,5,Ant-Man,2015-07-14
5876,102899,20750,Judy Greer,Maggie Lang,6,Ant-Man,2015-07-14
5877,102899,1360010,Abby Ryder Fortson,Cassie Lang,7,Ant-Man,2015-07-14
5878,102899,454,Michael Peña,Luis,8,Ant-Man,2015-07-14
5879,102899,83854,David Dastmalchian,Kurt,9,Ant-Man,2015-07-14
5880,102899,76126,T.I.,Dave,10,Ant-Man,2015-07-14
5881,102899,65829,Wood Harris,Gale,11,Ant-Man,2015-07-14
5882,102899,39459,Hayley Atwell,Peggy Carter,12,Ant-Man,2015-07-14
5883,102899,21134,John Slattery,Howard Stark,13,Ant-Man,2015-07-14
5884,102899,42993,Martin Donovan,Mitchell Carson,14,Ant-Man,2015-07-14
5885,102899,83187,Garrett Morris,Car Driver,15,Ant-Man,2015-07-14
5886,102899,1224999,Gregg Turkington,Dale,16,Ant-Man,2015-07-14
5887,102899,1220103,Rod Hallett,Hydra Buyer,17,Ant-Man,2015-07-14
5888,102899,141762,Joe Chrest,Frank,18,Ant-Man,2015-07-14
5889,102899,51302,Joe Bucaro III,Buyer,19,Ant-Man,2015-07-14
3046,106646,6193,Leonardo DiCaprio,Jordan Belfort,0,The Wolf of Wall Street,2013-12-25
3047,106646,21007,Jonah Hill,Donnie Azoff,1,The Wolf of Wall Street,2013-12-25
3048,106646,234352,Margot Robbie,Naomi Lapaglia,2,The Wolf of Wall Street,2013-12-25
3049,106646,10297,Matthew McConaughey,Mark Hanna,3,The Wolf of Wall Street,2013-12-25
3050,106646,3497,Kyle Chandler,Agent Patrick Denham,4,The Wolf of Wall Street,2013-12-25
3051,106646,3026,Rob Reiner,Max Belfort,5,The Wolf of Wall Street,2013-12-25
3052,106646,19498,Jon Bernthal,Brad,6,The Wolf of Wall Street,2013-12-25
3053,106646,15277,Jon Favreau,Manny Riskin,7,The Wolf of Wall Street,2013-12-25
3054,106646,56024,Jean Dujardin,Jean Jacques Saurel,8,The Wolf of Wall Street,2013-12-25
3055,106646,34901,Joanna Lumley,Aunt Emma,9,The Wolf of Wall Street,2013-12-25
3056,106646,204392,Cristin Milioti,Teresa Petrillo,10,The Wolf of Wall Street,2013-12-25
3057,106646,4003,Christine Ebersole,Leah Belfort,11,The Wolf of Wall Street,2013-12-25
3058,106646,74242,Shea Whigham,Captain Ted Beecham,12,The Wolf of Wall Street,2013-12-25
3059,106646,549981,Katarina Čas,Chantalle,13,The Wolf of Wall Street,2013-12-25
3060,106646,1211946,P.J. Byrne,Nicky Koskoff ('Rugrat'),14,The Wolf of Wall Street,2013-12-25
3061,106646,41561,Kenneth Choi,Chester Ming,15,The Wolf of Wall Street,2013-12-25
3062,106646,1332746,Brian Sacca,Robbie Feinberg ('Pinhead'),16,The Wolf of Wall Street,2013-12-25
3063,106646,1332747,Henry Zebrowski,Alden Kupferberg ('Sea Otter'),17,The Wolf of Wall Street,2013-12-25
3064,106646,824,Ethan Suplee,Toby Welch,18,The Wolf of Wall Street,2013-12-25
3065,106646,1633868,Barry Rothbart,Peter DeBlasio,19,The Wolf of Wall Street,2013-12-25
11857,118340,73457,Chris Pratt,Peter Quill,0,Guardians of the Galaxy,2014-07-30
11858,118340,8691,Zoe Saldaña,Gamora,1,Guardians of the Galaxy,2014-07-30
11859,118340,543530,Dave Bautista,Drax,2,Guardians of the Galaxy,2014-07-30
11860,118340,12835,Vin Diesel,Groot (voice),3,Guardians of the Galaxy,2014-07-30
11861,118340,51329,Bradley Cooper,Rocket (voice),4,Guardians of the Galaxy,2014-07-30
11862,118340,72095,Lee Pace,Ronan,5,Guardians of the Galaxy,2014-07-30
11863,118340,12132,Michael Rooker,Yondu Udonta,6,Guardians of the Galaxy,2014-07-30
11864,118340,543261,Karen Gillan,Nebula,7,Guardians of the Galaxy,2014-07-30
11865,118340,938,Djimon Hounsou,Korath,8,Guardians of the Galaxy,2014-07-30
11866,118340,4764,John C. Reilly,Corpsman Dey,9,Guardians of the Galaxy,2014-07-30
11867,118340,515,Glenn Close,Nova Prime,10,Guardians of the Galaxy,2014-07-30
11868,118340,1121,Benicio del Toro,The Collector,11,Guardians of the Galaxy,2014-07-30
11869,118340,209578,Laura Haddock,Meredith Quill,12,Guardians of the Galaxy,2014-07-30
11870,118340,51663,Sean Gunn,Kraglin / On Set Rocket,13,Guardians of the Galaxy,2014-07-30
11871,118340,11115,Peter Serafinowicz,Denarian Saal,14,Guardians of the Galaxy,2014-07-30
11872,118340,8399,Christopher Fairbank,The Broker,15,Guardians of the Galaxy,2014-07-30
11873,118340,1405259,Krystian Godlewski,On Set Groot,16,Guardians of the Galaxy,2014-07-30
11874,118340,1148455,Wyatt Oleff,Young Quill,17,Guardians of the Galaxy,2014-07-30
11875,118340,2518,Gregg Henry,Grandpa,18,Guardians of the Galaxy,2014-07-30
11876,118340,1405269,Janis Ahern,Meredith's Mother,19,Guardians of the Galaxy,2014-07-30
9636,135397,73457,Chris Pratt,Owen,0,Jurassic World,2015-06-06
9637,135397,18997,Bryce Dallas Howard,Claire,1,Jurassic World,2015-06-06
9638,135397,76793,Irrfan Khan,Masrani,2,Jurassic World,2015-06-06
9639,135397,7132,Vincent D'Onofrio,Hoskins,3,Jurassic World,2015-06-06
9640,135397,17181,Ty Simpkins,Gray,4,Jurassic World,2015-06-06
9641,135397,1108907,Nick Robinson,Zach,5,Jurassic World,2015-06-06
9642,135397,543505,Jake Johnson,Lowery,6,Jurassic World,2015-06-06
9643,135397,78423,Omar Sy,Barry,7,Jurassic World,2015-06-06
9644,135397,14592,BD Wong,Dr. Henry Wu,8,Jurassic World,2015-06-06
9645,135397,20750,Judy Greer,Karen,9,Jurassic World,2015-06-06
9646,135397,591834,Lauren Lapkus,Vivian,10,Jurassic World,2015-06-06
9647,135397,116278,Brian Tee,Hamada,11,Jurassic World,2015-06-06
9648,135397,150587,Katie McGrath,Zara,12,Jurassic World,2015-06-06
9649,135397,170635,Andy Buckley,Scott,13,Jurassic World,2015-06-06
9650,135397,59297,Eric Edelstein,Paddock Supervisor,14,Jurassic World,2015-06-06
9651,135397,568045,Courtney James Clark,Mosasaurus Announcer,15,Jurassic World,2015-06-06
9652,135397,1394017,Colby Boothman-Shepard,Young Raptor Handler,16,Jurassic World,2015-06-06
9653,135397,11669,Jimmy Fallon,Jimmy Fallon,17,Jurassic World,2015-06-06
9654,135397,97446,James DuMont,Hal Osterly,18,Jurassic World,2015-06-06
9655,135397,1809787,Matt Burke,Jim Drucker,19,Jurassic World,2015-06-06
8267,140607,3,Harrison Ford,Han Solo,0,Star Wars: The Force Awakens,2015-12-15
8268,140607,2,Mark Hamill,Luke Skywalker,1,Star Wars: The Force Awakens,2015-12-15
8269,140607,4,Carrie Fisher,General Leia Organa,2,Star Wars: The Force Awakens,2015-12-15
8270,140607,1023139,Adam Driver,Kylo Ren / Ben Solo,3,Star Wars: The Force Awakens,2015-12-15
8271,140607,1315036,Daisy Ridley,Rey,4,Star Wars: The Force Awakens,2015-12-15
8272,140607,236695,John Boyega,Finn,5,Star Wars: The Force Awakens,2015-12-15
8273,140607,25072,Oscar Isaac,Poe Dameron,6,Star Wars: The Force Awakens,2015-12-15
8274,140607,1267329,Lupita Nyong'o,Maz Kanata,7,Star Wars: The Force Awakens,2015-12-15
8275,140607,1333,Andy Serkis,Supreme Leader Snoke,8,Star Wars: The Force Awakens,2015-12-15
8276,140607,93210,Domhnall Gleeson,General Hux,9,Star Wars: The Force Awakens,2015-12-15
8277,140607,6,Anthony Daniels,C-3PO,10,Star Wars: The Force Awakens,2015-12-15
8278,140607,2201,Max von Sydow,Lor San Tekka,11,Star Wars: The Force Awakens,2015-12-15
8279,140607,24343,Peter Mayhew,Chewbacca,12,Star Wars: The Force Awakens,2015-12-15
8280,140607,1011904,Gwendoline Christie,Captain Phasma,13,Star Wars: The Force Awakens,2015-12-15
8281,140607,1709041,Joonas Suotamo,Chewbacca Double,14,Star Wars: The Force Awakens,2015-12-15
8282,140607,1399528,Pip Andersen,Lead Stormtrooper,15,Star Wars: The Force Awakens,2015-12-15
8283,140607,11108,Simon Pegg,Unkar Plutt,16,Star Wars: The Force Awakens,2015-12-15
8284,140607,5531,Kiran Shah,Teedo,17,Star Wars: The Force Awakens,2015-12-15
8285,140607,542336,Sasha Frost,Jakku Villager,18,Star Wars: The Force Awakens,2015-12-15
8286,140607,36666,Pip Torrens,Colonel Kaplan,19,Star Wars: The Force Awakens,2015-12-15
4312,150540,56322,Amy Poehler,Joy (voice),0,Inside Out,2015-06-17
4313,150540,169200,Phyllis Smith,Sadness (voice),1,Inside Out,2015-06-17
4314,150540,21125,Richard Kind,Bing Bong (voice),2,Inside Out,2015-06-17
4315,150540,19278,Bill Hader,Fear (voice),3,Inside Out,2015-06-17
4316,150540,59258,Lewis Black,Anger (voice),4,Inside Out,2015-06-17
4317,150540,125167,Mindy Kaling,Disgust (voice),5,Inside Out,2015-06-17
4318,150540,1371894,Kaitlyn Dias,Riley (voice),6,Inside Out,2015-06-17
4319,150540,2882,Diane Lane,Mom (voice),7,Inside Out,2015-06-17
4320,150540,6677,Kyle MacLachlan,Dad (voice),8,Inside Out,2015-06-17
4321,150540,196502,Paula Poundstone,Forgetter Paula (voice),9,Inside Out,2015-06-17
4322,150540,452205,Bobby Moynihan,Forgetter Bobby (voice),10,Inside Out,2015-06-17
4323,150540,1226294,Paula Pell,Dream Director / Mom's Anger (voice),11,Inside Out,2015-06-17
4324,150540,64181,Dave Goelz,Subconscious Guard Frank (voice),12,Inside Out,2015-06-17
4325,150540,7908,Frank Oz,Subconscious Guard Dave (voice),13,Inside Out,2015-06-17
4326,150540,84496,Josh Cooley,Jangles (voice),14,Inside Out,2015-06-17
4327,150540,1237,Flea,Mind Worker Cop Jake (voice),15,Inside Out,2015-06-17
4328,150540,7907,John Ratzenberger,Fritz (voice),16,Inside Out,2015-06-17
4329,150540,59784,Carlos Alazraqui,Helicopter Pilot (voice),17,Inside Out,2015-06-17
4330,150540,1531657,Peter Sagal,Clown's Joy (voice),18,Inside Out,2015-06-17
4331,150540,80591,Rashida Jones,Cool Girl's Emotions (voice),19,Inside Out,2015-06-17
782,157336,10297,Matthew McConaughey,Cooper,0,Interstellar,2014-11-05
783,157336,1813,Anne Hathaway,Brand,1,Interstellar,2014-11-05
784,157336,3895,Michael Caine,Professor Brand,2,Interstellar,2014-11-05
785,157336,83002,Jessica Chastain,Murph,3,Interstellar,2014-11-05
786,157336,1893,Casey Affleck,Tom,4,Interstellar,2014-11-05
787,157336,8210,Wes Bentley,Doyle,5,Interstellar,2014-11-05
788,157336,17052,Topher Grace,Getty,6,Interstellar,2014-11-05
789,157336,851784,Mackenzie Foy,Murph (10 Yrs.),7,Interstellar,2014-11-05
790,157336,9560,Ellen Burstyn,Murph (older),8,Interstellar,2014-11-05
791,157336,12074,John Lithgow,Donald,9,Interstellar,2014-11-05
792,157336,58549,Bill Irwin,TARS (voice),10,Interstellar,2014-11-05
793,157336,55411,David Gyasi,Romilly,11,Interstellar,2014-11-05
794,157336,1190668,Timothée Chalamet,Tom (15 Yrs.),12,Interstellar,2014-11-05
795,157336,1892,Matt Damon,Mann,13,Interstellar,2014-11-05
796,157336,40039,Josh Stewart,CASE (voice),14,Interstellar,2014-11-05
797,157336,32202,Leah Cairns,Lois,15,Interstellar,2014-11-05
798,157336,1452481,Liam Dickinson,Coop,16,Interstellar,2014-11-05
799,157336,100650,Francis X. McCarthy,Boots,17,Interstellar,2014-11-05
800,157336,21416,William Devane,Williams,18,Interstellar,2014-11-05
801,157336,167720,Andrew Borba,Smith,19,Interstellar,2014-11-05
2891,210577,880,Ben Affleck,Nick Dunne,0,Gone Girl,2014-10-01
2892,210577,10882,Rosamund Pike,Amy Dunne,1,Gone Girl,2014-10-01
2893,210577,41686,Neil Patrick Harris,Desi Collings,2,Gone Girl,2014-10-01
2894,210577,80602,Tyler Perry,Tanner Bolt,3,Gone Girl,2014-10-01
2895,210577,1308445,Carrie Coon,Margo Dunne,4,Gone Girl,2014-10-01
2896,210577,21165,Kim Dickens,Detective Rhonda Boney,5,Gone Girl,2014-10-01
2897,210577,11663,Patrick Fugit,Officer James Gilpin,6,Gone Girl,2014-10-01
2898,210577,15412,David Clennon,Rand Elliott,7,Gone Girl,2014-10-01
2899,210577,52878,Lisa Banes,Marybeth Elliott,8,Gone Girl,2014-10-01
2900,210577,1294,Missi Pyle,Ellen Abbott,9,Gone Girl,2014-10-01
2901,210577,1186505,Emily Ratajkowski,Andie Fitzgerald,10,Gone Girl,2014-10-01
2902,210577,83872,Casey Wilson,Noelle Hawthorne,11,Gone Girl,2014-10-01
2903,210577,1345418,Lola Kirke,Greta,12,Gone Girl,2014-10-01
2904,210577,467645,Boyd Holbrook,Jeff,13,Gone Girl,2014-10-01
2905,210577,6068,Sela Ward,Sharon Schieber,14,Gone Girl,2014-10-01
2906,210577,166897,Lee Norris,Officer,15,Gone Girl,2014-10-01
2907,210577,79079,Jamie McShane,Donnelly,16,Gone Girl,2014-10-01
2908,210577,1438995,Leonard Kelly-Young,Bill Dunne,17,Gone Girl,2014-10-01
2909,210577,149334,Kathleen Rose Perkins,Shawna Kelly,18,Gone Girl,2014-10-01
2910,210577,1439007,Pete Housman,Walter,19,Gone Girl,2014-10-01
13686,245891,6384,Keanu Reeves,John Wick,0,John Wick,2014-10-22
13687,245891,6283,Michael Nyqvist,Viggo Tarasov,1,John Wick,2014-10-22
13688,245891,71586,Alfie Allen,Iosef Tarasov,2,John Wick,2014-10-22
13689,245891,5293,Willem Dafoe,Marcus,3,John Wick,2014-10-22
13690,245891,68763,Dean Winters,Avi,4,John Wick,2014-10-22
13691,245891,88995,Adrianne Palicki,Ms. Perkins,5,John Wick,2014-10-22
13692,245891,968977,Omer Barnea,Gregori,6,John Wick,2014-10-22
13693,245891,187857,Toby Leonard Moore,Victor,7,John Wick,2014-10-22
13694,245891,9452,Daniel Bernhardt,Kirill,8,John Wick,2014-10-22
13695,245891,18354,Bridget Moynahan,Helen,9,John Wick,2014-10-22
13696,245891,5723,John Leguizamo,Aurelio,10,John Wick,2014-10-22
13697,245891,6972,Ian McShane,Winston,11,John Wick,2014-10-22
13698,245891,1222298,Bridget Regan,Addy,12,John Wick,2014-10-22
13699,245891,129101,Lance Reddick,Hotel Manager / Charon,13,John Wick,2014-10-22
13700,245891,78890,Keith Jardine,Kuzma,14,John Wick,2014-10-22
13701,245891,1105706,Tait Fletcher,Nicholai,15,John Wick,2014-10-22
13702,245891,1110069,Kazy Tauginas,Ivan,16,John Wick,2014-10-22
13703,245891,1503859,Alexander Frekey,Alexander,17,John Wick,2014-10-22
13704,245891,1218218,Thomas Sadoski,Jimmy,18,John Wick,2014-10-22
13705,245891,9462,Randall Duk Kim,Continental Doctor,19,John Wick,2014-10-22
11053,259316,37632,Eddie Redmayne,Newt Scamander,0,Fantastic Beasts and Where to Find Them,2016-11-16
11054,259316,77795,Katherine Waterston,Porpentina 'Tina' Goldstein,1,Fantastic Beasts and Where to Find Them,2016-11-16
11055,259316,58873,Dan Fogler,Jacob Kowalski,2,Fantastic Beasts and Where to Find Them,2016-11-16
11056,259316,998225,Alison Sudol,Queenie Goldstein,3,Fantastic Beasts and Where to Find Them,2016-11-16
11057,259316,72466,Colin Farrell,Percival Graves,4,Fantastic Beasts and Where to Find Them,2016-11-16
11058,259316,10127,Jon Voight,Henry Shaw Sr.,5,Fantastic Beasts and Where to Find Them,2016-11-16
11059,259316,2372,Ron Perlman,Gnarlak,6,Fantastic Beasts and Where to Find Them,2016-11-16
11060,259316,85,Johnny Depp,Gellert Grindelwald,7,Fantastic Beasts and Where to Find Them,2016-11-16
11061,259316,37153,Zoë Kravitz,Leta Lestrange,8,Fantastic Beasts and Where to Find Them,2016-11-16
11062,259316,132157,Ezra Miller,Credence Barebone,9,Fantastic Beasts and Where to Find Them,2016-11-16
11063,259316,2206,Samantha Morton,Mary Lou Barebone,10,Fantastic Beasts and Where to Find Them,2016-11-16
11064,259316,37158,Carmen Ejogo,Seraphina Picquery,11,Fantastic Beasts and Where to Find Them,2016-11-16
11065,259316,1479957,Josh Cowdery,Henry Shaw Jr.,12,Fantastic Beasts and Where to Find Them,2016-11-16
11066,259316,1624444,Ronan Raftery,Langdon Shaw,13,Fantastic Beasts and Where to Find Them,2016-11-16
11067,259316,1604370,Faith Wood-Blagrove,Modesty Barebone,14,Fantastic Beasts and Where to Find Them,2016-11-16
11068,259316,78727,Jenn Murray,Chastity Barebone,15,Fantastic Beasts and Where to Find Them,2016-11-16
11069,259316,97576,Gemma Chan,Madame Ya Zou,16,Fantastic Beasts and Where to Find Them,2016-11-16
11070,259316,159454,Peter Breitmayer,Gilbert Bingley,17,Fantastic Beasts and Where to Find Them,2016-11-16
11071,259316,1204379,Kevin Guthrie,Mr. Abernathy,18,Fantastic Beasts and Where to Find Them,2016-11-16
11072,259316,1385097,Sean Cronin,Nearby Criminal,19,Fantastic Beasts and Where to Find Them,2016-11-16
4616,263115,6968,Hugh Jackman,Logan / X-24,0,Logan,2017-02-28
4617,263115,1464650,Dafne Keen,Laura,1,Logan,2017-02-28
4618,263115,2387,Patrick Stewart,Charles,2,Logan,2017-02-28
4619,263115,65421,Elizabeth Rodriguez,Gabriela,3,Logan,2017-02-28
4620,263115,467645,Boyd Holbrook,Pierce,4,Logan,2017-02-28
4621,263115,39189,Stephen Merchant,Caliban,5,Logan,2017-02-28
4622,263115,20766,Richard E. Grant,Dr. Rice,6,Logan,2017-02-28
4623,263115,1492293,Stephen Dunlevy,Macon,7,Logan,2017-02-28
4624,263115,23628,Eriq La Salle,Will Munson,8,Logan,2017-02-28
4625,263115,21215,Elise Neal,Kathryn Munson,9,Logan,2017-02-28
4626,263115,1788166,Quincy Fouse,Nate Munson,10,Logan,2017-02-28
4627,263115,1372185,Al Coronel,Federale Commander,11,Logan,2017-02-28
4628,263115,174454,Frank Gallegos,Federale Lieutenant,12,Logan,2017-02-28
4629,263115,1822971,Anthony Escobar,Federale,13,Logan,2017-02-28
4630,263115,52946,Reynaldo Gallegos,Rey,14,Logan,2017-02-28
4631,263115,83367,Krzysztof Soszynski,Mohawk,15,Logan,2017-02-28
4632,263115,9452,Daniel Bernhardt,Bone Breaker,16,Logan,2017-02-28
4633,263115,1821523,Ryan Sturz,Pretty Boy,17,Logan,2017-02-28
4634,263115,1203114,Jef Groff,Reaver,18,Logan,2017-02-28
4635,263115,1821522,Brandon Melendy,Reaver,19,Logan,2017-02-28
3515,271110,16828,Chris Evans,Steve Rogers / Captain America,0,Captain America: Civil War,2016-04-27
3516,271110,3223,Robert Downey Jr.,Tony Stark / Iron Man,1,Captain America: Civil War,2016-04-27
3517,271110,1245,Scarlett Johansson,Natasha Romanoff / Black Widow,2,Captain America: Civil War,2016-04-27
3518,271110,60898,Sebastian Stan,Bucky Barnes / Winter Soldier,3,Captain America: Civil War,2016-04-27
3519,271110,53650,Anthony Mackie,Sam Wilson / Falcon,4,Captain America: Civil War,2016-04-27
3520,271110,1896,Don Cheadle,Lieutenant James Rhodes / War Machine,5,Captain America: Civil War,2016-04-27
3521,271110,17604,Jeremy Renner,Clint Barton / Hawkeye,6,Captain America: Civil War,2016-04-27
3522,271110,172069,Chadwick Boseman,T'Challa / Black Panther,7,Captain America: Civil War,2016-04-27
3523,271110,6162,Paul Bettany,Vision,8,Captain America: Civil War,2016-04-27
3524,271110,550843,Elizabeth Olsen,Wanda Maximoff / Scarlet Witch,9,Captain America: Civil War,2016-04-27
3525,271110,22226,Paul Rudd,Scott Lang / Ant-Man,10,Captain America: Civil War,2016-04-27
3526,271110,84247,Emily VanCamp,Sharon Carter,11,Captain America: Civil War,2016-04-27
3527,271110,1136406,Tom Holland,Peter Parker / Spider-Man,12,Captain America: Civil War,2016-04-27
3528,271110,3872,Daniel Brühl,Zemo,13,Captain America: Civil War,2016-04-27
3529,271110,81685,Frank Grillo,Brock Rumlow / Crossbones,14,Captain America: Civil War,2016-04-27
3530,271110,227,William Hurt,Secretary of State Thaddeus Ross,15,Captain America: Civil War,2016-04-27
3531,271110,7060,Martin Freeman,Everett K. Ross,16,Captain America: Civil War,2016-04-27
3532,271110,3141,Marisa Tomei,May Parker,17,Captain America: Civil War,2016-04-27
3533,271110,51878,John Kani,King T'Chaka,18,Captain America: Civil War,2016-04-27
3534,271110,21134,John Slattery,Howard Stark,19,Captain America: Civil War,2016-04-27
4252,283995,73457,Chris Pratt,Peter Quill / Star-Lord,0,Guardians of the Galaxy Vol. 2,2017-04-19
4253,283995,8691,Zoe Saldaña,Gamora,1,Guardians of the Galaxy Vol. 2,2017-04-19
4254,283995,543530,Dave Bautista,Drax,2,Guardians of the Galaxy Vol. 2,2017-04-19
4255,283995,12835,Vin Diesel,Baby Groot (voice),3,Guardians of the Galaxy Vol. 2,2017-04-19
4256,283995,51329,Bradley Cooper,Rocket (voice),4,Guardians of the Galaxy Vol. 2,2017-04-19
4257,283995,6856,Kurt Russell,Ego,5,Guardians of the Galaxy Vol. 2,2017-04-19
4258,283995,12132,Michael Rooker,Yondu,6,Guardians of the Galaxy Vol. 2,2017-04-19
4259,283995,543261,Karen Gillan,Nebula,7,Guardians of the Galaxy Vol. 2,2017-04-19
4260,283995,139820,Pom Klementieff,Mantis,8,Guardians of the Galaxy Vol. 2,2017-04-19
4261,283995,16483,Sylvester Stallone,Stakar Ogord,9,Guardians of the Galaxy Vol. 2,2017-04-19
4262,283995,1133349,Elizabeth Debicki,Ayesha,10,Guardians of the Galaxy Vol. 2,2017-04-19
4263,283995,1293892,Chris Sullivan,Taserface,11,Guardians of the Galaxy Vol. 2,2017-04-19
4264,283995,51663,Sean Gunn,Kraglin / On-Set Rocket,12,Guardians of the Galaxy Vol. 2,2017-04-19
4265,283995,2478,Tommy Flanagan,Tullk,13,Guardians of the Galaxy Vol. 2,2017-04-19
4266,283995,209578,Laura Haddock,Meredith Quill,14,Guardians of the Galaxy Vol. 2,2017-04-19
4267,283995,77337,Aaron Schwartz,Young Ego Facial Reference,15,Guardians of the Galaxy Vol. 2,2017-04-19
4268,283995,1806596,Hannah Gottesman,Sovereign Chambermaid,16,Guardians of the Galaxy Vol. 2,2017-04-19
4269,283995,1313075,Hilty Bowen,Sovereign Pilot,17,Guardians of the Galaxy Vol. 2,2017-04-19
4270,283995,26048,Ben Browder,Sovereign Admiral,18,Guardians of the Galaxy Vol. 2,2017-04-19
4271,283995,1627528,Alex Klein,Zylak,19,Guardians of the Galaxy Vol. 2,2017-04-19
7400,284052,71580,Benedict Cumberbatch,Dr. Stephen Strange,0,Doctor Strange,2016-10-25
7401,284052,5294,Chiwetel Ejiofor,Mordo,1,Doctor Strange,2016-10-25
7402,284052,53714,Rachel McAdams,Dr. Christine Palmer,2,Doctor Strange,2016-10-25
7403,284052,30082,Benedict Wong,Wong,3,Doctor Strange,2016-10-25
7404,284052,1019,Mads Mikkelsen,Kaecilius,4,Doctor Strange,2016-10-25
7405,284052,3063,Tilda Swinton,The Ancient One,5,Doctor Strange,2016-10-25
7406,284052,72873,Michael Stuhlbarg,Dr. Nicodemus West,6,Doctor Strange,2016-10-25
7407,284052,4589,Benjamin Bratt,Jonathan Pangborn,7,Doctor Strange,2016-10-25
7408,284052,78110,Scott Adkins,Lucian / Strong Zealot,8,Doctor Strange,2016-10-25
7409,284052,1070721,Zara Phythian,Brunette Zealot,9,Doctor Strange,2016-10-25
7410,284052,126802,Alaa Safi,Tall Zealot,10,Doctor Strange,2016-10-25
7411,284052,1697472,Katrina Durden,Blonde Zealot,11,Doctor Strange,2016-10-25
7412,284052,1703906,Topo Wresniwiro,Hamir,12,Doctor Strange,2016-10-25
7413,284052,1372694,Umit Ulgen,Sol Rama,13,Doctor Strange,2016-10-25
7414,284052,1697473,Linda Louise Duan,Tina Minoru,14,Doctor Strange,2016-10-25
7415,284052,1697474,Mark Anthony Brighton,Daniel Drumm,15,Doctor Strange,2016-10-25
7416,284052,6975,Meera Syal,Dr. Patel,16,Doctor Strange,2016-10-25
7417,284052,357551,Amy Landecker,Dr. Bruner,17,Doctor Strange,2016-10-25
7418,284052,1785902,Adam Pelta-Pauls,Nurse Billy,18,Doctor Strange,2016-10-25
7419,284052,1782075,Sarah Malin,Dr. Garrison,19,Doctor Strange,2016-10-25
6513,284053,74568,Chris Hemsworth,Thor,0,Thor: Ragnarok,2017-10-02
6514,284053,103,Mark Ruffalo,Bruce Banner / Hulk,1,Thor: Ragnarok,2017-10-02
6515,284053,91606,Tom Hiddleston,Loki,2,Thor: Ragnarok,2017-10-02
6516,284053,112,Cate Blanchett,Hela,3,Thor: Ragnarok,2017-10-02
6517,284053,17605,Idris Elba,Heimdall,4,Thor: Ragnarok,2017-10-02
6518,284053,4785,Jeff Goldblum,Grandmaster,5,Thor: Ragnarok,2017-10-02
6519,284053,62561,Tessa Thompson,Valkyrie,6,Thor: Ragnarok,2017-10-02
6520,284053,1372,Karl Urban,Skurge,7,Thor: Ragnarok,2017-10-02
6521,284053,4173,Anthony Hopkins,Odin,8,Thor: Ragnarok,2017-10-02
6522,284053,71580,Benedict Cumberbatch,Doctor Strange,9,Thor: Ragnarok,2017-10-02
6523,284053,55934,Taika Waititi,Korg (voice),10,Thor: Ragnarok,2017-10-02
6524,284053,15298,Rachel House,Topaz,11,Thor: Ragnarok,2017-10-02
6525,284053,6574,Clancy Brown,Surtur (voice),12,Thor: Ragnarok,2017-10-02
6526,284053,13275,Tadanobu Asano,Hogun,13,Thor: Ragnarok,2017-10-02
6527,284053,56614,Ray Stevenson,Volstagg,14,Thor: Ragnarok,2017-10-02
6528,284053,69899,Zachary Levi,Fandral,15,Thor: Ragnarok,2017-10-02
6529,284053,1909074,Georgia Blizzard,Asgardian Date #1,16,Thor: Ragnarok,2017-10-02
6530,284053,1236816,Amali Golden,Asgardian Date #2,17,Thor: Ragnarok,2017-10-02
6531,284053,216986,Luke Hemsworth,Actor Thor,18,Thor: Ragnarok,2017-10-02
6532,284053,4783,Sam Neill,Actor Odin,19,Thor: Ragnarok,2017-10-02
4420,284054,172069,Chadwick Boseman,T'Challa / Black Panther,0,Black Panther,2018-02-13
4421,284054,135651,Michael B. Jordan,Erik Killmonger,1,Black Panther,2018-02-13
4422,284054,1267329,Lupita Nyong'o,Nakia,2,Black Panther,2018-02-13
4423,284054,82104,Danai Gurira,Okoye,3,Black Panther,2018-02-13
4424,284054,7060,Martin Freeman,Everett K. Ross,4,Black Panther,2018-02-13
4425,284054,206919,Daniel Kaluuya,W'Kabi,5,Black Panther,2018-02-13
4426,284054,1083010,Letitia Wright,Shuri,6,Black Panther,2018-02-13
4427,284054,1447932,Winston Duke,M'Baku,7,Black Panther,2018-02-13
4428,284054,1225953,Sterling K. Brown,N'Jobu,8,Black Panther,2018-02-13
4429,284054,9780,Angela Bassett,Ramonda,9,Black Panther,2018-02-13
4430,284054,2178,Forest Whitaker,Zuri,10,Black Panther,2018-02-13
4431,284054,1333,Andy Serkis,Ulysses Klaue,11,Black Panther,2018-02-13
4432,284054,139900,Florence Kasumba,Ayo,12,Black Panther,2018-02-13
4433,284054,51878,John Kani,T'Chaka,13,Black Panther,2018-02-13
4434,284054,71078,David S. Lee,Limbani,14,Black Panther,2018-02-13
4435,284054,1856116,Nabiyah Be,Linda,15,Black Panther,2018-02-13
4436,284054,4812,Isaach de Bankolé,River Tribe Elder,16,Black Panther,2018-02-13
4437,284054,1181397,Connie Chiume,Mining Tribe Elder,17,Black Panther,2018-02-13
4438,284054,1979169,Dorothy Steel,Merchant Tribe Elder,18,Black Panther,2018-02-13
4439,284054,165424,Danny Sapani,Border Tribe Elder,19,Black Panther,2018-02-13
8625,286217,1892,Matt Damon,Mark Watney,0,The Martian,2015-09-30
8626,286217,83002,Jessica Chastain,Melissa Lewis,1,The Martian,2015-09-30
8627,286217,41091,Kristen Wiig,Annie Montrose,2,The Martian,2015-09-30
8628,286217,8447,Jeff Daniels,"Theodore ""Teddy"" Sanders",3,The Martian,2015-09-30
8629,286217,454,Michael Peña,Rick Martinez,4,The Martian,2015-09-30
8630,286217,48,Sean Bean,Mitch Henderson,5,The Martian,2015-09-30
8631,286217,51072,Kate Mara,Beth Johanssen,6,The Martian,2015-09-30
8632,286217,60898,Sebastian Stan,Chris Beck,7,The Martian,2015-09-30
8633,286217,76547,Aksel Hennie,Alex Vogel,8,The Martian,2015-09-30
8634,286217,5294,Chiwetel Ejiofor,Vincent Kapoor,9,The Martian,2015-09-30
8635,286217,30082,Benedict Wong,Bruce Ng,10,The Martian,2015-09-30
8636,286217,1110405,Mackenzie Davis,Mindy Park,11,The Martian,2015-09-30
8637,286217,119589,Donald Glover,Rich Purnell,12,The Martian,2015-09-30
8638,286217,1509615,Nick Mohammed,Tim Grimes,13,The Martian,2015-09-30
8639,286217,1076049,Chen Shu,Zhu Tao,14,The Martian,2015-09-30
8640,286217,612216,Eddy Ko Hung,Guo Ming,15,The Martian,2015-09-30
8641,286217,91494,Enzo Cilenti,Mike Watkins,16,The Martian,2015-09-30
8642,286217,28477,Jonathan Aris,Brendan Hatch,17,The Martian,2015-09-30
8643,286217,1414711,Gruffudd Glyn,Jack,18,The Martian,2015-09-30
8644,286217,1554488,Geoffrey Thomas,U.S. President,19,The Martian,2015-09-30
7496,293660,10859,Ryan Reynolds,Wade Wilson / Deadpool,0,Deadpool,2016-02-09
7497,293660,54882,Morena Baccarin,Vanessa,1,Deadpool,2016-02-09
7498,293660,1047649,Ed Skrein,Ajax,2,Deadpool,2016-02-09
7499,293660,51990,T.J. Miller,Weasel,3,Deadpool,2016-02-09
7500,293660,78452,Gina Carano,Angel Dust,4,Deadpool,2016-02-09
7501,293660,122750,Leslie Uggams,Blind Al,5,Deadpool,2016-02-09
7502,293660,1492326,Brianna Hildebrand,Negasonic Teenage Warhead,6,Deadpool,2016-02-09
7503,293660,80507,Stefan Kapičić,Colossus (voice),7,Deadpool,2016-02-09
7504,293660,1109702,Karan Soni,Dopinder,8,Deadpool,2016-02-09
7505,293660,215887,Randal Reeder,Buck,9,Deadpool,2016-02-09
7506,293660,27588,Michael Benyaer,Warlord,10,Deadpool,2016-02-09
7507,293660,1417031,Style Dayne,Jeremy (Pizza Guy),11,Deadpool,2016-02-09
7508,293660,62915,Kyle Cassie,Gavin Merchant,12,Deadpool,2016-02-09
7509,293660,1493223,Taylor Hickson,Meghan Orlovsky,13,Deadpool,2016-02-09
7510,293660,1683933,Ayzee,Teen Girl #1,14,Deadpool,2016-02-09
7511,293660,1676741,Naika Toussaint,Teen Girl #2,15,Deadpool,2016-02-09
7512,293660,1717,"Isaac C. Singleton, Jr.",Boothe,16,Deadpool,2016-02-09
7513,293660,1683942,Justyn Shippelt,Arcade Ticket Taker,17,Deadpool,2016-02-09
7514,293660,177885,Donna Yamamoto,Oncologist,18,Deadpool,2016-02-09
7515,293660,15032,Jed Rees,Recruiter,19,Deadpool,2016-02-09
23327,297761,2888,Will Smith,Deadshot,0,Suicide Squad,2016-08-03
23328,297761,7499,Jared Leto,The Joker,1,Suicide Squad,2016-08-03
23329,297761,234352,Margot Robbie,Harley Quinn,2,Suicide Squad,2016-08-03
23330,297761,92404,Joel Kinnaman,Rick Flag,3,Suicide Squad,2016-08-03
23331,297761,19492,Viola Davis,Amanda Waller,4,Suicide Squad,2016-08-03
23332,297761,224181,Jai Courtney,Boomerang,5,Suicide Squad,2016-08-03
23333,297761,19487,Jay Hernandez,Diablo,6,Suicide Squad,2016-08-03
23334,297761,31164,Adewale Akinnuoye-Agbaje,Killer Croc,7,Suicide Squad,2016-08-03
23335,297761,1289968,Cara Delevingne,June Moone / Enchantress,8,Suicide Squad,2016-08-03
23336,297761,198150,Ike Barinholtz,Griggs,9,Suicide Squad,2016-08-03
23337,297761,928572,Scott Eastwood,Lieutenant GQ Edwards,10,Suicide Squad,2016-08-03
23338,297761,33527,Adam Beach,Slipknot,11,Suicide Squad,2016-08-03
23339,297761,1461608,Karen Fukuhara,Katana,12,Suicide Squad,2016-08-03
23340,297761,4238,Common,Monster T,13,Suicide Squad,2016-08-03
23341,297761,35029,David Harbour,Dexter Tolliver,14,Suicide Squad,2016-08-03
23342,297761,83968,Jim Parrack,Frost,15,Suicide Squad,2016-08-03
23343,297761,84217,Alex Meraz,Gomez - Seal Team A,16,Suicide Squad,2016-08-03
23344,297761,932158,Corina Calderon,Grace - Diablo's Wife,17,Suicide Squad,2016-08-03
23345,297761,132157,Ezra Miller,The Flash,18,Suicide Squad,2016-08-03
23346,297761,130081,Robin Atkin Downes,Angelo (voice),19,Suicide Squad,2016-08-03
4785,297762,90633,Gal Gadot,Diana Prince / Wonder Woman,0,Wonder Woman,2017-05-30
4786,297762,62064,Chris Pine,Steve Trevor,1,Wonder Woman,2017-05-30
4787,297762,935,Connie Nielsen,Hippolyta,2,Wonder Woman,2017-05-30
4788,297762,32,Robin Wright,Antiope,3,Wonder Woman,2017-05-30
4789,297762,6413,Danny Huston,Ludendorff,4,Wonder Woman,2017-05-30
4790,297762,11207,David Thewlis,Sir Patrick / Ares,5,Wonder Woman,2017-05-30
4791,297762,5419,Saïd Taghmaoui,Sameer,6,Wonder Woman,2017-05-30
4792,297762,1125,Ewen Bremner,Charlie,7,Wonder Woman,2017-05-30
4793,297762,1823591,Eugene Brave Rock,The Chief,8,Wonder Woman,2017-05-30
4794,297762,11111,Lucy Davis,Etta,9,Wonder Woman,2017-05-30
4795,297762,3623,Elena Anaya,Dr. Maru,10,Wonder Woman,2017-05-30
4796,297762,1829985,Lilly Aspell,Diana (Age 8),11,Wonder Woman,2017-05-30
4797,297762,1310711,Lisa Loven Kongsli,Menalippe,12,Wonder Woman,2017-05-30
4798,297762,1767343,Ann Wolfe,Artemis,13,Wonder Woman,2017-05-30
4799,297762,1360156,Ann Ogbomo,Phillipus,14,Wonder Woman,2017-05-30
4800,297762,1590758,Emily Carey,Diana (Age 12),15,Wonder Woman,2017-05-30
4801,297762,2467,James Cosmo,FIeld Marshall Haig,16,Wonder Woman,2017-05-30
4802,297762,659,Wolf Kahler,German Commander,17,Wonder Woman,2017-05-30
4803,297762,1831379,Martin Bishop,Kaiser Wilhelm II,18,Wonder Woman,2017-05-30
4804,297762,1256710,Flora Nicholson,Marie,19,Wonder Woman,2017-05-30
2278,299534,3223,Robert Downey Jr.,Tony Stark / Iron Man,0,Avengers: Endgame,2019-04-24
2279,299534,16828,Chris Evans,Steve Rogers / Captain America,1,Avengers: Endgame,2019-04-24
2280,299534,103,Mark Ruffalo,Bruce Banner / Hulk,2,Avengers: Endgame,2019-04-24
2281,299534,74568,Chris Hemsworth,Thor,3,Avengers: Endgame,2019-04-24
2282,299534,1245,Scarlett Johansson,Natasha Romanoff / Black Widow,4,Avengers: Endgame,2019-04-24
2283,299534,17604,Jeremy Renner,Clint Barton / Hawkeye,5,Avengers: Endgame,2019-04-24
2284,299534,16851,Josh Brolin,Thanos,6,Avengers: Endgame,2019-04-24
2285,299534,1896,Don Cheadle,James Rhodes / War Machine,7,Avengers: Endgame,2019-04-24
2286,299534,22226,Paul Rudd,Scott Lang / Ant-Man,8,Avengers: Endgame,2019-04-24
2287,299534,71580,Benedict Cumberbatch,Doctor Strange,9,Avengers: Endgame,2019-04-24
2288,299534,172069,Chadwick Boseman,T'Challa / Black Panther,10,Avengers: Endgame,2019-04-24
2289,299534,60073,Brie Larson,Carol Danvers / Captain Marvel,11,Avengers: Endgame,2019-04-24
2290,299534,1136406,Tom Holland,Peter Parker / Spider-Man,12,Avengers: Endgame,2019-04-24
2291,299534,543261,Karen Gillan,Nebula,13,Avengers: Endgame,2019-04-24
2292,299534,8691,Zoe Saldaña,Gamora,14,Avengers: Endgame,2019-04-24
2293,299534,19034,Evangeline Lilly,Hope Van Dyne / Wasp,15,Avengers: Endgame,2019-04-24
2294,299534,62561,Tessa Thompson,Valkyrie,16,Avengers: Endgame,2019-04-24
2295,299534,14343,Rene Russo,Frigga,17,Avengers: Endgame,2019-04-24
2296,299534,550843,Elizabeth Olsen,Wanda Maximoff / Scarlet Witch,18,Avengers: Endgame,2019-04-24
2297,299534,53650,Anthony Mackie,Sam Wilson / Falcon,19,Avengers: Endgame,2019-04-24
1272,299536,3223,Robert Downey Jr.,Tony Stark / Iron Man,0,Avengers: Infinity War,2018-04-25
1273,299536,16828,Chris Evans,Steve Rogers / Captain America,1,Avengers: Infinity War,2018-04-25
1274,299536,74568,Chris Hemsworth,Thor,2,Avengers: Infinity War,2018-04-25
1275,299536,16851,Josh Brolin,Thanos,3,Avengers: Infinity War,2018-04-25
1276,299536,103,Mark Ruffalo,Bruce Banner / Hulk,4,Avengers: Infinity War,2018-04-25
1277,299536,1245,Scarlett Johansson,Natasha Romanoff / Black Widow,5,Avengers: Infinity War,2018-04-25
1278,299536,1896,Don Cheadle,James Rhodes / War Machine,6,Avengers: Infinity War,2018-04-25
1279,299536,71580,Benedict Cumberbatch,Doctor Strange,7,Avengers: Infinity War,2018-04-25
1280,299536,1136406,Tom Holland,Peter Parker / Spider-Man,8,Avengers: Infinity War,2018-04-25
1281,299536,172069,Chadwick Boseman,T'Challa / Black Panther,9,Avengers: Infinity War,2018-04-25
1282,299536,8691,Zoe Saldaña,Gamora,10,Avengers: Infinity War,2018-04-25
1283,299536,543261,Karen Gillan,Nebula,11,Avengers: Infinity War,2018-04-25
1284,299536,91606,Tom Hiddleston,Loki,12,Avengers: Infinity War,2018-04-25
1285,299536,6162,Paul Bettany,Vision,13,Avengers: Infinity War,2018-04-25
1286,299536,550843,Elizabeth Olsen,Wanda Maximoff / Scarlet Witch,14,Avengers: Infinity War,2018-04-25
1287,299536,53650,Anthony Mackie,Sam Wilson / Falcon,15,Avengers: Infinity War,2018-04-25
1288,299536,60898,Sebastian Stan,Bucky Barnes / Winter Soldier,16,Avengers: Infinity War,2018-04-25
1289,299536,17605,Idris Elba,Heimdall,17,Avengers: Infinity War,2018-04-25
1290,299536,82104,Danai Gurira,Okoye,18,Avengers: Infinity War,2018-04-25
1291,299536,22970,Peter Dinklage,Eitri,19,Avengers: Infinity War,2018-04-25
2198,315635,1136406,Tom Holland,Peter Parker / Spider-Man,0,Spider-Man: Homecoming,2017-07-05
2199,315635,2232,Michael Keaton,Adrian Toomes / Vulture,1,Spider-Man: Homecoming,2017-07-05
2200,315635,3223,Robert Downey Jr.,Tony Stark / Iron Man,2,Spider-Man: Homecoming,2017-07-05
2201,315635,3141,Marisa Tomei,May Parker,3,Spider-Man: Homecoming,2017-07-05
2202,315635,15277,Jon Favreau,Happy Hogan,4,Spider-Man: Homecoming,2017-07-05
2203,315635,12052,Gwyneth Paltrow,Pepper Potts,5,Spider-Man: Homecoming,2017-07-05
2204,315635,505710,Zendaya,Michelle,6,Spider-Man: Homecoming,2017-07-05
2205,315635,119589,Donald Glover,Aaron Davis,7,Spider-Man: Homecoming,2017-07-05
2206,315635,1649152,Jacob Batalon,Ned,8,Spider-Man: Homecoming,2017-07-05
2207,315635,1606394,Laura Harrier,Liz,9,Spider-Man: Homecoming,2017-07-05
2208,315635,1291350,Tony Revolori,Flash,10,Spider-Man: Homecoming,2017-07-05
2209,315635,71913,Bokeem Woodbine,Herman Schultz / Shocker #2,11,Spider-Man: Homecoming,2017-07-05
2210,315635,66221,Tyne Daly,Anne Marie Hoag,12,Spider-Man: Homecoming,2017-07-05
2211,315635,1421427,Abraham Attah,Abraham,13,Spider-Man: Homecoming,2017-07-05
2212,315635,500427,Hannibal Buress,Coach Wilson,14,Spider-Man: Homecoming,2017-07-05
2213,315635,41561,Kenneth Choi,Principal Morita,15,Spider-Man: Homecoming,2017-07-05
2214,315635,162503,Selenis Leyva,Ms. Warren,16,Spider-Man: Homecoming,2017-07-05
2215,315635,1265629,Angourie Rice,Betty,17,Spider-Man: Homecoming,2017-07-05
2216,315635,41089,Martin Starr,Mr. Harrington,18,Spider-Man: Homecoming,2017-07-05
2217,315635,31647,Garcelle Beauvais,Doris Toomes,19,Spider-Man: Homecoming,2017-07-05
5429,346364,1274508,Jaeden Martell,Bill Denbrough,0,It,2017-09-06
5430,346364,1559689,Jeremy Ray Taylor,Ben Hanscom,1,It,2017-09-06
5431,346364,1481238,Sophia Lillis,Beverly Marsh,2,It,2017-09-06
5432,346364,1442069,Finn Wolfhard,Richie Tozier,3,It,2017-09-06
5433,346364,1643043,Chosen Jacobs,Mike Hanlon,4,It,2017-09-06
5434,346364,1774679,Jack Dylan Grazer,Eddie Kaspbrak,5,It,2017-09-06
5435,346364,1148455,Wyatt Oleff,Stanley Uris,6,It,2017-09-06
5436,346364,137905,Bill Skarsgård,Pennywise,7,It,2017-09-06
5437,346364,1504947,Nicholas Hamilton,Henry Bowers,8,It,2017-09-06
5438,346364,1131069,Jake Sim,Belch Huggins,9,It,2017-09-06
5439,346364,1730333,Logan Thompson,Victor Criss,10,It,2017-09-06
5440,346364,1586047,Owen Teague,Patrick Hockstetter,11,It,2017-09-06
5441,346364,1649803,Jackson Robert Scott,Georgie Denbrough,12,It,2017-09-06
5442,346364,32031,Stephen Bogaert,Mr. Marsh,13,It,2017-09-06
5443,346364,116487,Stuart Hughes,Officer Bowers,14,It,2017-09-06
5444,346364,108892,Geoffrey Pounsett,Zach Denbrough,15,It,2017-09-06
5445,346364,1774681,Pip Dwyer,Sharon Denbrough,16,It,2017-09-06
5446,346364,1484899,Molly Atkinson,Sonia Kaspbrak,17,It,2017-09-06
5447,346364,51579,Steven Williams,Leroy Hanlon,18,It,2017-09-06
5448,346364,108895,Elizabeth Saunders,Mrs. Starret,19,It,2017-09-06
2771,354912,1193391,Anthony Gonzalez,Miguel Rivera (voice),0,Coco,2017-10-27
2772,354912,258,Gael García Bernal,Héctor (voice),1,Coco,2017-10-27
2773,354912,4589,Benjamin Bratt,Ernesto de la Cruz (voice),2,Coco,2017-10-27
2774,354912,10402,Alanna Ubach,Mamá Imelda (voice),3,Coco,2017-10-27
2775,354912,154004,Renée Victor,Abuelita (voice),4,Coco,2017-10-27
2776,354912,545087,Jaime Camil,Papá (voice),5,Coco,2017-10-27
2777,354912,22767,Alfonso Arau,Papá Julio (voice),6,Coco,2017-10-27
2778,354912,178667,Herbert Siguenza,Tío Oscar / Tío Felipe (voice),7,Coco,2017-10-27
2779,354912,86498,Gabriel Iglesias,Clerk (voice),8,Coco,2017-10-27
2780,354912,4992,Lombardo Boyar,Plaza Mariachi / Gustavo (voice),9,Coco,2017-10-27
2781,354912,1043869,Ana Ofelia Murguía,Mamá Coco (voice),10,Coco,2017-10-27
2782,354912,1693947,Natalia Cordova-Buckley,Frida Kahlo (voice),11,Coco,2017-10-27
2783,354912,1007527,Sofía Espinosa,Mamá (voice),12,Coco,2017-10-27
2784,354912,48161,Selene Luna,Tía Rosita (voice),13,Coco,2017-10-27
2785,354912,587,Edward James Olmos,Chicharrón (voice),14,Coco,2017-10-27
2786,354912,1938082,Carla Medina,Departures Agent / Additional Voices (voice),15,Coco,2017-10-27
2787,354912,104382,Dyana Ortelli,Tía Victoria / Additional Voices (voice),16,Coco,2017-10-27
2788,354912,82219,Luis Valdez,Tío Berto / Don Hidalgo (voice),17,Coco,2017-10-27
2789,354912,1830409,Blanca Araceli,Emcee (voice),18,Coco,2017-10-27
2790,354912,1496949,Salvador Reyes,Security Guard (voice),19,Coco,2017-10-27
3222,475557,73421,Joaquin Phoenix,Arthur Fleck,0,Joker,2019-10-01
3223,475557,380,Robert De Niro,Murray Franklin,1,Joker,2019-10-01
3224,475557,1545693,Zazie Beetz,Sophie Dumond,2,Joker,2019-10-01
3225,475557,4432,Frances Conroy,Penny Fleck,3,Joker,2019-10-01
3226,475557,16841,Brett Cullen,Thomas Wayne,4,Joker,2019-10-01
3227,475557,74242,Shea Whigham,Detective Burke,5,Joker,2019-10-01
3228,475557,121718,Bill Camp,Detective Garrity,6,Joker,2019-10-01
3229,475557,1377670,Glenn Fleshler,Randall,7,Joker,2019-10-01
3230,475557,1416396,Leigh Gill,Gary,8,Joker,2019-10-01
3231,475557,6181,Josh Pais,Hoyt Vaughn,9,Joker,2019-10-01
3232,475557,2504601,Rocco Luna,GiGi Dumond,10,Joker,2019-10-01
3233,475557,1231717,Marc Maron,Gene Ufland,11,Joker,2019-10-01
3234,475557,171297,Sondra James,Dr. Sally,12,Joker,2019-10-01
3235,475557,155547,Murphy Guyer,Barry O'Donnell,13,Joker,2019-10-01
3236,475557,80149,Douglas Hodge,Alfred Pennyworth,14,Joker,2019-10-01
3237,475557,1765331,Dante Pereira-Olson,Bruce Wayne,15,Joker,2019-10-01
3238,475557,2504604,Carrie Louise Putrello,Martha Wayne,16,Joker,2019-10-01
3239,475557,141748,Sharon Washington,Social Worker,17,Joker,2019-10-01
3240,475557,1049916,Hannah Gross,Young Penny,18,Joker,2019-10-01
3241,475557,52021,Frank Wood,Dr. Stoner,19,Joker,2019-10-01
2589,496243,20738,Song Kang-ho,Kim Ki-taek,0,Parasite,2019-05-30
2590,496243,115290,Lee Sun-kyun,Park Dong-ik,1,Parasite,2019-05-30
2591,496243,556435,Cho Yeo-jeong,Yeon-kyo,2,Parasite,2019-05-30
2592,496243,1255881,Choi Woo-shik,Ki-woo,3,Parasite,2019-05-30
2593,496243,1442583,Park So-dam,Ki-jung,4,Parasite,2019-05-30
2594,496243,1572354,Lee Jung-eun,Moon-gwang,5,Parasite,2019-05-30
2595,496243,2158882,Jang Hye-jin,Chung-sook,6,Parasite,2019-05-30
2596,496243,1694435,Park Myung-hoon,Geun-se,7,Parasite,2019-05-30
2597,496243,1418762,Jung Zi-so,Da-hye,8,Parasite,2019-05-30
2598,496243,2306987,Jung Hyeon-jun,Da-song,9,Parasite,2019-05-30
2599,496243,1709230,Park Keun-rok,Driver Yoon,10,Parasite,2019-05-30
2600,496243,2326809,Jung Yi-seo,Pizza Manager,11,Parasite,2019-05-30
2601,496243,2478772,Cho Jae-myung,Pizza Man,12,Parasite,2019-05-30
2602,496243,2326615,Jeong Ik-han,Neighbor,13,Parasite,2019-05-30
2603,496243,2478781,Kim Kyu-baek,Drunk 1,14,Parasite,2019-05-30
2604,496243,2159392,Lee Dong-yong,Drunk 2,15,Parasite,2019-05-30
2605,496243,2379047,Ahn Seong-bong,Street Man,16,Parasite,2019-05-30
2606,496243,2499966,Yoon Young-woo,Benz Dealer,17,Parasite,2019-05-30
2607,496243,1419705,Park Jae-wook,VR Specialist,18,Parasite,2019-05-30
2608,496243,2538209,Jeon Eun-mi,Mart Cashier,19,Parasite,2019-05-30
1786,634649,1136406,Tom Holland,Peter Parker / Spider-Man,0,Spider-Man: No Way Home,2021-12-15
1787,634649,505710,Zendaya,MJ,1,Spider-Man: No Way Home,2021-12-15
1788,634649,71580,Benedict Cumberbatch,Doctor Strange,2,Spider-Man: No Way Home,2021-12-15
1789,634649,1649152,Jacob Batalon,Ned Leeds,3,Spider-Man: No Way Home,2021-12-15
1790,634649,15277,Jon Favreau,Happy Hogan,4,Spider-Man: No Way Home,2021-12-15
1791,634649,134,Jamie Foxx,Max Dillon / Electro,5,Spider-Man: No Way Home,2021-12-15
1792,634649,5293,Willem Dafoe,Norman Osborn / Green Goblin,6,Spider-Man: No Way Home,2021-12-15
1793,634649,658,Alfred Molina,Dr. Otto Octavius / Doc Ock,7,Spider-Man: No Way Home,2021-12-15
1794,634649,30082,Benedict Wong,Wong,8,Spider-Man: No Way Home,2021-12-15
1795,634649,1291350,Tony Revolori,Flash Thompson,9,Spider-Man: No Way Home,2021-12-15
1796,634649,3141,Marisa Tomei,May Parker,10,Spider-Man: No Way Home,2021-12-15
1797,634649,37625,Andrew Garfield,Peter Parker / Spider-Man,11,Spider-Man: No Way Home,2021-12-15
1798,634649,2219,Tobey Maguire,Peter Parker / Spider-Man,12,Spider-Man: No Way Home,2021-12-15
1799,634649,1265629,Angourie Rice,Betty Brant,13,Spider-Man: No Way Home,2021-12-15
1800,634649,457386,Arian Moayed,Agent Cleary,14,Spider-Man: No Way Home,2021-12-15
1801,634649,17420,Paula Newsome,MIT Assistant Vice Chancellor,15,Spider-Man: No Way Home,2021-12-15
1802,634649,500427,Hannibal Buress,Coach Wilson,16,Spider-Man: No Way Home,2021-12-15
1803,634649,41089,Martin Starr,Mr. Harrington,17,Spider-Man: No Way Home,2021-12-15
1804,634649,65920,JB Smoove,Mr. Dell,18,Spider-Man: No Way Home,2021-12-15
1805,634649,18999,J.K. Simmons,J. Jonah Jameson,19,Spider-Man: No Way Home,2021-12-15
