movie_id,wiki_title,status,plot
293660,Deadpool (film),ok,"The vigilante Deadpool, Wade Wilson, ambushes Ajax and his convoy on an expressway. Throughout the ambush, Wade shows the viewer the events leading to how he became Deadpool. After being dishonorably discharged from the Canadian special forces, Wade works as a freelance mercenary until he meets a sex worker named Vanessa. They become romantically involved, and a year later, she accepts his marriage proposal. Wade is later diagnosed with terminal cancer and is approached by a mysterious recruiter who offers him an experimental treatment that will heal his cancer. Wade leaves Vanessa so she will not have to watch him die. He is taken to a laboratory run by Ajax and Angel Dust, who injects him with a serum designed to awaken latent mutant genes in his body. They subject Wade to days of torture to trigger any mutation but to no avail. When Wade discovers Ajax's real name is Francis and mocks him for it, Ajax leaves Wade in a hypobaric chamber that periodically takes him to the verge of asphyxiation over a weekend. This activates a regenerative healing factor that counteracts Wade's cancer but leaves him severely disfigured with burn-like tumors all over his body. He escapes from the chamber and attacks Ajax but relents when told his condition can be cured. In the chaos, Ajax subdues Wade and leaves him for dead. Wade survives due to his new healing factor and seeks out Vanessa but does not reveal that he is alive out of fear that she will shun him because of his new scarred appearance. After consulting with his best friend Weasel, Wade decides to hunt down Ajax for the cure. He becomes a vigilante, adopting the name ""Deadpool"" (from Weasel picking him in a dead pool), and moves into the home of an elderly blind woman named Al. Throughout the following year, he questions and kills many of Ajax's associates until one, the recruiter, reveals Ajax's whereabouts. This information allows Wade to enact the ambush. He kills all of Ajax's henchmen, subdues Ajax, and demands the cure, but the X-Men Colossus and his trainee Negasonic Teenage Warhead interrupt him. Colossus attempts to convince Wade to mend his ways and join the X-Men, but Wade turns him down. Taking advantage of this distraction, Ajax escapes and regroups with Angel Dust. They then head to Weasel's bar, where Ajax hears of Vanessa. Ajax kidnaps Vanessa and takes her to a decommissioned Helicarrier in a scrapyard. In response, Wade convinces Colossus and Negasonic to help him get her back. They battle Angel Dust and a group of Ajax's men while Wade fights his way to Ajax. During the battle, Negasonic accidentally destroys the supports keeping the Helicarrier stable. Deadpool protects Vanessa as the ship collapses around them, while Colossus carries Negasonic and Angel Dust to safety. Ajax attacks Wade again but is overpowered. He reveals that there is no cure, and despite Colossus's pleas, Wade kills Ajax. Vanessa angrily berates Wade for leaving her but reconciles with him after she sees his disfigured face and learns the reason why he never came back to her. In a post-credits scene, Wade imitates the post-credits scene of Ferris Bueller's Day Off, stating they only have enough money left to announce that Cable will show up in the sequel and making casting suggestions for the character.[a]"
1771,Captain America: The First Avenger,ok,"In the present day, scientists in the Arctic uncover an old aircraft with someone frozen inside and a circular shield. In March 1942, during World War II, Nazi lieutenant general and Hydra leader Johann Schmidt steals a mysterious relic called the Tesseract,[b] which possesses untold godly powers, from the town of Tønsberg in German-occupied Norway. In New York City, Steve Rogers is rejected for U.S. Army recruitment due to his small stature and poor health. While attending the Stark Expo, an event held by famous engineer Howard Stark, Rogers attempts to enlist again. Overhearing Rogers tell his best friend, James ""Bucky"" Barnes, that he wants to fight for his country, Dr. Abraham Erskine allows Rogers to enlist. He is recruited into the Strategic Scientific Reserve as part of a ""super-soldier"" experiment under Erskine, Stark, Colonel Chester Phillips, and British MI6 agent Peggy Carter. Phillips is not convinced by Erskine's claims that Rogers is the right person for the procedure until Rogers selflessly jumps on a grenade as part of a test. Erskine reveals to Rogers that he was a scientist under Schmidt, until the latter took a prototype version of the super-soldier formula that gave him superhuman strength but painfully changed his appearance. Schmidt and Dr. Arnim Zola harness the energies of the Tesseract to fuel Zola's inventions and Hydra's planned worldwide offensive. Schmidt discovers Erskine's location and sends an assassin, Heinz Kruger, to kill him. Erskine and Stark put Rogers through the super-soldier treatment, injecting him with the formula and dosing him with ""vita-rays"". After Rogers emerges from the experiment taller and more muscular, Kruger kills Erskine and flees with the last vial of the formula. Rogers pursues and captures Kruger, but the assassin avoids interrogation by killing himself with a cyanide capsule. The vial is destroyed during the chase. With Erskine dead and his formula lost, U.S. Senator Brandt has Rogers tour the nation as the mascot ""Captain America"" to promote war bonds while scientists study his blood and attempt to reverse-engineer the formula. In 1943, while on tour in Italy performing for active servicemen, Rogers learns that Barnes's unit is MIA following a battle against Schmidt's forces. Carter arranges for Stark to fly Rogers behind enemy lines to mount a rescue. Rogers infiltrates Schmidt's fortress, frees Barnes and the other prisoners, and confronts Schmidt. The latter escapes, but first he removes a mask to reveal his red, skull-like visage that has earned him the sobriquet ""Red Skull"". Rogers recruits Barnes and other freed prisoners to form the Howling Commandos. Stark outfits Rogers with an upgraded uniform and a circular shield made of a rare, nearly indestructible metal called vibranium. Rogers and his team sabotage various Hydra operations while he and Carter begin to fall in love. In 1945, the team assaults a train carrying Zola. They capture him, but Barnes falls from the train to his apparent death.[c] Using information extracted from Zola, the final Hydra stronghold is located, and Rogers leads an attack to stop Schmidt from using weapons of mass destruction on major American cities. Rogers climbs aboard Schmidt's super-bomber as it takes off. During the subsequent fight, the Tesseract is freed from its container, and Schmidt picks it up, opening a portal into space through which he is pulled. The Tesseract burns through the plane and falls into the ocean. Seeing no way to land the plane without risking its weapons detonating, Rogers radios Carter to say goodbye before crashing in the Arctic. After the war ends, Stark recovers the Tesseract from the ocean floor but is unable to locate the aircraft, and Rogers is presumed dead. Rogers awakens in a 1940s-style hospital room, which he grows suspicious of after hearing a radio broadcast of a 1941 baseball game that he remembers attending in person. He escapes from the room and finds himself in contemporary Times Square, where S.H.I.E.L.D. director Nick Fury informs him that he has been asleep for almost 70 years. In a post-credits scene, Fury approaches Rogers and proposes a mission with worldwide ramifications.[d]"
1726,Iron Man (2008 film),ok,"Tony Stark, who has inherited the defense contractor Stark Industries from his late father Howard Stark, tours in war-torn Afghanistan with his best friend and military liaison, James ""Rhodey"" Rhodes, to demonstrate the new ""Jericho"" missile. After the demonstration, his convoy is ambushed by a terrorist group, the Ten Rings, and Stark is gravely wounded by a missile used by the attackers—one of his company's own. He is captured and imprisoned in a cave by the Ten Rings. Yinsen, a fellow captive and doctor, implants an electromagnet into Stark's chest to keep the shrapnel shards that wounded him from reaching his heart and killing him. Ten Rings leader Raza offers Stark freedom in exchange for building a Jericho missile for the group, but he and Yinsen believe that Raza will not keep his word. Stark and Yinsen secretly build a small, powerful electric generator called an arc reactor to power Stark's electromagnet and construct a prototype armored suit to aid in their escape. Although they keep the suit hidden, the Ten Rings discover their intentions and attack the workshop. Yinsen sacrifices himself to divert them while the suit powers up. The armored Stark battles his way out of the cave to find the dying Yinsen, then burns the Ten Rings' weapons and flies away, crashing in the desert and destroying the suit. After being rescued by Rhodes, Stark returns home and announces that his company will cease manufacturing weapons. Obadiah Stane, his father's old partner and the company's manager, advises Stark that this will bankrupt Stark Industries and ruin his father's legacy. In his home workshop, Stark builds a sleeker, more powerful version of his improvised armor suit as well as a more powerful arc reactor for it and his chest after testing a prototype. Personal assistant Pepper Potts places the original reactor inside a small glass showcase. Though Stane requests details, a suspicious Stark decides to keep his work to himself. At a charity event, reporter Christine Everhart informs Stark that his company's weapons were recently delivered to the Ten Rings and are being used to attack Yinsen's home village. Stark dons his new armor and flies to Afghanistan, where he fends off the terrorists and saves the villagers. While flying home, Stark is intercepted by the Air Force and reveals his secret identity to Rhodes over the phone to end the attack. Meanwhile, the Ten Rings gather the pieces of Stark's prototype suit and meet with Stane, who has been trafficking arms to the Ten Rings and has staged a coup to replace Stark as Stark Industries' CEO by hiring the Ten Rings to kill him. He subdues Raza, has his group killed, and reverse-engineers a massive new armor suit from the wreckage. Seeking to track his company's illegal shipments, Stark sends Potts to hack into its database. She discovers that Stane hired the Ten Rings to kill Stark, but the group altered their plans when they realized they had a direct route to Stark's weapons. Potts meets with Agent Phil Coulson of S.H.I.E.L.D., an intelligence agency, to inform him of Stane's activities. Stane's scientists are unable to replicate Stark's miniaturized arc reactor, so Stane enters Stark's home, stuns Stark, and steals the one from his chest. Stark manages to replace it with his original reactor. Potts and several S.H.I.E.L.D. agents attempt to arrest Stane, but he dons his suit and overpowers them. Stark fights Stane but is outmatched without his new reactor to run his suit at full capacity. The fight carries Stark and Stane to the top of the Stark Industries building, where Stark instructs Potts to overload the large arc reactor powering the building. This unleashes a massive electrical surge that causes Stane to fall into the reactor, and he is killed in the explosion. The next day, at a press conference, Stark publicly admits to being the superhero the press has dubbed ""Iron Man"". In a post-credits scene, S.H.I.E.L.D. director Nick Fury visits Stark at his home, telling him that he has become part of a ""bigger universe"", and that he wants to discuss the ""Avenger Initiative""."
98,Gladiator (2000 film),ok,"In 180 AD, the Roman general Maximus Decimus Meridius intends to return home after he leads the Roman army to victory against Germanic tribes near Vindobona. Emperor Marcus Aurelius tells Maximus that his own son, Commodus, is unfit to rule and that he wishes Maximus to succeed him, as regent, to restore the Roman Republic. Angered by this decision, Commodus secretly assassinates his father. Commodus proclaims himself the new emperor and requests loyalty from Maximus, who refuses. Maximus is arrested by Praetorian Guards led by Quintus, who tells Maximus that he and his family will die. Maximus kills his captors and, wounded, rides for his home near Turgalium, where he finds his wife and son murdered. Maximus buries them, then collapses from his injuries. He is found by slave traders, who take him to Zuccabar and sell him to the gladiator trainer Proximo. Maximus fights in local tournaments, his combat skills helping him win matches and gain popularity. He earns the nickname ""the Spaniard"" and befriends Juba, a gladiator from Carthage, and Hagen, a gladiator from Germania. In Rome, Commodus organizes 150 days of gladiatorial games to commemorate his father and win the approval of the Roman public. Upon hearing this, Proximo reveals to Maximus that he was once a gladiator who was freed by Marcus Aurelius, and advises him to ""win the crowd"" to gain his freedom. Proximo takes his gladiators to fight in Rome's Colosseum. Disguised in a masked helmet, Maximus debuts in the arena as a Carthaginian in a re-enactment of the Battle of Zama. Unexpectedly, he leads his side to victory and wins the crowd's support. Commodus and his young nephew, Lucius, enter the Colosseum to offer their congratulations. Seeing Lucius, Maximus refrains from attacking Commodus, who orders him to reveal his identity. Maximus removes his helmet and declares he will seek vengeance on Commodus, who is compelled by the crowd to let Maximus live. That evening, Maximus is visited by Lucilla, his former lover and Commodus' sister. Distrusting her, Maximus refuses her help. Commodus arranges a duel between Maximus and Tigris of Gaul, an undefeated gladiator. Several tigers are set upon Maximus, but he prevails. At the crowd's desire, Commodus orders Maximus to kill Tigris, but Maximus spares his life in defiance. In response, the crowd chants ""Maximus the Merciful"", which angers Commodus. To provoke Maximus, Commodus taunts him about the murder of his family, but Maximus resists the urge to strike him. Increasingly paranoid, Commodus instructs his advisor, Falco, to have every senator followed, and refuses to have Maximus killed for fear he will become a martyr. Maximus discovers from Cicero, his ex-orderly, that his former legions remain loyal to him. He secretly meets with Lucilla and Gracchus, an influential senator. They agree to help Maximus escape from Rome to join his legions in Ostia, which will enable him to oust Commodus and hand power back to the Roman Senate. Soon after, the Praetorians arrest Gracchus. Lucilla meets Maximus at night to arrange his escape and they share a kiss. Lucius accidentally hints at the conspiracy, and Commodus threatens him and Lucilla. Commodus sends the Praetorians to attack the gladiators' barracks, and during the battle Proximo and his men sacrifice themselves to enable Maximus to flee. Maximus makes it to the rendezvous point with Cicero, but Commodus' soldiers kill Cicero and capture Maximus. Commodus demands that Lucilla provide him with an heir. He challenges Maximus to a duel in the Colosseum to win back public approval, and stabs him before the match to gain an advantage. Despite his injury, Maximus disarms Commodus during the duel. After Quintus and the Praetorians refuse to help Commodus, he unsheathes a hidden knife, but Maximus overpowers him and kills him. Before Maximus succumbs to his injuries, he asks for political reforms, the emancipation of his gladiator allies, and the reinstatement of Gracchus as a senator. As he dies, Maximus envisions reuniting with his wife and son in the afterlife. His friends and allies honor him as ""a soldier of Rome"" and carry his body out of the arena. That night, Juba visits the Colosseum and buries figurines of Maximus' wife and son at the spot where Maximus died."
271110,Captain America: Civil War,ok,"In 1991, the brainwashed super-soldier James ""Bucky"" Barnes is dispatched from a Hydra base in Siberia to intercept an automobile carrying a case of super-soldier serum. In the present day, approximately one year after Ultron is defeated by the Avengers in the nation of Sokovia,[a] Steve Rogers, Natasha Romanoff, Sam Wilson, and Wanda Maximoff stop Brock Rumlow from stealing a biological weapon from a lab in Lagos. Rumlow blows himself up, attempting to kill Rogers. Maximoff telekinetically diverts the explosion, accidentally destroying a nearby building and killing several Wakandan humanitarian workers in the process. Thaddeus Ross, the U.S. Secretary of State,  informs the Avengers that the United Nations (UN) is preparing to pass the Sokovia Accords, which will establish a UN panel to oversee and control the team. The Avengers are divided: Tony Stark supports oversight because of his role in Ultron's creation and Sokovia's devastation, while Rogers has more faith in his own judgment than that of politicians. Meanwhile, Helmut Zemo tracks down and kills Barnes's old Hydra handler, stealing a book containing the trigger words that activate Barnes's brainwashing. At a UN conference in Vienna where the Accords are to be ratified, a bomb kills King T'Chaka of Wakanda. Security footage indicates the bomber is Barnes, whom T'Chaka's son, T'Challa, vows to kill. Informed by Sharon Carter of Barnes's whereabouts and the authorities' intentions to kill him, Rogers decides to try to bring in Barnes—his childhood friend and war comrade—himself. Rogers and Wilson track Barnes to Bucharest and attempt to protect him from T'Challa and the authorities, but all four, including T'Challa, are apprehended by the Bucharest police and James Rhodes. Impersonating a psychiatrist sent to interview Barnes, Zemo recites the words to activate Barnes's brainwashing. He questions Barnes, then sends him on a rampage to cover his own escape. Rogers stops Barnes and sneaks him away. When Barnes regains his senses, he explains that Zemo is the real Vienna bomber and wanted the location of the Siberian Hydra base, where other brainwashed ""Winter Soldiers"" are kept in cryogenic stasis. Unwilling to wait for authorization to apprehend Zemo, Rogers and Wilson go rogue, and recruit Maximoff, Clint Barton, and Scott Lang to their cause. With Ross's permission, Stark assembles a team composed of Romanoff, T'Challa, Rhodes, Vision, and Peter Parker to capture the renegades. Stark's team intercepts Rogers's group at Leipzig/Halle Airport, where they fight until Romanoff allows Rogers and Barnes to escape.  As Rogers and Barnes are escaping, Rhodes is inadvertently shot down by Vision, and becomes partially paralyzed. The rest of Rogers's team is captured and detained at the Raft prison, and Romanoff goes into exile. Stark discovers evidence that Barnes was framed by Zemo and convinces Wilson to give him Rogers's destination. Without informing Ross, Stark goes to the Siberian Hydra facility and strikes a truce with Rogers and Barnes, unaware that they were secretly followed by T'Challa. They find that the other super-soldiers have been killed by Zemo, who then shows them footage that reveals that the automobile Barnes had intercepted in 1991 contained Stark's parents, whom Barnes subsequently killed. Enraged that Rogers kept this from him, Stark turns on them both, leading to an intense fight, in which Stark destroys Barnes's robotic arm, and Rogers disables Stark's armor. Rogers departs with Barnes, leaving his shield behind. Satisfied that he has avenged his family's deaths in Sokovia from the Avengers' actions by successfully fracturing them, Zemo attempts suicide, but he is stopped by T'Challa and taken to the authorities. In the aftermath, Stark provides Rhodes with exoskeletal leg braces that allow him to walk again, while Rogers breaks his allies out of the Raft. In a mid-credits scene, Barnes, granted asylum in Wakanda, chooses to return to cryogenic sleep until a cure for his brainwashing is found. In a post-credits scene, Parker explores the features of the web shooters built for him by Stark."
284054,Black Panther (film),ok,"Thousands of years ago, five African tribes warred over a meteorite containing the metal vibranium. One warrior ingests a ""heart-shaped herb"" affected by the metal and gains superhuman abilities, becoming the first ""Black Panther"". He unites all but the Jabari Tribe to form the nation of Wakanda. Over centuries, the Wakandans use vibranium to develop advanced technologies and isolate themselves from the world by posing as an underdeveloped country. In 1992, Wakandan king T'Chaka visits his brother N'Jobu, who is working undercover in Oakland, California. T'Chaka accuses N'Jobu of assisting black-market arms dealer Ulysses Klaue with stealing vibranium from Wakanda. N'Jobu's partner reveals he is Zuri, another undercover Wakandan, and confirms T'Chaka's suspicions. In the present day, following T'Chaka's death,[a] his son T'Challa returns to Wakanda to assume the throne. He and Okoye, leader of the Dora Milaje, extract T'Challa's ex-lover Nakia from an undercover assignment so she can attend his coronation ceremony with his mother Ramonda and younger sister Shuri. At the ceremony, the Jabari Tribe's leader M'Baku challenges T'Challa for the crown in ritual combat without the benefit of the heart-shaped herb. T'Challa defeats M'Baku, and persuades him to yield rather than die. When Klaue and his accomplice Erik Stevens steal a Wakandan artifact from a London museum, T'Challa's friend and Okoye's husband W'Kabi urges him to bring Klaue back alive. T'Challa, Okoye, and Nakia travel to Busan, South Korea, where Klaue plans to sell the artifact to CIA agent Everett K. Ross. A firefight erupts, and Klaue attempts to flee but is caught by T'Challa, who reluctantly releases him to Ross's custody. Klaue tells Ross that Wakanda's international image is a front for a technologically advanced civilization. When Erik attacks to extract Klaue, Ross is gravely injured protecting Nakia. Rather than pursue Klaue, T'Challa takes Ross to Wakanda, where their technology can save him. While Shuri tends to Ross, T'Challa confronts Zuri about N'Jobu, since Erik wore a necklace that belonged to him. Zuri explains that N'Jobu had become disillusioned with Wakanda's isolationism and planned to share Wakanda's technology with people of African descent to help them overcome their oppressors, with Klaue's assistance. Before T'Chaka could apprehend N'Jobu, N'Jobu attacked Zuri, forcing T'Chaka to kill him. T'Chaka instructed Zuri to claim that N'Jobu had vanished and to leave behind N'Jobu's American son, N'Jadaka, to uphold the story. This boy grew up to become Erik, a U.S. black ops Navy SEAL who took on the nickname ""Killmonger"". Meanwhile, Killmonger kills Klaue and brings his body to Wakanda. He is presented before the tribal elders, revealing himself as N'Jadaka and asserting his claim to the throne. Killmonger challenges T'Challa to ritual combat, severely injures him, and kills Zuri, while T'Challa is presumed dead after Killmonger throws him over a waterfall. Killmonger ingests the heart-shaped herb and orders the rest to be incinerated, but Nakia manages to extract one. Killmonger, backed by W'Kabi and his army, prepares to distribute shipments of Wakandan weapons to operatives worldwide. Nakia, Shuri, Ramonda, and Ross flee to the Jabari Tribe for aid. They find a comatose T'Challa, rescued by the Jabari as repayment for sparing M'Baku's life. Healed by Nakia's herb, T'Challa returns to fight Killmonger, who also dons a nanotech suit similar to T'Challa's. W'Kabi and his army fight Shuri, Nakia, and the Dora Milaje, while Ross remotely pilots a jet and shoots down the planes carrying vibranium weapons before they can leave Wakanda. M'Baku and the Jabari arrive to reinforce T'Challa. Confronted by Okoye, W'Kabi and his army stand down. Fighting in Wakanda's vibranium mine, T'Challa disrupts Killmonger's suit and stabs him. Killmonger refuses to be healed, choosing to die as a free man rather than be incarcerated; T'Challa shows him the Wakanda sunset, and Killmonger dies peacefully. T'Challa establishes an outreach center at the building where N'Jobu died, to be run by Nakia and Shuri. In a mid-credits scene, T'Challa appears before the United Nations to reveal Wakanda's true nature to the world. In a post-credits scene, Shuri helps Bucky Barnes with his rehabilitation."
299534,Avengers: Endgame,ok,"In 2018, 23 days after Thanos erased half of all life in the universe,[a] Carol Danvers rescues Tony Stark and Nebula from deep space. They reunite with the remaining Avengers—Bruce Banner, Steve Rogers, Thor, Natasha Romanoff, and James Rhodes—and Rocket on Earth. Finding Thanos on an uninhabited planet, they plan to use the Infinity Stones to reverse his actions but learn that Thanos has destroyed them. Enraged, Thor decapitates Thanos. Five years later, Scott Lang escapes from the Quantum Realm.[b] Reaching the Avengers Compound, he informs Rogers and Romanoff that he experienced only five hours while trapped. Theorizing that the Quantum Realm allows time travel, they ask a reluctant Stark to help them retrieve the Stones from the past to reverse Thanos's present actions. Stark, Rocket, and Banner, who has merged his intelligence with the Hulk's strength, build a time machine. Banner theorizes that altering the past will not affect the present, since any changes will create alternate realities. Banner and Rocket travel to Norway, where they visit the Asgardian refugee settlement of New Asgard and recruit an overweight, despondent Thor. In Tokyo, Romanoff recruits Clint Barton, who became a vigilante after his family was erased. Banner, Lang, Rogers, and Stark time-travel to New York City during Loki's attack in 2012.[c] At the Sanctum Sanctorum, Banner convinces the Ancient One to give him the Time Stone after promising to return the Infinity Stones to their proper points in time. At Stark Tower, Rogers retrieves the Mind Stone from Hydra sleeper agents, but Stark and Lang's attempt to steal the Space Stone fails, allowing 2012-Loki to escape with it. Rogers and Stark travel to Camp Lehigh in 1970, where Stark obtains an earlier version of the Space Stone and encounters his father, Howard. Rogers steals Pym Particles from Hank Pym to return to the present, and sees his lost love, Peggy Carter. Rocket and Thor travel to Asgard in 2013.[d] Rocket extracts the Reality Stone from Jane Foster, while Thor is encouraged by his mother, Frigga, and retrieves his old hammer, Mjolnir. Barton, Romanoff, Nebula, and Rhodes travel to 2014. Nebula and Rhodes go to Morag and steal the Power Stone before Peter Quill can,[e] while Barton and Romanoff travel to Vormir. The Soul Stone's keeper, Red Skull, says that it can be acquired only by sacrificing a loved one. Romanoff sacrifices herself, allowing Barton to get the Stone. Rhodes and Nebula attempt to return to their own time, but Nebula is incapacitated when her cybernetic implants link with her past self, allowing 2014-Thanos to learn about his future self's success and the Avengers' attempt to undo it. 2014-Thanos captures Nebula and sends 2014-Nebula forward in time to prepare for his arrival. Reuniting in the present, the Avengers place the Stones in a gauntlet that Stark, Banner, and Rocket have built. Banner, who has the most resistance to radiation, uses the gauntlet to undo Thanos's disintegrations. Meanwhile, 2014-Nebula (impersonating her future self) uses the time machine to transport 2014-Thanos and his warship to the present, where he destroys the Avengers Compound. Present-day Nebula convinces 2014-Gamora to betray Thanos, but is unable to convince 2014-Nebula and kills her. Thanos overpowers Stark, Thor, and a Mjolnir-wielding Rogers. He summons his army to retrieve the Stones, intent on using them to destroy the universe and create a new one. A restored Stephen Strange arrives with other sorcerers, the restored Avengers, the Guardians of the Galaxy, the Ravagers, and the armies of Wakanda and Asgard to fight Thanos's army.[f] Danvers also arrives and destroys Thanos's warship, but Thanos overpowers her and seizes the gauntlet. Stark steals the Stones and uses them to disintegrate Thanos and his army, sacrificing himself. After Stark's funeral, Thor appoints Valkyrie as the new king of New Asgard and joins the Guardians. Rogers returns the Stones and Mjolnir to their proper timelines and remains in the past to live with Carter. In the present, an elderly Rogers passes his shield to Sam Wilson."
99861,Avengers: Age of Ultron,ok,"In the Eastern European country of Sokovia, the Avengers—Tony Stark, Thor, Bruce Banner, Steve Rogers, Natasha Romanoff, and Clint Barton—raid a Hydra facility commanded by Baron Wolfgang von Strucker, who has experimented on humans using the scepter previously wielded by Loki. They are attacked by two of Strucker's test subjects, twins who have been given superhuman abilities: Pietro (superspeed) and Wanda Maximoff (telepathy and telekinesis). The Avengers apprehend Strucker and retrieve Loki's scepter. Stark and Banner discover an artificial intelligence (AI) within the scepter's gem and secretly use it to complete Stark's ""Ultron"" global defense program. The unexpectedly sentient Ultron, believing he must eradicate humanity to save Earth, eliminates Stark's AI J.A.R.V.I.S. and attacks the Avengers at their headquarters. Escaping with the scepter, Ultron uses the resources in Strucker's Sokovia base to upgrade his rudimentary body and build an army of robot drones. He kills Strucker and recruits the Maximoffs, who hold Stark responsible for the deaths of their parents by his company's weapons. The trio go to the base of arms dealer Ulysses Klaue in Johannesburg to get vibranium. The Avengers attack them there and are subdued by haunting visions created by Wanda. Banner turns into the Hulk and rampages through Johannesburg until Stark stops him with his anti-Hulk armor.[a] A worldwide backlash over the Hulk's destruction, and the fears Wanda's hallucinations incited, send the team into hiding at Barton's farmhouse with his family. Thor departs to consult with Dr. Erik Selvig on the apocalyptic future he saw in his hallucination, while Nick Fury arrives and encourages the team to form a plan to stop Ultron. In Seoul, Ultron uses Loki's scepter to enslave the team's friend Helen Cho. They use her synthetic-tissue technology, vibranium, and the scepter's gem to craft a new body. As Ultron uploads himself into it, Wanda reads his mind and discovers his plan for human extinction; the Maximoffs turn against Ultron. Rogers, Romanoff, and Barton fight Ultron and retrieve the synthetic body, but Ultron captures Romanoff. Stark and Banner upload J.A.R.V.I.S., who has been secretly active inside the Internet to hide from Ultron, into the synthetic body. The Avengers fight among themselves over the decision to upload J.A.R.V.I.S. until Thor returns and helps activate the body. He explains that the scepter's gem is part of his vision, related to the powerful six Infinity Stones, from which the new being gets the name ""Vision"". He earns their trust by being worthy of lifting Thor's hammer, Mjölnir. Vision and the Maximoffs go with the Avengers to Sokovia, where Ultron has used the remaining vibranium to build a machine to lift a large part of the capital city into the sky, intending to crash it into the ground to cause global extinction. Banner rescues Romanoff, who awakens the Hulk for the battle. The Avengers fight Ultron's army while Fury arrives in a Helicarrier with Maria Hill, James Rhodes, and S.H.I.E.L.D. agents to evacuate civilians. Pietro dies when he shields Barton from gunfire, and a vengeful Wanda abandons her post to destroy Ultron's primary body. This allows one of his drones to activate the machine, causing the city to plummet. Stark and Thor overload the machine and shatter the landmass. The Hulk, unwilling to endanger Romanoff by being with her, departs in a Quinjet. Vision confronts and destroys Ultron's last remaining drone. After the Avengers establish a new base, Thor returns to Asgard to learn more about his vision. As Stark leaves and Barton retires, Rogers and Romanoff prepare to train new Avengers: Rhodes, Vision, Sam Wilson, and Wanda. In a mid-credits scene, Thanos dons a metallic gauntlet[b] and vows to retrieve the Infinity Stones himself."
122,The Lord of the Rings: The Return of the King,ok,"The hobbit Déagol discovers the One Ring in a river while fishing with his cousin Sméagol. The Ring immediately ensnares Sméagol's mind, and he kills his cousin for it. Corrupted physically and mentally, he retreats into caves below the Misty Mountains and becomes known as Gollum. Centuries later, during the War of the Ring, Gandalf leads Aragorn, Legolas, Gimli, and King Théoden of Rohan to Isengard, where they reunite with Merry and Pippin. Gandalf retrieves Saruman's palantír, and the group returns to Edoras to celebrate their victory at Helm's Deep.[a] Pippin looks into the palantír, seeing Sauron and a burning tree. Gandalf deduces that the enemy plans to attack Gondor's capital Minas Tirith; he rides there with Pippin to warn Gondor's corrupt steward, Denethor. On Gandalf's instruction, Pippin triggers the lighting of the beacons to call for help from Rohan. Frodo, who carries the Ring, and Sam continue their journey towards Mordor, unaware that Gollum, now their guide, plans to betray them and take the Ring for himself. The trio witness the Witch-king of Angmar, lord of the nine Nazgûl, setting off towards Gondor with his army of Orcs. Gollum frames Sam for eating food supplies and desiring the Ring; Frodo is deceived and orders Sam to go home. As Théoden gathers his army, Elrond tells Aragorn that Arwen is dying, having refused to leave Middle-earth. Elrond gives Aragorn Andúril, reforged from the shards of King Elendil's sword Narsil, and urges him to claim Gondor's throne, to which he is heir. Aragorn travels the Paths of the Dead with Legolas and Gimli and pledges to release the ghosts there from their curse should they come to Gondor's aid. Gollum tricks Frodo into the giant spider Shelob's lair alone. Frodo narrowly escapes and confronts Gollum, who falls down a chasm after a scuffle. Shelob discovers, paralyses, and binds Frodo but is wounded and driven away by a returning Sam. Sam mourns Frodo's apparent death and takes the Ring to finish the quest himself, but then realises his mistake when Orcs take Frodo captive. He rescues Frodo within Mordor, and the two continue towards Mount Doom. Denethor sends his younger son, Faramir, on a suicide charge. Faramir returns gravely wounded; believing him dead, Denethor falls into madness. Gandalf marshals the defenders, but the enormous Orc army breaks into the city. Denethor attempts to burn himself and Faramir on a pyre, but Pippin alerts Gandalf, and they rescue Faramir; Denethor, set ablaze, jumps to his death. Théoden arrives and leads his army against the Orcs. Despite initial success in the ensuing battle, they are repulsed by the Oliphaunt-riding Haradrim, and the Witch-king of Angmar mortally wounds Théoden; his niece Éowyn, disguised in male clothing, slays the Witch-king with Merry's help, before Théoden dies in her arms. Aragorn arrives with his Army of the Dead, who overcome Sauron's forces. Their oath fulfilled, the Dead are released from their curse. Aragorn marches on Mordor to distract Sauron from Frodo and Sam's journey to Mount Doom, drawing all remaining forces to confront him. Gollum, having survived his fall, pursues Frodo and Sam, but Sam holds him back as Frodo enters the mountain. Frodo succumbs to the Ring's power and puts it on, but Gollum bites off his finger and reclaims the Ring, leading to a struggle before they tumble off the ledge. Sam saves Frodo while Gollum falls into the lava with the Ring, destroying it and Sauron forever. The lands of Mordor collapse, annihilating the Orc army. Frodo and Sam narrowly escape the erupting Mount Doom, before Gandalf and the eagles rescue them. The surviving Fellowship members reunite in Minas Tirith. Aragorn is crowned King of Gondor and marries Arwen; everyone bows to the hobbits. The hobbits return to the Shire, where Sam marries Rosie Cotton. Four years later, Frodo, still suffering from trauma and a wound inflicted by the Witch-king,[b] leaves Middle-earth for the Undying Lands with Bilbo, Gandalf, and the remaining Elves. He gives Sam the Red Book of Westmarch, detailing their adventures, bids farewell to Sam, Merry, and Pippin, and departs. A saddened Sam then returns home to his wife and two children."
19995,Avatar (2009 film),ok,"In 2154, Earth suffers from resource exhaustion and ecological collapse. The Resources Development Administration (RDA) mines the valuable mineral unobtanium on Pandora, a lush habitable moon in the Alpha Centauri star system. Pandora is inhabited by the Na'vi, a 10-foot-tall (3.0 m), blue-skinned, sapient humanoid species that live in harmony with nature. To explore Pandora, human scientists control Na'vi-human hybrid bodies called ""avatars"". Each avatar is genetically matched with a human operator. Jake Sully, a paraplegic veteran of the United States Marines, is recruited as an operator after the death of his identical twin, who was training as an operator. The head of the Avatar Program, Dr. Grace Augustine, allows Jake to take the place of his twin, but considers him inadequate. While Jake, Grace and Dr. Norm Spellman are in their avatars in the forest, Jake is attacked by wild animals. He flees deep into the wilderness, where he is rescued by a female Na'vi named Neytiri. Suspicious of Jake, she takes him to her clan, the Omaticaya. Mo'at, the clan's spiritual leader and the mother of Neytiri, orders her daughter to initiate Jake into their society. Colonel Miles Quaritch, head of the RDA's security force, promises Jake that the company will restore the use of his legs if he provides information about the Na'vi and their gathering place, the giant Hometree, which sits atop a rich deposit of unobtanium. Jake and Neytiri fall in love as Jake is initiated into the clan, and they choose each other as mates. When Jake attempts to disable a bulldozer threatening a sacred Na'vi site, RDA administrator Parker Selfridge orders the destruction of Hometree. Grace explains to Selfridge that destroying Hometree would damage the biological neural network that connects all Pandoran life, which prompts Selfridge to reluctantly give Jake and Grace one hour to convince the Na'vi to evacuate. Jake confesses to the Na'vi that he was a spy for the RDA, which prompts the clan to take him and Grace captive. Quaritch's soldiers destroy Hometree and kill many Na'vi, including Eytukan, who is the clan chief and Neytiri's father. Mo'at frees Jake and Grace, but they are detached from their avatars and imprisoned by Quaritch's forces. Trudy Chacón, a pilot who is disgusted by Quaritch's brutality, rescues Jake, Grace, and Norm. During the escape, Grace is shot and fatally wounded. Jake regains the trust of the Na'vi by connecting his mind to the Toruk, a dragon-like creature feared and revered by the clan. Supported by Neytiri and the new chief Tsu'tey, Jake unites the Omaticaya, and tells them to gather other Na'vi clans to fight the RDA as it prepares to assault the Tree of Souls. Before the battle, Jake prays to the Na'vi mother goddess Eywa through a neural connection with the Tree of Souls. The Na'vi and their human allies lose many fighters during the battle, including Tsu'tey and Trudy. The tide turns when wild animals unexpectedly join the fight and overwhelm the RDA forces; Neytiri interprets this occurrence as Eywa answering Jake's prayer. Quaritch, in an Amplified Mobility Platform suit, breaks open the avatar link unit containing Jake's human body, exposing it to Pandora's poisonous atmosphere. As Quaritch prepares to kill Jake, he is slain by Neytiri; she then saves Jake from suffocation. In the aftermath of the war, the RDA is expelled from Pandora. Some humans are allowed to remain, including Jake and Norm. With the help of the Tree of Souls, Neytiri, and Mo'at, Jake is permanently transferred into his avatar."
155,The Dark Knight,ok,"A gang of masked criminals rob a mafia-owned bank in Gotham City, betraying and killing each other until the sole survivor, the Joker, reveals himself as the mastermind and escapes with the money. The vigilante Batman, district attorney Harvey Dent, and police lieutenant Jim Gordon ally to eliminate Gotham's organized crime. Batman's true identity, the billionaire Bruce Wayne, publicly supports Dent as Gotham's legitimate protector, believing Dent's success will allow him to retire as Batman and romantically pursue his childhood friend Rachel Dawes—despite her being with Dent. Gotham's mafia bosses gather to discuss protecting their organizations from the Joker, the police, and Batman. The Joker interrupts the meeting and offers to kill Batman for half of the fortune their accountant, Lau, concealed before fleeing to Hong Kong to avoid extradition. With the help of Wayne Enterprises CEO Lucius Fox, Batman finds Lau in Hong Kong and returns him to the custody of the Gotham police. His testimony enables Dent to apprehend the crime families. The bosses accept the Joker's offer, and he kills high-profile targets involved in the trial, including the judge and police commissioner Gillian Loeb. Although Gordon saves the mayor, the Joker threatens that his attacks will continue until Batman reveals his identity. He targets Dent at a fundraising dinner and throws Rachel out of a window, but Batman rescues her. Bruce struggles to understand the Joker's motives, to which his butler Alfred Pennyworth says that ""some men just want to watch the world burn."" Dent claims he is Batman to lure the Joker out, who attacks the police convoy transporting Dent. Batman and Gordon apprehend the Joker, and Gordon is promoted to commissioner. At the police station, Batman interrogates the Joker, who says he finds Batman entertaining and has no intention of killing him. Having deduced Batman's feelings for Rachel, the Joker reveals she and Dent are being held separately in buildings rigged to explode. Batman races to rescue Rachel while Gordon and the other officers go after Dent, but they discover the Joker has given their positions in reverse. The explosives detonate, killing Rachel and severely burning Dent's face on one side. The Joker escapes custody, extracts the fortune's location from Lau, and burns it, killing Lau in the process. Coleman Reese, a consultant for Wayne Enterprises, deduces and tries to expose Batman's identity, but the Joker threatens to blow up a hospital unless Reese is killed. While the police evacuate hospitals and Gordon struggles to keep Reese alive, the Joker meets with a disillusioned Dent, persuading him to take the law into his own hands and avenge Rachel. Dent defers his decision-making to his now half-scarred, two-headed coin, killing the corrupt officers and the mafia involved in Rachel's death. As panic grips the city, the Joker reveals that two evacuation ferries, one carrying civilians and the other prisoners, are rigged to explode at midnight unless one group sacrifices the other. To the Joker's disbelief, the passengers refuse to kill one another. Batman subdues the Joker but refuses to kill him. Before the police arrest the Joker, he says that although Batman proved incorruptible, his plan to corrupt Dent has succeeded. Dent takes Gordon's family hostage, blaming his negligence for Rachel's death. He flips his coin to decide their fates, but Batman tackles him to save Gordon's son, and Dent falls to his death. Believing Dent is the hero the city needs, and the truth of his corruption will harm Gotham, Batman takes the blame for his death and actions, persuading Gordon to conceal the truth. Alfred burns an undelivered letter from Rachel to Bruce that says she chose Dent, and Fox destroys the invasive surveillance network that helped Batman find the Joker. The city mourns Dent as a hero, and the police launch a manhunt for Batman."
70160,The Hunger Games (film),ok,"Panem is a dystopian, post-apocalyptic nation divided into twelve districts ruled by the Capitol. As punishment for a failed rebellion 74 years earlier, each district must annually select two tributes, one boy and one girl between the ages of 12 and 18, to fight to the death in the Hunger Games until only one survivor remains. The event is televised nationwide. Katniss Everdeen lives in District 12 with her younger sister Primrose and her mother. When Primrose is selected for the 74th Hunger Games, Katniss volunteers to take her place. She and her fellow district tribute, Peeta Mellark, are escorted to the Capitol, accompanied by mentor Haymitch Abernathy, the only living victor from their district. Haymitch stresses the importance of gaining sponsors, as they can provide resources during the Games. During a televised interview, Peeta confesses he loves Katniss, which she initially sees as an attempt to attract sponsors; she later learns his feelings are genuine. When the Games start, half of the tributes are killed in the initial brawl for supplies around a central structure called the Cornucopia. Katniss grabs a small utility bag and acquires a knife that was thrown at her, then flees into the forest. The career tributes (volunteers from the wealthier Districts 1 and 2 who trained for years for the Games) — Marvel, Glimmer, Cato, and Clove — track her down. Katniss climbs a tree to evade them. Peeta, seemingly allied with the Careers, suggests waiting her out. Hiding in the next tree, Rue, the District 11 girl, draws Katniss's attention to a nest of venomous tracker jackers (genetically modified wasps) above her. Katniss cuts a branch, dropping the nest on the sleeping Careers. Glimmer is killed, but the others escape. Katniss retrieves Glimmer's bow and arrows but stung with tracker-jacker venom, is hallucinatory, and witnesses Peeta telling her to flee. Later, Rue finds Katniss, helps her recover, and they become friends. Rue distracts the Careers while Katniss destroys their stockpile of supplies. Marvel finds and fatally wounds Rue before Katniss shoots him dead. She comforts Rue with song and, after Rue's death, decorates her body with flowers, before giving a three-finger salute. These actions trigger a riot in District 11, greatly displeasing Panem's president, Coriolanus Snow — the Games are designed to dissipate dissent, not focus it — and he warns Seneca Crane, the lead game master of the Hunger Games, to ""be careful"". Haymitch persuades Crane to allow two victors if they are from the same district, suggesting it would appease the audience. Katniss finds Peeta severely wounded and hides him in a cave. An announcement is made that one item each survivor needs most will be provided at the Cornucopia. Katniss leaves despite Peeta's protests. She retrieves her item, medicine for Peeta, but is ambushed and pinned by Clove, who gloats about Rue's death. Thresh, District 11's male tribute, appears and kills Clove but spares Katniss just once for having helped Rue. The medicine Katniss brings back heals Peeta's wound overnight. While hunting, Katniss hears a cannon blast signalling a tribute death. She rushes back to find Peeta, who unknowingly collected deadly nightlock berries. They find the District 5 girl dead from eating the berries after secretly watching Peeta. With only four tributes remaining, Crane unleashes genetically engineered dog-like Mutts, which kill Thresh. Katniss, Peeta, and Cato, the last survivors, flee to the top of the Cornucopia. Cato holds Peeta as a human shield until Katniss shoots his hand with an arrow, enabling Peeta to push Cato down to the Mutts. Katniss then shoots Cato dead in a coup de grâce. Suddenly, Crane revokes the two-victor rule change. Peeta urges Katniss to shoot him, but to deprive the Capitol a winner, she convinces Peeta that they both eat the nightlock berries. Just before they can, they are declared co-victors. Later, Haymitch warns Katniss that she has made powerful enemies. Snow has Crane locked in a room containing only nightlock berries, as Katniss and Peeta return to District 12."
68721,Iron Man 3,ok,"At a New Year's Eve party in 1999, Tony Stark meets scientist Maya Hansen, the inventor of Extremis, an experimental regenerative treatment that allows recovery from crippling injuries. Disabled scientist Aldrich Killian offers them a place in his company Advanced Idea Mechanics (A.I.M.), but Stark rejects him. Thirteen years later, Stark is suffering from post-traumatic stress disorder and has frequent panic attacks due to his experiences during the alien invasion of New York.[b] He has built dozens of new Iron Man suits to cope with his insomnia, creating friction with his girlfriend Pepper Potts. Meanwhile, a string of bombings is claimed by a terrorist known as the Mandarin. Stark's security chief Happy Hogan is badly injured in one such attack and is put into a coma, prompting Stark to issue a televised threat to the Mandarin, revealing his home address in the process. The Mandarin sends gunship helicopters to destroy Stark's home. Hansen, who came to warn Stark, survives the attack with Potts. Stark escapes in an experimental new Iron Man suit, which his artificial intelligence J.A.R.V.I.S. pilots to rural Tennessee, following a flight plan from Stark's investigation into the Mandarin. Stark's new armor is not fully functional and lacks sufficient power to return to Malibu, leading the world to believe that he died. With the help of Harley Keener, a local boy, Stark investigates the remains of a local explosion bearing the hallmarks of a Mandarin attack. However, it occurred years before any known attack by a terrorist. He discovers the ""bombings"" were triggered by soldiers subjected to Extremis whose bodies explosively rejected the treatment, and were falsely attributed by A.I.M. as a terrorist plot to cover up Extremis' flaws. Stark witnesses Extremis firsthand when Mandarin agents Savin and Brandt attack him. Stark kills Brandt and incapacitates Savin. Meanwhile, Killian resurfaces and kidnaps Potts with assistance from Hansen. American intelligence agencies continue to search for the Mandarin, with James Rhodes—the former War Machine, now re-branded as the Iron Patriot—lured into a trap to steal his armor. Tracing the Mandarin to Miami, Stark infiltrates his headquarters using improvised weapons. Inside, he discovers the Mandarin is English actor Trevor Slattery, who is oblivious to the actions carried out in his image. Killian, the mastermind behind Slattery's cover, captures Stark. Killian, who appropriated Hansen's Extremis research as a cure for his own disability and expanded the program to include injured war veterans, reveals he has subjected Potts to Extremis in the hope Stark will help fix Extremis' flaws while trying to save her. When Hansen betrays Killian by threatening to jeopardize his operations, Killian kills her. Stark escapes and reunites with Rhodes, discovering that Killian intends to attack President Ellis aboard Air Force One, using the Iron Patriot armor, controlled by Savin. Stark kills Savin, saving the passengers and crew, but cannot stop Killian from abducting Ellis. At an impounded damaged oil tanker, Killian intends to kill Ellis on live television, so that the Vice President would then become a puppet leader following Killian's orders, in exchange for Extremis curing his young daughter's disability. Stark and Rhodes infiltrate the platform, aided by the Iron Man suits, remotely controlled by J.A.R.V.I.S.. Rhodes secures the President and takes him to safety, while Stark discovers Potts has survived the Extremis procedure. Before he can save her, a rig collapses around them, and she falls to the platform to her apparent death. Stark fights Killian but finds himself cornered. Potts, whose Extremis powers allowed her to survive the fall, kills Killian to save Stark. As a gesture of his devotion to Potts, Stark orders J.A.R.V.I.S. to destroy all the Iron Man suits. The Vice President and Slattery are arrested, and Happy awakens from his coma. With Stark's help, Potts's Extremis effects are stabilized. Stark promises to scale back his life as Iron Man, undergoing surgery to remove the shrapnel near his heart and throwing his obsolete chest arc reactor into the sea. He muses that, even without the technology, he will always be Iron Man."
10681,WALL-E,ok,"In the year 2805, Earth is an inhospitable, garbage-strewn wasteland due to an ecocide caused by rampant consumerism, corporate greed, and environmental neglect. Humanity was evacuated to space by the megacorporation Buy n Large on giant spaceships 700 years earlier, leaving trash-compacting ""WALL-E"" robots to clean up the planet, but the cleanup was eventually abandoned after the planet became far too toxic. All but one of the robots have stopped functioning; the last remaining active WALL-E has developed a personality and uses a truck designed to carry the WALL-E robots as a home. WALL-E remains active by salvaging parts from other inactive robots, with his pet cockroach Hal as his only companion. One day, WALL-E's routine of compressing trash and collecting interesting objects is broken by the arrival of a sleek, futuristic robot called EVE, who scans the planet for sustainable life. WALL-E is smitten by her, and the two begin to connect until EVE goes into standby mode when WALL-E shows her his most recent find: a living seedling. WALL-E cares for EVE until she is collected by a large unmanned rocket; with WALL-E clinging on, it returns to its mothership, the starliner Axiom. In the centuries since the Axiom left Earth, its passengers have degenerated into helpless obesity due to laziness, using hoverchairs and robots catering to their every whim. Captain B. McCrea sits back while his robotic AI autopilot helm, nicknamed AUTO, pilots the ship. McCrea is unprepared for the positive probe response, but discovers that placing the plant in the ship's Holo-Detector will trigger a hyperjump back to Earth so that humanity can begin recolonization. When McCrea inspects EVE's storage compartment, the plant is missing, and EVE blames WALL-E for its disappearance. EVE is deemed faulty and taken to diagnostics. Mistaking this for torture, WALL-E intervenes and inadvertently releases the other faulty bots, causing him and EVE to be designated rogue robots. Frustrated with WALL-E's reckless actions, EVE tries sending WALL-E home in an escape pod, but as WALL-E refuses, the two witness McCrea's first mate robot, GO-4, stowing the plant in a pod set to self-destruct, proving WALL-E's innocence. WALL-E enters the pod to retrieve the plant just as it launches, and he and the plant survive the pod's destruction. EVE catches up to him and they reconcile, dancing in space around the Axiom. EVE brings the plant to McCrea, who watches her recordings of Earth, concluding that they must save it, and EVE is touched by seeing recordings of WALL-E caring for her while she was in standby mode, understanding his feelings for her. AUTO reveals his secret no-return directive A113, recorded by Shelby Forthright, Buy n Large's CEO, in 2110, which orders them not to return to Earth on account of its toxicity levels, unaware that the planet is actually starting to recover; AUTO had ordered GO-4 to get rid of the plant earlier. When McCrea tries overriding the directive, AUTO mutinies and electrocutes WALL-E, throws him and EVE down a garbage chute, and confines McCrea to his quarters. EVE and WALL-E are nearly ejected into space with the Axiom's garbage, but a cleaning robot named M-O inadvertently jams the airlock and rescues them. McCrea escapes by tricking AUTO with an image of the plant and fights for control of the Axiom, destroying GO-4 in the process, while humans and robots work to secure the real plant. AUTO crushes WALL-E using the Holo-Detector, but McCrea rises from his chair, activates the manual override and deactivates AUTO. EVE inserts the plant into the Holo-Detector, initiating the hyperjump back to Earth. Arriving on Earth, EVE repairs WALL-E, but his memory and personality have been erased. Heartbroken, EVE gives WALL-E a ""smooch"", which releases a static electricity shock, restoring him. WALL-E and EVE reunite as the Axiom inhabitants take their first steps on Earth. Humans and robots work to restore the ravaged planet with the help of WALL-E and EVE, and the plant grows into a tree, which WALL-E and EVE admire together."
284052,Doctor Strange (2016 film),ok,"In Kathmandu, the sorcerer Kaecilius and his zealots enter the secret compound Kamar-Taj and behead its librarian. They steal several pages from a book belonging to the Ancient One, a long-lived sorcerer who has taught every student at Kamar-Taj, including Kaecilius, in the mystic arts. The Ancient One pursues the traitors, but Kaecilius and his followers escape. In New York City, Dr. Stephen Strange, a wealthy, acclaimed, and arrogant neurosurgeon, severely injures his hands in a car crash while en route to a speaking conference, leaving him permanently unable to operate. Fellow surgeon Christine Palmer tries to help him move on, but Strange vainly pursues experimental surgeries to heal his hands. Strange learns about Jonathan Pangborn, a paraplegic who mysteriously regained use of his legs. Pangborn directs Strange to Kamar-Taj, where he is taken in by Mordo, a sorcerer under the Ancient One. The Ancient One demonstrates her power to Strange, revealing the astral plane and other dimensions such as the Mirror Dimension. She reluctantly agrees to train Strange, whose arrogance and ambition remind her of Kaecilius. Strange studies under the Ancient One and Mordo, and from ancient texts in the library that are now guarded by Master Wong. Strange learns that Earth is protected from threats from other dimensions by a shield generated from three Sanctums in New York City, London, and Hong Kong, which are all directly accessible from Kamar-Taj. The sorcerers' task is to protect the Sanctums, though Pangborn instead chose to channel mystical energy only to heal his paralysis. Strange progresses quickly, and secretly reads the book from which Kaecilius stole pages, learning to bend time with the Eye of Agamotto. Mordo and Wong warn Strange against breaking the laws of nature, drawing a comparison to Kaecilius' desire for eternal life. Kaecilius uses the stolen pages to contact Dormammu of the Dark Dimension, where time is non-existent, and destroys the London Sanctum to weaken Earth's protection. The zealots then attack the New York Sanctum, killing its guardian, but Strange holds them off with the help of the Cloak of Levitation, only to be critically injured during a skirmish. He teleports himself back to the hospital where Palmer saves him. Upon returning to the Sanctum, Strange reveals to Mordo that the Ancient One has been drawing power from the Dark Dimension to sustain long life, and Mordo becomes disillusioned with her. After a fight in the Mirror Dimension of New York, Kaecilius mortally wounds the Ancient One and escapes to Hong Kong. Before dying, she tells Strange that he and Mordo will have to work together to defeat Kaecilius, balancing Mordo's steadfast nature against Strange's willingness to bend the rules. Strange and Mordo arrive in Hong Kong to find Wong dead, the Sanctum destroyed, and the Dark Dimension engulfing Earth. Strange uses the Eye to reverse time and save Wong, then enters the Dark Dimension and creates an endless time loop around himself and Dormammu. After repeatedly killing Strange to no avail, Dormammu finally accepts his bargain, leaving Earth permanently and taking Kaecilius and the zealots with him in exchange for Strange breaking the loop. Disgusted by Strange and the Ancient One defying nature's laws, Mordo renounces his sorcerer career and departs. Strange returns the Eye, which is revealed to hold an Infinity Stone, back to Kamar-Taj and takes up residence in the New York Sanctum to continue his studies with Wong. In a mid-credits scene, Strange decides to help Thor, who has brought his brother Loki to Earth to search for their father, Odin.[a] In a post-credits scene, Mordo confronts Pangborn and steals the mystical energy he uses, telling him that Earth has ""too many sorcerers""."
12444,Harry Potter and the Deathly Hallows – Part 1,ok,"Severus Snape meets with Lord Voldemort and his Death Eaters at Malfoy Manor, reporting that the Order of the Phoenix will move Harry Potter, no longer under his mother's protective spell, to a safe location. Voldemort and the Death Eaters travel to Surrey to apprehend Harry, killing Hedwig and Mad-Eye Moody in the process. Harry escapes to the home of his friend, Ron Weasley, where they and Hermione Granger are visited by the new Minister for Magic Rufus Scrimgeour. He leaves them all a bequest from Albus Dumbledore: Ron a Deluminator, Hermione a copy of The Tales of Beedle the Bard, and Harry the Golden Snitch he caught in his first Quidditch match. Dumbledore also bequeathed the Sword of Gryffindor to Harry, but it has gone missing. During the wedding of Bill Weasley and Fleur Delacour, the guests are informed that the Ministry has fallen and Scrimgeour is dead. When they are attacked by Death Eaters, Harry, Ron, and Hermione escape to Number 12, Grimmauld Place, where Ron works out that Sirius Black's brother, Regulus, stole Salazar Slytherin's locket from Voldemort. Learning that thief Mundungus Fletcher later sold it to Dolores Umbridge, the three infiltrate the Ministry and recover the locket. Discovered by Death Eaters, Hermione hastily disapparates them to a forest, where they start their journey to discover and destroy all of Voldemort's Horcruxes, beginning with the locket. After failing to destroy the locket, Hermione deduces that Gryffindor's sword can destroy Horcruxes because it is impregnated with basilisk venom. Ron, affected by the dark locket, is frustrated with their slow progress and becomes irrationally jealous of Harry and Hermione, leaving them after arguing angrily with Harry. Harry and Hermione search for the sword in Godric's Hollow, where Hermione notices a strange symbol in the graveyard that matches one on the cover of Beedle the Bard and one worn by Luna Lovegood's father, Xenophilius. Elderly historian Bathilda Bagshot leads the two to her cottage, where they find a photo of the young man Harry saw in a vision stealing a wand from wandmaker Gregorovitch, before Bagshot morphs into Voldemort's snake Nagini and attacks Harry. Hermione disapparates them to safety, but breaks Harry's wand doing so. The two arrive in the Forest of Dean, where Hermione identifies the man in the photo as dark wizard Gellert Grindelwald, and Harry follows a doe patronus to the frozen pond where Gryffindor's sword lies on the bottom. After Harry dives in, the locket begins strangling him, but he is rescued by Ron, who also retrieves the sword. Ron then destroys the locket and the next day he explains the Deluminator led him to their location. The three visit Xenophilius and learn that the symbol represents the Deathly Hallows. As told in Beedle the Bard, three brothers once each received a prize for evading Death: the Resurrection Stone, the Cloak of Invisibility, and the Elder Wand, the most powerful wand known. Possessing all three makes one the Master of Death. Xenophilius then secretly summons the Death Eaters, wanting to exchange Harry for Luna, who is being held at Malfoy Manor. The three are captured by Snatchers and brought to Malfoy Manor, where Harry sees a vision of an elderly Grindelwald telling Voldemort that the Elder Wand is buried with Dumbledore. Bellatrix Lestrange sees a Snatcher with Gryffindor's sword that she believed was in her Gringotts vault. Harry and Ron are locked into the cellar with Luna, Ollivander, and Griphook, while Bellatrix tortures Hermione. Harry sees a man resembling Dumbledore in a mirror shard and begs for help, which summons Dobby to the cellar; they retrieve Hermione and their captured wands from Draco Malfoy, but as they all disapparate Bellatrix fatally wounds Dobby, who dies as they arrive at Bill and Fleur's seaside cottage, an Order safe house. Meanwhile, Voldemort retrieves the Elder Wand from Dumbledore's tomb."
10195,Thor (film),ok,"In 965 AD, Odin, king of Asgard, wages war against the Frost Giants of Jotunheim and their leader Laufey, to prevent them from conquering the Nine Realms, starting with Earth. The Asgardians defeat the Frost Giants and seize the source of their power, the Casket of Ancient Winters. In the present,[b] Odin's son Thor prepares to ascend to the throne of Asgard but is interrupted when Frost Giants, secretly allowed in by his brother Loki, attempt to retrieve the Casket. Against Odin's order, Thor travels to Jotunheim to confront Laufey, accompanied by Loki, childhood friend Sif and the Warriors Three: Volstagg, Fandral, and Hogun. A battle ensues until Odin intervenes to save the Asgardians, destroying the fragile truce between the two races. As punishment for Thor's arrogance, Odin deems his son unworthy and strips his powers before exiling him to Earth as a mortal, accompanied by his hammer Mjölnir, now protected by an enchantment that allows only the worthy to wield it. Thor lands in New Mexico, where astrophysicist Dr. Jane Foster, her assistant Darcy Lewis, and mentor Dr. Erik Selvig find him. The local populace discovers Mjölnir, which S.H.I.E.L.D. agent Phil Coulson soon commandeers before forcibly acquiring Foster's data about the wormhole that delivered Thor to Earth. Having learned about  Mjölnir's nearby location, Thor seeks to retrieve it from the facility that S.H.I.E.L.D. has constructed and tries to lift it, but is unable to do so and is captured. With Selvig's help, he is freed and resigns himself to exile on Earth as he develops a romance with Foster. Loki discovers that he is Laufey's biological son, adopted by Odin after the war ended. Loki confronts Odin, who wearily falls into the deep ""Odinsleep"" to recover his strength. Loki takes the throne in Odin's stead and offers Laufey the chance to kill Odin and retrieve the Casket. Sif and the Warriors Three, unhappy with Loki's rule, attempt to return Thor from exile, convincing Heimdall, gatekeeper of the Bifröst—the means of traveling between worlds—to allow them passage to Earth. Aware and suspicious of their plan, Loki sends the Destroyer, a seemingly indestructible automaton, to pursue them and kill Thor. The warriors find Thor, but the Destroyer attacks and overpowers them, prompting Thor to offer himself instead. Struck by the Destroyer and near death, Thor proves himself worthy to wield Mjölnir. The hammer returns to him, restoring his powers and enabling him to defeat the Destroyer. Thor and Jane kiss each other goodbye before he leaves with his fellow Asgardians to confront Loki. In Asgard, Loki betrays and kills Laufey. Thor arrives, and Loki reveals his plan to destroy Jotunheim with the Bifröst Bridge. Thor fights Loki before destroying the Bifröst Bridge to stop Loki's plan. Odin awakens and prevents the brothers from falling into the abyss created in the wake of the bridge's destruction; when Odin rejects Loki's pleas for approval, Loki allows himself to fall into the abyss. Thor makes amends with Odin, admitting he is not ready to be king and longs to see Jane. Meanwhile, on Earth, Foster and her team search for a way to open a portal to Asgard. In a post-credits scene, Selvig is taken to a S.H.I.E.L.D. facility, where Nick Fury opens a briefcase and asks him to study a mysterious cube-shaped object,[c] which Fury says may hold untold power. An invisible Loki, who survived his fall and arrived on Earth, secretly prompts Selvig to agree."
496243,Parasite (2019 film),ok,"Kim Ki-taek and Chung-sook live in a semi-basement flat (banjiha) in Seoul with their daughter Ki-jung and son Ki-woo. As the family has financial struggles and low-income jobs, family friend Min-hyuk gives them a scholar's rock meant to promise wealth. Leaving to study abroad, he suggests that Ki-woo lie about his qualifications to take over Min-hyuk's job as an English tutor for Da-hye, the daughter of the wealthy but naïve Park family. Min-hyuk trusts Ki-woo because he likes Da-hye and wants to ask her out when he returns. After Ki-jung helps forge a certificate for him, Ki-woo, posing as a Yonsei University student named ""Kevin"", goes to the Parks' home, where he is hired by the mother Mrs Park by the end of his first lesson. The Kims' scheme is to secure jobs for each family member within the Park household while concealing their true identities. Ki-woo recommends ""Jessica,"" actually Ki-jung, as an art therapist for the Parks' young son, Da-song, who has been traumatised from having a seizure after seeing a ""ghost"" in their kitchen. Ki-jung then frames Yoon, the Parks' chauffeur, by making it appear as though he had a sexual encounter in the car, leading to Ki-taek being hired as his replacement. The Kims exploit the peach allergy of the Parks' longtime housekeeper, Moon-gwang, to convince Mrs Park that Moon-gwang has tuberculosis, and Chung-sook is hired as her replacement. Meanwhile, Ki-woo begins a secret romantic relationship with Da-hye. While the Parks are away on a camping trip, the Kims revel in the luxuries of the house when Moon-gwang suddenly appears at the door, claiming to have forgotten something in the basement. She goes through a hidden entrance to an underground bunker created by the house's architect and previous owner, who had kept its existence secret from the Parks. There, Moon-gwang's husband, Geun-sae, has been hiding from loan sharks and is revealed to be the ""ghost"" Da-song saw. Moon-gwang begs Chung-sook to allow Geun-sae to continue living there in exchange for regular payments, but the three other Kims, who are eavesdropping, accidentally reveal their true identities. Moon-gwang films them and threatens to expose their deception to the Parks. After the Parks call to inform the Kims that they are returning early due to a sudden severe rainstorm, the Kims quickly destroy all evidence of their ruse and subdue Moon-gwang and Geun-sae in the bunker, although Moon-gwang is injured during the struggle. The Kims manage to escape, but the torrential rain floods their flat with sewage water, forcing them to take shelter in a gymnasium alongside other displaced people. The next day, Mrs Park organises an impromptu garden party for Da-song's birthday, with the elder Kims assisting while the younger Kims are invited as guests. Ki-woo enters the bunker with his scholar's rock, with intentions unknown. Moon-gwang is already dead from injuries sustained in the previous day's brawl; Geun-sae bludgeons Ki-woo with the rock, leaving him unconscious. Geun-sae then leaves the bunker and stabs Ki-jung with a kitchen knife in front of horrified party guests. Da-song seizes upon seeing the ""ghost"" again. Chung-sook impales Geun-sae with a barbecue skewer after a struggle. While Ki-taek tends to Ki-jung, Mr Park orders him to drive Da-song to the hospital. Ki-taek, gradually enraged by the Parks' lack of empathy or awareness of their own privilege, stabs him with Geun-sae's knife and flees. Weeks later, Ki-woo is recovering from brain surgery, and he and Chung-sook have been convicted of fraud and placed on probation. Ki-jung has died from her injuries, and Ki-taek – now a wanted fugitive – has disappeared. Geun-sae is presumed to have been a random homeless man, and the motives for the murders remain unsolved. Ki-woo spies on the Parks' former home, now owned by a foreign family, and notices a Morse code message in a light visible from outside. Ki-taek, hiding in the bunker, has buried Moon-gwang in the garden and sends daily messages, hoping Ki-woo will see them. Still living in a semi-basement flat with his mother, Ki-woo writes a letter to Ki-taek, vowing to earn enough money one day to buy the house and free him."
105,Back to the Future,ok,"In 1985, teenager Marty McFly lives in Hill Valley, California, with his depressed alcoholic mother, Lorraine; his older siblings, who are professional and social failures; and his meek father, George, who is bullied by his supervisor, Biff Tannen. After Marty's band fails a music audition, he confides in his girlfriend, Jennifer Parker, that he fears becoming like his parents despite his ambitions. That night, Marty meets his eccentric scientist friend, Emmett ""Doc"" Brown, in the Twin Pines mall parking lot. Doc unveils a time machine built from a modified DeLorean, powered by plutonium he swindled from Libyan terrorists. After Doc inputs a destination time of November 5, 1955 (the day he conceived his time travel invention), the terrorists arrive unexpectedly and gun him down. Marty flees in the DeLorean, inadvertently activating time travel when reaching 88 miles per hour (142 kilometers per hour). Arriving in 1955, Marty discovers he has no plutonium, so he cannot return to 1985. While exploring a burgeoning Hill Valley, Marty encounters his teenage father, discovering Biff was bullying George even then. George falls into the path of an oncoming car while spying on the teenage Lorraine changing clothes, and Marty is knocked unconscious while saving him. He wakes to find himself tended to by Lorraine, who becomes infatuated with him. Marty tracks down and convinces a younger Doc that he is from the future. Doc explains the only source available in 1955 capable of generating the 1.21 gigawatts of power required for time travel is a lightning bolt. Marty shows Doc a flyer from the future that documents an upcoming lightning strike at the town's courthouse. As Marty's siblings begin to fade from a photo he carries with him, Doc realizes Marty's actions are altering the future and jeopardizing his existence: Lorraine was supposed to tend to George instead of Marty after the car accident. Early attempts to get his parents acquainted fail, Marty gains the animosity of Biff, and Lorraine's infatuation with Marty deepens. Lorraine asks Marty to the school dance, and he plots to feign inappropriate advances on her, allowing George to intervene and rescue her, but the plan goes awry when Biff's gang locks Marty in the trunk of the performing band's car, while Biff forces himself onto Lorraine. George arrives expecting to find Marty but is assaulted by Biff. After Biff hurts Lorraine, an enraged George knocks him unconscious and escorts the grateful Lorraine to the dance. The band frees Marty from their car, but the lead guitarist injures his hand in the process, so Marty takes his place, performing while George and Lorraine share their first kiss. With his future no longer in jeopardy, Marty hurries to the courthouse to meet Doc. Doc discovers a letter from Marty warning him about his future and rips it up, worried about the consequences. To save Doc, Marty recalibrates the DeLorean to return ten minutes before he had left the future. The lightning strikes, sending Marty back to 1985, but the DeLorean breaks down, forcing Marty to run back to the mall. He arrives as Doc is being shot. While Marty grieves at his side, Doc sits up, revealing he had pieced Marty's note back together and is wearing a bulletproof vest. He takes Marty home and departs to 2015 in the DeLorean. Marty wakes the next morning, discovering his father is now a confident and successful science fiction author, his mother is fit and happy, his siblings are successful, and Biff is a servile valet in George's employ. As Marty reunites with Jennifer, Doc suddenly reappears in the DeLorean, insisting they return with him to the future to help their children.[a]"
150540,Inside Out,ok,"In the mind of a young girl named Riley Andersen are five personified emotions that influence her actions: Joy, Sadness, Fear, Disgust, and Anger. They process her experiences into memories stored as colored orbs in ""Headquarters"", her conscious mind, and send them into long-term memory each night. The aspects of the most important ""core memories"" within her personality take the form of five floating islands. Joy acts as the leader and tries to limit Sadness's influence, perceiving her as an unnecessary burden for Riley. At age 11, Riley moves from Minnesota to San Francisco for her father's new job. On Riley's first day at her new school, Sadness retroactively saddens joyous memories, making Riley cry in front of her class. This creates Riley's first sad core memory. Joy tries to dispose of it using a pneumatic tube but knocks loose the other core memories during a struggle with Sadness, disabling the personality islands. Joy, Sadness, and the core memories are sucked out of Headquarters. In their absence, Anger, Fear, and Disgust attempt to create new happy core memories but push Riley away from her parents, friends, and favorite activities. Goofball, Friendship, and Hockey Island thus collapse into the Memory Dump, where forgotten things gradually disappear forever. In the vast long-term memory area, Joy and Sadness encounter Bing Bong, Riley's childhood imaginary friend, who suggests riding the ""train of thought"" back to Headquarters. They miss it after Bing Bong naively leads them into Abstract Thought. In Imagination Land, which is under heavy renovations, Bing Bong bemoans Riley outgrowing him and rejects Joy's attempts to cheer him up in favor of Sadness's empathy. The trio catches the train, but it stops when Riley goes to sleep. At Dream Productions, Bing Bong is imprisoned in Subconscious for crashing a dream being filmed; Joy and Sadness get themselves arrested and free him as well as Jangles the Clown, Riley's scariest memory, frightening her awake. Meanwhile, Anger inserts an idea bulb into the console to make Riley run away to Minnesota, believing this will form new happy memories. Honesty Island collapses after Riley steals her mother's credit card, leaving only Family Island and derailing the train. Joy tries to ride a ""recall tube"" back to Headquarters, but the ground below collapses, plunging her and Bing Bong into the Memory Dump. Joy discovers a sad memory of Riley losing an ice hockey game that turns happy when Riley's parents and friends comfort her. She realizes Sadness's purpose is to alert others when Riley is emotionally overwhelmed. Joy and Bing Bong try to use his song-fueled rocket wagon to escape the Memory Dump, but cannot ascend due to their combined weight. On the third attempt, Bing Bong jumps out of the wagon mid-ascent, fading away as Joy escapes to freedom. Anger's idea bulb shorts out the console, putting Riley into depression as she boards a bus to Minnesota. Joy and Sadness reunite and return to Headquarters while Family Island nears collapse. Joy hands control of the console to Sadness, who removes the idea bulb, restarting the console and prompting Riley to get off the bus and rush home. Joy, realizing Riley had independently made up her mind about moving to San Francisco, allows Sadness to make the core memories sad. Riley bursts into tears, telling her parents she misses her old life; they comfort her and admit they also miss Minnesota. Sadness and Joy join hands on the console, creating a new core memory that is both happy and sad. A new Family Island forms, representing Riley's acceptance of her life in San Francisco. One year later, 12-year-old Riley has adapted to her new home, made new friends, and acquired new hobbies. Inside Headquarters, Riley's emotions admire both her new and re-formed personality islands, powered by multicolored core memories that contain mixed emotions, and are given an expanded console allowing them to work as a team. Although they admit slight concern over a red alarm light marked ""PUBERTY"", they decide that it is not important at the moment."
135397,Jurassic World,ok,"Twenty-two years after the Jurassic Park disaster on Isla Nublar in 1993,[c] a new dinosaur theme park called Jurassic World has been built on the island, owned by Masrani Global Corporation in affiliation with InGen, which created the dinosaurs. Brothers Zach and Gray Mitchell visit the park, where their aunt Claire Dearing works as the operations manager. She assigns her assistant Zara to guide them, but they evade her and explore on their own. Navy veteran and ethologist Owen Grady has been training a Velociraptor squad composed of Blue, Charlie, Delta, and Echo, and researching their intelligence. Based on the raptors' ability to follow commands, the head of InGen security Vic Hoskins believes that the animals can be weaponized, an idea Owen and his assistant Barry vehemently oppose. Claire and Jurassic World owner Simon Masrani inspect the park's newest upcoming attraction, the Indominus rex, a transgenic dinosaur created by geneticist Dr. Henry Wu. Masrani tasks Owen with evaluating the enclosure's security. Owen warns Claire that the Indominus lacks social skills, making it dangerous and unpredictable. When the Indominus seemingly escapes, Owen and two other workers investigate. The dinosaur, capable of camouflaging itself and masking its heat signature, suddenly appears and devours the other two men, but Owen manages to survive. The Indominus escapes its paddock and into the island's interior. Owen urges Masrani to destroy it, but Masrani, trying to protect his company's investment, sends a unit to subdue it using non-lethal weaponry. After most of the unit is killed, Claire orders the evacuation of the northern sector, while Masrani confronts Wu about the Indominus design. While exploring the park in a tour vehicle, Zach and Gray enter a restricted area. The Indominus arrives and destroys the vehicle, but the boys narrowly escape. They find the ruins of the original Jurassic Park visitor center, repair an old Jeep Wrangler, and drive back to the park resort. As Claire and Owen search for the boys, they barely escape the Indominus as well. Masrani and two soldiers hunt the Indominus by helicopter, but it breaks into the park's aviary. The Pteranodons and Dimorphodons, startled by the Indominus, flee the aviary and fly into Masrani's helicopter, causing it to crash and kill its passengers. The escaped pterosaurs converge on the resort and attack everyone, including Zara, who is then devoured by a Mosasaurus. Zach and Gray find Owen and Claire at the resort as armed personnel shoot down the pterosaurs. Hoskins assumes command and orders the raptors to be used to track the Indominus, whereupon Owen reluctantly complies and spearheads the assault with the raptors. Upon finding it, the dinosaurs begin communicating with one another. Owen realizes that the Indominus has Velociraptor DNA, and it usurps Owen's command of the raptors, becoming the pack's new alpha. Soldiers fire on the Indominus, but it escapes. The raptors slaughter most of the soldiers, while Charlie is killed in the chaos. Hoskins evacuates Wu and the dinosaur embryos from the island to protect his research. Owen, Claire, and the boys find Hoskins at the lab securing more embryos, but Delta breaks in and kills him. Owen restores his bond with the three surviving raptors before the Indominus reappears. The raptors attack the hybrid, but Delta and Echo are killed while Blue is knocked unconscious. Claire releases Jurassic Park’s veteran Tyrannosaurus rex[d]  from its paddock and lures it to the Indominus. The dinosaurs attack each other, and the Indominus eventually overpowers the Tyrannosaurus, but Blue recovers and joins the battle. The duo fights the Indominus until it gets cornered at the lagoon's edge, where it is dragged underwater by the Mosasaurus. Owen and Blue part ways afterwards. The survivors are evacuated, and the island is abandoned once again. Zach and Gray reunite with their parents, while Owen and Claire decide to stay together."
27205,Inception,ok,"Dom Cobb and Arthur are professional thieves who perform corporate espionage using experimental dream-sharing technology to infiltrate their targets' subconscious and extract information. Their latest target Saito is impressed with Cobb's ability to layer multiple dreams within each other. He offers to hire Cobb for the ostensibly impossible job of performing ""inception"": implanting Robert Fischer, the son of Saito's competitor Maurice Fischer, with the idea to dissolve his father's conglomerate. In return, Saito promises to clear Cobb's criminal status, allowing him to return home to his children. Cobb accepts the offer and recruits a forger named Eames, a chemist named Yusuf, and an architecture student named Ariadne. They devise a three-level dream structure in order for Robert to accept the implanted idea as his own. Ariadne is tasked with designing the architecture for all three levels, a task Cobb himself cannot do for fear of being sabotaged by his mind's projection of his late wife Mal. Due to time dilation with reality, time runs slower with each descending layer, with the dreamer on each staying behind to perform a music-synchronized ""kick"" that simultaneously awakens dreamers on all three levels. Once Maurice Fischer dies, Saito buys the airline for Robert's commercial flight to America. The team sedates Robert into the first level, a raining city dreamt by Yusuf. They successfully abduct Robert, but discover that he is trained to anticipate such a scenario and has subconscious defensive projections; these projections attack, severely wounding Saito in the process. Cobb reveals that while dying in a dream usually awakens dreamers, Yusuf's sedatives will instead send them into ""Limbo"", a world of raw subconscious and extreme time dilation that is indistinguishable from reality. Eames impersonates Robert's godfather Peter Browning to introduce the idea of an alternate will to dissolve the company. Cobb explains to Ariadne that he and Mal entered Limbo while experimenting with dream-sharing, experiencing fifty years in one night. After waking up, Mal still believed she was dreaming. Attempting to wake up, she committed suicide and framed Cobb for her murder to force him to do the same. Cobb fled the U.S., leaving his children behind. Yusuf drives the team around the first level as they are sedated into the second level, a hotel dreamed by Arthur. Cobb persuades Robert that Browning has kidnapped him to stop the dissolution and that Cobb is a defensive projection. He leads Robert to the third level, an alpine fortress dreamt by Eames, as a ruse to enter Robert's subconscious. In the third level, the team infiltrates the fortress with a projection of Maurice inside, where the inception itself can be performed. However, Yusuf performs his kick too soon by driving off a bridge, forcing Arthur and Eames to improvise a new set of kicks synchronized with them hitting the water by rigging an elevator and the fortress, respectively, with explosives. Mal then appears and kills Robert before he can be subjected to the inception; he and Saito are subsequently lost in Limbo, forcing Cobb and Ariadne to rescue them in time for Robert's inception and Eames's kick. Cobb reveals that during their time in Limbo, Mal refused to return to reality; Cobb had to convince her it was only a dream, accidentally incepting in her the belief that the real world was still a dream. Cobb makes peace with his role in Mal's death. Ariadne kills Mal's projection and wakes Robert up with a kick. Revived into the third level, Robert discovers the planted idea: his dying father telling him to create something for himself. While Cobb searches for Saito in Limbo, the others ride the synced kicks back to reality. Cobb finds an aged Saito and reminds him of their agreement. All of the dreamers awaken on the plane, and Saito makes a phone call. Arriving in Los Angeles, Cobb passes the immigration checkpoint, and his father-in-law accompanies him to his home. Cobb uses a top that spins indefinitely in a dream to verify that he is in the real world, but joins his children before he can observe the result."
210577,Gone Girl (film),ok,"On their fifth anniversary, writing teacher Nick Dunne returns home to find that his wife, Amy, is missing. Amy's fame as the inspiration for her parents' Amazing Amy children's books ensures widespread press coverage. The media finds Nick's apathy towards the disappearance suspicious. Before her disappearance, Nick and Amy's marriage deteriorated. Both lost their jobs in the recession and moved from New York to Nick's hometown in Missouri to support his dying mother. Nick grew distant from Amy and began an affair with his student Andie, while Amy became resentful toward Nick. Detective Rhonda Boney and the forensic team find evidence of a struggle and blood loss in the house. Boney learns of the couple's financial problems, disputes, and Amy's attempt to buy a gun. Medical reports indicate that Amy was pregnant, of which Nick denies knowledge. On each anniversary, Amy sets up elaborate treasure hunts for Nick. This year's clues appear in places where Nick had sex with Andie, revealing Amy's knowledge of his affair. Nick discovers thousands of dollars' worth of items purchased with his credit card, unauthorized and hidden in his sister Margo's woodshed. Amy's clues lead authorities to a diary documenting her growing fear that Nick will kill her. Amy hides in a campground in the Ozarks. After discovering Nick's affair, Amy conceived an elaborate plan to frame him for her murder. She had him increase her life insurance, secretly used his credit card to buy the woodshed items, stole a sample of her pregnant neighbor's urine to fake a pregnancy to elicit media sympathy, wrote increasingly fabricated diary entries and placed incriminating evidence for police to find. On the morning of her disappearance, Amy drained and splattered her own blood across the kitchen. Her original plan was to drown herself after Nick's arrest and have her body found to ensure his death sentence. Nick deduces Amy's scheme, convinces Margo of his innocence, and hires lawyer Tanner Bolt, known for representing husbands suspected of uxoricide. Nick meets two of Amy's ex-boyfriends. Tommy O'Hara claims that she framed him for rape and ruined his life after they broke up. The wealthy Desi Collings, against whom Amy filed a restraining order for stalking, rejects Nick. When Amy's campground neighbors rob her, she calls Desi for help, convincing him that she fled Nick's abuse. Desi agrees to hide her in his lakehouse. Bolt convinces Nick to admit to his affair on a popular talk show, thus seizing the narrative initiative from the media. Andie reveals the affair at a press conference shortly beforehand, but Nick insists on conducting the interview. He affirms his innocence and feigns regret for his shortcomings as a spouse, knowing that Amy is watching. The interview garners widespread sympathy for Nick. However, Boney, having gathered adequate evidence, arrests Nick and Margo. Bolt bails them out, and they brace for the impending trial. After watching Nick's interview, Amy rekindles her attraction to him and begins crafting her escape story. Using surveillance cameras and self-inflicted injuries, she makes it appear that Desi kidnapped and raped her. She seduces Desi, slits his throat during sex, and returns home, clearing Nick of suspicion. Medical examiners lend credence to Amy's story. During questioning, Boney probes her inconsistencies, but Amy accuses Boney of incompetence. The FBI closes the case, but Boney gleans Amy's guilt. At home, Amy tells Nick the truth, but says that she forgives him after seeing him plead for her return on TV. Nick shares this with Boney, Bolt, and Margo. They agree that Amy is guilty, but acknowledge a lack of evidence. Bolt wishes Nick well and returns to New York. A televised interview takes place in their home seven weeks later. Anticipating Nick's intention to leave her and expose her story, Amy reveals her pregnancy minutes before the interview, having inseminated herself with Nick's sperm from a fertility clinic. Nick reacts violently but feels responsible for the child and decides to stay with Amy, to Margo's distress. The couple announces on television that they are expecting a child."
24428,The Avengers (2012 film),ok,"The Asgardian Loki encounters the Other, the representative of an extraterrestrial race known as the Chitauri. In exchange for obtaining the Tesseract,[b] a powerful energy source of unknown potential, the Other promises to provide Loki with an army to conquer Earth. Nick Fury, director of the covert agency S.H.I.E.L.D., arrives at a remote research facility where astrophysicist Dr. Erik Selvig is leading a team studying the Tesseract. It suddenly activates and opens a portal, allowing Loki to reach Earth. Loki steals the Tesseract and uses his scepter to enslave Selvig and other agents, including Clint Barton, to aid him. In response, Fury reactivates the ""Avengers Initiative"". Agent Natasha Romanoff travels to Kolkata to recruit Dr. Bruce Banner so he can trace the Tesseract through its gamma radiation emissions. Fury approaches Steve Rogers to discuss his knowledge of the Tesseract, and Agent Phil Coulson visits Tony Stark so he can check Selvig's research. Loki is in Stuttgart, where Barton steals iridium needed to stabilize the Tesseract. This leads to a confrontation with Rogers, Stark, and Romanoff that ends with Loki's surrender. While Loki is being escorted to S.H.I.E.L.D., his adoptive brother Thor arrives and frees him, hoping to convince him to abandon his plan and return to Asgard. Stark and Rogers intervene, and Loki is imprisoned in S.H.I.E.L.D.'s flying base, the Helicarrier. The Avengers disagree on how to approach Loki and become argumentative once they realize S.H.I.E.L.D. plans to use the Tesseract to create weapons of mass destruction to use against extraterrestrial threats. During the argument, Loki's agents attack the Helicarrier, and Banner transforms into the Hulk in the chaos. Stark and Rogers restart the damaged engine while Thor attempts to stop the Hulk's rampage. Romanoff subdues Barton, freeing him from Loki's control. Loki escapes after fatally wounding Coulson. Fury uses Coulson's subsequent death to motivate the Avengers to work together as a team. Loki uses the Tesseract and a generator Selvig built to open a portal above Stark Tower in New York City, allowing his Chitauri fleet to invade. Rogers, Stark, Romanoff, Barton, Thor, and the Hulk work together to protect New York from the Chitauri. The Hulk incapacitates Loki while Romanoff learns from Selvig, now freed from Loki's mind control, that Loki's scepter can shut down the generator. Fury's superiors from the World Security Council attempt to end the invasion by launching a nuclear missile at Midtown Manhattan. Stark intercepts the missile and flies it toward the Chitauri fleet through the wormhole. The missile destroys the Chitauri mothership and disables their forces on Earth. Stark becomes unconscious, and his suit loses power, leaving him free falling towards Earth. The Hulk manages to catch him and the Avengers resuscitate him, while Romanoff uses Loki's scepter to close the wormhole. In the aftermath, Thor transports an imprisoned Loki and the Tesseract to Asgard, where Loki will face justice for his crimes. In a mid-credits scene, the Other confers with his master[c] about the failed attack on Earth."
597,Titanic (1997 film),ok,"In 1996, aboard the research vessel Akademik Mstislav Keldysh, treasure hunter Brock Lovett and his team explore the wreck of RMS Titanic, hoping to find a necklace known as the Heart of the Ocean. Instead, they recover a safe containing a drawing of a young woman wearing the necklace. The sketch is dated April 14, 1912, the day the Titanic struck an iceberg and sank, resulting in about 1,500 deaths.[c] After seeing a television report about the discovery, centenarian Rose Dawson Calvert contacts Lovett, revealing she is the woman in the drawing. Hoping she can help locate the necklace, Lovett brings Rose and her granddaughter aboard the Keldysh, where Rose recounts her experience on Titanic. In 1912, 17-year-old Rose DeWitt Bukater boards the Titanic in Southampton with her wealthy fiancé, Cal Hockley, and her mother, Ruth. Rose is unhappy in the loveless engagement, but Ruth stresses that the marriage will resolve their financial problems. Rose contemplates suicide by jumping from the ship's stern, but is stopped by Jack Dawson, a poor nomadic artist. Jack and Rose form a friendship, and Jack confesses his feelings for her. Though initially resistant, Rose realizes she has fallen in love with Jack, despite Cal's and Ruth's disapproval. Rose brings Jack to her stateroom and asks him to draw her nude, wearing only the necklace. Afterward, they evade Cal's valet, Spicer Lovejoy, and have sex in a car in the cargo hold. On the forward deck, they witness the ship's collision with an iceberg and overhear officers discussing the severity of the situation. When Cal discovers Jack's sketch of Rose, he has Lovejoy plant the necklace on Jack, framing him for theft. Jack is arrested and locked in the master-at-arms' office, and Cal pockets the necklace. As Titanic sinks, women and children are prioritized for the lifeboats. Rose rescues Jack, and they return to the deck, where Cal urges Rose to board a lifeboat, claiming he and Jack will board another. Cal unwittingly wraps his coat, containing the necklace, around her. As her lifeboat is lowered, Rose jumps back onto the ship, unwilling to leave Jack behind. Enraged, Cal grabs a pistol and chases them through the flooding ship, but gives up when they escape. Cal joins a lifeboat by pretending to be a child's father. As the flooded bow sinks, the stern rises into the air, and Jack and Rose cling to the railing. The ship splits in two, and the stern sinks into the freezing water with the remaining passengers. Jack helps Rose onto floating debris and makes her promise to survive and live a full life. Jack dies from hypothermia, but Rose is saved by a returning lifeboat and rescued by the RMS Carpathia. Rose hides from Cal and her mother and gives her name as Rose Dawson on her arrival in New York City. In the present, Rose reveals that Cal committed suicide after losing his fortune in the 1929 stock market crash. She tells the Keldysh crew that Jack saved her in every possible way, and laments that her memories are all that she has left of him. Touched by her account, Lovett abandons his search for the necklace. Alone at night on the stern of the Keldysh, Rose, who has kept the necklace in her possession, drops it into the sea above the wreck. Later, as she lies in her bed, photographs on her dresser depict a life of freedom and adventure inspired by Jack.[11] Aboard the pristine Titanic, a young Rose reunites with Jack at the Grand Staircase, applauded by the passengers and crew who died in the sinking."
245891,John Wick (film),ok,"In New York City, John Wick is grieving the death of his wife Helen, who had arranged for him to receive a beagle puppy, Daisy, to help cope with his loss. A few days later, a group of Russian gangsters led by Iosef Tarasov accost John at a gas station and fail to intimidate him into selling them his 1969 Boss 429 Mustang.[ii] That night, they break into John's home, attack him, kill the puppy, and steal the car. Iosef takes the Mustang to a chop shop to remove its identifying details, but the shop owner, Aurelio, recognizes it and refuses service. Aurelio informs John that Iosef is the son of Viggo Tarasov, the boss of New York City's Russian Mafia. Upon learning of his son's actions, Viggo berates Iosef for incurring John's wrath. He reveals John was once a hitman in his employ, and was renowned and feared in the criminal underworld as the ""Baba Yaga"", a ruthless, relentless ""man of focus, commitment, and sheer will"". After John fell in love with Helen, a civilian, Viggo gave him a seemingly impossible task to earn his freedom; he succeeded. John recovers a concealed stash from his former career that includes weapons and gold coins. He rejects Viggo's attempt to make amends and kills the hit squad subsequently sent to his home. Viggo puts a $2 million bounty on John and enlists John's former mentor, Marcus, to kill him. John lodges at the Continental, a luxurious hotel that serves as neutral ground for the underworld and where conducting criminal business is strictly forbidden. Winston, the hotel's owner and John's old friend, informs him that Iosef is at a nightclub called Red Circle. John infiltrates Red Circle and confronts Iosef, but he is attacked by Viggo's henchman Kirill and forced to retreat to the Continental for medical attention. As John rests, a hitwoman, Ms. Perkins, sneaks into his room. Marcus sees Perkins from an adjacent building and fires a warning shot to alert John, who wakes up and subdues her. Perkins reveals that Viggo has doubled the bounty for her to kill John in the hotel and has concealed a high-value stash in a church. John hires another hitman, Harry, to secure Perkins, but she kills Harry and escapes. At the church, John destroys Viggo's cache of cash and extensive blackmail material. When Viggo arrives to assess the damage, John assaults him and his men but is hit by Kirill's car and captured. John tells Viggo he will not stop until Iosef is dead because the puppy gave him hope and a chance to not be alone in his grief for Helen. Marcus again intervenes to save John, who kills Kirill and threatens Viggo into revealing Iosef's location in a safe house. John attacks the safehouse and kills Iosef. Marcus encourages John to return to his everyday life. Perkins witnesses this and reveals Marcus's duplicity to Viggo, who has him tortured and killed. Viggo calls John to taunt him with the details, drawing him back to the city. Winston has Perkins executed for breaking the Continental's rules, then informs John that Viggo is preparing to leave the city by helicopter. John races to New York Harbor, where he fights and mortally wounds Viggo. John, resigned to dying from his injuries, watches a video on his phone of Helen telling him they need to go home. He breaks into a nearby animal clinic, treats his wounds, and adopts a pit bull puppy scheduled to be euthanized before beginning to walk home."
807,Seven (1995 film),ok,"In a city overcome with violent crime and corruption, disillusioned police Detective Lieutenant William Somerset is one week from retirement. He is partnered with David Mills, a young, short-tempered, idealistic detective who recently relocated to the city with his wife, Tracy. On Monday, Somerset and Mills investigate an obese man who was forced to eat until his stomach burst, killing him. The detectives find the word ""gluttony"" written on a wall. Somerset, considering the case too extreme for his last investigation, asks to be reassigned, but his request is denied. The following day, another victim, who had been forced to cut a pound of flesh from his body, is found; the crime scene is marked ""greed"". Clues at the scene lead Somerset and Mills to the sloth victim, a drug-dealing pederast whom they find emaciated and restrained to a bed. Photographs reveal the victim was restrained for precisely one year. Somerset surmises the murders are based on the Christian concept of the seven deadly sins. Tracy invites Somerset to share supper with her and Mills, helping the detectives overcome their mutual hostility. On Friday, Tracy meets privately with Somerset because she has no other acquaintances in the city. She reveals her unhappiness at moving there, especially after learning she is pregnant, and believes the city is an unfit place to raise a child. Somerset sympathizes with Tracy, having persuaded his former girlfriend to abort their child for similar reasons and regretting it ever since. He advises Tracy to inform Mills of the pregnancy only if she intends to keep the child. A remark by Mills inspires Somerset to research libraries for anyone checking out books based on the seven deadly sins, leading the pair to the apartment of a man known only as John Doe. Unexpectedly, Doe returns home and is pursued by Mills. Doe incapacitates him by striking him with a tire iron and holds him at gunpoint, but chooses to leave him alive and flees. The police investigate the apartment, finding hundreds of notebooks and photographs of his victims; the cache includes images of Somerset and Mills by a person they believed was an intrusive journalist at the sloth crime scene. Doe calls the apartment and speaks of his admiration for Mills. On Saturday, Somerset and Mills investigate the fourth victim, lust, a prostitute who had been raped with a custom-made, bladed strap-on by a man held at gunpoint. The following day, the pride victim is found: a model whom Doe had facially disfigured. Unable to live without her beauty, she killed herself. As Somerset and Mills return to the police station, Doe arrives covered in blood and surrenders himself. He threatens to plead insanity at his trial, potentially escaping punishment, unless Mills and Somerset escort him to an undisclosed location where they will find the envy and wrath victims. During the drive, Doe says he believes God has chosen him to send a message about the ubiquity of sin and society's apathy towards it. He is without remorse, believing the murders will force society to pay attention to him. Doe leads the detectives to a remote location outside the city, where a delivery van approaches. Somerset intercepts the vehicle, whose driver was instructed to deliver a package to Mills at this specific time and location. He is horrified at the package's contents and tells Mills to put down his gun. Doe reveals he himself represents envy because he envied Mills's life with Tracy and implies the package contains her severed head. He urges Mills to become wrath, telling him Tracy begged for her life and that of her unborn child, and takes pleasure in realizing Mills was unaware of her pregnancy. Despite Somerset's pleas, Mills, distraught and enraged, shoots Doe dead, completing Doe's plan. Police remove the catatonic Mills, and Somerset tells his captain he will ""be around"". Somerset says in voiceover: ""Ernest Hemingway once wrote: 'The world is a fine place, and worth fighting for.' I agree with the second part."""
297761,Suicide Squad (2016 film),ok,"In the aftermath of Superman's death,[b] intelligence officer Amanda Waller convinces the U.S. government to greenlight Task Force X, a response team of criminals and supervillains. The team will be used to combat metahuman threats, under Waller's control via nanite bombs implanted in each criminal's neck, which can be remotely detonated if they try to rebel or escape. If successful, they will have their sentences shortened. Dr. June Moone, an American archaeologist, becomes possessed by a witch called Enchantress. Waller can control Enchantress by seizing her magical heart, which wounds her if it is struck. Waller's subordinate Colonel Rick Flag Jr. is in love with Moone, and is made a lead member of Task Force X. However, Enchantress betrays Waller, conquering Midway City, transforming humans into monsters, and summoning her brother Incubus to destroy mankind. Task Force X is formed to stop Enchantress, using six inmates from Belle Reve penitentiary. The roster consists of hitman Deadshot, who wants to reunite with his daughter Zoe; Harley Quinn, a volatile and crazed former psychiatrist-turned-girlfriend of Gotham crime lord the Joker; Australian boomerang-wielding thief Captain Boomerang; pyrokinetic ex-gangster El Diablo; mutant cannibal Killer Croc; and rope-climber mercenary Slipknot. The team is led by Flag and joined by his associate Katana, a Japanese swordswoman. Waller and Flag deliberately hide the latter's relationship with Moone from the team. Upon arrival in Midway City, the team's helicopter is shot down, forcing them to travel on foot. Boomerang convinces Slipknot to take off, thinking that the bombs are a ruse, but Flag kills Slipknot by activating the bombs when he tries to escape; satisfying Boomerang's curiosity of the bombs' legitimacy. Scaling a skyscraper and fighting their way through waves of heavily mutated soldiers under Enchantress' control, the team discover the mission target was Waller herself. As Waller and the squad await helicopter extraction, they are attacked by the Joker, who learned of Harley's predicament. With tech stolen from an A.R.G.U.S. laboratory, the Joker disables Harley's bomb, and helps her escape. Waller shoots down the Joker's helicopter, though Harley survives and rejoins the squad, believing the Joker is dead. Enchantress captures Waller to regain her heart. Deadshot finds Waller's top-secret files and discovers Flag's relationship with Moone. The team abandon Flag, sharing a drink in an abandoned bar, where El Diablo reveals his powers and criminal lifestyle led to the deaths of his family. Flag relieves the squad of their mission, but realizing they have the opportunity to prove themselves, the group set out to save the city. The squad attack Enchantress, while Killer Croc and Flag's platoon of Navy SEALs plant a bomb beneath the subway to kill Incubus. El Diablo embraces his pyrokinesis, sacrificing himself to maneuver and keep Incubus in the right spot. Enchantress invites the squad to join her, and Harley pretends to be tempted to get close enough to cut out Enchantress's heart. Flag crushes her heart, killing her and releasing Moone. Waller deducts ten years off each squad member's sentence and fulfill their requests (except for Boomerang, who is instead detained). The Joker, who is still alive, breaks into Belle Reve and rescues Harley. In a mid-credits scene, Waller meets with Bruce Wayne, who agrees to protect her from the legal consequences of the events in Midway City in exchange for government files on the growing metahuman community. He reveals his plans to contact the heroes in the file, including the Flash and Aquaman, in order to build his own superhero team.[c][d] She advises him to stop working late nights, implying she knows Bruce is Batman. In response, he tells Waller to shut down Task Force X or he and his ""friends"" will do it for her."
102899,Ant-Man (film),ok,"In 1989, scientist Hank Pym resigns from S.H.I.E.L.D. after discovering their attempt to replicate his Ant-Man shrinking technology. Believing the technology would be dangerous if replicated, Pym vows to hide it for as long as he lives. In the present day,[a] Pym's estranged daughter, Hope van Dyne, and former protégé, Darren Cross, have forced him out of his company, Pym Technologies. Cross is close to perfecting a shrinking suit of his own, the Yellowjacket, which horrifies Pym. Upon his release from prison, well-meaning thief Scott Lang moves in with his old cellmate, Luis. Lang visits his daughter Cassie unannounced and is chastised by his former wife Maggie and her police-detective fiancé, Paxton, for not providing child support. Unable to hold down a job because of his criminal record, Lang agrees to join Luis's crew and commit a burglary. Lang breaks into a house and cracks its safe, but only finds what he believes to be an old motorcycle suit, which he takes home. After trying the suit on, Lang accidentally shrinks himself to the size of an insect. Terrified by the experience, he returns the suit to the house but is arrested on the way out. Pym, the homeowner, visits Lang in jail and smuggles the suit into his cell to help him break out. Pym, who manipulated Lang through an unknowing Luis into stealing the suit as a test, wants Lang to become the new Ant-Man to steal the Yellowjacket from Cross. Having been spying on Cross after discovering his intentions, Hope and Pym train Lang to fight and to control ants. While Hope harbors resentment towards Pym about her mother Janet's death, he reveals that Janet, known as the Wasp, disappeared into a subatomic Quantum Realm while disabling a Soviet nuclear missile in 1987. Pym warns Lang that he could suffer a similar fate if he overrides his suit's regulator. They send him to steal a device from the Avengers' headquarters that will aid their heist, where he briefly fights Sam Wilson. Cross perfects the Yellowjacket and hosts an unveiling ceremony at Pym Technologies' headquarters. Lang, along with his crew and a swarm of flying ants, infiltrates the building during the event, sabotages the company's servers, and plants explosives. When he attempts to steal the Yellowjacket, he, along with Pym and Hope, is captured by Cross, who intends to sell both the Yellowjacket and Ant-Man suits to Hydra. Lang breaks free and he and Hope dispatch most of the Hydra agents, though one flees with a vial of Cross's particles and Pym is shot. Lang pursues Cross, while the explosives detonate, imploding the building as Pym and Hope escape. Cross dons the Yellowjacket and attacks Lang. During the fight, Lang is arrested by Paxton, and Cross takes Cassie hostage to lure them back. Lang overrides the regulator and shrinks to subatomic size to penetrate Cross's suit and sabotage it to shrink uncontrollably, seemingly killing Cross. Lang disappears into the Quantum Realm but manages to reverse the effects and returns to the macroscopic world. Out of gratitude for Lang's heroism, Paxton covers for Lang to keep him out of prison. Seeing that Lang survived and returned from the Quantum Realm, Pym wonders if his wife is also alive. Later, Lang meets up with Luis, who tells him that Wilson is looking for him. In a mid-credits scene, Pym shows Hope a new Wasp prototype suit and offers it to her. In a post-credits scene, Steve Rogers and Wilson have Bucky Barnes in their custody. Unable to contact Tony Stark because of ""the accords"",[b] Wilson mentions that he knows someone who can help."
49026,The Dark Knight Rises,ok,"Bane, a former member of the League of Shadows, leads an attack on a CIA plane over Uzbekistan to abduct nuclear physicist Dr. Leonid Pavel. Meanwhile, eight years after the death of Gotham City district attorney Harvey Dent and the arrest of the Joker,[b] organized crime has been eradicated in Gotham by the Dent Act, legislation that gives expanded powers to the police. Police commissioner James Gordon has kept Dent's killing spree a secret and allowed the blame for his crimes to fall on Batman. Bruce Wayne, still mourning the death of Rachel Dawes, has become a recluse. Bane conspires to help Wayne Enterprises board member John Daggett take over the company. Cat burglar Selina Kyle steals Bruce's fingerprints from Wayne Manor for Daggett, but he double-crosses her, and she alerts the police. Bane's henchmen capture Gordon in the sewers but he escapes and is found by steadfast Gotham City police officer John Blake, an orphan who has deduced Bruce's secret identity. Blake persuades Bruce to resume his vigilantism. Bane attacks the Gotham Stock Exchange and uses Bruce's fingerprints to verify fraudulent transactions, leaving Bruce ousted from his company and bankrupt. Fearing Bruce will purposely get himself killed fighting Bane, his butler, Alfred Pennyworth, reveals to him that Rachel was going to marry Dent,[b] and thus, Bruce should let her go. When Bruce does not give up, Alfred resigns and leaves Wayne Manor. Batman encounters Selina, and both narrowly escape Bane's henchmen. Bane kills Daggett to pursue his own goals while Bruce and Wayne Enterprises's new CEO, Miranda Tate, become lovers. Selina agrees to take Batman to Bane, but instead leads him into a trap under Wayne Tower. Bane, aware of Batman's identity, gloats that he intends to fulfill Ra's al Ghul's mission to destroy Gotham City before brutally crippling Batman in combat. He takes Bruce to an ancient underground prison in the Middle East, where Bruce learns that Ra's al Ghul's wife[c] was sent there while pregnant with his child. The child was born and raised there, but had a protector who helped them escape. Back in Gotham, Bane detonates explosives, trapping the police forces in the sewers, destroying all but one bridge surrounding the city, and killing Gotham's mayor. He forces Pavel to convert the fusion reactor core owned by Wayne Enterprises into a decaying neutron bomb before publicly executing him. Effectively taking over Gotham, he exposes Dent's crimes to the world, and releases the prisoners of Blackgate Penitentiary. Bane also has Gotham's elite exiled and killed in proletarian kangaroo courts presided over by Jonathan Crane.[d] Five months later, Bruce, now healed, escapes the prison. As Batman, he returns to Gotham and frees the police to battle Bane's army together. During the battle, Tate stabs Batman, revealing herself as Ra's al Ghul's daughter, Talia. Bane is her decoy and guardian who had helped her escape the pit, becoming mauled in the process. Talia activates the bomb, but it fails due to Gordon blocking the signal. Selina kills Bane and helps Batman pursue Talia, hoping to return the bomb to the reactor chamber, where it can be stabilized. Talia's truck crashes, but she remotely floods and destroys the reactor chamber before dying. With no way to stop the detonation, Batman reveals his identity to Gordon, and uses his aerial craft, the Bat, to haul the bomb over the bay, where it safely explodes. In the aftermath, Batman is presumed dead and honored as a hero. Since Bruce is also presumed dead, Wayne Manor becomes an orphanage, and Bruce's estate is left to Alfred. Gordon finds the Bat-Signal repaired, while Lucius Fox discovers that Bruce had fixed the Bat's malfunctioning autopilot, implying that he escaped the Bat before the detonation. In Florence, drinking a Fernet Branca, Alfred discovers that Bruce is alive and in a relationship with Selina, and they acknowledge each other with a smile. A disillusioned Blake, whose legal first name is revealed as Robin, resigns from the GCPD, and receives a package leading him to the Batcave."
12445,Harry Potter and the Deathly Hallows – Part 2,ok,"After burying Dobby, Harry Potter asks the goblin Griphook to help him, Ron Weasley, and Hermione Granger break into Bellatrix Lestrange's vault at Gringotts bank, suspecting a Horcrux is there. Griphook agrees, in exchange for the Sword of Gryffindor. Wandmaker Ollivander tells Harry that two wands taken from Malfoy Manor[a] belonged to Bellatrix and Draco Malfoy; he senses Draco's wand has changed its allegiance to Harry when he took it from Draco. A horcrux, Helga Hufflepuff's cup, is found in Bellatrix's vault, but Griphook snatches the sword and abandons them. Trapped by security, they release the dragon guardian and flee Gringotts on its back. Harry has a vision of Lord Voldemort at Gringotts, furious at the theft. Harry also realises a Horcrux connected to Rowena Ravenclaw is hidden at Hogwarts. The trio apparate into Hogsmeade and Albus Dumbledore's brother Aberforth helps them, revealing that he was the one who sent Dobby to Malfoy Manor. He reveals a secret passageway into Hogwarts's Room of Requirement and summons Neville Longbottom to lead them back into the school. As Severus Snape threatens the school staff and students, Harry reveals himself. Professor McGonagall duels Snape and forces him to flee before rousing Hogwarts for battle. Luna Lovegood advises Harry to consult Helena Ravenclaw's ghost, who reveals that Voldemort used dark magic on her mother's diadem before hiding it in the Room of Requirement. In the Chamber of Secrets, Ron and Hermione destroy the Horcrux cup with a Basilisk fang. Draco, Blaise Zabini, and Goyle attack Harry, but Ron and Hermione intervene. Goyle casts a Fiendfyre curse that kills him, while Harry, Ron, and Hermione rescue Draco and Zabini and escape. Harry stabs the diadem with the Basilisk fang, and Ron kicks it into the fire. As Voldemort's army attacks, Harry realises Voldemort's snake Nagini is the final Horcrux. The trio overhears Voldemort telling Snape the Elder Wand cannot serve him until Snape dies, as he killed Dumbledore, the wand's previous master. Nagini mortally wounds Snape. As he dies, he gives Harry one of his memories. Many members of the Order, students, and staff, including Fred Weasley, Remus Lupin, and Nymphadora Tonks, are killed in battle. Harry views Snape's memory in the Pensieve: Snape and Harry's mother Lily were childhood friends; he was also in love with her, but she fell for Harry's father James, whom Snape despised for his arrogance and for bullying him. Harry also learns Snape attempted to protect Lily by pleading with Dumbledore to hide the Potters. Following her death, Snape worked with Dumbledore as a double agent among the Death Eaters, including agreeing to kill him. Harry sees Snape conjure the Patronus doe that led Harry to Gryffindor's sword. Harry also learns that he inadvertently became a Horcrux when Voldemort's curse originally failed to kill him; Voldemort must now kill Harry to destroy the soul shard within him. Using the Resurrection Stone that had been stored in the Golden Snitch bequeathed to him, Harry sees the spirits of his parents, Sirius Black, and Remus. They comfort him before he returns to Voldemort in the Forbidden Forest. Voldemort casts the Killing Curse upon Harry, who awakens in limbo. Dumbledore's spirit meets him and explains that Harry is now free of the link to Voldemort and can choose to return to his body or move on. Voldemort returns with Harry's apparently dead body and demands Hogwarts surrender. As Neville takes the Sword of Gryffindor from the Sorting Hat, Harry reveals he is alive, and the Malfoys abandon Voldemort along with many other Death Eaters. Molly Weasley kills Bellatrix in the Great Hall, and Neville beheads Nagini, destroying the last Horcrux. Harry defeats Voldemort when his Expelliarmus deflects Voldemort's Killing Curse back at him. After the battle, Harry explains to Ron and Hermione that Voldemort never commanded the Elder Wand; it recognised him as its true master after disarming Draco, who had disarmed Dumbledore before he was killed by Snape. Instead of claiming the Elder Wand, Harry chooses to destroy it. Nineteen years later, Harry, Ginny Weasley, Ron, Hermione, and Draco watch as their children depart on the train at King's Cross for Hogwarts."
671,Harry Potter and the Philosopher's Stone (film),ok,"Orphaned as a baby, Harry Potter is entrusted to his only living relatives, the Dursley family that is not related to the wizarding world, by Professor Albus Dumbledore, Professor Minerva McGonagall, and key keeper Rubeus Hagrid from Hogwarts School of Witchcraft and Wizardry. Due to their hatred of the wizarding world, the Dursleys keep Harry unaware of magic until his eleventh birthday approaches, when their home is flooded with letters addressed to Harry, informing him he has been accepted to study magic at Hogwarts. As the Dursleys intercept the letters, Hagrid is sent to fetch Harry. Harry subsequently purchases school supplies with Hagrid at Diagon Alley, where he learns he is celebrated for surviving the dark wizard Lord Voldemort, who seemingly perished after murdering Harry's parents for working against him and left him with only a lightning bolt-shaped scar. Harry journeys to Hogwarts aboard the Hogwarts Express, where he meets Ron Weasley and Hermione Granger. Upon arrival, the first-year students are sorted into four houses: Harry, Ron, and Hermione join Gryffindor, while the haughty Draco Malfoy goes to Slytherin, known for producing dark wizards. As they begin learning about magic and exploring Hogwarts, the three accidentally wander onto a forbidden corridor on the third floor, guarded by a giant three-headed dog named Fluffy; they subsequently question what it could be guarding. They also question how one would acquire a three-headed dog. While Harry and Ron become friends, Hermione's studious ways ostracise her from the other students. On Halloween, Ron insults her and she retreats to the girls' toilets at the same time a mountain troll is found loose in the school. Harry and Ron rescue her from the troll and, when the teachers find them, Hermione takes the blame by saying she went looking for the troll, affirming the three's friendship; at the same time, Harry notices that the potions professor, Severus Snape, has sustained an injury. At his first flying lesson, Harry displays such impressive flying skills that McGonagall makes him Seeker for the Gryffindor Quidditch team; during his first match, Ron and Hermione act when they see Snape appearing to jinx Harry's broomstick. Snape's actions lead Harry to suspect him of trying to get into the third-floor corridor, which Hagrid dismisses, unintentionally revealing Fluffy is guarding something known only to Dumbledore and Nicholas Flamel. Harry and Ron spend Christmas together at Hogwarts, where Harry receives a Cloak of Invisibility and discovers the Mirror of Erised, which displays one's deepest desire. When Hermione returns, she informs the boys that Nicholas Flamel is the creator of the Philosopher's Stone, which can grant users immortality, and determines that this is what is being kept on the third floor. When Harry later encounters someone in the forest surrounding the school feeding on a unicorn, which the centaur Firenze informs him can keep a person alive, Harry deduces that it was Voldemort and that Snape wants to use the Philosopher's Stone to revive him. When Dumbledore is summoned to London, the three suspect Snape will attempt to steal the stone and decide to stop him. They believed that he would use the stone to make sure that Voldemort would live forever as long as he had the stone. Sneaking onto the third floor, they get past Fluffy and face further defences of a strangling plant, flying keys, and a giant, enchanted chessboard, which leaves Ron incapacitated. Hermione tends to him, leaving Harry alone to confront the intruder, which turns out to be timid Professor Quirrell, whom Snape had been investigating all year while protecting Harry. Harry is granted the Stone by the final defence, the Mirror of Erised, by virtue of not desiring it. Quirrell reveals Voldemort's weakened form on the back of his head, and they attempt to persuade Harry to hand it over. When Harry refuses, Voldemort orders Quirrell to kill him, but Harry's touch incinerates Quirrell's body, from which Voldemort's soul escapes. Harry wakes up in the hospital wing, where Dumbledore explains that the Stone has been destroyed, and that Harry has twice overcome Voldemort owing to his mother's sacrifice, which repels harmful magic through him. As the school year ends, Harry, Ron, Hermione, and Neville Longbottom earn house points for their heroism, enabling Gryffindor to win the House Cup despite Slytherin's lead. As the summer nears, Harry is happy to have found a real home at Hogwarts."
284053,Thor: Ragnarok,ok,"Two years after the Battle of Sokovia,[a] Thor is imprisoned by the fire demon Surtur, who reveals that Thor's father Odin is no longer on Asgard. He explains that Asgard will soon be destroyed during the prophesied apocalypse Ragnarök, once Surtur unites his crown with the Eternal Flame that burns in Odin's vault. Thor frees himself, defeats Surtur, and takes his crown, believing he has prevented Ragnarök. Thor returns to Asgard to find Heimdall gone and his estranged brother Loki posing as Odin. He forces Loki to help find their father, who Loki put a spell on after his presumed sacrifice years before. With directions from Stephen Strange, they find Odin in Norway. Odin explains that he is dying, Ragnarök is imminent despite Thor's efforts, and his death will free his firstborn child, Hela, from Hel, a prison she was sealed in long ago. Hela, a sibling Thor and Loki did not know existed, was the leader of Asgard's armies and conquered the Nine Realms with Odin, but he imprisoned her and wrote her out of history after she became too bloodthirsty and did not share his views on peace. Odin dies, and Hela appears after being freed from her prison. She destroys Thor's hammer Mjolnir, and pursues the two as they attempt to flee through the Bifröst Bridge, knocking them out into space. Arriving in Asgard, Hela defeats its army, slays the Warriors Three, and resurrects the ancient dead who once fought with her, including her giant wolf Fenris. She appoints the Asgardian Skurge as her executioner. Hela plans to use the Bifröst to expand Asgard's empire, but Heimdall takes the sword that controls the Bifröst. Meanwhile, Thor crash-lands on Sakaar, a garbage planet surrounded by wormholes. A slave trader designated Scrapper 142 subdues him with an obedience disk and sells him as a gladiator to Sakaar's ruler, the Grandmaster, with whom Loki has already ingratiated himself. Thor recognizes 142 as a Valkyrie, one of a legendary force of female warriors who were killed fighting Hela eons ago. Thor is forced to compete in the Grandmaster's Contest of Champions, facing his friend Hulk. Summoning lightning, Thor gets the upper hand, but the Grandmaster sabotages the fight to ensure Hulk's victory. Still enslaved after the fight, Thor attempts to convince Hulk and 142 to help him save Asgard, but neither is willing. Thor finds the Quinjet that brought Hulk to Sakaar. Hulk inadvertently destroys the Quinjet, but a recording of Natasha Romanoff causes Hulk to transform back into Bruce Banner for the first time since leaving Sokovia. 142 decides to help Thor save Asgard. Loki helps them steal one of the Grandmaster's ships. They liberate the other gladiators who, incited by two aliens named Korg and Miek, stage a revolution. Loki again attempts to betray his brother, but Thor anticipates this and incapacitates him. Thor, Banner, and 142 escape through a wormhole to Asgard, where Hela's forces attack Heimdall and the Asgardian citizens. Hulk defeats Fenris; Loki and the gladiators arrive to help, and a repentant Skurge sacrifices himself to save the citizens. Thor, battling Hela, loses his right eye and has a vision of Odin that helps him realize only Ragnarök can stop her, as she is too powerful. He sends Loki to trigger Ragnarök by placing Surtur's crown in the Eternal Flame. Surtur is reborn and destroys Asgard, killing Hela. Aboard the Grandmaster's spaceship, the Statesman, Thor, now king, reconciles with Loki and decides to take his people to Earth. In a mid-credits scene, they are intercepted by a large spacecraft.[b] In a post-credits scene, the overthrown Grandmaster is confronted by his former subjects."
11,Star Wars (film),ok,"In a period of galactic civil war, Rebel Alliance spies have stolen blueprints  to the Death Star, a colossal space station built by the Galactic Empire that is capable of destroying entire planets. Princess Leia Organa of Alderaan, secretly a rebel leader, has obtained the schematics, but her ship is intercepted and boarded by Imperial forces under the command of Darth Vader. Leia is taken prisoner, but the droids R2-D2 and C-3PO escape with the plans, crash-landing on the nearby desert planet of Tatooine. Darth Vader orders his troops to pursue the droids. The droids are captured by Jawa traders, who sell them to the moisture farmers Owen and Beru Lars and their nephew, Luke Skywalker. While Luke is cleaning R2-D2, he discovers a recording of Leia requesting help from a former ally named Obi-Wan Kenobi. R2-D2 goes missing, and while searching for him, Luke is attacked by Sand People. He is rescued by the elderly hermit Ben Kenobi, who soon reveals himself as Obi-Wan. He tells Luke about his past as one of the Jedi Knights, peacekeepers of the former Galactic Republic, who drew mystical abilities from the Force, an energy field that connects all living beings. He explains that the Jedi were all but exterminated by the Empire. Luke learns that his father, also a Jedi, fought alongside Obi-Wan during the Clone Wars until Vader, Obi-Wan's former pupil, turned to the dark side of the Force and murdered him. Obi-Wan gives Luke his father's lightsaber, the signature weapon of the Jedi. R2-D2 plays Leia's full message, in which she begs Obi-Wan to take the Death Star plans to Alderaan and give them to her father, a fellow veteran, for analysis. Luke initially declines Obi-Wan's offer to accompany him to Alderaan and learn the ways of the Force. However, he quickly changes his mind after Imperial stormtroopers murder his family and destroy his home while searching for the droids. Seeking a way off the planet, Luke and Obi-Wan travel with the droids to the city of Mos Eisley and hire the smuggler Han Solo and his Wookiee partner Chewbacca, pilots of the starship Millennium Falcon. On the way to Alderaan, Obi-Wan begins Luke's training in the use of the Force. Meanwhile, the Death Star, under the command of Grand Moff Tarkin, obliterates Alderaan with its superlaser.[5] It then captures the Falcon with a tractor beam, but Luke and his companions manage to avoid detection and infiltrate the station. Vader, however, senses Obi-Wan's presence, and begins searching for him. As Obi-Wan deactivates the tractor beam, Luke persuades Han and Chewbacca to help him rescue Leia, who is scheduled for execution after refusing to reveal the location of the rebel base. After disabling the tractor beam, Obi-Wan is killed by Darth Vader in a lightsaber duel, which allows the rest of the group to escape. Using a tracking device placed on the Falcon, the Empire locates the rebel base on the moon Yavin 4. Analysis of the Death Star schematics reveals a weakness in a small exhaust port leading directly to the station's reactor. Luke joins the Rebellion's X-wing squadron in a desperate attack against the Death Star, while Han and Chewbacca leave to pay off a debt to the crime lord Jabba the Hutt. In the ensuing battle, Vader leads a squadron of TIE fighters and destroys several rebel ships, while Tarkin prepares to destroy Yavin 4 with the Death Star. Han and Chewbacca unexpectedly return in the Falcon, knocking Vader's ship off course before he can shoot Luke down. Guided by the voice of Obi-Wan's spirit, Luke uses the Force to aim his torpedoes into the exhaust port, causing the Death Star to explode moments before it can fire on the rebel base. In a triumphant ceremony, Leia awards Luke and Han medals for their heroism."
76341,Mad Max: Fury Road,ok,"Max Rockatansky is captured by hydraulic despot cult leader Immortan Joe's War Boys and taken to his fortress called the Citadel. Max, a universal donor, is forced to transfuse his blood to Nux, a sick War Boy.[11] Meanwhile, Joe sends his lieutenant Imperator Furiosa in the armoured ""War Rig"" to trade produce and water for petrol and ammunition with two of his allies, the Bullet Farmer and the People Eater. When Joe realises his five ""wives"" are fleeing in the Rig, he leads his entire army in pursuit, calling on his allies to help. Nux joins the pursuit with Max strapped to his car, and a chasing battle ensues. After entering enemy territory and fending off a rival gang, Furiosa drives into a dust choked supercell and loses all of her pursuers except Nux, who attempts to sacrifice himself to blow up the Rig. Max frees himself and restrains Nux, and Furiosa destroys Nux's car. After the sandstorm, Max catches Furiosa repairing the Rig, accompanied by Joe's ""wives"": Toast, Capable, Cheedo, the Dag, and Angharad, the latter two being pregnant with Joe's children. Max fights and subdues Furiosa, but her engine kill switch prevents him from stealing the Rig. Max begrudgingly agrees to help Furiosa's group escape Joe's wrath. Nux sneaks onto the Rig and attempts to kill Furiosa, but the women overpower him and throw Nux out. Nux rejoins Joe's army when it catches up. Furiosa drives through a canyon controlled by a biker gang, having prearranged to trade petrol for safe passage. The bikers betray her when they spot Joe's army approaching, forcing her to flee. The bikers detonate the canyon walls to block Joe and pursue the Rig as Max and Furiosa fend them off. Joe drives over the blockade in a monster truck and catches up with the Rig. He sends Nux to carjack the Rig, but Nux stumbles and drops his weapon, to Joe's disgust. While helping Max, Angharad falls off the Rig, and Joe fatally runs her over. Capable finds Nux hiding in the Rig and consoles him. At night, Furiosa and Max drive through a swamp and get stuck in the mud. They slow Joe's forces with landmines, but the Bullet Farmer continues the pursuit in his ATV. Furiosa and Max work together to blind the Bullet Farmer and disable his ATV. Moved by Capable's compassion, Nux joins the group and helps get the Rig moving again. In the morning, Furiosa tells Max that her group is escaping to a ""Green Place"", the bountiful land where she grew up before being kidnapped and brought to the Citadel. She spots a Green Place watchtower and identifies herself to the woman at top who summons their matriarchal clan called the Vuvalini. The Vuvalini recognise Furiosa as one of their own but inform a devastated Furiosa that the Green Place was the now-uninhabitable swamp from the previous night and that only seven Vuvalini are left. The group decides to ride across an immense salt flat, hoping to find a new home on the other side. Max goes his own way. After seeing a vision of the child he was unable to save,[a] Max catches up with the group and convinces them to return to the Citadel since they do not know what lies beyond the salt flat, but do know that the now-undefended Citadel has ample water and crops. Joe intercepts them, and in the ensuing battle, five Vuvalini are killed, Toast is captured, and Furiosa is severely wounded. Joe overtakes the Rig as they approach the canyon. While Max fights Joe's son and enforcer Rictus, Furiosa boards Joe's truck to rescue Toast, who distracts Joe, allowing Furiosa to kill him. The remnants of the group drive Joe's truck back to the Citadel, while Nux sacrifices himself by wrecking the Rig to block the canyon behind them, killing Rictus. Max transfuses his blood to Furiosa, saving her life. Back at the Citadel, the people rejoice upon learning of Joe's death. As Max's companions are lifted to Joe's cliffside fortress, Max and Furiosa glance at each other before Max disappears into the crowd."
315635,Spider-Man: Homecoming,ok,"Following the Battle of New York in 2012,[a] Adrian Toomes and his salvage company are contracted to clean up the city, but their operation is taken over by the Department of Damage Control (DODC), a partnership between Tony Stark and the U.S. government. Enraged at being driven out of business, Toomes persuades his employees to keep the Chitauri technology they have already scavenged and use it to create and sell advanced weapons, including a flying Vulture suit Toomes uses to steal Chitauri power cells. Eight years later,[b] after being drafted into the Avengers by Stark to help with an internal dispute in Germany,[c] teenager Peter Parker resumes his studies at the Midtown School of Science and Technology when Stark tells him he is not ready to become a full-time Avenger. Peter quits his school's academic decathlon team to spend more time focusing on his crime-fighting activities as Spider-Man. His best friend, Ned, eventually discovers his secret identity. Peter comes across Toomes's associates Jackson Brice / Shocker and Herman Schultz selling weapons to local criminal Aaron Davis. Peter saves Davis before being caught by Toomes in the Vulture suit and dropped into a lake. He nearly drowns but is rescued by Stark, who warns him against further involvement with the criminals. Meanwhile, Toomes accidentally kills Brice with one of their weapons and Schultz becomes the new Shocker. Peter and Ned study a weapon Brice left behind, and remove its power core. When a tracking device on Schultz indicates he is traveling to Maryland, Peter rejoins the decathlon team and accompanies them to Washington, D.C. for a national tournament. Ned and Peter disable a tracking device Stark implanted in the Spider-Man suit, and unlock its advanced features. Peter tries to stop Toomes from stealing weapons from a DODC truck but is trapped inside, causing him to miss the decathlon tournament. When he discovers that the power core is an unstable Chitauri grenade, he races to the Washington Monument, where the core is activated and explodes, trapping a group of Peter's decathlon teammates in an elevator. Peter breaks inside and saves everyone, including his crush Liz. Days later, Peter captures Toomes's new buyer Mac Gargan aboard the Staten Island Ferry, but Toomes escapes while a malfunctioning weapon tears the ferry in half. Stark arrives and helps Peter save the passengers, but confiscates Peter's suit as punishment for his recklessness. Peter returns to his high school life and asks Liz to the homecoming dance. On the night of the dance, Peter discovers that Toomes is Liz's father, and Toomes deduces that Peter is Spider-Man. After Toomes threatens him, Peter realizes Toomes is planning to hijack a DODC plane transporting weapons from Avengers Tower to the team's new headquarters in Upstate New York. Peter leaves the dance and dons his old homemade Spider-Man suit. He is ambushed by Schultz, but defeats him with Ned's help. Peter races to Toomes's compound, where Toomes attacks him and leaves him to die under a pile of rubble. Peter finds the strength to escape and intercepts the plane, steering it to crash on the beach at Coney Island. He and Toomes fight, with Peter eventually saving Toomes's life after the damaged Vulture suit explodes. Peter leaves Toomes for the police. Following Toomes's arrest, Liz moves away and Peter declines an invitation from Stark to join the Avengers full time. Back in his bedroom, Peter puts on the Spider-Man suit that Stark returned to him, just before his aunt May walks in. In a mid-credits scene, an incarcerated Gargan approaches Toomes in prison. He says he heard that Toomes knows Spider-Man's real identity, but Toomes denies this."
672,Harry Potter and the Chamber of Secrets (film),ok,"While Harry Potter spends the summer with the Dursleys, a house-elf named Dobby warns Harry of an ""impending danger"" at Hogwarts. He attempts to prevent him returning to Hogwarts by sabotaging an important dinner with Vernon Dursley's client. Vernon tries to prevent his departure in retaliation, but his friend Ron Weasley and his brothers Fred and George rescue him in their father's flying car. Harry meets up with Hermione Granger in Diagon Alley, where they meet Hogwarts' new Defence Against the Dark Arts teacher, Gilderoy Lockhart, along with Draco Malfoy and his father, Lucius, who Harry sees slip a book into Ginny Weasley's cauldron. After being blocked from entering Platform Nine and Three-Quarters at King's Cross railway station, Harry and Ron fly the car to Hogwarts, where they crash into the Whomping Willow. Ron's wand is broken, and they each receive detention, during which Harry hears a strange voice and subsequently finds caretaker Argus Filch's cat, Mrs Norris, petrified with a message written in blood: ""The Chamber of Secrets has been opened, enemies of the heir... beware."" One of Hogwarts' founders, Salazar Slytherin, supposedly constructed a secret Chamber containing a monster that only his heir can control, capable of purging the school of Muggle-borns. Suspecting Malfoy to be the heir, Harry, Ron, and Hermione plan to question him. Harry's arm is broken by a rogue Bludger in a Quidditch match; while recovering, Dobby visits him and reveals he closed the barrier and made the rogue Bludger to force him to leave the school, in addition to the Chamber having been opened in the past. After students are found petrified, Harry is suspected of being the heir of Slytherin after communicating with a snake, an ability shared with Slytherin. Disguised as Crabbe and Goyle, using polyjuice potion, which they brew in a bathroom haunted by the ghost of Moaning Myrtle, Harry and Ron learn Malfoy is not the heir, but that a Muggle-born girl died when the Chamber was last opened 50 years ago. Harry finds an enchanted diary owned by a former student Tom Marvolo Riddle, who blames a young Rubeus Hagrid for opening the Chamber, leading to his expulsion. When Hermione is petrified, Harry and Ron question Hagrid, who is taken to Azkaban by Minister of Magic Cornelius Fudge, while Lucius forces the school governors to remove Dumbledore from office. Hagrid discreetly tells the boys to ""follow the spiders""; they venture into the Forbidden Forest and meet Hagrid's spider, Aragog, who reveals Hagrid's innocence and provides another clue to the Chamber's monster. A book page the boys find in Hermione's hand identifies the monster as a basilisk, a giant serpent that kills people who make direct eye contact; the petrified victims only saw it indirectly. Ginny is taken into the Chamber, and the teachers nominate Lockhart to save her; Harry and Ron find Lockhart preparing to flee and realize he is a fraud. Deducing that Myrtle was the Muggle-born girl that the basilisk killed, they find the Chamber's entrance in the bathroom she haunts. Once inside, Lockhart tries to erase Harry and Ron's memories and take the credit, but his spell backfires when he uses Ron's broken wand, erasing his own memory and causing a cave-in, separating Harry from Ron and Lockhart. Harry enters the Chamber alone and finds Ginny unconscious and Riddle, Slytherin's heir and Voldemort's younger self, who reveals he used the diary to manipulate Ginny into reopening the Chamber. Harry expresses his loyalty to Dumbledore, whose pet phoenix Fawkes arrives with the Sorting Hat. Riddle summons the basilisk, who Fawkes blinds, and the Sorting Hat produces the Sword of Gryffindor, which Harry uses to kill the basilisk after a battle, but is poisoned by one of its fangs. Despite being injured, Harry stabs the diary with the basilisk fang, destroying Riddle and reviving Ginny. Harry is healed by Fawkes' tears and returns to Hogwarts with his friends and a baffled Lockhart. Harry learns that Dobby's master is Lucius, whom he accuses of planting the diary in Ginny's cauldron, and tricks him into freeing Dobby. Dumbledore is reinstated as headmaster, the basilisk's victims are healed, Hermione reunites with her friends, and Hagrid is released from Azkaban."
12,Finding Nemo,ok,"Marlin and Coral, a clownfish couple who are waiting for their eggs to hatch, live on the edge of the Great Barrier Reef. After a barracuda knocks Marlin unconscious, Marlin awakens to find Coral and all but one of the eggs gone. Marlin names the surviving child Nemo and vows to keep him safe. Years later, Marlin and Nemo live in a secluded sea anemone. Nemo is eager to start school and explore the outside world; however Marlin remains anxious and hyperprotective of his son. While dropping Nemo off at school, Marlin warns the teacher of Nemo's deformed pelvic fin. After discovering Nemo's class will be visiting the ""drop-off"", where the reef meets the open sea, Marlin panics and tries to withdraw Nemo from school. Nemo defiantly swims to a nearby speedboat to prove his independence and is captured by a pair of scuba divers. Marlin frantically races after the boat, disappearing into the horizon. He meets Dory, a blue tang with short-term memory loss who offers to help him locate his son. The pair encounter Bruce, a great white shark who is part of a support group of sharks trying to abstain from eating fish. At the meeting, Marlin finds a diver's mask from the boat with an address written on it. When Marlin accidentally injures Dory, Bruce smells her blood and relapses into a rampage that sets off old naval mines. As they escape, Dory recalls that she can read the address. Meanwhile, Nemo is placed in a fish tank in dentist Philip Sherman's office in Sydney. He meets the ""Tank Gang"", led by Gill, a scarred Moorish idol and consisting of Peach the Sea Star, Deb the striped damselfish, Gurgle the royal gramma, Bloat the pufferfish, Bubbles the yellow tang, and Jacques the cleaner shrimp. They inform him that Sherman plans to gift Nemo to his hyperactive niece, Darla, who has an infamous history of killing her pet fish. To prevent this, Gill hatches an escape plan: Nemo, the smallest of the gang, will clog the tank's filter, forcing Sherman to clean it and bag the fish. Then, they can roll their bags out of the window and into the harbour. Nemo attempts the plan but is nearly killed by the filter's machinery in the process, causing Gill to feel deeply regretful. Dory accidentally drops the mask into an abyss and encourages Marlin to help her search for it. They find the mask but are attacked by an anglerfish. Dory exploits the anglerfish's light to read the address while Marlin traps the anglerfish with the mask. Their victory boosts Marlin's confidence and helps Dory remember the address. Marlin tries to continue his search without Dory until she convinces a school of moonfish to give them directions to the East Australian Current. On their way, Marlin and Dory become trapped in a forest of jellyfish. While trying to escape, they are both stung and fall unconscious. Marlin and Dory awaken in the East Australian Current with a large group of sea turtles, including Crush and his son, Squirt. Crush teaches Marlin to relax and be less worried about Nemo. News of Marlin's journey spreads across the ocean and reaches Nigel, a pelican who regularly converses with the Tank Gang. Nigel informs Nemo of Marlin's efforts; inspired, Nemo successfully clogs the filter and the tank quickly becomes covered in green algae. However, this plan is foiled due to the dentist cleaning the tank  while the fish sleep and installing a newer filtration system. After leaving the current, Marlin and Dory become lost and are consumed by a blue whale. Marlin fears the worst, but Dory urges him to trust the whale, which safely expels them through its blowhole into Sydney Harbour. Nigel rescues Marlin and Dory from a flock of seagulls and delivers them to Sherman's office, where they see Nemo playing dead to fake out Darla. Sherman forces Nigel out and Gill helps Nemo escape down the sink drain and into the harbour. Believing Nemo is genuinely dead, Marlin says goodbye to Dory and leaves, but Dory soon finds Nemo and reunites them. A fishing trawler captures Dory and a school of groupers. Nemo persuades Marlin to let him swim into the net and lead the groupers down; the fish in turn break the trawler, freeing Dory. Marlin praises Nemo's bravery and tells him about his own journey. Weeks later, Marlin drops Nemo off at school, and Dory arrives shortly afterward. Nemo and Marlin share a warm hug before Marlin waves goodbye to Nemo and tells him to ""go have an adventure"". In a mid-credits scene, Gill and the Tank Gang manage to finally escape the tank after breaking the new filtration system. After they fall into the harbour, still in their bags, Bloat asks what they should do next."
286217,The Martian (film),ok,"In 2035, the crew of the Ares III mission to Mars is exploring Acidalia Planitia on Martian solar day (sol) 18 of their 31-sol expedition. A severe dust storm threatens their Mars Ascent Vehicle (MAV) and in the ensuing evacuation, astronaut Mark Watney is struck by flying debris and presumed dead. Facing imminent peril, the remaining crew takes off for their orbiting vessel, the Hermes, which will then return them to Earth. Watney awakens after the storm, having narrowly survived his injuries. As he recovers within the crew's surface habitat (""Hab""), he begins a video diary to document his thoughts on survival. Unable to communicate with Earth, his only chance of rescue is the next Mars mission in four years, when Ares IV will land at the Schiaparelli crater. The Ares IV MAV has already arrived on the site in preparation for the mission. With this timeframe in mind, Watney's main survival concerns are food and travel. Being a botanist, he cultivates a potato garden inside the Hab using the crew's bio-waste with Martian soil, and creates water from leftover rocket fuel. He also modifies a rover for the journey to Schiaparelli. On Earth, NASA satellite planner Mindy Park notices Watney's activity from recorded satellite images, and suspects he must be alive. NASA director Teddy Sanders releases the news to the public but decides not to inform the Ares III crew en route to Earth, over flight director Mitch Henderson's strong objection. Watney explores the surrounding terrain and studies his maps, but he quickly journeys out to retrieve the Pathfinder probe, hoping to restore its communications. Mars missions director Vincent Kapoor realizes this strategy, and quickly visits Jet Propulsion Laboratory (JPL) director Bruce Ng to use their replica of the probe. The agency makes contact with Watney and instructs him to link Pathfinder to the rover, where he can now communicate by text. With this breakthrough, Henderson is finally allowed to inform Watney's crewmates. As Watney enters the Hab on one evening, a leak in the airlock causes an explosion that injures him and destroys the potato garden. Although he repairs the airlock, he is again threatened by starvation. NASA scrambles to procure a resupply ship for Watney, with Sanders ordering routine safety inspections bypassed to expedite the mission. This oversight results in catastrophe as the ship disintegrates shortly after launch. The China National Space Administration decides to offer a launch vehicle – originally intended for the Taiyang Shen space probe – to resupply Watney. Astrodynamicist Rich Purnell devises an alternative plan: send the Taiyang Shen launcher to resupply the Hermes, which will then use Earth's gravity to ""slingshot"" back to Mars two years earlier than Ares IV. Sanders flatly rejects the idea, considering it too risky for the Ares III crew. Henderson surreptitiously sends the proposal to the crew, and they unanimously vote in favor and divert the Hermes. Sanders is forced to support them publicly, but demands Henderson's resignation after the mission. After waiting several months, Watney embarks on the long journey to the Ares IV MAV. He plans to use it to rendezvous with the Hermes, but needs to lighten the load considerably by partially dismantling the cockpit. He takes off to orbit, but the Hermes crew find that they remain too far away and moving too fast to retrieve him. Commander Lewis quickly improvises to explode the airlock in part of the ship, resulting in air violently escaping and slowing them down. Lewis also pilots a tethered Manned Maneuvering Unit to personally reach Watney, but they are still too far apart. Watney quickly improvises by piercing his pressure suit, and propels himself with the escaping air, reaches Lewis, and manages to hold on. NASA and spectators across the world all celebrate the successful rescue. After returning to Earth, Watney becomes a survival instructor for astronaut candidates. Five years later, as the Ares V is launching, those involved in Watney's rescue are seen in their current lives watching the launch footage."
14160,Up (2009 film),ok,"Eight-year-old Carl Fredricksen idolizes famed explorer Charles Muntz, who is discredited when a  giant bird skeleton he brought back from Paradise Falls in Venezuela is deemed fake. Muntz travels back to the falls, vowing not to return until he brings back a live specimen. Carl befriends Ellie, another young Muntz fan, who keeps a scrapbook of her adventures and dreams of moving her ""clubhouse"" (an abandoned house) to Paradise Falls and having adventures of her own. Carl and Ellie eventually marry, renovate the clubhouse and move in, working at the city zoo as a balloon salesman and zookeeper, respectively. Ellie suffers a miscarriage,[5] and they learn they cannot have children. The couple saves money for a trip to Paradise Falls, but are repeatedly forced to spend their savings on more pressing needs. Many years later, a now elderly Carl decides to surprise Ellie with tickets to Venezuela, but she falls ill and is hospitalized, giving Carl her scrapbook before she dies. Now in his late 70s,[6] Carl holds out while the neighborhood around him is redeveloped. After unintentionally injuring a construction worker who accidentally damaged his mailbox, Carl is ordered by a court to move into an assisted living facility. However, Carl resolves to keep his promise to Ellie to move their house to Paradise Falls and attaches numerous balloons to it in order to fly there. Russell, a young ""Wilderness Explorer"" scout attempting to earn his final merit badge for assisting the elderly, becomes an accidental stowaway. Before Carl can land and send Russell home, a storm propels the house all the way to a tepui in Venezuela. Carl and Russell harness themselves to the still-buoyant house and tow it across the mesa. Along the way, they encounter a giant flightless bird that Russell names Kevin (though the bird is later revealed to be female) and Dug, a Golden Retriever whose collar has a device that translates his thoughts into human speech. After failed attempts to evade the animals, Carl reluctantly allows both to join the party. Dug's pack, all wearing collar translators, surrounds them. The dogs' master is revealed to be an elderly Charles Muntz, who invites Carl and Russell aboard his airship and discusses his quest to capture the bird. However, Carl's initial excitement over meeting him fades as he realizes that Muntz's obsession has driven him insane. After Muntz shows them the bird skeleton, Russell notes its resemblance to Kevin. Becoming hostile, Muntz reveals that he has murdered other travelers he suspected of also seeking the bird. Carl, Russell and Dug flee, pursued by Muntz's dogs; they are rescued by Kevin, who gets injured in the process. Hearing Kevin call out to her chicks, Carl agrees to take her home. However, Muntz captures her and starts a fire beneath Carl's home. Forced to choose, Carl saves his home, allowing Muntz to take Kevin away and losing Russell's respect. Disheartened, Carl looks through his wife's scrapbook and discovers that she had filled in blank pages with photos of their life together and written ""Thanks for the adventure – now go have a new one!"". Reinvigorated, he goes outside, only to see Russell flying after Kevin using balloons and a leaf blower. Carl lightens his house by emptying it completely, enabling it to fly again. Russell arrives at Muntz's airship but is caught. Carl and Dug, the latter of whom stowed away, board the dirigible and free him and Kevin. Muntz pursues them and traps Russell, Kevin, and Dug inside the house, but Carl saves them just as the tether breaks. Muntz leaps after them, but gets his leg tangled in balloon strings and falls to his death. Carl's house, having lost several balloons, descends out of sight beneath the clouds. Carl, Dug, and Russell reunite Kevin with her chicks before returning home to the United States in Muntz's airship. Russell receives his badge for assisting the elderly, and Carl presents Russell with a bottle cap Ellie gave Carl when they first met as kids years ago, which he dubs ""The Ellie Badge"". Meanwhile, unbeknownst to Carl, the tepui his house landed on overlooks Paradise Falls, fulfilling his promise to Ellie."
557,Spider-Man (2002 film),ok,"On a high school field trip, Peter Parker visits a Columbia University genetics laboratory with his best friend, Harry Osborn, and his crush, Mary Jane Watson. There, he is bitten by a radioactive spider, and falls ill upon returning home. Meanwhile, Harry's father Norman tests a performance-enhancing chemical on himself in an attempt to secure a military contract for Oscorp, the company he founded. The chemical gives him superhuman strength but causes him to go insane and kill one of his scientists. The next day, Peter develops spider-like abilities, including enhanced strength, senses, agility, and speed; organic webbing in his wrists; and the ability to cling to walls. Hoping to buy a car to impress Mary Jane, Peter enters an underground wrestling event and wins his match, but is swindled out of his earnings. When the wrestling organizer is robbed, a bitter Peter steps out of the way, allowing the thief to escape. Soon after, Peter's Uncle Ben is killed by the same thief. Peter pursues the thief, who eventually falls to his death. Meanwhile, a crazed Norman sabotages a product test by an Oscorp rival and kills several people. Upon graduating, Peter begins using his abilities to fight crime, donning a costume and adopting the alias Spider-Man. J. Jonah Jameson, the publisher of the Daily Bugle newspaper, hires Peter as a freelance photographer, since he can provide high-quality images of Spider-Man. When Oscorp's board of directors decides to oust Norman and sell the company, Norman uses a disguise to assassinate them during the Unity Day festival. As Spider-Man, Peter fends off Norman and rescues Mary Jane. Afterwards, Jameson bestows the name ""Green Goblin"" upon the mysterious masked killer. Norman offers Peter a place at his side, but Peter refuses. They fight, and Peter flees after being wounded. Peter's aunt May invites Mary Jane, Harry, and Norman for Thanksgiving dinner. Norman notices Peter's injury and deduces that he is Spider-Man. Later, Norman attacks and injures May, who is hospitalized. Peter is still unaware of the Goblin's identity, but realizes that the Goblin is targeting his loved ones. While visiting the hospital, Mary Jane confesses to Peter her infatuation with Spider-Man, who has rescued her twice. Harry, who is dating Mary Jane, sees her holding Peter's hand and assumes she has feelings for him. A distraught Harry tells his father about Peter's infatuation with Mary Jane. That night, Norman captures Mary Jane and a Roosevelt Island Tramway car full of children. He tells Peter to choose whom to rescue, then drops them both from the Queensboro Bridge. Peter saves everyone, then lowers them onto a nearby barge for safety. An enraged Norman throws Peter into a nearby abandoned building, then brutally beats him. After Norman reveals his intentions to kill Mary Jane, Peter finds the strength to fight back. Norman reveals his identity and begs forgiveness, discreetly preparing to impale Peter with his glider. Warned by his spider-sense, Peter dodges the attack, and the glider fatally skewers Norman instead. Before dying, Norman begs Peter not to reveal his identity to Harry. Peter takes Norman's body to the Osborn house, where Harry confronts him, but Peter escapes. At Norman's funeral, Harry vows revenge on Spider-Man, who he mistakenly believes killed his father. Mary Jane then confesses to Peter that she loves him. However, Peter feels he must protect her from his enemies, so he hides his true feelings and tells her they can only be friends. As Peter leaves, he recalls his uncle's words: ""With great power comes great responsibility."""
297762,Wonder Woman (2017 film),ok,"In present-day Paris, Diana Prince receives a photographic plate from Wayne Enterprises taken during World War I. It shows her and four men, and prompts her to recall her past.[b] Diana, the young daughter of Queen Hippolyta, is raised on the hidden island of Themyscira, home to the Amazons, women warriors created by the Olympian gods to protect mankind. Hippolyta tells Diana the story of how Ares became jealous of humans and orchestrated their destruction. When the other gods attempted to stop him, Ares killed all but Zeus, who used the last of his power to wound Ares and force his retreat. Before dying, Zeus left the Amazons a weapon, the ""god-killer"", to prepare them for Ares' return. Seeking to protect Diana, Hippolyta hides her daughter's true origin from her, but reluctantly agrees to let her sister, Antiope, train Diana as a warrior. In 1918, an adult Diana rescues US pilot Steve Trevor when his plane crashes off the coast of Themyscira. The island is soon invaded by German soldiers, who had been pursuing Trevor. The Amazons suffer some casualties, but wipe out the German landing force, with Antiope sacrificing herself to save Diana. Steve is interrogated with the Lasso of Hestia and reveals that a great war is consuming the outside world and that he is an Allied spy. He has stolen a notebook from the Germans' chief chemist, Dr. Isabel Maru, who is attempting to engineer a deadlier form of mustard gas under the orders of General Erich Ludendorff. Believing Ares to be responsible for the war, Diana equips herself with the ""god-killer"" sword, the lasso, and armor before leaving Themyscira with Steve. In London, they deliver Maru's notebook to the Supreme War Council, where Sir Patrick Morgan is trying to negotiate an armistice with Germany. Diana translates Maru's notes, revealing that the Germans plan to release the deadly gas at the Western Front. Although forbidden by his commander to act, Steve, with secret funding from Morgan, recruits the Moroccan spy Sameer, the Scottish marksman Charlie, and the American Indian smuggler Chief Napi to help prevent the gas from being released. When the team reaches the front in Belgium, Diana goes alone through No Man's Land and destroys the enemy trench, liberating the nearby village of Veld with the aid of the Allied forces. The team briefly celebrates and takes a photograph in the village, where Diana and Steve fall in love. Steve and Diana infiltrate a gala at the German High Command. Steve intends to locate the gas and destroy it, while Diana hopes to kill Ludendorff, believing he is Ares. Steve stops her to avoid jeopardizing his mission, and Ludendorff subsequently kills the inhabitants of Veld with the gas. Angry at Steve for intervening, Diana pursues Ludendorff to a base where the gas is being loaded onto a bomber aircraft bound for London. She fights and kills him, but is confused and disillusioned when his death does not stop the war. Sir Patrick then appears and reveals himself to be Ares. He tells Diana that although he has subtly given humans ideas and inspiration, it is ultimately their decision to resort to violence because they are inherently corrupt. When Diana attempts to kill Ares with the ""god-killer"" sword, he destroys it, then reveals to her that she is the ""god-killer"" because she is the daughter of Zeus. While Diana and Ares battle, Steve's team destroys Maru's laboratory. Steve hijacks the bomber carrying the poison, flies it to a safe altitude, then detonates it, blowing up the plane and himself. Ares attempts to direct Diana's rage and grief at Steve's death by convincing her to kill Maru, but the memories of her experiences with Steve cause her to realize that humans have goodness within them. She spares Maru and redirects Ares's lightning into him, killing him. Later, the team celebrates the end of the war. In the present day, Diana sends an email to Bruce Wayne, thanking him for the photographic plate featuring her and Steve. She continues to fight for the world as Wonder Woman."
238,The Godfather,ok,"In the mid-1940s, Michael Corleone is a World War II veteran and the youngest son of Don Vito Corleone. Vito is head of the Corleone mafia family and runs it with his eldest son Santino a.k.a. Sonny and adopted son Tom Hagen, a lawyer who is the family's consigliere. At his sister Connie's wedding to Carlo Rizzi, Michael introduces his family to his girlfriend, Kay Adams. Michael tells Kay stories of his family but makes it clear that he wants no part in his family's business. Vito fulfils the Sicilian tradition of granting favors on his daughter's wedding day to a succession of hopeful visitors. One is his godson, singer and actor Johnny Fontane, who cannot get an upcoming film role because studio owner and producer Jack Woltz has a grudge against Fontane. Vito sends Hagen to LA to persuade Woltz to relent but Woltz will not budge. Hagen departs and the next morning, Woltz wakes to find the severed head of his prized $600,000 racehorse Khartoum in his bed with him. A terrified Woltz relents and Fontane gets the role. Approaching Christmas, Michael becomes embroiled in family affairs when Vito is gunned down by two assailants. Vito had earlier refused to offer protection to drug baron Virgil ""The Turk"" Sollozzo for dealing narcotics in the city. Sollozzo has the support of the Tattaglia family, who garrote notorious Corleone enforcer Luca Brasi when he attempts to become a mole in Sollozzo's operation. While Vito survives the attempt and recovers at the hospital, hot-tempered Sonny takes over the family as acting boss. He has Michael live at the house for his protection, as his successful revenge hit on Tattaglia's son Bruno has led to war between the two gangs. Michael visits his father in hospital to be told that NYPD Captain McCluskey has had Vito's bodyguards ejected from the hospital, clearing the way for a second attempt on Vito's life. Michael visits his father and, realizing his jeopardy, moves him to another hospital room then stands guard outside the hospital. He scares Sollozzo's assassins off but an angry McCluskey returns and breaks Michael's jaw for defying him. Soon after, Hagen arrives with more bodyguards and McCluskey backs down to the lawyer's demands. Being an outsider to the family business and seen as harmless, Michael later proposes a meeting between himself, Sollozzo and McCluskey at which he'll kill them both to keep his father safe. Initially amused, the family approve his plan and have a gun planted at the meeting place: a restaurant. At the meeting, Michael shoots both men dead then flees the country. He takes refuge in his family's native Sicily to escape the NYPD and the ire of the other gangs until the heat dies down. He falls in love with a local woman, Apollonia Vitelli, and marries her. Back in New York, war has broken out between the Five Families. Sonny discovers that Connie was being abused by Carlo. At first, Sonny pummels Carlo in public and warns him never to touch Connie again. However, after a fierce beating from Carlo, Connie appeals to her family. A furious Sonny sets off for her house but is ambushed and murdered at a highway toll booth. The recovering Vito is told of Sonny's death and orders an end to hostilities with no vengeance. He calls a meeting with the heads of the other New York families and negotiates peace between them all, conceding to a controlled drug trade in return for an end to all vendettas and for Michael's safe return to the US. Meanwhile, Michael survives a hit in Sicily, which instead kills Apollonia via car bombing. He returns to the US, slowly taking over the family business from his father. He marries Kay and promises to legitimize the family's operations within five years. Michael visits Las Vegas to negotiate a deal with Jewish mobster and casino mogul Moe Greene, under whose protection Fredo has been living. Michael offers to buy out Greene's stake in the family casinos, but Greene refuses and flaunts his support from Barzini. After Moe leaves, Michael reprimands Fredo for defending Greene and warns him never to side against the Family ever again. After the peace meeting, Vito realizes that Barzini is the mastermind behind Sonny's death, not Tattaglia. He predicts to Michael that a Corleone traitor will reveal himself by offering to broker a meeting between Michael and the Barzinis but will use it to have Michael assassinated. Vito dies of a heart attack while playing with his grandson, Michael's son Anthony. At his funeral, Corleone caporegime Salvatore Tessio asks Michael to meet with Barzini, revealing his betrayal. Michael attends his nephew's baptism to be anointed as his godfather while Michael's hitmen carry out orders, simultaneously assassinating Greene and the heads of the other New York Families. Tessio is led off to be executed for his treachery. Michael extracts a confession from Carlo that he conspired with Barzini to kill Sonny and had abused Connie to lure Sonny into his fatal ambush. Michael berates Carlo, then sends him on an apparently safe car journey where instead Clemenza garrotes him. At their house, Connie accuses Michael of having Carlo killed. To Kay's relief, Michael denies the accusation, but as she leaves the room to get drinks, the Corleone family capos approach Michael and offer him their allegiance. Kay watches Clemenza kiss Michael's hand and address him as ""Don Corleone"" before Neri closes the door on her."
140607,Star Wars: The Force Awakens,ok,"Thirty years after the Battle of Endor,[a] the First Order has risen from the fallen Galactic Empire and seeks to destroy the New Republic. General Leia Organa leads The Resistance against the First Order, while also searching for her lost twin brother Luke Skywalker. On the desert planet Jakku, Resistance pilot Poe Dameron receives a map to Luke's location before being captured by First Order stormtroopers commanded by Kylo Ren. His droid, BB-8, escapes with the map and encounters Rey, a solitary scavenger. Ren tortures Poe using the Force and learns of BB-8. A disillusioned stormtrooper called FN-2187 rescues Poe and the two escape in a stolen TIE fighter. Upon learning that FN-2187 has no other name, Poe names him ""Finn"". As they head to Jakku to retrieve BB-8, the First Order shoots them down, and they crash-land. Finn survives and assumes Poe was killed after finding his jacket in the wreck. Finn encounters Rey and BB-8, and the First Order tries to destroy the three of them with an aerial bombardment. The trio steals the Millennium Falcon and escapes Jakku. The Falcon is boarded and reclaimed by Han Solo and Chewbacca. Gangs seeking to settle debts with Han attack, but Han, Chewbacca, Finn, Rey and BB-8 escape in the Falcon. At the First Order's Starkiller Base—a planet converted into a superweapon—Supreme Leader Snoke approves General Hux's weapon for use on the New Republic. Snoke questions Ren's ability to deal with emotions surrounding his father, Han Solo, whom Ren states means nothing to him. Aboard the Falcon, Han determines that BB-8's map is incomplete. He explains that Luke attempted to rebuild the Jedi Order but exiled himself when an apprentice turned to the dark side of the Force and slaughtered the other apprentices. The crew travels to the planet Takodana and meets with Maz Kanata, who offers to help deliver BB-8 to the Resistance. The Force draws Rey to a secluded vault, where she finds Anakin Skywalker's lightsaber. She experiences disturbing visions, including a childhood memory of being abandoned on Jakku. Maz encourages her to take the lightsaber, but she flees into the woods. Maz gives Finn the lightsaber for safekeeping. Starkiller Base destroys the Hosnian star system, including the New Republic capital Hosnian Prime, leaving the Resistance without support. The First Order attacks Takodana in search of BB-8. Han, Chewbacca, and Finn are saved by Resistance X-wing fighters led by Poe, who survived the crash. Leia arrives at Takodana and reunites with Han; it is revealed that she is Ren's mother. Meanwhile, Ren captures Rey, realizing she had seen the map. He takes her to Starkiller Base, where she resists his attempts to read her mind. Discovering she can use the Force, Rey escapes using a Jedi mind trick on a stormtrooper guard. As Starkiller Base prepares to fire again, the Resistance plans to destroy it by attacking its thermal oscillator. Han, Chewbacca, and Finn infiltrate the base, find Rey and plant explosives. Han confronts Ren, calling him by his birth name, Ben Solo, and implores him to abandon the dark side. Ren seems to consider this, but ultimately kills Han. A devastated Chewbacca shoots Ren, injuring him, and sets off the explosives, allowing Poe to attack and destroy the oscillator. Ren pursues Rey and Finn into the woods and incapacitates Rey. Finn uses the lightsaber to duel Ren but is quickly defeated. Rey awakens, takes the lightsaber, and defeats Ren in a duel. Chewbacca saves Rey and the injured Finn and they escape aboard the Falcon. As the Resistance forces flee, Starkiller Base explodes. R2-D2 reveals the rest of the map, which points to the planet Ahch-To. Leaving Finn to recover from his wounds, Rey, Chewbacca, and R2-D2 travel to Ahch-To on the Falcon. Rey finds Luke atop a cliff and presents him with the lightsaber."
278,The Shawshank Redemption,ok,"In 1947, Portland, Maine, banker Andy Dufresne arrives at Shawshank State Prison to serve two consecutive life sentences for murdering his wife and her lover. He is befriended by Ellis Boyd ""Red"" Redding, a contraband smuggler serving a life sentence, who procures for him a rock hammer and a large poster of Rita Hayworth. Assigned to work in the prison laundry, Andy is frequently raped by ""the Sisters"" gang, led by Bogs Diamond. In 1949, Andy overhears the captain of the guards, Byron Hadley, complaining about being taxed on an inheritance and offers to help him shelter the money legally. After the Sisters beat Andy to near-death, Hadley cripples Bogs, who is subsequently transferred to a minimum-security hospital; Andy is not attacked again. Warden Samuel Norton assigns Andy to the prison's decrepit library, ostensibly to assist elderly inmate Brooks Hatlen, but in reality, to use Andy's financial expertise in managing the warden's and other prison staff's finances. Andy also starts writing weekly letters to the state legislature, requesting funding to improve the library. Brooks is paroled in 1954 after serving 50 years, but cannot adjust to the outside world and eventually hangs himself. After years of Andy's ceaseless letters, the legislature sends a library donation that includes a recording of The Marriage of Figaro; Andy plays an excerpt over the public address system, experiencing a moment of personal freedom before he is punished with solitary confinement. After his release, Andy explains to a dismissive Red that hope is what gets him through his sentence. In 1963, Norton begins exploiting prison labor for public works, profiting by undercutting skilled labor costs and receiving bribes. Andy launders the money using the alias ""Randall Stephens"". In 1965, Andy and Red befriend Tommy Williams, a young inmate convicted of burglary. Andy helps Tommy pass his General Educational Development exam, and Tommy later reveals that his cellmate at another prison confessed to committing the murders for which Andy was convicted. When Andy informs Norton, the warden refuses to act. Although Andy promises to keep the money laundering a secret, Norton sends Andy to solitary confinement and has Hadley kill Tommy under the guise of an escape attempt. Norton then threatens to destroy the library, strip Andy of guard protection, and transfer him to harsher conditions if Andy refuses to continue with the money-laundering  scheme. A disheveled Andy is released from solitary confinement after two months. He tells a skeptical Red that he dreams of living in Zihuatanejo, a town on the Mexican Pacific coast, where he can start anew. He asks Red to promise, once Red is released, to travel to a specific hayfield near Buxton and recover a package that Andy buried there. Red worries that Andy is suicidal, especially after learning that he asked a fellow inmate for a rope. At the next day's roll call, the guards find Andy's cell empty. An irate Norton throws a stone at a poster of Raquel Welch hanging on the cell wall, revealing a tunnel that Andy had dug with his rock hammer over 19 years. The previous night, Andy escaped through the tunnel and prison sewage pipe, taking with him Norton's suit, shoes, and the ledger containing evidence of the corruption at Shawshank. While guards search for him, Andy poses as Randall Stephens and withdraws over $370,000 of the laundered money from various banks,[a] before mailing the ledger to a local newspaper. State police arrive at Shawshank and take Hadley into custody, while Norton kills himself to avoid arrest. The following year, Red is paroled after serving 40 years, but struggles to adapt to life outside prison and fears that he never will. Remembering his promise to Andy, he visits Buxton and finds a cache containing money and a letter inviting him to come to Zihuatanejo. Red violates his parole by traveling to Mexico, admitting that he finally feels hope. He finds Andy on a beach, and the reunited friends happily embrace."
346364,It (2017 film),ok,"In October 1988, twelve-year-old Bill Denbrough makes a paper sailboat for his seven-year-old brother Georgie. Georgie sails the boat along rainy streets, only to have it fall down a storm drain. Attempting to retrieve it, Georgie sees a clown in the drain, who introduces himself as ""Pennywise the Dancing Clown"". Pennywise bites off Georgie's arm and drags him into the sewer. The following summer, Bill and his friends Richie Tozier, Eddie Kaspbrak, and Stanley Uris run afoul of older bullies Henry Bowers, Belch Huggins, Patrick Hockstetter, and Victor Criss. Bill calculates that his brother's body may have washed up in the marshy wasteland ""The Barrens"". He investigates with his friends, believing Georgie may still be alive. New in town, Bill's classmate Ben Hanscom learns that unexplained tragedies and child disappearances have plagued Derry for centuries. Fleeing Bowers' posse, Ben meets Bill's group in the Barrens. They find the sneaker of missing girl Betty Ripsom. Patrick is killed by drowned children while searching the sewers. Bill and Ben develop feelings for bullied girl Beverly Marsh. The group befriends orphan Mike Hanlon, having rescued him from Bowers. Each member of the group has encountered terrifying manifestations of Pennywise: Ben is chased by a headless undead boy, Beverly is attacked by a sink spewing blood, Eddie is chased by a rotting leper, Stan witnesses a painting of a woman coming alive, Mike relives his parents burning alive, and a phantom of Georgie haunts Bill. No adults see what they witness. Dubbing themselves ""The Losers Club"", they realize they are all being stalked by the same entity, which they dub ""It"". They deduce that It appears as their individual worst fears, awakening from hibernation every 27 years to feed on the children of Derry, traveling via the sewer lines. In his garage, Bill shows the Losers blueprints of Derry's sewer lines, which lead to an old well under an abandoned house on Neibolt Street. After Pennywise attacks them in the garage, the group attempts to confront It in the Neibolt house, only to be separated and terrorized by their fears. It charges at them, but Beverly stabs It in the head with a metal spike. Pennywise retreats after injuring Ben. The group flees; traumatized by their experience, they separate. Weeks later, after Beverly confronts and incapacitates her sexually abusive father, Pennywise abducts her. The Losers return to the abandoned house to rescue her. Bowers, who has murdered his abusive father after being driven insane by Pennywise, attacks the group; Mike pushes Bowers down the well. The Losers descend into the sewers and find Pennywise's lair, which contains decayed circus props and children's belongings, above which the bodies of It's child victims float in mid-air. Beverly, catatonic after being exposed to Deadlights inside It's gaping mouth, is restored to consciousness when Ben kisses her. Bill encounters Georgie, but realizes he is Pennywise in disguise. Pennywise takes Bill hostage, offering to spare the others and hibernate if they abandon Bill. The Losers reject this, battling Pennywise while overcoming their various fears. The Losers beat Pennywise before Beverly stabs It in the face with a broken pipe. It retreats, falling down a well. Bill finds Georgie's bloodstained raincoat, and the group comfort him as he cries. As summer ends, Beverly informs the group of a vision she had while catatonic, of them fighting Pennywise again as adults. The Losers swear a blood oath that they will return if Pennywise ever returns. After the others make their goodbyes and disperse, Beverly and Bill discuss her moving away to live with her aunt. Bill reveals his feelings and they kiss."
13,Forrest Gump,ok,"In 1981, a feather lands at a bus stop in Savannah, Georgia; Forrest Gump collects it, then recounts his life story to strangers on a bus bench. In the fictional city of Greenbow, Alabama during the 1950s, Forrest is fitted with leg braces to correct a curved spine. His mother runs a boarding house out of their home. Among their tenants is Elvis Presley, who incorporates Forrest's jerky dance movements into his performances. On his first day of school, Forrest befriends a girl named Jenny Curran. Forrest is often bullied because of his physical disability and low intelligence. While fleeing from several bullies, his leg braces break off, revealing Forrest to be a very fast runner. In 1963, after inadvertently interrupting a practice session of the University of Alabama football team, Forrest is noticed by coach Bear Bryant, who offers him an athletic scholarship. Forrest plays as a kick returner, is later named to the All-America college football team, and meets President John F. Kennedy at the White House. He also witnesses Governor George Wallace's Stand in the Schoolhouse Door, during which Forrest returns a dropped book to Vivian Malone Jones. After graduating college in 1966, Forrest enlists into the U.S. Army where he befriends Benjamin Buford ""Bubba"" Blue, who convinces Forrest to go into the shrimping business with him after their service. They arrive in Vietnam in 1967 and serve with the 9th Infantry Division in the Mekong Delta. Their platoon is ambushed during a patrol.  Despite being shot, Forrest saves several wounded platoon mates – including his lieutenant, Dan Taylor, who has suffered severe leg injuries – but Bubba is killed. Forrest is awarded the Medal of Honor for his heroism by President Lyndon B. Johnson. At the anti-war March on the Pentagon rally, Forrest meets Abbie Hoffman and briefly reunites with Jenny, who has been living a hippie life. While healing from his injury, Forrest develops a talent for ping-pong, and becomes a sports celebrity as he competes against Chinese teams in ping-pong diplomacy, earning him an interview alongside John Lennon on The Dick Cavett Show, influencing the song ""Imagine"". He spends the 1971 New Year's Eve in New York City with Dan, who lost his legs as a result of his injuries and has become a deeply embittered alcoholic. Forrest meets President Richard Nixon, who arranges a room for Forrest in the Watergate Hotel, where he unwittingly exposes the Watergate scandal. Discharged from the Army, Forrest returns to Alabama and endorses a ping-pong paddle manufacturer, using the earnings to buy a shrimping boat in Bayou La Batre, fulfilling his promise to Bubba. Dan joins Forrest in 1974, but their business initially starts off slow. The pair's fortunes turn after their boat becomes the sole survivor of Hurricane Carmen. They create the Bubba Gump Shrimp Company; Dan reconciles himself to his disabilities, and finally thanks Forrest for saving his life. Forrest returns home to his mother as she dies of cancer. Dan invests their money into what he initially believes is a ""fruit company,"" which later turns out to be Apple Computer, and the two become millionaires. Forrest shares his earnings with the community and Bubba's family. Jenny returns to stay with Forrest in 1976, recovering from years of abuse, drugs, and prostitution. Forrest proposes marriage, but Jenny turns him down.  After a night of sexual intercourse, Jenny leaves the next morning. Heartbroken, Forrest spends the next three years in a relentless cross-country run. In 1981, Forrest reveals that he is waiting at the bus stop because he received a letter from Jenny inviting him to visit. She introduces him to their son, Forrest Gump Jr. Jenny tells Forrest she is sick with an unknown incurable virus, and the three move back to Forrest's home in Alabama. Jenny and Forrest marry, but she dies a year later. Forrest sends his son off on his first day of school as the feather from the movie's opening floats away in the wind."
16869,Inglourious Basterds,ok,"In 1941, Austrian SS-Standartenführer Hans Landa, nicknamed ""The Jew Hunter,"" interrogates French dairy farmer Perrier LaPadite about a fugitive Jewish family, the Dreyfuses. Suspecting he is hiding the Dreyfus family, Landa plays cat-and-mouse with LaPadite. Speaking English so the Dreyfuses will not understand, Landa compels LaPadite to give up the Dreyfuses to save his own family. LaPadite tearfully admits the Dreyfuses are hiding under his floor. Landa's men massacre the Dreyfuses, but one, young Shosanna, escapes alive. Three years later, U.S. Army lieutenant Aldo Raine recruits Jewish American soldiers to the ""Basterds"", a black ops commando unit tasked with instilling fear among Nazis in occupied France by killing and scalping them. The group includes Sergeant Donny ""The Bear Jew"" Donowitz, Privates First Class Smithson Utivich and Omar Ulmer, rogue German Sergeant Hugo Stiglitz, and Austrian-born translator Corporal Wilhelm Wicki. Raine carves swastika marks on foreheads of surviving German soldiers so they cannot hide their Nazi affiliations after the war. In Paris, operating a cinema under the name ""Emmanuelle Mimieux"", Shosanna  meets Fredrick Zoller, a famed German sniper set to star in the German propaganda film Stolz der Nation (Nation's Pride). Infatuated with ""Emmanuelle"", Zoller convinces Joseph Goebbels to hold the film's premiere at her cinema. Landa, the premiere's head of security, interrogates Shosanna, but does not reveal whether he recognizes her. She plots with her Afro-French lover and projectionist, Marcel, to kill the German leaders by burning down the cinema with her collection of highly flammable nitrate films. British Commando Lieutenant Archie Hicox, a fluent German speaker, is recruited for Operation Kino, an attack on the premiere of Nation's Pride in Paris. The mission is to set off an explosion to take out the German High Command attending the premiere, including Goebbels, Göring, Bormann, and SS and Gestapo officers. Disguised as German officers, Hicox, Stiglitz, and Wicki meet with German film star Bridget von Hammersmark, an undercover Allied agent, in an occupied town at a tavern unexpectedly full of German soldiers. Hicox's unusual accent arouses suspicion from Wehrmacht Sergeant Wilhelm and SS-Sturmbannführer Dieter Hellström, who join them to play the German card game Wer bin ich? [de]. Hicox blows the group's cover with a non-German hand gesture. Everyone is killed in the ensuing gunfight except Wilhelm and a wounded Hammersmark. While Wilhelm holds Hammersmark at gunpoint, Raine arrives and negotiates for her release until she shoots Wilhelm. Believing she set his men up, Raine tortures Hammersmark, but she convinces him of her loyalty and reveals that Hitler will attend the premiere. The mission goes ahead with Raine, Donowitz, and Ulmer posing as Italian filmmakers. Hammersmark is doubtful but thinks the Germans may not find their Italian accents suspicious. Investigating the tavern, Landa finds Hammersmark's shoe and a souvenir napkin with her signature. The Basterds infiltrate the premiere with timed explosives. Fluent in Italian, Landa sees through their cover and privately confronts Hammersmark with her shoe before strangling her. Landa arrests Raine, along with Utivich, but leaves Ulmer and Donowitz in the theater. Recognizing opportunity in the situation, Landa offers to let the attack proceed if Raine's OSS commanders guarantee his safety after the war. Raine contacts his commanders, and Landa negotiates a generous deal for himself and his radio operator. During the screening, Zoller slips into the projection room seeking Shosanna. Unsuccessful at driving him away, Shosanna shoots Zoller, who shoots her as she checks his body; both die. As Nation's Pride reaches its climax, Shosanna's closeup face appears on the screen, telling the Nazi audience they are about to be killed by a Jew. Having locked the auditorium, Marcel ignites a pile of nitrate film behind the screen, setting the theater ablaze. Ulmer and Donowitz break into the opera box, gunning down Hitler and Goebbels, before firing into the crowd. The timed explosives kill everyone inside the cinema. According to the negotiated deal, Landa and his radio operator drive Raine and Utivich into Allied territory, where they surrender to Raine. Resigned to being reprimanded for his act of defiance, Raine shoots the radio operator. To brand Landa as a Nazi in his negotiated new life, Raine carves a swastika into Landa's forehead, declaring it to be his masterpiece."
673,Harry Potter and the Prisoner of Azkaban (film),ok,"During another unhappy summer with the Dursleys, Harry Potter becomes enraged when Vernon's sister Marge viciously insults his parents and provokes him to inflate her and float away. Expecting to be expelled from Hogwarts for using magic outside school, Harry runs away but is picked up by the Knight Bus and taken to The Leaky Cauldron, where Minister for Magic Cornelius Fudge assures Harry that he will not face punishment. Upon reuniting with his best friends Ron Weasley and Hermione Granger, Harry learns that Sirius Black, an alleged supporter of Lord Voldemort, has escaped Azkaban prison and is expected to come after Harry. While journeying to Hogwarts, the Hogwarts Express is boarded by Dementors, ghostly prison guards searching for Black; one of them causes Harry to faint, but the new Defense Against the Dark Arts teacher, Professor Lupin, repels it using a Patronus Charm. At Hogwarts, Headmaster Albus Dumbledore announces that Dementors will patrol the school until Black is captured. Hagrid is appointed as the Care of Magical Creatures teacher, but his first class goes awry when Draco Malfoy provokes a hippogriff named Buckbeak to attack him; as a result, Draco's father has Buckbeak sentenced to death. Hogwarts is put on high alert when the portrait of The Fat Lady warns that Black is in the castle and attempted to break into Gryffindor Tower. The Dementors attack Harry during a Quidditch match, but he is saved by Dumbledore, although his broomstick is destroyed; Harry's sensitivity to the Dementors prompts him to ask Lupin to teach him the Patronus Charm. Harry, unable to visit Hogsmeade Village without permission from his guardians, attempts to sneak out of the castle but is caught by Fred and George Weasley, who provide him with the Marauder's Map, which shows him a secure passage to Hogsmeade. Above The Three Broomsticks pub, he overhears Professor Minerva McGonagall, pub owner Madam Rosmerta and Fudge discuss how Black is Harry's godfather, divulged the Potters' whereabouts to Voldemort, and murdered their mutual friend Peter Pettigrew; Harry vows to kill Black if they meet. Harry, Ron, and Hermione witness the execution of Buckbeak, after which a large black dog drags Ron into a hole at the base of the Whomping Willow. Harry and Hermione follow them through an underground passage to the Shrieking Shack, where the dog is revealed to be Black, an Animagus. Lupin appears in the shack, where he is revealed to be an old friend of Black and a werewolf. Lupin and Black reveal that Ron's pet rat, Scabbers, is actually the Animagus form of Pettigrew, who is returned to human form and revealed to'd betrayed Harry's parents, framed Black, and faked his own death. The group heads back to the castle, intending to both exonerate Black, who offers to let Harry live with him instead of the Dursleys, and expose Pettigrew as the real killer, but the full moon causes Lupin to transform into a humanoid wolf; amid the chaos, Pettigrew turns back into a rat and escapes. Black transforms into his dog form and fights off werewolf Lupin, who seriously injures Black. Harry finds Black but the Dementors arrive and brutally attack them both until an unseen person casts a powerful Patronus charm to ward them off. Harry falls unconscious and awakens in the hospital wing, while Black has been recaptured and, with Pettigrew gone, sentenced to the Dementor's Kiss. With Dumbledore's advice, Harry and Hermione use her Time-Turner to travel back in time and rescue Buckbeak from execution. Harry realizes he had saved himself and Black previously with a Patronus charm and used it to drive the Dementors away. They successfully free Black, who escapes on Buckbeak. Lupin subsequently resigns, Severus Snape having exposed his secret condition as a werewolf. Harry receives a new Firebolt broomstick from Black."
283995,Guardians of the Galaxy Vol. 2,ok,"In 2014, Peter Quill, Gamora, Drax, Rocket, and Baby Groot are renowned as the Guardians of the Galaxy. High Priestess Ayesha of the Sovereign race has the Guardians protect valuable Anulax batteries from an Abilisk, an inter-dimensional monster, in exchange for Nebula, Gamora's estranged sister, who was caught attempting to steal the batteries. After Rocket steals the batteries for himself, the Sovereign attacks the Guardians' ship with a fleet of drones. A mysterious figure destroys the drones and the Guardians crash-land on nearby planet Berhert. The figure reveals himself as Ego, Quill's father, and he introduces Mantis, his naïve empath servant. Ego invites Quill, Gamora, and Drax to his home planet, while Rocket and Groot remain behind to repair the ship and watch Nebula. Ayesha hires Yondu Udonta and his crew, who have been exiled from the greater Ravager community by Ravager leader Stakar Ogord for child trafficking, to recapture the Guardians. They capture Rocket, but when Yondu hesitates to turn over Quill, whom he raised, his lieutenant Kraglin Obfonteri questions his objectivity, and Taserface, another lieutenant, leads a mutiny, aided by Nebula, who shoots Yondu. Taserface executes Yondu's loyalists, and imprisons him and Rocket aboard Yondu's ship. Nebula leaves to find and kill Gamora, whom she blames for the torture inflicted on her by Thanos, their adoptive father. Kraglin, who is remorseful and never signed up for a mutiny, helps Groot free Rocket and Yondu, and while escaping, the group set the ship to self-destruct using Yondu's arrow. Taserface informs the Sovereign before being killed by the explosion. Ego, a god-like Celestial that manipulated the matter around his consciousness to form his ""home"" planet, explains that he projected a humanoid guise to travel the universe and discover a purpose, eventually falling in love with Quill's mother Meredith. Ego hired Yondu to collect the young Quill after Meredith's death, but the boy was never delivered, and Ego has been searching for him ever since. He teaches Quill to manipulate his inherited Celestial power, while Mantis grows close to Drax and tries to warn him of Ego's plans. Nebula arrives at Ego's planet and tries to kill Gamora, but the pair reconcile and reach an uneasy alliance, soon discovering a cavern filled with skeletal remains. Ego brainwashes Quill and reveals that in his travels, he planted seedlings on thousands of worlds that can xenoform them into new extensions of himself, but only the power of two Celestials can activate them. He adds that he impregnated countless women and hired Yondu to collect their offspring but killed them all when they failed to inherit his Celestial power. When Ego admits that he gave Meredith the brain tumor that killed her, an infuriated Quill breaks out of his brainwashing and violently attacks him. Ego then parasitically draws Quill's energy to activate the seedlings, which begin to consume the worlds on which they are planted. Rocket, Yondu, Groot, and Kraglin arrive, and together with Mantis, Drax, Nebula and Gamora, they rescue Quill. The reunited Guardians travel to Ego's brain at the planet's core, where Yondu reveals that he kept Quill to spare him from Ego. As the Sovereign's drones return and attack, Rocket makes a bomb using the stolen batteries, which Groot plants on Ego's brain. Quill uses his newfound Celestial powers to fight Ego, distracting him long enough for the other Guardians and Mantis to escape. The bomb explodes, killing Ego and disintegrating the planet, but also draining Quill of his Celestial powers. Yondu sacrifices himself to save Quill by letting himself die in the vacuum of space. Despite having reconciled with Gamora, Nebula chooses to leave and resume her quest to kill Thanos. The Guardians, with Mantis as a new member, hold a funeral for Yondu as dozens of Ravager ships arrive, having heard of Yondu's sacrifice and they accept him as a Ravager again. In a series of mid-and post-credit scenes, Kraglin takes up Yondu's telekinetic arrow and control-fin; Stakar reunites with his ex-teammates and fellow Ravager captains; Ayesha creates Adam, a new artificial being with whom she plans to destroy the Guardians;[a] and Groot grows into a teenager.[b]"
68718,Django Unchained,ok,"In 1858 Texas, several male African American slaves are being ""driven"" by the Speck Brothers, Ace and Dicky. Among the shackled slaves is Django, sold off and separated from his wife, Broomhilda. The Speck Brothers are stopped by Dr. King Schultz, a German ex-dentist and bounty hunter from Düsseldorf (then under the Kingdom of Prussia). Schultz asks to buy one of the slaves, but while questioning Django about his knowledge of the Brittle Brothers, for whom Schultz is carrying a warrant, he irritates Ace, who aims his shotgun at Schultz. Schultz quickly kills Ace and leaves Dicky at the mercy of the other newly freed slaves, who kill him. Since Django can identify the Brittle Brothers, Schultz offers Django his freedom in exchange for his help in tracking them down. Django discovers Schultz is a bounty hunter, as Schultz kills an outlaw named Willard Peck, who was posing as the Sheriff in a small town. Schultz and Django then track the Brittle Brothers down, leading them to a plantation in Tennessee. Django shoots dead the first brother, brutally whips the second before shooting him too, while Schultz kills the third brother. After getting out of it by producing the warrant for their capture ""dead or alive"", they then ambush and kill the plantation owner who leads a group of lynchers to murder them in revenge. Django partners with Schultz through the winter and becomes his apprentice, and Schultz discovers Django's natural ability with gunslinging. Schultz explains that, being the first person he has ever given freedom to, he feels responsible for Django and is driven to help him in his quest to rescue Broomhilda. Django, now fully trained, collects his first bounty, keeping the handbill as a good luck charm. In Mississippi, Schultz uncovers the identity of Broomhilda's owner: Calvin Candie, the charming but brutal owner of the Candyland Plantation, where black slaves are forced to fight in wrestling deathmatches called ""Mandingo fights"". Schultz, expecting Candie will not sell Broomhilda if they ask for her directly, plots to feign interest in purchasing one of Candie's prized fighters, offer to purchase Broomhilda on the side for a reasonable sum, then take her and escape before the Mandingo deal is finalized. Schultz and Django meet Candie at his gentleman's club in Greenville and submit their offer. His greed tickled, Candie invites them to Candyland. After secretly briefing Broomhilda on the plan, Schultz claims to be charmed by the German-speaking Broomhilda and offers to buy her after arranging to buy a fighting slave. During dinner, Candie's staunchly loyal head house slave, Stephen, becomes suspicious. Deducing that Django and Broomhilda know each other and that the sale of the Mandingo fighter is just a misdirection, Stephen alerts and privately admonishes Candie on his greed. Candie is humiliated at being fooled by a black man, but he contains his anger long enough to theatrically display his knowledge of phrenology which he uses to justify white superiority and black inferiority. Candie's bodyguard suddenly bursts into the room with his shotgun trained on the two bounty hunters; Candie furiously threatens to kill Broomhilda if Schultz does not pay the complete bid amount, and taunts him by demanding a formal handshake to finalize the deal before he leaves. Tired of his arrogance and angered by his brutality, Schultz fatally shoots Candie with a concealed derringer and his bodyguard kills him in turn. Django grabs the bodyguard's revolver and kills him to avenge Schultz, and after a violent shootout, in which the Candies' lawyer is also killed along with several white overseers, Django is forced to surrender when Broomhilda is taken hostage at gunpoint. The next morning, Stephen tells Django that he will be sold to a mine where he will labor for the rest of his life. En route to the mine, Django proves to his dim-witted Australian escorts that he is a bounty hunter by showing them the handbill from his first kill. He convinces them the outlaws depicted in the bill are in hiding at Candyland (he had already killed them long ago), and promises that they would receive most of the money. The escorts release him and give him a pistol; Django immediately kills them, steals their horses, and leaves for Candyland. Django returns to the plantation and kills the slave trackers to avenge a slave they had torn apart by dogs and to ensure they will not be sent after him. He takes Broomhilda's freedom papers from Schultz's pocket, bidding his friend and mentor a final farewell before freeing Hildi from a nearby cabin. When Candie's mourners return from his burial, Django kills Candie's few remaining henchmen and his sister Lara, releases the two remaining house slaves, and kneecaps Stephen. Django then ignites dynamite that he has planted throughout the mansion. He and Broomhilda watch from a distance as the mansion explodes, killing Stephen, before they ride off into the moonlight together."
10138,Iron Man 2,ok,"In Russia, the media covers Tony Stark's disclosure of his identity as Iron Man. Ivan Vanko, mourning the death of his father Anton Vanko—a former Stark Industries employee, sees this and builds the same miniature arc reactor as Stark's using old Stark Industries blueprints left behind by Anton. Six months later,[b] Tony wants to continue the legacy of his father Howard, and re-institutes the Stark Expo in New York City's Flushing Meadows–Corona Park. He also resists pressure to turn over his armored suits to the government and Stark's rival, Justin Hammer. However, Stark learns that the palladium core in the arc reactor that keeps him alive and powers the armor is slowly poisoning him, and he is unable to find a substitute. Growing increasingly despondent about his impending death, and refusing to tell anyone about his condition, Stark appoints his assistant Pepper Potts as CEO of Stark Industries and promotes Stark employee ""Natalie Rushman"" to replace her as his assistant. Stark competes in the Monaco Historic Grand Prix, where he is attacked in the middle of the race by Vanko, who wields electrified whips powered by his arc reactor. Stark dons his armor and defeats Vanko, but the armor is severely damaged. Vanko explains that he intended to prove to the world that Iron Man is not invincible. Impressed by Vanko's performance, Hammer fakes Vanko's death while breaking him out of prison and asks him to build a line of armored suits to upstage Stark. Vanko decides that unmanned drones are better to eliminate the human factor. During his birthday party, Stark gets drunk while wearing the Iron Man suit. Annoyed by Tony's recklessness, Stark's best friend, U.S. Air Force Lieutenant Colonel James Rhodes, dons Stark's prototype armor and tries to restrain him. The fight ends in a stalemate, and Rhodes confiscates the prototype armor for the U.S. Air Force. Nick Fury, director of S.H.I.E.L.D., approaches Stark. Fury reveals that ""Rushman"" is S.H.I.E.L.D. agent Natasha Romanoff and that Fury personally knew Howard Stark, who was a founder of S.H.I.E.L.D. Fury explains that Vanko's father and Howard invented the arc reactor together, but Howard had Anton deported when the latter tried to sell it. The Soviets then sent Anton to the Gulag. Fury gives Stark some of his father's old material. In a diorama of the 1974 Stark Expo, Stark finds a diagram of the atomic structure of a new element. With the aid of his A.I., J.A.R.V.I.S., Stark determines it can replace his arc reactor's current palladium core, and successfully synthesizes it. When Stark learns that Vanko is still alive, he goes to Hammer's exhibition at the expo. The armored drones are unveiled, with Rhodes – in a heavily weaponized version of the prototype armor, dubbed ""War Machine"" – as their leader. Just as Stark arrives to warn Rhodes, Vanko takes remote control of all the drones and Rhodes's armor and attacks Stark. Hammer is arrested for breaking Vanko out of prison while Romanoff and Stark's bodyguard Happy Hogan infiltrate Hammer's factory. Vanko escapes, but Romanoff gains access to Hammer Industries software and returns control of Rhodes's armor to him. Together, Stark and Rhodes defeat Vanko, who dies by suicide via blowing up his suit and the drones. At a debriefing, Fury informs Stark that because of his difficult personality, S.H.I.E.L.D. intends to use him only as a consultant moving forward. Stark and Rhodes receive medals for their heroism. In a post-credits scene, S.H.I.E.L.D. agent Phil Coulson discovers a large hammer in New Mexico.[c]"
157336,Interstellar (film),ok,"In the near future, humanity faces extinction due to dust storms and widespread crop blights. Joseph Cooper, a widowed former NASA test pilot, works as a farmer and raises his children, Murphy ""Murph"" and Tom, with his father-in-law Donald. Following a dust storm, Cooper and Murph discover that dust patterns in Murph's room, which she had attributed to a ghost, result from a gravitational anomaly. Cooper recognizes the patterns as binary code specifying coordinates, which lead him and Murph to a secret NASA facility headed by Professor John Brand. Brand explains that 48 years earlier, a wormhole appeared near Saturn, apparently placed there by an unknown intelligence, leading to a system in another galaxy with 12 potentially habitable planets located near a black hole named Gargantua. Volunteers of the Lazarus expedition had previously traveled through the wormhole to evaluate the planets, with three—Miller, Mann, and Edmunds—reporting back desirable results. Cooper is enlisted to pilot the Endurance spacecraft through the wormhole as part of a mission to colonize a habitable planet with 5,000 frozen embryos and ensure humanity's survival. Meanwhile, Professor Brand would continue his work on solving a gravity equation whose solution would enable construction of a spacecraft for an exodus from Earth. Cooper accepts against Murph's wishes and promises to return. When she refuses to see him off, he leaves her his wristwatch to compare their relative time when he returns. The crew, consisting of Cooper, robots TARS and CASE, and scientists Amelia Brand (Professor Brand's daughter), Romilly, and Doyle, traverses the wormhole after a two-year voyage to Saturn. Cooper, Doyle, and Brand use a lander to investigate Miller's planet, where time is severely dilated. They land in knee-high water and find only wreckage from Miller's expedition before a gigantic tidal wave kills Doyle and waterlogs the lander's engines. By the time they leave the planet, Cooper and Brand discover that 23 years have elapsed on the Endurance. Having enough fuel left for only one of the remaining planets, Cooper and Romilly decide to go to Mann's planet, despite Brand's protests, as he is still broadcasting. En route, they receive messages from Earth. Cooper watches Tom grow up, marry, and have his first son, who soon passes away, while an adult Murph is now a scientist working on the gravity equation with Professor Brand. On his deathbed, Professor Brand confesses to Murph that the Endurance crew was never meant to return, since a complete solution to the equation was impossible to obtain without measurements from inside a black hole. On Mann's planet, they awaken him from cryostasis, and he assures them that colonization is possible, despite the extreme environment. During a scouting mission, Mann attempts to kill Cooper and reveals that he falsified his data in the hope of being rescued. He steals Cooper's lander and heads for the Endurance. A booby trap set by Mann kills Romilly, but Brand rescues Cooper with the other lander and they race back to the Endurance. Mann is killed in a failed manual docking operation, badly damaging the Endurance, but Cooper is able to regain control of the spacecraft through his own docking maneuver. With insufficient fuel, Cooper and Brand resort to a slingshot around Gargantua, which costs them 51 years due to time dilation. In the process, Cooper and TARS detach in their craft to lighten the Endurance so that Brand and CASE may reach Edmunds' planet. Falling past Gargantua's event horizon, they eject from their craft and find themselves in a tesseract made up of infinite copies of Murph's bedroom across moments in time. Cooper deduces that the tesseract was constructed by advanced humans in the far future, and realizes that he had always been Murph's ""ghost"". Using Morse code, he manipulates the second hand of her wristwatch to transmit the data TARS collected, enabling Murph to complete the gravity equation's solution. The tesseract, its purpose fulfilled, collapses, ejecting Cooper and TARS. Cooper wakes up on a station orbiting Saturn. He reunites with Murph, now elderly and on her deathbed, who tells him to seek out Brand. Cooper and TARS take a spacecraft to rejoin Brand and CASE, who are establishing the human colony on Edmunds' planet."
354912,Coco (2017 film),ok,"In the Mexican town of Santa Cecilia, a young woman named Imelda marries a man who eventually leaves her and their daughter Coco to pursue a music career. When he never returns, Imelda bans music from her family and opens a shoemaking business. Decades later, Imelda's great-great-grandson Miguel lives in the family home with his parents and relatives, including an elderly and ailing Coco. Despite the family's continued ban on music, Miguel secretly loves it and teaches himself to play guitar by watching the VHS documentary of his idol, the late musician Ernesto de la Cruz. On the Day of the Dead, Miguel inadvertently bumps the family ofrenda and breaks a frame containing a photo of Imelda and an infant Coco. He discovers a hidden section of the photograph that shows his great-great-grandfather, whose head has been torn from the photo, holding Ernesto's famous guitar. Believing this proves Ernesto is his relative, Miguel excitedly tells his family about his musical aspirations. In response, Miguel's grandmother, Elena, destroys his guitar, causing him to shun his family. Miguel breaks into Ernesto's mausoleum and takes his guitar to use in a local talent competition. Once Miguel strums it, he becomes invisible to all living people. However, he can interact with his skeletal dead relatives, who are visiting from the Land of the Dead for the holiday. Taking him back with them, they realize Imelda cannot visit since Miguel removed her photo from the ofrenda. Miguel also discovers that he has been cursed for stealing from the dead: he must receive a family blessing to return to the living world before sunrise or he will remain in the Land of the Dead forever. Imelda offers him a blessing on the condition that he abandons music, but Miguel refuses and seeks Ernesto's blessing instead. Miguel encounters Héctor, a down-on-his-luck skeleton who once performed with Ernesto. Héctor offers to bring Miguel to Ernesto in exchange for Miguel placing his photo on an ofrenda so he can visit his daughter before she forgets him, which would cause him to fade from existence.[13] Héctor helps Miguel perform in a talent competition to win entry to Ernesto's mansion, but Miguel flees after being discovered by his family. Miguel sneaks into Ernesto's mansion and is welcomed by a surprised Ernesto, but Héctor appears and accuses Ernesto of stealing his songs. As the two argue, Miguel slowly pieces together the truth: Ernesto and Héctor were once a musical act on the brink of fame until Héctor grew homesick and tried to leave. Unable to write songs himself, Ernesto poisoned Héctor and stole his guitar and songs to pass off as his own. To protect his legacy, Ernesto seizes Héctor's photo and has Miguel and Héctor thrown into a cenote pit. There, Héctor reveals that his daughter is named Coco, thus making him Miguel's actual great-great-grandfather. After being rescued by his family, Miguel reveals the truth about Héctor's death, and Imelda, though she is angry at Héctor, agrees to help him. The family infiltrates Ernesto's concert to retrieve Héctor's photo. Ernesto's crimes are exposed to the audience, who quickly turn on him, and he is crushed by a falling bell, mirroring his fate in real life, although Héctor's photograph is lost in the chaos. As the sun rises, Imelda and a fading Héctor unconditionally bless Miguel and return him to the living world. Back home, Miguel plays ""Remember Me"" on Héctor's guitar, brightening Coco to sing with him. She shares that she kept the torn piece of the photo with Héctor's face, then tells her family stories about her father, preserving his memory and existence in the Land of the Dead. Miguel reconciles with his family and their ban on music is finally lifted. One year later, Miguel shows his new baby sister the family ofrenda, now displaying photos of Héctor and a recently deceased Coco, while Coco's collected letters from Héctor prove Ernesto's theft of his songs, leading to Ernesto's disgrace and Héctor's rightful recognition. In the Land of the Dead, Héctor joins Imelda, Coco, and their family to visit the living world. Miguel performs a heartfelt song for both his living and dead relatives."
22,Pirates of the Caribbean: The Curse of the Black Pearl,ok,"In the early 18th century, Governor Weatherby Swann and his daughter Elizabeth sail aboard HMS Dauntless, captained by Lieutenant Norrington. They encounter a shipwreck and rescue a boy, Will Turner. Elizabeth notices a gold medallion around Will's neck and takes it while he is unconscious, before seeing a ghostly ship sailing away. Eight years later in Port Royal, Jamaica, Captain Norrington is being promoted to commodore while Will works as a blacksmith. A pirate captain named Jack Sparrow arrives in Port Royal seeking a ship. Norrington proposes to Elizabeth atop a cliff, but she faints and falls into the ocean due to her tight-fitting corset, causing the medallion she is carrying to emit a pulse. Jack rescues Elizabeth and discovers the medallion. Governor Swann orders Jack's execution after he is identified as a pirate, but Jack flees into Will's smithy, where he is caught after Will duels him to a stalemate. That night, Port Royal is attacked by the pirate crew of the Black Pearl, who are searching for the medallion. They take Elizabeth hostage to meet Captain Barbossa after she identifies herself as ""Elizabeth Turner"". Barbossa explains that the medallion is one of 882 cursed gold pieces used to bribe Hernán Cortés to stop his slaughter of the Aztecs. After finding and stealing the cursed gold at Isla de Muerta, the crew became undead skeletons who cannot feel pleasure or pain. To lift the curse, the crew must return all the gold with an offering of blood from each member, but one piece belonging to ""Bootstrap"" Bill Turner, a crew member thrown overboard after the theft, is missing. Believing Elizabeth to be Bootstrap's daughter, Barbossa intends to use her blood for the ritual. Intent on rescuing Elizabeth, Will frees Jack and they steal the HMS Interceptor. They escape to Tortuga to recruit a crew from Joshamee Gibbs, who reveals Jack as the previous captain of the Black Pearl, whom Barbossa mutinied against and marooned on a deserted island. On Isla de Muerta, they sneak into the treasure grotto where Barbossa fails to lift the curse using Elizabeth's blood. Will and Elizabeth escape with the medallion, but Jack is captured and imprisoned on the Pearl, which pursues the Interceptor. Elizabeth informs Will of his true parentage. The Pearl destroys the Interceptor, with the crew captured by the pirates. Will surrenders to save Elizabeth, but threatens to kill himself unless she and the crew are left unharmed. Barbossa imprisons the crew and maroons Jack and Elizabeth on the same island that Jack was previously exiled to. Jack reveals that the island was used as a smuggling cache for rum runners, who rescued him after only three days. Elizabeth signals for help using a bonfire fueled by the rum, leading the Royal Navy to rescue them. She agrees to marry Norrington if he saves Will from Barbossa. Jack and Norrington concoct a plan to ambush the pirates at Isla de Muerta, but Jack reveals himself to the pirates and convinces Barbossa to delay lifting the curse until after killing Norrington's men. After Barbossa's crew leaves, Jack frees Will and attacks Barbossa, having surreptitiously pocketed a medallion to give himself immortality. Elizabeth frees Jack's crew on the Pearl, but they sail away without her. Jack shoots Barbossa just as Will returns his and Jack's medallions to the chest with their blood, breaking the curse and killing Barbossa. The remaining pirates are defeated by the Navy. At Port Royal, where Jack is to be hanged for his crimes, Will declares his love for Elizabeth before rescuing Jack. Jack and Will are surrounded by Norrington's soldiers, but Elizabeth joins Will, forcing Governor Swann to order the soldiers to stand down. Jack falls into the sea and is picked up by the Black Pearl. Norrington accepts that Elizabeth loves Will, and gives Jack a head start before pursuing him. Governor Swann gives his blessing to Will and Elizabeth, while Jack becomes captain of the Pearl. In a post-credits scene, Jack, Barbossa's pet monkey, climbs onto the chest of gold in the cave on Isla de Muerta and takes a coin from it, becoming undead once more."
603,The Matrix,ok,"In an unnamed city in 1999, Thomas Anderson, a computer programmer known as ""Neo"" in hacking circles, investigates the mystery of the ""Matrix"", bringing him to the attention of hacker Trinity. She tells him that Morpheus can answer Neo's questions. At his workplace, Neo is pursued by Agents led by Agent Smith, while Morpheus, able to somehow observe their movements, guides him by phone, but Neo ultimately surrenders. The Agents interrogate Neo about Morpheus, but he refuses to cooperate. In response, they seal his mouth shut and implant a robotic tracking device in his abdomen. Neo awakens at home, believing the encounter was a nightmare until Trinity and her companions remove the device and take him to Morpheus. Morpheus offers Neo a choice: a red pill to uncover the truth about the Matrix or a blue pill to return to his normal life. Neo takes the red pill and awakens in the real world, submerged in a mechanical pod and connected to invasive cables. He sees countless humans similarly encased and tended by machines before he is ejected from the building and rescued by Morpheus aboard the hovercraft Nebuchadnezzar. Morpheus explains that the year is approximately 2199. In the 21st century, humanity lost a war against its artificially intelligent creations, leaving Earth a devastated ruin. Humans blackened the sky to deprive the machines of solar power, but the machines retaliated by creating vast fields of artificially grown humans, harvesting their bioelectric energy. To pacify their captives, they built the Matrix, a simulated reality modeled on human civilization at its peak. The remaining free humans founded an underground refuge called Zion, surviving on scarce resources. Morpheus and his crew hack into the Matrix to liberate others, exploiting its rules to gain superhuman abilities inside it. Even so, they remain outmatched by the Agents—sentient programs that protect the system—and death in the Matrix means death in the real world. Morpheus freed Neo because he believed him to be ""the One"", a prophesied figure destined to free humanity. The crew enters the Matrix to seek guidance from the Oracle, who foretold of the One. She implies that Neo is not the One and warns him of an imminent choice between his life and Morpheus's. The crew is ambushed by Agents after being betrayed by Cypher, a disillusioned crew member who longs to return to the virtual comforts of the Matrix. Convinced of Neo's importance, Morpheus sacrifices himself to confront Smith and is captured. Meanwhile, Cypher exits the Matrix and begins disconnecting the others, killing them. Before he can kill Neo and Trinity, he is killed by Tank, a wounded crew member, who extracts the survivors. Smith interrogates Morpheus to obtain access codes for Zion's mainframe, which would enable the machines to destroy the human resistance. Determined to rescue Morpheus, Neo re-enters the Matrix with Trinity. They free Morpheus, who escapes the Matrix with Trinity, but Smith intercepts Neo. Realizing his potential, Neo fights Smith as an equal and kills him. However, Smith is resurrected in a new body and kills Neo. In the real world, machines called Sentinels attack the Nebuchadnezzar. Standing by Neo's body, Trinity confesses her love for him and reveals that the Oracle prophesied she would fall in love with the One. In the Matrix, Neo revives with the ability to perceive and manipulate its code. He effortlessly destroys Smith and escapes the Matrix just as the Nebuchadnezzar's electromagnetic pulse disables the Sentinels. Later, within the Matrix, Neo communicates with the system, vowing to show humanity a world of limitless possibilities, before flying away."
475557,Joker (2019 film),ok,"In 1981, Arthur Fleck is a party clown and aspiring stand-up comedian who lives with his mother, Penny, in crime-ridden Gotham City. He suffers from a neurological disorder that causes him to have random, uncontrollable laughing fits, for which he takes medication that he obtains through the city's social services program. After Arthur is attacked by street youths while on the job, his co-worker Randall gives him a revolver to defend himself. Arthur pursues a relationship with his neighbor, single mother Sophie Dumond, and invites her to see his routine at a comedy club. Later, while performing at a children's hospital, Arthur's gun accidentally falls out of his pocket, resulting in him getting fired. While riding home on the subway and still wearing his clown make-up, he is mocked and assaulted by three drunk employees from Wayne Investments. He fatally shoots two of them in self-defense and murders the third as he attempts to flee. Their employer, billionaire mayoral candidate Thomas Wayne, condemns the killings, but supporters begin sporting clown masks in Arthur's image. Budget cuts shut down the social services program, leaving Arthur without his medication. Sophie attends Arthur's stand-up routine, which fails due to his disorder and his jokes falling flat. Arthur intercepts a letter from Penny to Thomas indicating that he is Thomas's illegitimate son, and berates his mother for hiding the truth of his parentage. He goes to Wayne Manor, where he meets Thomas's young son Bruce, but flees after a scuffle with family butler Alfred Pennyworth. Penny suffers a stroke after being questioned by two detectives investigating Arthur's involvement in the subway murders, and is hospitalized. Arthur's idol, popular late-night talk show host Murray Franklin, presents clips of Arthur's failed performance on his show and mockingly calls him a ""joker"", much to Arthur's distress. Arthur confronts Thomas at a movie theater. Thomas denies being his father, claiming that Penny also is not his biological mother. Arthur visits Arkham State Hospital and reads Penny's file, which states she was a delusional narcissist who adopted Arthur while working as a housekeeper for the Waynes. She developed an imaginary intimate relationship with Thomas, which included Arthur being their biological son. At the same time, Penny raised Arthur with a boyfriend who physically and sexually abused them, leading to his neurological disorder. A distraught Arthur enters Sophie's apartment unannounced. Frightened, she kindly asks him to leave, revealing their relationship to be a figment of Arthur's imagination. The following day, Arthur smothers Penny with a pillow at the hospital. Arthur is invited onto Murray's show and prepares by crafting a clown-themed persona. He is visited by Randall and another ex-colleague, Gary. Arthur fatally stabs and beats Randall, but spares Gary for being kind to him in the past. The detectives investigating Arthur pursue him onto a train filled with clown protesters. Arthur incites a brawl, during which one detective accidentally shoots and kills a protester. The other protesters, in turn, beat the detectives while Arthur escapes. At the studio, Arthur asks Murray to introduce him as ""Joker"", a reference to his earlier mockery. As the show broadcasts live, Arthur tells morbid jokes, confesses to the subway murders, rants about societal neglect of the downtrodden, and berates Murray for ridiculing him. After a final joke, Arthur shoots Murray in the head, killing him. Arthur is arrested, and riots erupt across the city. Looters in an ambulance crash into the police car carrying Arthur and free him. Meanwhile, one rioter corners the Wayne family in an alley and murders Thomas and his wife Martha in front of Bruce. Arthur stands atop the police car, dances to the cheers of the crowd, and smears the blood on his face into a smile. Sometime later at Arkham, Arthur laughs to himself about a joke during a session with his new therapist. He declines telling it to her, claiming she would not understand it. He leaves behind a trail of bloodied shoeprints as an orderly chases him down."
263115,Logan (film),ok,"In 2029, no mutants have been born in 25 years, and an aging Logan suffers as his healing ability is failing, slowly poisoned by his adamantium skeletal grafts. Working as a limousine driver in El Paso, Texas, he and the mutant tracker Caliban take care of the elderly Charles Xavier, in an abandoned smelting plant in northern Mexico. Xavier has dementia that causes him to have destructive telepathic seizures, one of which killed several of the X-Men years prior. Logan reluctantly agrees to escort Gabriela López, a former nurse for biotechnology corporation Alkali-Transigen, and a young girl named Laura to Eden, a supposed refuge near the American-Canadian border, but finds Gabriela dead. Upon returning to the plant, Logan is confronted by Donald Pierce, Transigen's cyborg chief of security, who had killed Gabriela and was looking for Laura, who had stowed away in the back of Logan's limo and has powers similar to his. She, Logan, and Xavier escape from Pierce and his Reavers, but Caliban is captured. Pierce tortures Caliban into tracking Laura. Xavier and Logan watch a video on Gabriela's phone, revealing that Transigen created Laura and other children from mutant DNA to become weapons. The children proved challenging to control and were to be executed, but Gabriela and other nurses helped some escape. Xavier reveals to Logan that Laura was created from Logan's DNA and calls her Logan's daughter. In Oklahoma City, Logan discovers that Eden appears in Laura's X-Men comic and tells her it is fictional. The Reavers arrive, but Xavier has a seizure that incapacitates everyone except Logan and Laura, who kill the mercenaries and injects Xavier with levetiracetam. As they flee, Dr. Zander Rice, the head of Transigen, arrives to help Pierce. Logan, Laura, and Xavier help farmer Will Munson and his family after a traffic incident, accepting an offer of dinner at their home, where Logan drives off enforcers from a corporate farm. Rice unleashes X-24, a violent, mindless feral clone of Logan in his prime created as Transigen's ultimate weapon. X-24 kills Xavier and Will's family before capturing Laura. Caliban sets off grenades, killing himself and several Reavers but only injuring Pierce. Logan is outmatched by X-24, but Will pins X-24 with his truck before dying from his injuries. Logan and Laura escape with Xavier's body. After burying Xavier, Logan passes out. Laura takes him to a doctor, where he partially recovers.  Logan insists that the site in North Dakota is not Eden, but Laura does not relent and Logan accepts to take her there. They find Rictor and other Transigen children preparing to cross into Canada. Laura finds an adamantium bullet that Logan has kept since he escaped from the Weapon X facility, which he once considered using to commit suicide. Logan decides not to accompany them, to Laura's dismay. When the Reavers ambush the children, Logan takes an overdose of a serum given to him by Rictor that temporarily enhances his healing abilities and boosts his strength. With Laura's help, he slaughters most of the Reavers before the serum wears off. As Pierce holds Rictor at gunpoint, Rice tells Logan, who killed Rice's father years ago at the Weapon X facility, that no new mutants have been born in the USA due to genetically engineered crops created by Transigen and distributed through the food supply. Logan, having found a gun, shoots Rice dead and injures Pierce. X-24 fights Logan as the children combine their powers to kill Pierce and the remaining Reavers. Rictor uses his powers to flip a truck onto X-24, but X-24 frees himself and impales Logan on a large tree branch, mortally wounding him. Laura loads Logan's revolver with the adamantium bullet and shoots X-24 in the head, killing him. Near death, Logan tells Laura not to become the weapon she was made to be, and after she tearfully acknowledges him as her father, Logan dies peacefully in Laura's arms. She and the children bury Logan, with Laura reciting as his eulogy the closing speech from Shane, which Logan, Xavier, and she had watched in the Oklahoma City hotel. Before the children depart, Laura tilts the Cross on his grave marker to create an ""X""."
37165,The Truman Show,ok,"Selected at birth and legally adopted by a television studio following an unwanted pregnancy, Truman Burbank is the unsuspecting star of The Truman Show, a reality television program filmed and broadcast worldwide, 24/7, through hidden cameras. Truman's hometown, Seahaven Island, is set inside an enormous soundstage in Los Angeles, which allows Christof, the show's creator and executive producer, to control nearly all aspects of Truman's life. Truman's world is populated by actors and crew members who serve as his community while keeping him from discovering the truth. To prevent Truman from escaping, Christof has orchestrated various scenarios such as the ""death"" of Truman's father in a boating accident to instill thalassophobia, and has the cast reinforce Truman's anxieties with messages about the dangers of traveling and the virtues of staying home. Though the producers intend for Truman to fall in love with and marry a woman named Meryl, he develops feelings for an extra named Sylvia. Sympathetic to Truman's plight, Sylvia tries to tell him the truth, but is promptly fired and removed from the set. Truman marries Meryl, but their relationship is stilted and passionless, and he continues to dream of traveling to Fiji, where he was told Sylvia had moved, and living a happy life with her. In the real world, Sylvia joins ""Free Truman"", an activist group that calls for Truman's liberation from the show. As the show approaches its thirtieth anniversary, Truman notices unusual occurrences such as a stage light falling from the sky; an isolated patch of rain that falls only over him; a radio transmission describing his movements; and the reappearance of his father, who is rushed away by crew members and put on a bus before Truman can confront him. Inferring that the city somehow revolves around him, Truman questions his life and asks his closest confidants to help him solve the mystery. Truman's suspicions culminate in an attempt to escape the island, but increasingly implausible occurrences block his path. Eventually, he is caught and returned home under a flimsy pretext. There, he confronts Meryl and challenges the sincerity of their marriage. As he holds her at knifepoint, Meryl breaks character to call for help and is removed from the show. Hoping to bring Truman back to a controllable state, Christof reintroduces his father to the show under the guise of him having developed amnesia following the accident. The show regains its ratings, and Truman seems to return to his routines. One night, however, Christof discovers that Truman has begun sleeping in his basement. Disturbed by this change in behavior, Christof sends Truman's best friend Marlon to visit and discovers that Truman has disappeared through a makeshift tunnel. Christof suspends the broadcast for the first time in its history, leading to record viewing numbers. Truman is found sailing away from Seahaven, having conquered his fear of water. Christof resumes the transmission and, unable to fetch Truman by rescue boat, creates a violent storm in an attempt to capsize Truman's boat, ignoring the protests of the executive producers and his assistants. Truman nearly drowns but continues to sail until his boat strikes the wall of the soundstage. He finds a staircase leading to an exit door. As Truman contemplates leaving, Christof speaks to him, revealing the truth about the show and encouraging him to stay by claiming that there is no more truth in the real world than in his artificial one. Truman utters his catchphrase—""In case I don't see ya, good afternoon, good evening, and good night""—before bowing to the audience and exiting. Sylvia races to greet him as the executive producers end the program with a shot of the open exit door, leaving Christof devastated. Viewers around the world celebrate Truman's escape, before quickly becoming bored and switching to the other TV channels."
121,The Lord of the Rings: The Two Towers,ok,"Awakening from a dream of Gandalf fighting the Balrog in Moria,[a] Frodo Baggins finds himself, along with Samwise Gamgee, lost in the Emyn Muil near Mordor. They discover they are being pursued by Gollum, a former bearer of the One Ring. Capturing Gollum, Frodo takes pity and allows him to guide them into Mordor, despite Sam's reservations. Aragorn, Legolas, and Gimli pursue a band of Uruk-hai to save their companions Merry and Pippin, entering the kingdom of Rohan. The Uruk-hai are ambushed by a group of Rohirrim, allowing Merry and Pippin to escape into Fangorn Forest. Meeting Aragorn's group, Rohirrim leader Éomer explains that he has been exiled with his men by Rohan's king, Théoden, who is under the control of Saruman and his servant Gríma Wormtongue. Éomer believes Merry and Pippin were killed during the raid but leaves the group with two horses. In Fangorn, Aragorn's group confronts Gandalf, who, after killing the Balrog at the cost of his own life, was revived to help save Middle-earth. Gandalf leads the trio to Rohan's capital, Edoras, and frees Théoden from Saruman's control. Aragorn stops Théoden from executing Wormtongue, who flees. Théoden evacuates the citizens to Helm's Deep as Saruman sends an army of Uruk-hai to intercept them. Gandalf seeks Éomer and his followers to urge them to support their king. Aragorn connects with Théoden's niece, Éowyn, who becomes infatuated with him. When Saruman's Warg-riding Orcs attack the refugees, Aragorn falls and is presumed dead, but he has visions of Arwen before being found by his horse, Brego. He rides to Helm's Deep as Saruman's army approaches the fortress. In Rivendell, Arwen is told by her father, Elrond, that Aragorn will not come back. He reminds her that if she remains in Middle-earth, she will outlive Aragorn by thousands of years, and she reluctantly departs for Valinor. Elrond is contacted by Galadriel of Lothlórien, who convinces him that the Elves should honour their alliance to men, and they dispatch a company of Elves to Helm's Deep. In Fangorn, Merry and Pippin meet Treebeard, an Ent. Convincing Treebeard that they are allies, they are brought to an Ent council, where the Ents decide not to participate in the coming war. Pippin asks Treebeard to take them toward Isengard, where they witness the deforestation caused by Saruman's war effort. Enraged, Treebeard and the Ents storm Isengard, flooding the deforestation operations and trapping Saruman in his tower. Aragorn arrives at Helm's Deep, warning Théoden of Saruman's army. Théoden prepares for battle despite being outnumbered. A company of Lothlorien Elves arrives to aid Rohan just before the attack. The Uruk-hai breach the outer wall with explosives and kill the Elves' commander, Haldir, in the charge. The defenders retreat to the keep, where Aragorn convinces Théoden to make a final charge. At dawn, Gandalf and Éomer arrive with the Rohirrim, turning the tide of battle. Gandalf warns Sauron will retaliate. Gollum leads Frodo and Sam to the Black Gate but recommends they enter Mordor by another route. Frodo and Sam are captured by Rangers led by Faramir, younger brother of the late Boromir. Frodo helps Faramir catch Gollum to save him from being killed by the Rangers. Learning of the One Ring, Faramir takes his captives to Gondor to bring the Ring to his father, Denethor. As they pass through the besieged city of Osgiliath, Sam warns Faramir that Boromir was driven mad by the Ring's power. A Nazgûl nearly captures Frodo, but Sam saves him and reminds a disheartened Frodo that they are fighting for the good still left in Middle-earth. Impressed by Frodo's resolve, Faramir releases them. Feeling betrayed by his capture, Gollum decides he will reclaim the Ring by leading Frodo and Sam to ""her"" upon arriving at Cirith Ungol."
299536,Avengers: Infinity War,ok,"Having acquired the Power Stone—one of six Infinity Stones—from the planet Xandar, Thanos and his lieutenants—Ebony Maw, Cull Obsidian, Proxima Midnight, and Corvus Glaive—intercept the spaceship carrying the survivors of Asgard's destruction.[a] After subduing Thor, Thanos extracts the Space Stone from the Tesseract, overpowers the Hulk, kills Loki, and fatally wounds Heimdall. Before dying, Heimdall sends Hulk to Earth using the Bifröst. Thanos and his lieutenants leave, destroying the ship. Hulk crash-lands in the Sanctum Sanctorum in New York City, reverting to the form of Bruce Banner. He warns Stephen Strange and Wong about Thanos's plan to destroy half of all life in the universe, and they recruit Tony Stark. Maw and Obsidian arrive to retrieve the Time Stone from Strange, drawing Peter Parker's attention. Maw, unable to take the Time Stone due to Strange's enchantment, captures him. Stark and Parker sneak aboard Maw's spaceship while Wong stays behind to guard the Sanctum. The Guardians of the Galaxy respond to the Asgardian ship's distress call and rescue Thor. Thor surmises that Thanos is after the Reality Stone, which Taneleer Tivan possesses on Knowhere. He travels with Rocket and Groot to Nidavellir to enlist the dwarf king Eitri's aid in creating the battle-axe Stormbreaker. Peter Quill, Gamora, Drax, and Mantis travel to Knowhere, finding Thanos already has the Reality Stone. Thanos kidnaps Gamora, who discloses the Soul Stone's location to save Nebula from torture. On Vormir, the Stone's keeper, Red Skull, tells Thanos that he can only acquire it by sacrificing someone he loves. Thanos sacrifices Gamora, earning the Stone. Midnight and Glaive ambush Wanda Maximoff and Vision in Edinburgh to retrieve the Mind Stone, which is in Vision's forehead. Steve Rogers, Natasha Romanoff, and Sam Wilson rescue them and they take shelter with James Rhodes and Banner at the Avengers Compound. Vision asks Wanda to destroy him and the Mind Stone to keep it from Thanos, but she refuses. The group travels to Wakanda, which Rogers believes has the resources to remove the Stone without killing Vision. Nebula escapes captivity and asks the remaining Guardians to meet her on Thanos's destroyed homeworld, Titan. Stark and Parker kill Maw and rescue Strange. The trio crash-lands on Titan, where they meet Quill, Drax, and Mantis. Using the Time Stone, Strange views millions of possible futures, seeing only one in which the Avengers win. The group formulates a plan to subdue Thanos and remove the Infinity Gauntlet, with which he safely houses and wields the Stones. Thanos appears, justifying his plans as necessary to guarantee the survival of an overpopulated universe. Nebula arrives soon after and helps the others subdue Thanos, but deduces that Thanos has killed Gamora. Enraged, Quill attacks Thanos, allowing him to break the group's hold and overpower them. Thanos grievously wounds Stark, but Strange offers the Time Stone in exchange for sparing Stark's life. In Wakanda, Rogers reunites with Bucky Barnes before Thanos' army invades. The Avengers, along with T'Challa and the Wakandan forces, mount a defense while Shuri works to extract the Mind Stone from Vision. Unable to summon the Hulk, Banner fights in Stark's Hulkbuster armor. Thor, Rocket, and Groot arrive to reinforce the Avengers. Together they kill Midnight, Obsidian, and Glaive, and rout Thanos's army. Shuri cannot complete the extraction before Thanos arrives on the field; the Avengers and their allies fail to stop him from reaching Vision. Vision convinces a reluctant Wanda to destroy him and the Mind Stone, but Thanos uses the Time Stone to reverse her actions, rip the stone from Vision's forehead, and complete the Gauntlet. Thor severely wounds Thanos with Stormbreaker, but Thanos activates the completed Gauntlet by snapping his fingers before teleporting away. Half of all life across the universe disintegrates, including Barnes, T'Challa, Groot, Wanda, Wilson, Mantis, Drax, Quill, Strange, Parker, Maria Hill, and Nick Fury, the last of whom sends an emergency signal on a modified pager before disintegrating.[b] Stark and Nebula remain stranded on Titan while Banner, M'Baku, Okoye, Rhodes, Rocket, Rogers, Romanoff, and Thor are left on the Wakandan battlefield. Meanwhile, Thanos watches a sunrise on a remote planet."
674,Harry Potter and the Goblet of Fire (film),ok,"Harry Potter has a nightmare in which a Muggle caretaker named Frank Bryce is murdered at the Riddle House after overhearing a plot by Lord Voldemort, Peter Pettigrew, and another man whom Harry does not recognise. The following morning, Harry attends the Quidditch World Cup with the Weasleys, Hermione Granger, Cedric Diggory and his father Amos. That night, Death Eaters attack the campsite after the tournament and the unknown man from Harry's nightmare casts the Dark Mark. At Hogwarts, Professor Dumbledore announces that the school will host the Triwizard Tournament along with the Durmstrang Institute and the Beauxbatons Academy. One student from each school will be chosen by the Goblet of Fire to participate; students under the age of seventeen are ineligible. The Goblet selects Fleur Delacour for Beauxbatons, Viktor Krum for Durmstrang, and Cedric for Hogwarts. It then chooses Harry as a fourth Champion, leading to much confusion. Many students believe Harry cheated, and Ron distances himself from him, hurt that Harry did not tell him when he allegedly entered. Harry is forced to compete due to a magical binding contract when a Champion's name was selected. For the first task, the Champions must retrieve an egg by getting past a dragon. Professor Alastor Moody, the new Defence Against the Dark Arts teacher, hints that Harry can use his wand to summon his broomstick. All four Champions collect their eggs. Ron reconciles with Harry after witnessing how perilous the first task was. On Christmas Eve, the school hosts the Yule Ball, but Harry and Ron could not attend with their preferred dates and instead go with Parvati and Padma Patil, respectively; Hermione goes with Viktor, provoking Ron's jealousy. Cedric advises Harry to use the Prefects' bathroom on the fifth floor of Hogwarts, take a bath, and submerge the egg in the water to find the second clue. For the second task, the Champions must rescue somebody of value to them from the Black Lake: Harry has to save Ron, Cedric has to save his girlfriend, Cho Chang, Viktor has to rescue Hermione, and Fleur has to save her sister, Gabrielle. Neville Longbottom gives Harry gillyweed to help him breathe underwater. Cedric comes in first, and Harry is awarded second place after he saves not only Ron, but also Gabrielle, after Fleur had withdrawn from the task. Harry later finds the lifeless body of Bartemius Crouch, a Ministry of Magic official, in the Forbidden Forest. In Dumbledore's office, he enters a Pensieve. He witnesses the questioning of Igor Karkaroff, current headmaster of Durmstrang, by Bartemius Crouch. Karkaroff is asked to name those who served Voldemort. He names Severus Snape, but Dumbledore vouches for Snape. Karkaroff then names Barty Crouch Jr. Harry recognises Barty Jr. from his nightmare. For the third task, the Champions must navigate a maze to reach the Triwizard Cup. Harry and Cedric reach the Cup only to discover it is a Portkey that transports them to the graveyard from Harry's dream. Pettigrew kills Cedric on Voldemort's orders. He then uses Harry's blood to fully restore Voldemort. Lucius Malfoy and the Death Eaters arrive and are punished by Voldemort, while Pettigrew is rewarded. Voldemort tortures Harry and attempts to use the Killing Curse on him but as it clashes with Harry's spell, the ghosts of Voldemort's previous victims: Cedric, Frank, and Harry's parents Lily and James appear, distracting Voldemort long enough for Harry to use the Cup to return to Hogwarts with Cedric's body. Harry informs Dumbledore of Cedric's murder and Voldemort's return. Harry is escorted by Moody to his office where he learns that Moody put his name into the Goblet and was guiding him to ensure the return of Voldemort. Just as Moody is about to kill Harry, Dumbledore, Snape, and Minerva McGonagall subdue Moody. Using Veritaserum, they learn that they have caught Barty Crouch Jr., who was impersonating Moody using Polyjuice Potion; the real Moody is imprisoned in a magical trunk. At a memorial ceremony, Dumbledore announces that Voldemort murdered Cedric, although the Ministry denies these claims. Harry informs Dumbledore of his encounter with Voldemort, which Dumbledore describes as Priori Incantatem. The three schools bid farewell, with Harry, Ron, and Hermione agreeing that everything will change."
106646,The Wolf of Wall Street (2013 film),ok,"In 1987, twenty-two-year-old Jordan Belfort becomes a Wall Street stockbroker for L.F. Rothschild, employed under Mark Hanna. Quickly enticed by the drug-fueled stockbroker culture, he learns that their goal is to make themselves rich. Jordan loses his job following Black Monday, the largest one-day stock market drop since the crash of 1929, and joins Investor's Center, a boiler room brokerage on Long Island, specializing in pink sheet penny stocks. He makes a small fortune thanks to his aggressive pitching style and high commissions. Befriending neighbor Donnie Azoff, Jordan and he start their own boiler room brokerage. Jordan's childhood friends Robbie Feinberg, Alden Kupferburg, Nicky Koskoff, Chester Ming, and Toby Welch are recruited as well as drug pusher Brad Bodnick. Jordan trains them on the ""hard sell."" Jordan's tactics and salesmanship make his pump and dump scheme successful. To cloak this, Jordan gives the firm the respectable-sounding name of Stratton Oakmont in 1989. Soon after, the company becomes immensely successful, moving out of the auto repair shop into a bigger office. An exposé in Forbes which dubs Jordan ""The Wolf of Wall Street"" – ""a sort of twisted Robin Hood who takes from the rich and gives to himself and his merry band of brokers""— initially enrages Belfort until it causes hundreds of ambitious young financiers to flock to the company, thus causing them to move into even bigger offices. Jordan becomes immensely wealthy, and slides into a decadent lifestyle of prostitutes and drugs. He has an affair with lingerie designer Naomi Lapaglia; when his wife Teresa finds out, Jordan divorces her and marries Naomi in 1991. Meanwhile, the SEC and the FBI begin investigating Stratton Oakmont. In 1993, Jordan illegally makes $22 million in three hours after securing the IPO of Steve Madden, Ltd., founded by Donnie's childhood friend and women's shoes designer Steve Madden, bringing him and his firm further FBI attention. Jordan tries to bribe agent Denham but fails, prompting him to seek a safe place for the money. He opens a Swiss bank account with corrupt banker Jean-Jacques Saurel, in the name of Naomi's aunt Emma, a British citizen who is outside the immediate reach of American authorities. He uses Brad's Swiss-Slovenian wife Chantalle and her family, who have Swiss passports, to smuggle the cash into Switzerland. Donnie and Brad get into a heated argument in public during a money exchange, resulting in Brad's arrest as Donnie escapes. Donnie informs Jordan that he has come upon some ""Lemmon 714"" quaaludes, which the latter refers to as ""the holy grail"" of drugs. The two take the pills at Belfort's home, but they have no effect. They assume that they have expired, and wind up taking the rest of their supply. Jordan's private investigator Bo Dietl calls him and tells him he needs to talk to him on a payphone. Jordan drives to a local country club and calls Bo, who informs him that the FBI is wiretapping his phones. While talking with Bo, the quaaludes kick in, and Jordan becomes extremely inebriated, struggling to get home in his Lamborghini Countach. When he gets home, he finds Donnie talking on the phone, and nearly strangles him with the phone cord. Donnie chokes on some meat; Jordan ingests cocaine to counteract the quaaludes and gives him the Heimlich maneuver. The next day, the police arrive and inform Jordan that his car has been trashed. Jordan's father Max advises him to leave Stratton Oakmont and lie low while Jordan's lawyer negotiates a deal to keep him out of prison. In the midst of his farewell speech, Jordan cannot bear to quit and talks himself into staying, to the relief of his friends and employees, and the dismay of his father. In 1996, Jordan, Donnie, and their wives are on a yacht trip to Italy, when they learn that Emma has died. Fearing for the money he left under her name in a Swiss account, Jordan announces that they will chart a course to Switzerland to forge her name on a document and save the account before going to London for the funeral. To bypass the border patrols, he orders his yacht captain Ted to sail to Monaco, but their ship capsizes in a storm. After their rescue, the plane sent to take them to Geneva is destroyed when a seagull flies into the engine; Jordan takes this as a sign from God to address his worsening drug addiction and attempts to sober up. In 1998, Saurel and Koskoff are arrested for an unrelated crime, the former informing the FBI about Jordan as part of a plea bargain. Since the evidence against him is overwhelming, Jordan agrees to gather evidence from the rest of his colleagues in exchange for leniency. Now fully disgusted with Jordan's lifestyle, Naomi tells him that she is divorcing him, and is taking full custody of their children, causing Jordan to angrily punch her,  relapse on cocaine, and tries to drive away with their daughter, but crashes his car in the driveway. Later, Jordan wears a wire to work but slips a note to Donnie, warning him. The note is found by the FBI, who arrest Jordan, then raid and shut down Stratton Oakmont. Despite breaching his deal, Jordan receives a reduced sentence of 36 months in a minimum security prison for his testimony, and is released in 2000 after serving 22 months. After his release, Jordan makes a living hosting seminars on sales techniques, using the same test he used with his founding partners at his firm."
259316,Fantastic Beasts and Where to Find Them (film),ok,"In 1926, British wizard and ""magizoologist"" Newt Scamander arrives in New York City. He observes Mary Lou Barebone, the non-magical (""No-Maj"" or ""Muggle"") head of the New Salem Philanthropic Society, preaching that witches and wizards are real and dangerous. Attempting to recapture a Niffler that escapes from his suitcase of magical creatures, Newt bumps into No-Maj Jacob Kowalski, an aspiring baker, and unwittingly swaps suitcases. Porpentina ""Tina"" Goldstein, a demoted Auror of the Magical Congress of the United States (MACUSA), spots the Niffler and arrests Newt for breaking magical law. Since the suitcase Newt holds contains only Jacob's baked goods, he is released. At home, Jacob opens Newt's suitcase, inadvertently freeing several creatures into the city, and is bitten by one. Tina and Newt follow a trail of wreckage and track down an ill Jacob and the case. To cure Jacob, Tina takes them both to her apartment and introduces them to Queenie, her Legilimens sister. Jacob and Queenie are mutually attracted, though it is illegal for wizards and witches to have any social relationship with No-Majs in America. To cure Jacob, Newt takes him inside his magically expanded suitcase, which houses various creatures, including an Obscurial of a deceased girl, a parasite that develops inside magically gifted children when their abilities are suppressed; those afflicted rarely live past the age of 10. After Newt and Jacob recapture two of the four escaped beasts, Tina grabs and returns the suitcase to MACUSA, but all three are arrested. Officials believe the Obscurial in Newt's case is responsible for the spate of destruction, including the killing of Senator Henry Shaw Jr., when instead the destruction was caused by a second Obscurial already in the city. The Director of Magical Security, Percival Graves, accuses Newt of conspiring with the infamous dark wizard Gellert Grindelwald, and decides to destroy Newt's case and its contents, and obliviate Jacob's recent memories. Newt and Tina are sentenced to death. Upon sensing this, Queenie rescues Jacob and helps Newt and Tina escape and retrieve the case before the sentences can be carried out. Later, in a speakeasy dive bar, a tip from Tina's goblin informant Gnarlak leads the four to recapture the last two escaped creatures. Graves approaches Credence, Mary Lou's adult adopted son, offering to free him from his abusive mother in exchange for helping to find the destructive Obscurial. Credence finds a wand under his younger adopted sister Modesty's bed. Mary Lou assumes it is his, but just as Credence is to be punished, the Obscurial kills Mary Lou and her elder adopted daughter, Chastity. Assuming Modesty is the Obscurial's host, Graves dismisses Credence as a squib reneging on his promise to teach him magic in return for service. Credence reveals he is the real host, having survived to maturity due to the intensity of his magic, and openly attacks the city. Newt finds Credence hiding in a subway tunnel and tries to persuade him to come with him, but Graves attacks him. Tina, who had tried to protect Credence from Mary Lou (which action had led to her demotion), attempts to calm the boy, while Graves tries to convince Credence to join him. As Credence returns to human form, MACUSA President Seraphina Picquery and the Aurors enter to counterattack, shattering the Obscurial to nothing in a barrage of magical blasts. Graves claims MACUSA's laws openly protect No-Majs at the expense of the magical community, and declares that he no longer cares to live in hiding. He confesses his plan to unleash the Obscurial and expose the magical community to No-Majs and frame Newt with his case of creatures for this. Picquery orders the Aurors to apprehend Graves, but he defeats them. Newt captures him with the help of one of his beasts and reveals Graves as Grindelwald in disguise, who is then arrested. Picquery laments that the destruction to the city is too extensive to keep their world secret anymore, but Newt releases his Thunderbird to disperse an extract in the form of rain that wipes recent bad memories across the city. During this, MACUSA wizards and witches - who are immune to the extract - repair the destruction and erase all traces of their existence. Queenie kisses Jacob goodbye as the rain seemingly erases his memories too. Before returning to Britain, Newt secretly gives Jacob his occamy silver eggshells, which Jacob uses as capital to open a bakery business. His business thrives, with unique baked goods crafted to resemble Newt's magical beasts. When Queenie enters his shop, he smiles at her, his memory revealed to have just been suppressed by her now reawakening."
272,Batman Begins,ok,"In Gotham City, young Bruce Wayne falls down a well and develops a fear of bats. One evening, Bruce visits the opera with his parents; the performers masquerading as bats upset him, and he asks to leave. As the Waynes leave the theater, a mugger named Joe Chill attempts to rob Bruce's parents and shoots them dead. Officer Jim Gordon comforts the orphaned Bruce. The Gotham police capture Chill, who is sent to prison for his crime. Bruce is raised by the family butler, Alfred Pennyworth. Fourteen years later, Chill testifies against mafia crime boss Carmine Falcone, and is paroled. Bruce intends to murder Chill to avenge his parents, but an assassin in Falcone's employ kills him first. Bruce's childhood friend, Rachel Dawes, confronts him about his desire for vengeance. After confronting Falcone, who says real power comes from being feared, Bruce spends the next seven years traveling the world, training in combat, and immersing himself in the criminal underworld. In a Bhutan prison, Bruce is approached by Henri Ducard, who recruits him into the League of Shadows, led by Ra's al Ghul. Ducard trains Bruce to conquer his fear using a hallucinogenic compound derived from the mountain's blue flowers. After completing his training, Bruce rejects the League's mandate for capital punishment and learns they plan to destroy Gotham, which Ra's believes is corrupt beyond saving. Bruce escapes after burning the League's temple; Ra's is killed by falling debris, while Bruce saves an unconscious Ducard. Intent on fighting crime and redeeming Gotham, Bruce returns to Gotham, Alfred, and his family's company, Wayne Enterprises, which is being taken public by businessman William Earle. Company archivist Lucius Fox, a friend of Bruce's father, allows him access to prototype defense technologies, including a protective bodysuit and the Tumbler, an armored vehicle. Finding the well from his childhood, Bruce explores further, discovering a vast cave underneath Wayne Manor. Bruce poses publicly as a shallow playboy while taking up the vigilante identity of ""Batman"", inspired by his childhood fear. Intercepting a drug shipment, Batman provides Rachel, now an Assistant District Attorney, with evidence against Falcone and enlists Sergeant James Gordon, one of Gotham's few honest police officers, to arrest him. In prison, Falcone meets with Dr. Jonathan Crane, a corrupt psychologist with whom Falcone has been smuggling drugs into Gotham. Falcone threatens to inform the police about a secret compound in the drugs unless Crane's mysterious employer cuts a deal with him. Donning a scarecrow mask, Crane sprays Falcone with a fear-inducing hallucinogen, driving him insane. While investigating Crane, Batman is sprayed with the hallucinogen. He awakens on his birthday, having been saved by Alfred and Fox, who developed an antidote for the toxin. Rachel confronts Crane, who reveals the drug has been introduced into Gotham's water supply and gives her a potentially lethal dose. Batman captures Crane, who claims to work for Ra's al Ghul. Evading the police in the Tumbler, Batman saves Rachel and administers Fox's antidote. He gives her two antidote vials: one for Gordon, and one for mass production. At Bruce's birthday party, Ducard reveals himself as the true Ra's al Ghul, who employed Crane to weaponize the League's blue flower compound. Having stolen a powerful microwave emitter from Wayne Enterprises, Ra's plans to vaporize Gotham's water supply, rendering Crane's drug airborne and causing mass hysteria that will destroy the city. He burns down Wayne Manor, but Alfred rescues Bruce. The League of Shadows releases Crane and the other Arkham inmates into the Narrows, a poverty-ridden district of Gotham. Rachel enters the Narrows and finds Gordon, but the police isolate the district. Ra's loads the emitter onto Gotham's monorail to release the drug at the city's central water source under Wayne Tower. Rachel is attacked by Crane but fends him off with a taser. As the gas strikes the Narrows, Rachel, the inoculated Gordon, and Batman struggle to survive. Batman reveals his identity to Rachel before fighting Ra's on the train. Gordon uses the Tumbler's cannons to destroy the monorail's track and Batman glides from the train as it derails and crashes, killing Ra's. Rachel now respects Bruce but refuses to be with him, promising they can be together when Gotham no longer needs Batman. Batman becomes a public hero. After purchasing a controlling stake in Wayne Enterprises, Bruce fires Earle and replaces him with Fox. Gordon is promoted to Lieutenant, shows Batman the Bat-Signal, and tells him about a criminal who leaves behind Joker playing cards.[a] Batman glides away into the night to investigate."
767,Harry Potter and the Half-Blood Prince (film),ok,"Lord Voldemort tightens his grip on the wizarding and Muggle worlds: his Death Eaters kidnap wandmaker Ollivander and destroy the Millennium Bridge. With Lucius Malfoy incarcerated in Azkaban, Voldemort chooses his son, Draco Malfoy, to carry out a secret mission at Hogwarts. Draco's mother, Narcissa, and aunt Bellatrix Lestrange seek out Severus Snape, who claims he is a spy in the Order of the Phoenix. Snape makes an Unbreakable Vow with Narcissa to protect Draco and fulfill his task. Harry Potter accompanies Albus Dumbledore to persuade former Potions professor Horace Slughorn to return to Hogwarts. At the Burrow, Harry reunites with his best friends, Ron and Hermione. In Diagon Alley, they see Draco and Narcissa, and follow them into Knockturn Alley. The pair meet with Death Eaters, including the werewolf, Fenrir Greyback. When Harry believes Draco is now a Death Eater, Ron and Hermione are skeptical. At Hogwarts, Harry discovers that his used Potions textbook is filled with notes and spells, added by the Half-Blood Prince. Using it, Harry excels in class, impressing Slughorn, who awards him a luck potion. Ron makes the Gryffindor Quidditch team as Keeper and begins dating Lavender Brown, upsetting Hermione, who harbours feelings for him. Harry consoles Hermione while acknowledging his own feelings for Ginny Weasley. Harry spends Christmas with the Weasleys. His suspicions about Draco are dismissed by the Order, but Arthur Weasley reveals that the Malfoys may be interested in a Vanishing Cabinet. Bellatrix and Greyback attack the Burrow in which Bellatrix boasts about killing Sirius Black. At Hogwarts, Dumbledore asks Harry to retrieve Slughorn's memory of a young Voldemort; Slughorn has resisted giving an accurate memory. After Ron accidentally ingests a love potion intended for Harry, Harry takes him to Slughorn for a cure. After curing Ron, Slughorn offers Harry and Ron mead. Ron is poisoned after drinking it, and while recovering in the infirmary, he murmurs Hermione's name, causing Lavender to end their relationship. Harry confronts Draco about the poisoned mead, and also a cursed necklace that nearly killed Katie Bell. Harry and Draco duel, and Harry uses one of the Half-Blood Prince's curses that severely injures Malfoy, and he is only saved by Snape. Fearing the book contains Dark Magic, Ginny persuades Harry to hide it in the Room of Requirement, where they share their first kiss. Harry uses his luck potion to convince the reluctant Slughorn to surrender the memory Dumbledore needs. Viewing it in the Pensieve, Dumbledore and Harry learn Voldemort sought information about Horcruxes, magical objects containing pieces of a wizard's soul for immortality. Dumbledore believes Voldemort divided his soul into six Horcruxes, two of which have been destroyed: Tom Riddle's diary[a] and Marvolo Gaunt's ring. They travel to a cave where Harry aids Dumbledore in drinking a potion that hides another Horcrux: Slytherin's locket. A weakened Dumbledore apparates them back to Hogwarts, where Bellatrix, Greyback, and the other Death Eaters have entered through the Vanishing Cabinet in the Room of Requirement that Draco has secretly connected to Knockturn Alley. As Harry hides, Draco appears and disarms Dumbledore, revealing that Voldemort chose him to kill Dumbledore. Draco hesitates; Snape arrives and kills Dumbledore with the Killing Curse. As the Death Eaters escape, Harry attacks Snape, and he reveals to Harry that he is the Half-Blood Prince. As Hogwarts mourns Dumbledore's death, Harry tells Ron and Hermione that the locket is fake and contains a message from ""R.A.B."", who stole the real Horcrux and intended to destroy it. The trio agrees to abandon their final year at Hogwarts, vowing to find and destroy Voldemort's remaining Horcruxes."
675,Harry Potter and the Order of the Phoenix (film),ok,"While staying at the Dursleys', Harry Potter and Dudley Dursley are attacked by Dementors. Harry repels them using a Patronus spell. The Ministry of Magic detects Harry using magic and expels him from Hogwarts, though he is later exonerated. The Order of the Phoenix, a secret organisation founded by Albus Dumbledore, informs Harry that the Ministry of Magic is attempting to stonewall rumors about Lord Voldemort's return.[a] At the Order's headquarters, Harry's godfather, Sirius Black, mentions that Voldemort seeks an object he previously lacked; Harry believes it to be a weapon. Minister for Magic Cornelius Fudge has appointed Dolores Umbridge as Hogwarts' new Defence Against the Dark Arts professor. Umbridge's refusal to teach defensive spells causes her and Harry to clash. Harry is forced to write lines for ""lying"" about Voldemort; a magic quill etches the words into his hand as he writes. Ron and Hermione are outraged, but Harry refuses to tell Dumbledore, who has distanced himself from Harry. As Umbridge gains more control over the school, Ron and Hermione help Harry form ""Dumbledore's Army"", a secret group to teach students defensive spells. Umbridge recruits Slytherins for an Inquisitorial Squad to spy on the other students. Meanwhile, Harry and Cho Chang develop romantic feelings for each other. One night, Harry envisions Arthur Weasley being attacked at the Ministry, seeing it from the attacker's perspective. Concerned that Voldemort will exploit this connection to Harry, Dumbledore has Severus Snape teach Harry Occlumency to defend his mind from Voldemort's influence. During a lesson, Harry sees Snape's memories of how his father, James, bullied and tormented Snape in school. The connection between Harry and Voldemort further isolates Harry from his friends. Meanwhile, Bellatrix Lestrange, Sirius's deranged Death Eater cousin, escapes Azkaban prison along with nine other Death Eaters. At Hogwarts, Umbridge and her Inquisitorial Squad expose Dumbledore's Army. Dumbledore, falsely accused of forming it, escapes as Fudge orders his arrest. Harry believes Cho betrayed Dumbledore's Army to Umbridge, ending their budding relationship. Umbridge becomes the new Headmistress. Harry experiences a vision that Voldemort is torturing Sirius. Harry, Ron, and Hermione rush to Umbridge's office to alert the Order via the Floo Network. Umbridge catches them and, as she is about to severely punish Harry, Hermione claims Dumbledore has hidden a ""secret weapon"" in the Forbidden Forest. She and Harry lead Umbridge to where Hagrid's giant half-brother, Grawp is kept. The centaurs confront them and kidnap Umbridge after she insults and attacks them. Harry, Hermione, Ron, Luna, Neville and Ginny fly to the Ministry of Magic on Thestrals to save Sirius. The six enter the Department of Mysteries and recover the object that Voldemort is after, a bottled prophecy labelled with Harry's name. Death Eaters ambush them, including Lucius Malfoy and Bellatrix Lestrange. Lucius reveals that Harry's vision of Sirius being tortured was a ruse to lure him there. Harry refuses to give Lucius the prophecy, and a fight ensues. The Death Eaters overpower the students and force Harry to surrender the prophecy. When Harry hands it to Lucius, Sirius and Remus Lupin arrive with Order members, including Nymphadora Tonks, Kingsley Shacklebolt and Mad-Eye Moody. Lucius accidentally drops the prophecy during the chaos, destroying it. Just as Sirius overpowers Lucius, Bellatrix kills Sirius. Voldemort appears, but moments before he can kill Harry, Dumbledore arrives. A violent duel erupts, destroying much of the Atrium, while Bellatrix escapes. The two wizards are evenly matched, so Voldemort possesses Harry's body, wanting Dumbledore to sacrifice him. The love Harry feels for his friends and family quickly drives out Voldemort. Ministry officials arrive before Voldemort disapparates; Fudge admits that Voldemort has returned and resigns in disgrace. Umbridge is dismissed and Dumbledore returns as Hogwarts headmaster. Dumbledore explains he had distanced himself from Harry to prevent Voldemort exploiting their connection. He also reveals the prophecy. As he grieves Sirius's death, Harry tries to accept the prophecy: ""Neither can live while the other survives."""
100402,Captain America: The Winter Soldier,ok,"Two years after the Battle of New York,[a] Steve Rogers works in Washington, D.C., for the espionage agency S.H.I.E.L.D., while adjusting to contemporary society. While running laps around the Lincoln Memorial Reflecting Pool and Tidal Basin, Rogers meets and befriends Sam Wilson, a VA counselor and former USAF pararescueman. Rogers is then sent with Agent Natasha Romanoff and S.H.I.E.L.D.'s counter-terrorism team S.T.R.I.K.E., led by Agent Brock Rumlow, to free hostages aboard a S.H.I.E.L.D. vessel from pirates led by Georges Batroc. During the mission, Rogers learns that Romanoff has a secret assignment from S.H.I.E.L.D. Director Nick Fury to extract data from the ship's computers. At the Triskelion, S.H.I.E.L.D.'s headquarters, Rogers confronts Fury and is briefed about Project Insight: three Helicarriers linked to spy satellites, designed to preemptively eliminate threats. Unable to decrypt Romanoff's data, Fury becomes suspicious about Insight and asks senior S.H.I.E.L.D. official Alexander Pierce to delay the project. On his way to rendezvous with Agent Maria Hill, Fury is ambushed by assailants led by an assassin called the Winter Soldier. Escaping to Rogers's apartment, Fury warns him that S.H.I.E.L.D. is compromised. He is shot by the Winter Soldier before handing Rogers a flash drive of the ship's data and tells him to trust no one. Fury is later pronounced dead during surgery. Pierce questions Rogers about Fury, but Rogers refuses to answer. He is branded a fugitive, escapes from S.T.R.I.K.E., and is joined by Romanoff. They use the flash drive to find a secret S.H.I.E.L.D. bunker in New Jersey, where they activate a supercomputer containing the preserved consciousness of Arnim Zola. Zola explains that after being captured by Rogers during World War II, he was recruited to S.H.I.E.L.D. and helped to secretly reform Hydra within its ranks. Over the decades, Hydra convinced the world to trade freedom for security and used the Winter Soldier to cover their tracks. Rogers and Romanoff narrowly escape a S.H.I.E.L.D. missile that destroys the bunker, and realize that Pierce is Hydra's leader within S.H.I.E.L.D. Rogers and Romanoff seek refuge at Sam Wilson's home, whom they discover uses a powered ""Falcon"" wingpack. The trio captures S.H.I.E.L.D. agent Jasper Sitwell, a Hydra mole, and force him to divulge that Zola developed a data mining algorithm that can identify current or future threats to Hydra. The Insight Helicarriers would sweep the globe using satellite-directed guns to eliminate these threats. Sitwell is killed in an ambush by the Winter Soldier, whom Rogers recognizes as his presumed-dead best friend Bucky Barnes. Barnes survived due to Zola's experimentation and has been repeatedly brainwashed and cryogenically frozen to perform Hydra's missions. Hill extracts Rogers, Romanoff, and Wilson to a safehouse where Fury, who faked his death, plans to sabotage the Helicarriers by replacing their control chips. After World Security Council members arrive at the Triskelion for the Insight launch, Rogers broadcasts Hydra's plot to the building. Romanoff, disguised as one of the Council members, disarms Pierce. Fury arrives and forces Pierce to unlock S.H.I.E.L.D.'s database so Romanoff can leak classified information, exposing Hydra to the public. Following a struggle, Fury fatally shoots Pierce. Rogers and Wilson raid two Helicarriers and replace the control chips, but Barnes destroys Wilson's wingpack and fights Rogers on the third. Rogers replaces the final chip, allowing Hill to take control and have the vessels destroy each other. He refuses to fight Barnes, who does not recognize Rogers but hesitates when given the chance to kill him. As the Helicarriers collide with the Triskelion, Rogers falls into the Potomac River. Rumlow, another Hydra agent, is injured in the destruction. Barnes rescues the unconscious Rogers before disappearing. With S.H.I.E.L.D. in disarray, Romanoff appears before a Senate subcommittee to defend her and Rogers's actions. Fury, under the cover of his apparent death, pursues Hydra's remaining cells. Rogers and Wilson decide to find Barnes. In a mid-credits scene, Baron Wolfgang von Strucker and his scientists at a Hydra lab dismiss the actions of Rogers and Romanoff as they examine an energy-filled scepter[b] and twin test subjects who have been given superhuman abilities: one has superhuman speed, the other has telekinetic powers.[c] In a post-credits scene, Barnes visits his own memorial at the Smithsonian Institution to learn about himself."
120,The Lord of the Rings: The Fellowship of the Ring,ok,"In the Second Age of Middle-earth, the lords of Elves, Dwarves, and Men each receive Rings of Power. Unbeknownst to them, the Dark Lord Sauron forges the One Ring, imbuing it with his power to control the other Rings and conquer Middle-earth. An alliance of Men and Elves battles Sauron's forces in Mordor. Isildur of Gondor severs Sauron's finger, vanquishing him and returning him to spirit form, marking the beginning of the Third Age. The Ring corrupts Isildur, who takes it and is later killed by Orcs. The Ring is lost in a river for 2,500 years until it is found by Gollum, who possesses it for five centuries until it abandons him and is found by a hobbit named Bilbo Baggins. Decades later, Bilbo celebrates his 111th birthday in the Shire with his old friend, the wizard Gandalf the Grey. He leaves the Shire for one last adventure, passing on his inheritance, including the Ring, to his nephew Frodo. Gandalf investigates the Ring, learns its true nature, and discovers that Gollum was captured by Sauron and revealed two words during interrogation: ""Shire"" and ""Baggins"". Gandalf warns Frodo to leave the Shire. As Frodo departs with his gardener friend, Samwise Gamgee, Gandalf travels to Isengard to consult with the wizard Saruman. Saruman reveals Sauron has dispatched his nine Nazgûl servants to retrieve the Ring. Gandalf immediately attempts to flee to warn Frodo, but is imprisoned by Saruman, who has allied himself with Sauron. Frodo and Sam join up with fellow hobbits Merry and Pippin and evade the Nazgûl before reaching Bree to meet Gandalf, who never arrives. A Ranger named Strider helps them get to Rivendell but they are ambushed on Weathertop by the Nazgûl, who wound Frodo with a Morgul blade. Arwen, Strider's Elf beloved, finds them, rescues Frodo, and takes him to Rivendell to be healed and reunite with Gandalf, who had escaped Isengard on a Great Eagle. That night, Arwen declares to Strider she is willing to sacrifice her immortality for their love. Learning from Gandalf and that they now face threats from both Sauron and Saruman, Arwen's father Lord Elrond holds a council of Elves, Men, and Dwarves, also attended by Frodo and Gandalf. There they decide the Ring must be destroyed. However, Elrond explains that it can only be destroyed in the fires of Mount Doom, the volcano where it was forged. Frodo volunteers to take the Ring, accompanied by Gandalf, Sam, Merry, Pippin, the Elf Legolas, the Dwarf Gimli, Boromir of Gondor, and Strider—who is actually Aragorn, Isildur's heir and the rightful King of Gondor. The Fellowship of the Ring is forced to travel through the Mines of Moria due to a storm summoned by Saruman. Gandalf warns Frodo that Gollum, released from Sauron's fortress, has been trailing them with the intention to reclaim the Ring. They find the Dwarves of Moria dead and are attacked by Orcs and a troll. While they hold off the attack, they are pursued by a Balrog. The others escape as Gandalf confronts the Balrog and falls into a deep chasm while battling it. The devastated Fellowship reaches Lothlórien, where Galadriel, the Elf-queen, tells Frodo that he alone can complete the quest and warns that one of his companions will try to take the Ring. She shows him a vision of Sauron enslaving Middle-earth should he fail. Meanwhile, Saruman creates an army of Uruk-hai in Isengard to destroy the Fellowship. The Fellowship travels to Parth Galen by river. As warned by Galadriel, Frodo is confronted privately by Boromir, who attempts to take the Ring. Uruk-hai scouts ambush the group; their leader, Lurtz, mortally wounds Boromir as he fails to stop them from capturing Merry and Pippin. Aragorn arrives and kills Lurtz, comforting Boromir in his final moments, promising to aid Gondor in their conflict. Worried the Ring will corrupt his friends, Frodo decides to go to Mordor alone, but Sam insists on accompanying him, honouring Gandalf's promise to protect him. Aragorn, Legolas, and Gimli plan to rescue Merry and Pippin, while Frodo and Sam navigate the pass of Emyn Muil towards Mordor."
862,Toy Story,ok,"In a world where toys are sentient but pretend to be lifeless around humans, a group of toys, led by Sheriff Woody, are preparing to move to a new house with their young owner, Andy Davis, and his family. During the party for Andy's sixth birthday, the toys—including Mr. Potato Head, Slinky Dog, Rex, Hamm, and Bo Peep—become concerned that Andy might receive a new toy that will replace them. Andy receives a Buzz Lightyear action figure, who believes that he is an actual Space Ranger and does not know that he is a toy. Buzz impresses the others with his electronic features and becomes Andy's new favorite toy, much to Woody's jealousy. Two days before the move, Andy's family plans to have dinner at Pizza Planet, and Andy is allowed to bring one toy along. To ensure Andy brings him instead of Buzz, Woody tries to trap Buzz behind Andy's desk but accidentally knocks him out the window. Believing Woody pushed Buzz on purpose, the other toys rebel against Woody until Andy takes him into the car, with Buzz following. When the car stops at a gas station, Buzz furiously confronts Woody. The two fight, fall out of the car, and are left behind, but then manage to hitch a ride on a Pizza Planet delivery truck. At Pizza Planet, Buzz mistakes a claw machine for a rocket and climbs in, pursued by Woody. Sid Phillips, Andy's sadistic next-door neighbor, grabs Woody and Buzz with the claw and takes them to his house, where they encounter his mutant toys, made from parts of toys Sid has destroyed. After evading Sid's dog Scud, Buzz sees a television commercial promoting Buzz Lightyear toys and suffers an existential crisis, finally realizing that he is a toy. He attempts to fly, but falls and breaks his arm off. After Sid's toys repair Buzz, Sid tapes him to a firework rocket, planning to blow him up the following day. Overnight, Woody helps Buzz realize that his purpose is to make Andy happy, reinvigorating him. The next morning, as Sid prepares to launch the rocket, Woody and the mutant toys come to life and frighten him. After Sid flees, Woody and Buzz pursue the Davises' moving truck, but Scud attacks Woody. Buzz jumps off the truck and fights off Scud, while Woody climbs up and pushes RC out to rescue Buzz. The other toys think Woody is harming RC and promptly throw him out of the truck. Woody and Buzz race after the truck on RC, but his batteries run out. Woody ignites the rocket strapped to Buzz, and Buzz opens his wings to sever the tape just before the rocket explodes. Woody and Buzz glide through the sunroof of the Davises' car, landing safely inside. On Christmas in the new house, the toys happily listen to Andy opening his presents, no longer concerned over new toys replacing them. When Andy receives a puppy, Woody and Buzz nervously smile at each other."
680,Pulp Fiction,ok,"A young Butch Coolidge is visited by Captain Koons, an Air Force pilot. Koons reveals a gold watch to Butch and explains that the watch is a family heirloom and belonged to Butch's father, who served with Koons and died in a POW camp in the Vietnam War. Koons continues the tradition by giving the watch to Butch. Years later in Los Angeles, two hitmen, Jules Winnfield and Vincent Vega, drive to an apartment to retrieve a briefcase from Brett, a dishonest business partner for their boss, gangster Marsellus Wallace. Vincent mentions that Marsellus has instructed him to take his wife, Mia, to dinner the following night. At the apartment, they find Brett, Roger and an informant for Marsellus, Marvin. When Brett attempts to appease the two hitmen, Jules casually shoots Roger. He then recites a paraphrased passage from the Book of Ezekiel before he and Vincent kill Brett. Another man bursts out of the bathroom and fires at them, but misses every shot. Jules and Vincent kill him and leave with the briefcase and Marvin. While Jules is driving, Vincent accidentally shoots Marvin in the head, covering them in blood. They hide the car at the home of Jules' friend Jimmie, who demands they dispose of Marvin's corpse and the blood-stained car before his wife, Bonnie, comes home. Marsellus sends a cleaner, Winston Wolfe, who directs Jules and Vincent to hide the body in the trunk, clean the car, dispose of their bloody clothes and take the car to a junkyard. Afterwards, Jules and Vincent eat breakfast at a diner. Jules tells Vincent that he plans to retire from his life of crime, convinced that their survival at the apartment was divine intervention. While Vincent is in the bathroom, a pair of thieves, Pumpkin and Honey Bunny, hold up the diner and demand Marsellus' briefcase from Jules. Jules overpowers Pumpkin and holds him at gunpoint, making Honey Bunny hysterical. She points her gun at Jules; Vincent returns and points his gun at her. Jules defuses the situation, allowing the two to keep the money from only his wallet and letting them leave. Jules and Vincent meet Marsellus at a bar, where Marsellus is bribing an aging Butch to intentionally lose in his upcoming boxing match. The following night, Vincent purchases heroin from his drug dealer, Lance. He shoots up and drives to meet Mia at her house. They eat at a 1950s-themed restaurant and participate in a twist contest, then return home. While Vincent is in the bathroom, Mia finds his heroin, mistakes it for cocaine, and snorts it. She passes out from an overdose, and Vincent rushes her to Lance's house, where they revive her by injecting her heart with adrenaline. Vincent and Mia agree never to tell Marsellus about the incident. Butch double-crosses Marsellus by killing his opponent. He plans to flee with his girlfriend, Fabienne, but discovers that she has forgotten to pack the gold watch. Returning to his apartment to retrieve it, he notices a gun on the kitchen counter and hears the toilet flush. Vincent, who has been staking out Butch's apartment, emerges from the bathroom. Butch kills him with the gun and leaves. While returning to the motel, he sees Marsellus crossing the road. Marsellus chases Butch into a pawnshop. Maynard, the shop owner, captures them at gunpoint and gags them in the basement. Maynard and his accomplice, Zed, take Marsellus into another room and rape him. Butch breaks free and kills Maynard with a katana, freeing Marsellus who incapacitates Zed. Marsellus instructs Butch to tell no one about the incident and leave Los Angeles forever while he himself intends to ""get medieval"" on Zed. Butch picks up Fabienne on Zed's motorcycle."
118340,Guardians of the Galaxy (film),ok,"In 1988, following his mother's death, the child Peter Quill is abducted from Earth by the Ravagers, a group of alien thieves and smugglers led by Yondu Udonta. In 2014, on the abandoned planet Morag, Quill steals a mysterious Orb but is attacked by henchmen of the fanatical Kree renegade Ronan the Accuser, led by Korath. Although Quill escapes with the Orb, Yondu discovers his theft and issues a bounty for his capture, while Ronan sends the assassin Gamora after the Orb. When Quill attempts to sell the Orb on Xandar, the capital of the Nova Empire, Gamora ambushes him and steals it. A fight ensues, drawing in a pair of bounty hunters: Rocket, a genetically and cybernetically modified raccoon, and his companion, the tree-like humanoid Groot. Nova Corps officers capture the four, detaining them in the Kyln prison. An inmate, Drax the Destroyer, attempts to kill Gamora due to her association with Ronan, who killed his wife and daughter. Quill convinces Drax that Gamora can bring Ronan to him, though Gamora reveals that she has betrayed Ronan, unwilling to let him use the Orb's power. Learning that Gamora intends to sell the Orb to the Collector Taneleer Tivan, Quill, Rocket, Groot, and Drax work with her to escape the Kyln in Quill's ship, the Milano. Ronan meets with Gamora's adoptive father, Thanos, to discuss her betrayal. Quill's group flees to Knowhere, a city planet inhabited by thieves and merchants made from the severed head of a dead Celestial. A drunken Drax summons Ronan while the rest of the group meets Tivan. Tivan opens the Orb, revealing an Infinity Stone, an item of immeasurable power that destroys all but the most powerful beings who wield it. Tivan's slave, Carina, grabs the Stone, triggering an explosion that engulfs Tivan's collection. Ronan arrives and easily defeats Drax, while the others flee by ship, pursued by Ronan's followers, including Gamora's adoptive sister Nebula. Nebula destroys Gamora's ship, leaving her floating in space, and Ronan's fighters capture the Orb. Quill contacts Yondu before following Gamora into space, giving her his helmet to survive; Yondu arrives and retrieves the pair. Rocket, Drax, and Groot threaten to attack Yondu's ship to rescue them, but Quill negotiates a truce, promising the Orb to Yondu. Quill's group agrees that facing Ronan means certain death but that they cannot let him use the Infinity Stone to destroy the galaxy. On Ronan's flagship, the Dark Aster, Ronan embeds the Stone in his warhammer, taking its power for himself. He contacts Thanos, threatening to kill him after first destroying Xandar. Hateful of her adoptive father, Nebula allies with Ronan. The Ravagers and Quill's group join the Nova Corps to confront the Dark Aster at Xandar, with Quill's group breaching the warship with the Milano. Ronan uses his empowered warhammer to destroy the Nova Corps fleet. Drax kills Korath, and Gamora defeats Nebula, who escapes. However, the group finds themselves outmatched by Ronan's power. Rocket crashes a Ravager ship through the Dark Aster. The damaged Dark Aster crash-lands on Xandar, with Groot sacrificing himself to shield the group. Ronan emerges from the wreck and prepares to destroy Xandar, but Quill distracts him, allowing Drax and Rocket to destroy Ronan's warhammer. Quill grabs the freed Stone, and with Gamora, Drax, and Rocket sharing its burden, uses it to vaporize Ronan. Quill gives Yondu a container supposedly containing the Stone and gives the real one to the Nova Corps. As the Ravagers leave Xandar, Kraglin Obfonteri remarks that it turned out well that they did not deliver Quill to his father per their contract. Quill's group, now known as the Guardians of the Galaxy, has their criminal records expunged, and Quill learns that he is only half-human, his father being part of an ancient, unknown species. Quill finally opens the last present he received from his mother, a cassette tape filled with her favorite songs. The Guardians leave in the rebuilt Milano along with a potted sapling cut from Groot, which grows into a baby version of him. In a post-credits scene, Tivan sits in his destroyed archive with two of his living exhibits: a canine cosmonaut and an anthropomorphic duck.[a]"
550,Fight Club,ok,"The unnamed Narrator works an office job as an insurance claims examiner/insurance investigator[8]. He sees a doctor for his disordered sleep, complaining that he falls asleep unexpectedly and wakes up in unfamiliar places. The doctor suggests he attend a testicular cancer support group to see what actual pain looks like. The Narrator does so, and finds that the honesty and vulnerability he experiences there improve his sleep. He begins attending other support groups and encounters Marla Singer, another impostor, whose presence unnerves him. After a confrontation, the two agree to split the groups they attend. The Narrator meets luxury soap salesman Tyler Durden on a business flight. Upon returning home, the Narrator finds his apartment destroyed in an explosion, and calls Tyler. They meet at a bar, where Tyler criticizes the Narrator's consumerist lifestyle and mocks him for not directly asking for a place to stay. Tyler agrees the Narrator can stay with him, but first asks a favor: for the Narrator to punch him as hard as he can. The Narrator does so, instigating an agreeable exchange of painful blows. At Tyler's large and decrepit house, they start an underground ""Fight Club"" at the bar, as a way for men to reclaim control of their lives. Tyler saves Marla from an overdose, leading to a sexual relationship, while the Narrator remains cold to her. Tyler has the Narrator promise not to talk to Marla about him. His experiences at Fight Club transform the Narrator, and he grows increasingly disillusioned with his career. He extorts his boss by beating himself up in his boss's office, staging it as if the boss had assaulted him, and uses the hush money to expand Fight Club. He attracts new members, including his cancer support group friend, Robert ""Bob"" Paulsen. Tyler transforms the club into Project Mayhem, which commits increasingly destructive anti-capitalist acts. The Narrator confronts Tyler, who confesses to exploding the Narrator's apartment to free him from his consumerist lifestyle. They argue, then Tyler goes missing. When the police kill Bob during a Project Mayhem mission, the Narrator tries to dismantle Project Mayhem and discovers its nationwide reach. Across several cities, the Narrator finds local chapters and asks if they have seen Tyler, but they give evasive and confusing answers until one member identifies the Narrator as Mr. Durden. The Narrator calls Marla to enquire about their relationship; she calls him Tyler. Once she hangs up, Tyler appears in the room with the Narrator and rebukes him for involving Marla. The Narrator realizes he and Tyler are the same person, with Tyler taking control during the Narrator's apparent narcolepsy. The Narrator discovers Project Mayhem's ultimate objective: to erase all debt records by blowing up the skyscrapers of consumer credit companies. He warns Marla to stay away from him and goes to alert the police, but finds the officers are themselves Project Mayhem members. They attempt to castrate him on Tyler's orders. The Narrator escapes and disarms one of the bombs, prompting Tyler to attack him. The Narrator reasons that Tyler's gun must be in his own hand, and finds that he is now holding it. He shoots himself in the cheek, ""killing"" Tyler but leaving the Narrator alive. He and Marla hold hands and watch the skyline as buildings collapse."
11324,Shutter Island (film),ok,"In 1954, U.S. Marshal Edward ""Teddy"" Daniels and his new partner Chuck Aule travel to Ashecliffe Hospital for the criminally insane on Shutter Island in Boston Harbor. They are investigating the disappearance of Rachel Solando, a patient of the hospital who had killed her three children by drowning. The staff, led by psychiatrist Dr. John Cawley and his colleague Dr. Jerimiah Naehring, appear uncooperative. The marshals learn that Dr. Lester Sheehan, who was treating Solando, left the island on vacation immediately after Solando disappeared. Teddy experiences migraines and flashbacks of his time as a U.S. soldier in the liberation of Dachau, as well as vivid dreams of his wife Dolores, who was killed in a fire in their building set by pyromaniac Andrew Laeddis. Teddy tells Chuck he took this case to find Laeddis, who he believes is a patient. Solando suddenly resurfaces, but believes Teddy is her husband. Teddy breaks into the restricted Ward C to find Laeddis, but meets patient George Noyce, who acts as if he knows Teddy. Noyce says the doctors experiment on patients and lobotomize them in the lighthouse. He warns Teddy that everyone will deceive him and not to trust his partner Chuck. Teddy and Chuck climb the cliffs toward the lighthouse but are separated. Believing he saw Chuck's body on the rocks below, Teddy climbs down but finds a cave where a woman claiming to be the real Rachel Solando is hiding. She reveals she is a former psychiatrist who discovered clandestine experiments on mind control at the facility, and was forcibly committed to silence her. She warns that Cawley and Naehring will use Teddy's war trauma to feign a psychotic break, so they can have him committed. Teddy returns to the hospital. When he asks about Chuck, Cawley insists that Teddy arrived at Shutter Island alone. Convinced that Chuck has been taken to the lighthouse, Teddy is intercepted by Naehring, who attempts to sedate him. Teddy overpowers him and breaks into the lighthouse to find Cawley waiting for him. Cawley tells him that Rachel Solando never existed and that Teddy has not been drugged but is experiencing withdrawal from chlorpromazine, a neuroleptic medication he has taken for the past two years. Chuck arrives and reveals that he is Dr. Sheehan. Cawley reveals that ""Teddy"" is really Andrew Laeddis, a former U.S. Marshal incarcerated at Ashecliffe for killing his manic depressive wife Dolores Chanal after she drowned their three children. Andrew failed to seek treatment for Dolores when she burned down their apartment. He instead moved his family to a lakehouse where Dolores carried out the killings. As a result of his guilt, Andrew became delusional and created the alternate persona of Edward Daniels.[a] The ""investigation"" of Rachel Solando was an elaborate roleplay, supported by hospital staff, to help Andrew play out his delusion so he might break out of it and return to reality. Overwhelmed, Andrew faints. Awakening, Andrew recounts the truth, satisfying the doctors that he is lucid. Cawley notes they had achieved this state nine months ago but had quickly regressed. He warns that this will be Andrew's last chance, and if he lapses again, he will be lobotomized due to his violent conduct toward the guards and other patients, such as Noyce. Some time later, Andrew relaxes on the hospital grounds with Sheehan. Appearing delusional, he calls Sheehan ""Chuck"", and says they must leave the island. Sheehan signals to a watching Cawley, who orders the lobotomy. Andrew asks Sheehan if it would be worse ""to live as a monster or to die as a good man"". A stunned Sheehan calls Andrew ""Teddy"", but the latter does not respond and leaves peacefully with the orderlies for his operation."
